FID;OBJECTID;AmbulanceR;BikeAge_Gr;Bike_Age;Bike_Alc_D;Bike_Dir;Bike_Injur;Bike_Pos;Bike_Race;Bike_Sex;City;County;CrashAlcoh;CrashDay;Crash_Date;Crash_Grp;Crash_Hour;Crash_Loc;Crash_Mont;Crash_Time;Crash_Type;Crash_Ty_1;Crash_Year;Crsh_Sevri;Developmen;DrvrAge_Gr;Drvr_Age;Drvr_Alc_D;Drvr_EstSp;Drvr_Injur;Drvr_Race;Drvr_Sex;Drvr_VehTy;ExcsSpdInd;Hit_Run;Light_Cond;Locality;Num_Lanes;Num_Units;Rd_Charact;Rd_Class;Rd_Conditi;Rd_Config;Rd_Defects;Rd_Feature;Rd_Surface;Region;Rural_Urba;Speed_Limi;Traff_Cntr;Weather;Workzone_I;Location
643;644;Yes;40-49;47;Yes;Facing Traffic;C: Possible Injury;Travel Lane;Black;Male;None - Rural Crash;Moore;Yes;01/01/2005;10/08/2007;Loss of Control / Turning Error;17;Intersection;01/08/2001;01/01/2001 17:17;Bicyclist Turning Error - Left Turn;112114;2007;C: Possible Injury;Commercial;50-59;53;No;0-5 mph;O: No Injury;White;Female;Passenger Car;No;No;Daylight;Mixed (30% To 70% Developed);2 lanes;2;Straight - Level;State Secondary Route;Dry;Two-Way, Not Divided;None;T-Intersection;Coarse Asphalt;Piedmont;Rural;30 - 35  MPH;Stop Sign;Cloudy;No;35.244522, -79.56921
650;651;Yes;40-49;44;No;With Traffic;C: Possible Injury;Travel Lane;Black;Male;Benson;Johnston;No;01/01/2004;25/10/2007;Motorist Overtaking Bicyclist;6;Intersection;01/10/2001;01/01/2001 06:35;Motorist Overtaking - Undetected Bicyclist;111231;2007;C: Possible Injury;Commercial;50-59;55;No;31-35 mph;O: No Injury;White;Female;Pickup;No;No;Dark - Roadway Not Lighted;Urban (>70% Developed);2 lanes;2;Straight - Level;Local Street;Wet;Two-Way, Not Divided;None;No Special Feature;Smooth Asphalt;Coastal;Rural;30 - 35  MPH;No Control Present;Rain;No;35.377014, -78.553185
655;656;Yes;20-24;24;No;With Traffic;B: Evident Injury;Travel Lane;Black;Male;Greensboro;Guilford;No;NA;13/08/2007;Backing Vehicle;18;Non-Intersection;01/08/2001;01/01/2001 18:56;Backing Vehicle;311600;2007;B: Evident Injury;Residential;30-39;37;No;11-15 mph;O: No Injury;Black;Female;Passenger Car;No;No;Daylight;Urban (>70% Developed);3 lanes;2;Straight - Level;Local Street;Dry;Two-Way, Not Divided;None;No Special Feature;Smooth Asphalt;Piedmont;Urban;20 - 25  MPH;No Control Present;Clear;No;36.05686, -79.78484
656;657;Yes;16-19;17;No;Facing Traffic;B: Evident Injury;Travel Lane;Black;Female;Columbia;Tyrrell;No;NA;13/08/2007;Bicyclist Failed to Yield - Signalized Intersection;20;Intersection;01/08/2001;01/01/2001 20:49;Bicyclist Failed to Clear - Trapped;112156;2007;B: Evident Injury;Residential;50-59;56;No;0-5 mph;O: No Injury;White;Male;Pickup;No;No;Dark - Lighted Roadway;Urban (>70% Developed);2 lanes;2;Straight - Level;Local Street;Dry;Two-Way, Not Divided;None;No Special Feature;Coarse Asphalt;Coastal;Rural;30 - 35  MPH;Stop And Go Signal;Clear;No;35.91809, -76.249214
659;660;Yes;10-juin;9;No;With Traffic;A: Disabling Injury;Travel Lane;White;Male;None - Rural Crash;Henderson;No;01/01/2002;14/08/2007;Head-On;17;Non-Intersection;01/08/2001;01/01/2001 17:15;Head-On - Bicyclist;311250;2007;A: Disabling Injury;Residential;40-49;46;No;0-5 mph;O: No Injury;White;Male;Sport Utility;No;No;Daylight;Mixed (30% To 70% Developed);2 lanes;2;Curve - Grade;Public Vehicular Area;Dry;Two-Way, Not Divided;None;Driveway, Public;Smooth Asphalt;Mountains;Rural;5 - 15 MPH;No Control Present;Clear;No;35.41767, -82.490845
661;662;Yes;25-29;26;No;Facing Traffic;B: Evident Injury;NA;Black;Male;Wilson;Wilson;No;01/01/2002;14/08/2007;Crossing Paths - Other Circumstances;16;Intersection;01/08/2001;01/01/2001 16:17;Signalized Intersection - Other /;192158;2007;B: Evident Injury;Residential;NA;NA;Missing;31-35 mph;Injury;/Missing;NA;NA;No;Yes;Daylight;Urban (>70% Developed);3 lanes;2;Straight - Level;Local Street;Dry;Two-Way, Not Divided;None;Four-Way Intersection;Coarse Asphalt;Coastal;Urban;30 - 35  MPH;Stop And Go Signal;Clear;No;35.723057, -77.90439
662;663;Yes;15-nov;13;No;Facing Traffic;B: Evident Injury;Travel Lane;Black;Male;East Spencer;Rowan;No;01/01/2002;14/08/2007;Bicyclist Failed to Yield - Sign-Controlled Intersection;13;Intersection;01/08/2001;01/01/2001 13:35;Bicyclist Ride Through - Sign-Controlled Intersection;112144;2007;B: Evident Injury;Residential;30-39;35;No;31-35 mph;O: No Injury;Black;Female;Sport Utility;No;No;Daylight;Urban (>70% Developed);2 lanes;2;Straight - Grade;Local Street;Dry;Two-Way, Not Divided;None;No Special Feature;Coarse Asphalt;Piedmont;Rural;30 - 35  MPH;Stop Sign;Clear;No;35.68603, -80.428986
664;665;Yes;40-49;47;No;NA;C: Possible Injury;Travel Lane;Black;Male;None - Rural Crash;Johnston;No;01/01/2003;15/08/2007;Parallel Paths - Other Circumstances;23;Non-Intersection;01/08/2001;01/01/2001 23:06;Parallel Paths - Other /;319280;2007;C: Possible Injury;Farms, Woods, Pastures;0-19;17;No;51-55 mph;O: No Injury;White;Male;Pickup;No;No;Dark - Roadway Not Lighted;Rural (<30% Developed);2 lanes;2;Straight - Grade;State Secondary Route;Dry;Two-Way, Not Divided;None;No Special Feature;Smooth Asphalt;Coastal;Rural;50 - 55  MPH;Double Yellow Line, No Passing Zone;Clear;No;35.32743, -78.48861
667;668;Yes;60-69;61;No;Not Applicable;B: Evident Injury;Sidewalk / Crosswalk / Driveway Crossing;Black;Male;Durham;Durham;No;01/01/2004;16/08/2007;Bicyclist Failed to Yield - Midblock;11;Non-Intersection;01/08/2001;01/01/2001 11:19;Bicyclist Ride Out - Other Midblock;333318;2007;B: Evident Injury;Commercial;40-49;44;No;6-10 mph;O: No Injury;Black;Female;Passenger Car;No;No;Daylight;Urban (>70% Developed);4 lanes;2;Straight - Level;Local Street;Dry;Two-Way, Not Divided;None;No Special Feature;Coarse Asphalt;Piedmont;Urban;30 - 35  MPH;No Control Present;Clear;No;35.992626, -78.89526
668;669;Yes;15-nov;15;No;With Traffic;A: Disabling Injury;Travel Lane;White;Male;Gastonia;Gaston;No;01/01/2004;16/08/2007;Bicyclist Failed to Yield - Sign-Controlled Intersection;11;Intersection;01/08/2001;01/01/2001 11:43;Bicyclist Ride Out - Sign-Controlled Intersection;111142;2007;A: Disabling Injury;Residential;25-29;26;No;36-40 mph;O: No Injury;White;Male;Light Truck (Mini-Van, Panel);No;No;Daylight;Urban (>70% Developed);5 lanes;2;Straight - Grade;Local Street;Dry;Two-Way, Not Divided;None;T-Intersection;Smooth Asphalt;Piedmont;Urban;40 - 45  MPH;Stop Sign;Clear;No;35.28463, -81.14933
671;672;No;15-nov;15;No;With Traffic;C: Possible Injury;Sidewalk / Crosswalk / Driveway Crossing;White;Male;Matthews;Mecklenburg;No;01/01/2004;16/08/2007;Crossing Paths - Other Circumstances;16;Intersection;01/08/2001;01/01/2001 16:20;Crossing Paths - Intersection - Other /;131180;2007;C: Possible Injury;Commercial;40-49;43;No;16-20 mph;O: No Injury;White;Male;Sport Utility;No;No;Daylight;Urban (>70% Developed);2 lanes;2;Straight - Level;Local Street;Dry;Two-Way, Divided, Unprotected Median;None;Other;Smooth Asphalt;Piedmont;Urban;20 - 25  MPH;Other;Clear;No;35.116894, -80.72149
672;673;Yes;16-19;16;No;With Traffic;B: Evident Injury;Travel Lane;Black;Male;Rocky Mount;Nash;No;01/01/2005;17/08/2007;Motorist Overtaking Bicyclist;18;Non-Intersection;01/08/2001;01/01/2001 18:36;Motorist Overtaking - Bicyclist Swerved;311235;2007;B: Evident Injury;Residential;25-29;28;No;31-35 mph;O: No Injury;Black;Male;Sport Utility;No;No;Daylight;Urban (>70% Developed);2 lanes;2;Straight - Level;Local Street;Dry;Two-Way, Not Divided;None;No Special Feature;Coarse Asphalt;Coastal;Urban;30 - 35  MPH;No Control Present;Clear;No;35.92731, -77.814865
675;676;No;40-49;42;No;Facing Traffic;C: Possible Injury;Sidewalk / Crosswalk / Driveway Crossing;White;Male;Asheville;Buncombe;No;01/01/2006;18/08/2007;Motorist Failed to Yield - Midblock;13;Non-Intersection;01/08/2001;01/01/2001 13:38;Motorist Drive Out - Commercial Driveway / Alley;332322;2007;C: Possible Injury;Commercial;30-39;39;No;0-5 mph;O: No Injury;White;Male;Passenger Car;No;No;Daylight;Urban (>70% Developed);4 lanes;2;Straight - Grade;Public Vehicular Area;Dry;Two-Way, Not Divided;None;No Special Feature;Smooth Asphalt;Mountains;Urban;30 - 35  MPH;No Control Present;Clear;No;35.622143, -82.554474
677;678;Yes;15-nov;14;No;Not Applicable;B: Evident Injury;Driveway / Alley;Black;Female;Asheboro;Randolph;No;01/01/2007;19/08/2007;Bicyclist Failed to Yield - Midblock;17;Non-Intersection;01/08/2001;01/01/2001 17:00;Bicyclist Ride Out - Commercial Driveway / Alley;353312;2007;B: Evident Injury;Residential;60-69;68;No;41-45 mph;O: No Injury;White;Male;Passenger Car;No;No;Daylight;Urban (>70% Developed);2 lanes;2;Straight - Level;US Route;Dry;Two-Way, Not Divided;None;Driveway, Private;Smooth Asphalt;Piedmont;Urban;40 - 45  MPH;Double Yellow Line, No Passing Zone;Clear;No;35.65803, -79.82143
309;310;No;15-nov;13;No;NA;B: Evident Injury;NA;Hispanic;Male;Monroe;Union;No;01/01/2007;20/05/2012;Crossing Paths - Other Circumstances;15;Intersection-Related;01/05/2001;01/01/2001 15:44;Crossing Paths - Intersection - Other /;NA;2012;B: Evident Injury;Commercial;40-49;40;No;31-35 mph;O: No Injury;Black;Female;Passenger Car;No;No;Daylight;Urban (>70% Developed);6 lanes;2;Straight - Level;US Route;Dry;Two-Way, Divided, Unprotected Median;None;No Special Feature;Smooth Asphalt;Piedmont;Urban;40 - 45  MPH;No Control Present;Clear;No;34.98785, -80.5309
319;320;Yes;15-nov;15;No;With Traffic;A: Disabling Injury;Travel Lane;White;Male;None - Rural Crash;Davie;No;NA;28/05/2012;Motorist Overtaking Bicyclist;21;Non-Intersection;01/05/2001;01/01/2001 21:29;Motorist Overtaking - Bicyclist Swerved;NA;2012;A: Disabling Injury;Farms, Woods, Pastures;30-39;32;No;36-40 mph;O: No Injury;White;Male;Pickup;No;No;Dark - Roadway Not Lighted;Rural (<30% Developed);2 lanes;2;Straight - Grade;State Secondary Route;Dry;Two-Way, Not Divided;None;No Special Feature;Smooth Asphalt;Piedmont;Rural;50 - 55  MPH;Double Yellow Line, No Passing Zone;Clear;No;35.84478, -80.4373
325;326;Yes;40-49;48;No;With Traffic;B: Evident Injury;Travel Lane;White;Male;None - Rural Crash;Davidson;No;01/01/2002;29/05/2012;Parallel Paths - Other Circumstances;17;Non-Intersection;01/05/2001;01/01/2001 17:01;Parallel Paths - Other /;NA;2012;B: Evident Injury;Commercial;40-49;41;No;16-20 mph;O: No Injury;White;Male;Passenger Car;No;No;NA;Rural (<30% Developed);2 lanes;2;Straight - Level;State Secondary Route;NA;Two-Way, Not Divided;None;No Special Feature;Smooth Asphalt;Piedmont;Rural;50 - 55  MPH;Double Yellow Line, No Passing Zone;Other;No;35.98315, -80.1617
327;328;Yes;15-nov;13;No;Facing Traffic;B: Evident Injury;Sidewalk / Crosswalk / Driveway Crossing;White;Male;None - Rural Crash;Iredell;No;01/01/2003;16/05/2012;Bicyclist Failed to Yield - Signalized Intersection;20;Intersection;01/05/2001;01/01/2001 20:31;Bicyclist Ride Through - Signalized Intersection;NA;2012;B: Evident Injury;Commercial;40-49;44;No;26-30 mph;O: No Injury;White;Female;Van;No;No;Dark - Roadway Not Lighted;Urban (>70% Developed);9 or more lanes;2;Straight - Level;Local Street;Dry;Two-Way, Divided, Positive Median Barrier;None;Four-Way Intersection;Smooth Asphalt;Piedmont;Rural;40 - 45  MPH;Stop And Go Signal;Cloudy;No;35.56894, -80.9025
330;331;No;20-24;20;No;With Traffic;C: Possible Injury;Sidewalk / Crosswalk / Driveway Crossing;Asian;Male;Raleigh;Wake;No;01/01/2002;17/04/2012;Motorist Left Turn / Merge;11;Intersection;01/04/2001;01/01/2001 11:30;Motorist Left Turn - Opposite Direction;NA;2012;C: Possible Injury;Institutional;20-24;20;No;16-20 mph;O: No Injury;White;Female;Passenger Car;No;No;Daylight;Urban (>70% Developed);2 lanes;2;Straight - Level;Local Street;Dry;Two-Way, Divided, Positive Median Barrier;None;Four-Way Intersection;Coarse Asphalt;Piedmont;Urban;40 - 45  MPH;Stop And Go Signal;Clear;No;35.7838, -78.6822
331;332;Yes;50-59;50;No;With Traffic;C: Possible Injury;Travel Lane;White;Male;None - Rural Crash;Greene;No;01/01/2006;02/06/2012;Motorist Overtaking Bicyclist;13;Non-Intersection;01/06/2001;01/01/2001 13:45;Motorist Overtaking - Misjudged Space;NA;2012;C: Possible Injury;Farms, Woods, Pastures;NA;NA;Missing;NA;Injury;/Missing;NA;Van;No;Yes;Daylight;Rural (<30% Developed);2 lanes;2;Straight - Level;US Route;Dry;Two-Way, Not Divided;None;No Special Feature;Coarse Asphalt;Coastal;Rural;50 - 55  MPH;Double Yellow Line, No Passing Zone;Clear;No;35.3758, -77.667
337;338;Yes;10-juin;7;No;Facing Traffic;K: Killed;Travel Lane;Hispanic;Male;None - Rural Crash;Johnston;No;01/01/2003;30/05/2012;Bicyclist Right Turn / Merge;16;Non-Intersection;01/05/2001;01/01/2001 16:48;Bicyclist Right Turn - Opposite Direction;NA;2012;K: Killed;Residential;30-39;38;No;51-55 mph;O: No Injury;White;Male;Pickup;No;No;Dark - Roadway Not Lighted;Rural (<30% Developed);2 lanes;2;Curve - Level;State Secondary Route;Dry;Two-Way, Not Divided;None;No Special Feature;Coarse Asphalt;Coastal;Rural;50 - 55  MPH;Double Yellow Line, No Passing Zone;Clear;No;35.62076, -78.4015
342;343;Yes;15-nov;14;No;Not Applicable;B: Evident Injury;Driveway / Alley;Hispanic;Male;Siler City;Chatham;No;01/01/2005;25/05/2012;Bicyclist Failed to Yield - Midblock;18;Non-Intersection;01/05/2001;01/01/2001 18:38;Bicyclist Ride Out - Residential Driveway;NA;2012;B: Evident Injury;Residential;70;70;No;16-20 mph;O: No Injury;Black;Female;Passenger Car;No;No;Daylight;Urban (>70% Developed);2 lanes;2;Straight - Level;Local Street;Dry;Two-Way, Not Divided;None;No Special Feature;Coarse Asphalt;Piedmont;Urban;5 - 15 MPH;No Control Present;Clear;No;35.73078, -79.4416
348;349;Yes;50-59;51;Yes;With Traffic;K: Killed;Travel Lane;Black;Male;None - Rural Crash;Orange;Yes;01/01/2007;03/06/2012;Motorist Overtaking Bicyclist;0;Non-Intersection;01/06/2001;01/01/2001 00:41;Motorist Overtaking - Other /;NA;2012;K: Killed;Farms, Woods, Pastures;25-29;27;No;51-55 mph;O: No Injury;Black;Female;Passenger Car;No;No;Dark - Roadway Not Lighted;Rural (<30% Developed);2 lanes;2;Curve - Level;NC Route;Dry;Two-Way, Not Divided;None;No Special Feature;Coarse Asphalt;Piedmont;Rural;50 - 55  MPH;Double Yellow Line, No Passing Zone;Clear;No;35.92478, -79.1196
349;350;No;40-49;47;No;With Traffic;O: No Injury;NA;Black;Male;Rocky Mount;Nash;No;01/01/2003;02/05/2012;Crossing Paths - Other Circumstances;15;Intersection;01/05/2001;01/01/2001 15:06;Signalized Intersection - Other /;NA;2012;O: No Injury;Residential;20-24;22;No;0-5 mph;O: No Injury;Black;Male;Passenger Car;No;No;Daylight;Urban (>70% Developed);2 lanes;2;Straight - Level;Local Street;Dry;One-Way, Not Divided;None;No Special Feature;Smooth Asphalt;Coastal;Urban;30 - 35  MPH;Stop And Go Signal;Clear;No;35.9552, -77.7999
351;352;Yes;20-24;20;No;With Traffic;B: Evident Injury;Bike Lane / Paved Shoulder;White;Male;None - Rural Crash;Buncombe;No;01/01/2004;07/06/2012;Motorist Left Turn / Merge;17;Non-Intersection;01/06/2001;01/01/2001 17:41;Motorist Left Turn - Opposite Direction;NA;2012;B: Evident Injury;Commercial;NA;NA;No;6-10 mph;Injury;/Missing;NA;Van;No;Yes;Daylight;Urban (>70% Developed);2 lanes;2;Straight - Grade;NC Route;Dry;Two-Way, Not Divided;None;Driveway, Public;Smooth Asphalt;Mountains;Rural;40 - 45  MPH;Double Yellow Line, No Passing Zone;Clear;No;35.46925, -82.5781
353;354;No;15-nov;14;No;With Traffic;C: Possible Injury;Travel Lane;White;Female;Wilmington;New Hanover;No;NA;04/06/2012;Motorist Overtaking Bicyclist;16;Intersection-Related;01/06/2001;01/01/2001 16:44;Motorist Overtaking - Other /;NA;2012;C: Possible Injury;Residential;NA;NA;Missing;6-10 mph;Injury;/Missing;NA;NA;No;Yes;Daylight;Urban (>70% Developed);2 lanes;2;Straight - Level;Local Street;Dry;Two-Way, Divided, Unprotected Median;None;No Special Feature;Coarse Asphalt;Coastal;Urban;20 - 25  MPH;No Control Present;Clear;No;34.22312, -77.9092
354;355;Yes;15-nov;15;No;With Traffic;B: Evident Injury;Travel Lane;Black;Male;Lenoir;Caldwell;No;01/01/2005;08/06/2012;Bicyclist Failed to Yield - Sign-Controlled Intersection;13;Intersection;01/06/2001;01/01/2001 13:29;Bicyclist Ride Through - Sign-Controlled Intersection;NA;2012;B: Evident Injury;Residential;50-59;57;No;11-15 mph;O: No Injury;White;Female;Passenger Car;No;No;Daylight;Urban (>70% Developed);2 lanes;2;Straight - Grade;Local Street;Dry;Two-Way, Not Divided;None;No Special Feature;Coarse Asphalt;Mountains;Urban;20 - 25  MPH;Stop Sign;Clear;No;35.91885, -81.5305
360;361;Yes;10-juin;9;No;Facing Traffic;B: Evident Injury;Travel Lane;White;Male;Fayetteville;Cumberland;No;01/01/2004;24/05/2012;Bicyclist Failed to Yield - Sign-Controlled Intersection;16;Intersection;01/05/2001;01/01/2001 16:22;Bicyclist Ride Through - Sign-Controlled Intersection;NA;2012;B: Evident Injury;Residential;40-49;45;No;0-5 mph;O: No Injury;Black;Female;Sport Utility;No;No;Daylight;Urban (>70% Developed);2 lanes;2;Straight - Level;Local Street;Dry;Two-Way, Not Divided;None;T-Intersection;Coarse Asphalt;Coastal;Urban;20 - 25  MPH;Stop Sign;Clear;No;35.02468, -78.9878
377;378;Yes;60-69;67;No;With Traffic;B: Evident Injury;Travel Lane;White;Male;None - Rural Crash;Randolph;No;01/01/2006;16/06/2012;Motorist Failed to Yield - Sign-Controlled Intersection;10;Intersection;01/06/2001;01/01/2001 10:33;Motorist Drive Out - Sign-Controlled Intersection;NA;2012;B: Evident Injury;Farms, Woods, Pastures;50-59;54;No;0-5 mph;O: No Injury;White;Male;Passenger Car;No;No;Daylight;Rural (<30% Developed);2 lanes;2;Straight - Grade;State Secondary Route;Dry;Two-Way, Not Divided;None;T-Intersection;Smooth Asphalt;Piedmont;Rural;50 - 55  MPH;Stop Sign;Clear;No;35.67323, -79.9274
380;381;No;15-nov;11;No;Facing Traffic;B: Evident Injury;Travel Lane;Black;Male;New Bern;Craven;No;01/01/2002;10/04/2012;Motorist Failed to Yield - Sign-Controlled Intersection;21;Intersection;01/04/2001;01/01/2001 21:17;Motorist Drive Out - Sign-Controlled Intersection;NA;2012;B: Evident Injury;Residential;20-24;22;No;0-5 mph;O: No Injury;White;Male;Passenger Car;No;No;Daylight;Urban (>70% Developed);2 lanes;2;Straight - Level;Local Street;Dry;Two-Way, Divided, Positive Median Barrier;None;T-Intersection;Smooth Asphalt;Coastal;Urban;20 - 25  MPH;Stop Sign;Clear;No;35.11842, -77.0918
393;394;No;20-24;21;No;With Traffic;B: Evident Injury;Sidewalk / Crosswalk / Driveway Crossing;White;Female;Raleigh;Wake;No;NA;11/06/2012;Motorist Right Turn / Merge;17;Intersection;01/06/2001;01/01/2001 17:54;Motorist Right Turn - Same Direction;NA;2012;B: Evident Injury;Residential;60-69;63;No;6-10 mph;O: No Injury;White;Male;Pickup;No;No;Daylight;Urban (>70% Developed);9 or more lanes;2;Straight - Level;Local Street;Wet;Two-Way, Divided, Unprotected Median;None;Four-Way Intersection;Smooth Asphalt;Piedmont;Urban;40 - 45  MPH;Stop And Go Signal;Cloudy;No;35.77721, -78.6786
398;399;No;50-59;50;No;With Traffic;C: Possible Injury;Travel Lane;White;Female;None - Rural Crash;Ashe;No;01/01/2003;20/06/2012;Motorist Overtaking Bicyclist;16;Non-Intersection;01/06/2001;01/01/2001 16:29;Motorist Overtaking - Misjudged Space;NA;2012;C: Possible Injury;Farms, Woods, Pastures;40-49;40;No;11-15 mph;O: No Injury;White;Male;Pickup;No;No;Daylight;Rural (<30% Developed);2 lanes;2;Curve - Level;State Secondary Route;Dry;Two-Way, Not Divided;None;No Special Feature;Smooth Asphalt;Mountains;Rural;50 - 55  MPH;Double Yellow Line, No Passing Zone;Clear;No;36.30572, -81.5097
399;400;Yes;50-59;51;No;Facing Traffic;C: Possible Injury;Sidewalk / Crosswalk / Driveway Crossing;Black;Male;Raleigh;Wake;No;01/01/2004;21/06/2012;Motorist Failed to Yield - Midblock;17;Non-Intersection;01/06/2001;01/01/2001 17:27;Motorist Drive Out - Commercial Driveway / Alley;NA;2012;C: Possible Injury;Commercial;30-39;38;No;0-5 mph;O: No Injury;Black;Male;Passenger Car;No;No;Daylight;Urban (>70% Developed);3 lanes;2;Straight - Level;Local Street;Wet;Two-Way, Divided, Unprotected Median;Other;Driveway, Public;Coarse Asphalt;Piedmont;Urban;40 - 45  MPH;Stop Sign;Rain;No;35.77006, -78.6134
401;402;No;60-69;66;No;Facing Traffic;O: No Injury;Travel Lane;Black;Male;Fayetteville;Cumberland;No;NA;25/06/2012;Motorist Failed to Yield - Sign-Controlled Intersection;7;Intersection;01/06/2001;01/01/2001 07:27;Motorist Drive Out - Sign-Controlled Intersection;NA;2012;O: No Injury;Commercial;25-29;29;No;0-5 mph;O: No Injury;White;Male;Passenger Car;No;No;Daylight;Urban (>70% Developed);5 lanes;2;Curve - Hillcrest;Local Street;Wet;Two-Way, Divided, Positive Median Barrier;None;T-Intersection;Coarse Asphalt;Coastal;Urban;40 - 45  MPH;Stop Sign;Cloudy;Yes;35.08742, -78.9517
407;408;No;60-69;66;No;With Traffic;C: Possible Injury;Sidewalk / Crosswalk / Driveway Crossing;Black;Male;Charlotte;Mecklenburg;No;01/01/2006;23/06/2012;Parallel Paths - Other Circumstances;0;Intersection-Related;01/06/2001;01/01/2001 00:24;Bicyclist Ride Out - Parallel Path;NA;2012;C: Possible Injury;Commercial;60-69;64;No;16-20 mph;O: No Injury;Black;Female;Other Bus;No;No;Dark - Lighted Roadway;Urban (>70% Developed);4 lanes;2;Straight - Level;Local Street;Dry;Two-Way, Not Divided;None;No Special Feature;Smooth Asphalt;Piedmont;Urban;20 - 25  MPH;Stop And Go Signal;Clear;No;35.22698, -80.843
408;409;Yes;40-49;43;No;With Traffic;B: Evident Injury;Travel Lane;White;Male;None - Rural Crash;Wake;No;01/01/2003;27/06/2012;Motorist Failed to Yield - Sign-Controlled Intersection;7;Intersection;01/06/2001;01/01/2001 07:09;Motorist Drive Out - Sign-Controlled Intersection;NA;2012;B: Evident Injury;Farms, Woods, Pastures;30-39;35;No;0-5 mph;O: No Injury;Hispanic;Male;Pickup;No;No;Daylight;Rural (<30% Developed);4 lanes;2;Straight - Level;State Secondary Route;Dry;Two-Way, Not Divided;None;T-Intersection;Coarse Asphalt;Piedmont;Rural;50 - 55  MPH;Stop Sign;Clear;No;35.59024, -78.8384
416;417;Yes;16-19;16;No;Not Applicable;C: Possible Injury;Non-Roadway;Black;Male;Greensboro;Guilford;No;01/01/2005;29/06/2012;Bicyclist Failed to Yield - Midblock;11;Non-Intersection;01/06/2001;01/01/2001 11:01;Bicyclist Ride Out - Commercial Driveway / Alley;NA;2012;C: Possible Injury;Residential;20-24;23;No;6-10 mph;O: No Injury;Black;Female;Passenger Car;Yes;No;Daylight;Urban (>70% Developed);2 lanes;2;Straight - Level;Local Street;Dry;Two-Way, Not Divided;None;Driveway, Private;Smooth Asphalt;Piedmont;Urban;30 - 35  MPH;No Control Present;Clear;No;36.09509, -79.7619
425;426;Yes;10-juin;9;No;Not Applicable;B: Evident Injury;Driveway / Alley;White;Male;Asheboro;Randolph;No;01/01/2003;20/06/2012;Bicyclist Failed to Yield - Midblock;21;Non-Intersection;01/06/2001;01/01/2001 21:20;Bicyclist Ride Out - Residential Driveway;NA;2012;B: Evident Injury;Residential;0-19;19;No;16-20 mph;O: No Injury;White;Male;Passenger Car;No;No;Dusk;Urban (>70% Developed);2 lanes;2;Straight - Grade;Local Street;Dry;Two-Way, Not Divided;None;No Special Feature;Smooth Asphalt;Piedmont;Urban;30 - 35  MPH;No Control Present;Clear;No;35.70165, -79.7956
435;436;Yes;16-19;19;No;With Traffic;B: Evident Injury;Travel Lane;Hispanic;Male;Raleigh;Wake;No;01/01/2005;22/06/2012;Bicyclist Failed to Yield - Signalized Intersection;21;Intersection;01/06/2001;01/01/2001 21:35;Bicyclist Ride Through - Signalized Intersection;NA;2012;B: Evident Injury;Commercial;50-59;54;No;26-30 mph;C: Possible Injury;White;Male;Pickup;No;No;Dark - Roadway Not Lighted;Urban (>70% Developed);8 lanes;2;Straight - Level;Local Street;Water (Standing, Moving);Two-Way, Not Divided;None;No Special Feature;Coarse Asphalt;Piedmont;Urban;40 - 45  MPH;Stop And Go Signal;Rain;No;35.7312, -78.6274
437;438;Yes;30-39;30;No;With Traffic;B: Evident Injury;Travel Lane;White;Male;Raleigh;Wake;No;01/01/2002;19/06/2012;Motorist Overtaking Bicyclist;9;Non-Intersection;01/06/2001;01/01/2001 09:35;Motorist Overtaking - Other /;NA;2012;B: Evident Injury;Commercial;NA;NA;Missing;31-35 mph;Injury;/Missing;NA;NA;No;Yes;Daylight;Urban (>70% Developed);5 lanes;2;Straight - Level;Local Street;Dry;Two-Way, Not Divided;None;No Special Feature;Coarse Asphalt;Piedmont;Urban;40 - 45  MPH;No Control Present;Clear;No;35.81612, -78.6571
440;441;Yes;25-29;27;No;Facing Traffic;C: Possible Injury;Bike Lane / Paved Shoulder;Black;Male;None - Rural Crash;Harnett;No;NA;02/07/2012;Loss of Control / Turning Error;12;Non-Intersection;01/07/2001;01/01/2001 12:01;Motorist Lost Control - Other /;NA;2012;C: Possible Injury;Farms, Woods, Pastures;20-24;24;No;41-45 mph;O: No Injury;White;Female;Van;No;No;Daylight;Rural (<30% Developed);2 lanes;2;Straight - Level;State Secondary Route;Dry;Two-Way, Not Divided;None;No Special Feature;Coarse Asphalt;Coastal;Rural;50 - 55  MPH;No Control Present;Clear;No;35.37403, -78.6989
448;449;Yes;60-69;66;Missing;With Traffic;B: Evident Injury;Travel Lane;White;Male;Charlotte;Mecklenburg;No;01/01/2007;08/07/2012;Bicyclist Failed to Yield - Signalized Intersection;8;Intersection;01/07/2001;01/01/2001 08:50;Bicyclist Ride Through - Signalized Intersection;NA;2012;B: Evident Injury;Commercial;50-59;52;No;NA;O: No Injury;Other;Male;Passenger Car;No;No;Daylight;Urban (>70% Developed);6 lanes;2;Straight - Level;Local Street;Dry;Two-Way, Not Divided;None;Four-Way Intersection;Smooth Asphalt;Piedmont;Urban;30 - 35  MPH;Stop And Go Signal;Clear;No;35.19575, -80.8272