FID;OBJECTID;AmbulanceR;BikeAge_Gr;Bike_Age;Bike_Alc_D;Bike_Dir;Bike_Injur;Bike_Pos;Bike_Race;Bike_Sex;City;County;CrashAlcoh;CrashDay;Crash_Date;Crash_Grp;Crash_Hour;Crash_Loc;Crash_Mont;Crash_Time;Crash_Type;Crash_Ty_1;Crash_Year;Crsh_Sevri;Developmen;DrvrAge_Gr;Drvr_Age;Drvr_Alc_D;Drvr_EstSp;Drvr_Injur;Drvr_Race;Drvr_Sex;Drvr_VehTy;ExcsSpdInd;Hit_Run;Light_Cond;Locality;Num_Lanes;Num_Units;Rd_Charact;Rd_Class;Rd_Conditi;Rd_Config;Rd_Defects;Rd_Feature;Rd_Surface;Region;Rural_Urba;Speed_Limi;Traff_Cntr;Weather;Workzone_I;Location
640;641;Yes;10-juin;7;No;NA;B: Evident Injury;Travel Lane;Black;Female;Rocky Mount;Nash;No;01/01/2002;06/03/2012;Bicyclist Failed to Yield - Midblock;18;Non-Intersection;01/03/2001;01/01/2001 18:52;Bicyclist Ride Out - Midblock -;NA;2012;B: Evident Injury;Residential;0-19;19;No;11-15 mph;O: No Injury;Black;Male;Passenger Car;No;No;Daylight;Urban (>70% Developed);2 lanes;2;Curve - Level;Local Street;Dry;Two-Way, Not Divided;None;No Special Feature;Coarse Asphalt;Coastal;Urban;30 - 35  MPH;No Control Present;Cloudy;No;35.91357, -77.8152
642;643;No;20-24;24;No;With Traffic;O: No Injury;Travel Lane;White;Male;None - Rural Crash;Watauga;No;01/01/2003;05/09/2012;Bicyclist Left Turn / Merge;18;Non-Intersection;01/09/2001;01/01/2001 17:59;Bicyclist Left Turn - Same Direction;NA;2012;O: No Injury;Farms, Woods, Pastures;20-24;20;No;31-35 mph;O: No Injury;White;Male;Sport Utility;No;No;Daylight;Rural (<30% Developed);2 lanes;2;Straight - Grade;State Secondary Route;Dry;Two-Way, Not Divided;None;No Special Feature;Smooth Asphalt;Mountains;Rural;50 - 55  MPH;Double Yellow Line, No Passing Zone;Clear;No;36.214, -81.7106
643;644;No;16-19;17;No;With Traffic;C: Possible Injury;Travel Lane;Black;Female;Rocky Mount;Edgecombe;No;01/01/2002;14/08/2012;Crossing Paths - Other Circumstances;9;Intersection;01/08/2001;01/01/2001 09:52;Signalized Intersection - Other /;NA;2012;C: Possible Injury;Residential;20-24;20;No;6-10 mph;O: No Injury;Black;Female;Passenger Car;No;No;Daylight;Urban (>70% Developed);4 lanes;2;Straight - Level;Local Street;Dry;Two-Way, Divided, Unprotected Median;None;No Special Feature;Coarse Asphalt;Coastal;Urban;30 - 35  MPH;Stop And Go Signal;Clear;No;35.93217, -77.7907
648;649;Yes;40-49;46;No;With Traffic;B: Evident Injury;Travel Lane;White;Female;Marvin;Union;No;01/01/2005;07/09/2012;Loss of Control / Turning Error;18;Non-Intersection;01/09/2001;01/01/2001 18:01;Bicyclist Lost Control - Other /;NA;2012;B: Evident Injury;Farms, Woods, Pastures;30-39;39;No;36-40 mph;O: No Injury;Hispanic;Female;Pickup;No;No;Daylight;Rural (<30% Developed);2 lanes;2;Curve - Grade;State Secondary Route;Dry;Two-Way, Not Divided;None;No Special Feature;Smooth Asphalt;Piedmont;Rural;40 - 45  MPH;Double Yellow Line, No Passing Zone;Clear;No;35.00817, -80.8249
666;667;Yes;20-24;24;No;With Traffic;B: Evident Injury;Travel Lane;White;Male;None - Rural Crash;Brunswick;No;01/01/2006;08/09/2012;Motorist Overtaking Bicyclist;20;Non-Intersection;01/09/2001;01/01/2001 20:24;Motorist Overtaking - Other /;NA;2012;B: Evident Injury;Farms, Woods, Pastures;30-39;32;No;51-55 mph;O: No Injury;White;Male;Passenger Car;No;No;Dark - Roadway Not Lighted;Rural (<30% Developed);2 lanes;2;Straight - Level;NC Route;Dry;Two-Way, Not Divided;None;No Special Feature;Smooth Asphalt;Coastal;Rural;50 - 55  MPH;Double Yellow Line, No Passing Zone;Clear;No;34.07787, -78.0972
668;669;No;25-29;25;No;Facing Traffic;O: No Injury;Multi-use Path;White;Male;None - Rural Crash;Dare;No;01/01/2004;13/09/2012;Motorist Failed to Yield - Signalized Intersection;14;Intersection-Related;01/09/2001;01/01/2001 14:14;Motorist Drive Out - Signalized Intersection;NA;2012;O: No Injury;Residential;20-24;20;No;0-5 mph;O: No Injury;White;Male;Pickup;No;No;Daylight;Urban (>70% Developed);2 lanes;2;Straight - Level;State Secondary Route;Dry;Two-Way, Not Divided;None;T-Intersection;Coarse Asphalt;Coastal;Rural;30 - 35  MPH;Stop And Go Signal;Clear;No;35.92148, -75.6783
671;672;Yes;20-24;22;No;With Traffic;A: Disabling Injury;Travel Lane;White;Male;None - Rural Crash;Wake;No;01/01/2006;15/09/2012;Motorist Overtaking Bicyclist;7;Non-Intersection;01/09/2001;01/01/2001 07:11;Motorist Overtaking - Undetected Bicyclist;NA;2012;A: Disabling Injury;Farms, Woods, Pastures;40-49;43;No;41-45 mph;O: No Injury;White;Female;Pickup;No;No;Daylight;Rural (<30% Developed);2 lanes;2;Straight - Grade;State Secondary Route;Dry;Two-Way, Not Divided;None;No Special Feature;Coarse Asphalt;Piedmont;Rural;40 - 45  MPH;Double Yellow Line, No Passing Zone;Clear;No;35.65107, -78.689
675;676;No;16-19;18;No;Not Applicable;O: No Injury;Non-Roadway;White;Male;Wilmington;New Hanover;No;NA;17/09/2012;Non-Roadway;13;Non-Roadway;01/09/2001;01/01/2001 13:42;Non-Roadway;NA;2012;O: No Injury;Institutional;NA;NA;Missing;0-5 mph;Injury;/Missing;NA;Passenger Car;No;No;Daylight;Urban (>70% Developed);NA;2;Straight - Level;Public Vehicular Area;Dry;Two-Way, Not Divided;None;No Special Feature;Smooth Asphalt;Coastal;Urban;5 - 15 MPH;No Control Present;Clear;No;34.22102, -77.8695
701;702;Yes;40-49;44;No;With Traffic;B: Evident Injury;Travel Lane;Hispanic;Male;Wilmington;New Hanover;No;NA;17/09/2012;Motorist Overtaking Bicyclist;5;Non-Intersection;01/09/2001;01/01/2001 05:52;Motorist Overtaking - Other /;NA;2012;B: Evident Injury;Commercial;40-49;41;No;41-45 mph;O: No Injury;White;Male;Pickup;No;No;Dusk;Urban (>70% Developed);2 lanes;2;Straight - Level;Local Street;Dry;Two-Way, Not Divided;None;No Special Feature;Concrete;Coastal;Urban;40 - 45  MPH;No Control Present;Clear;No;34.21354, -77.8799
706;707;No;40-49;47;No;With Traffic;O: No Injury;Travel Lane;White;Male;Raleigh;Wake;No;01/01/2007;02/09/2012;Motorist Overtaking Bicyclist;21;Intersection-Related;01/09/2001;01/01/2001 21:53;Motorist Overtaking - Other /;NA;2012;O: No Injury;Commercial;50-59;50;No;16-20 mph;O: No Injury;Black;Male;Taxicab;No;No;Dark - Lighted Roadway;Urban (>70% Developed);3 lanes;2;Straight - Level;Interstate;Dry;One-Way, Not Divided;None;T-Intersection;Smooth Asphalt;Piedmont;Urban;30 - 35  MPH;Stop And Go Signal;Clear;No;35.77959, -78.6394
708;709;No;15-nov;14;No;Facing Traffic;O: No Injury;Bike Lane / Paved Shoulder;Black;Male;Raleigh;Wake;No;01/01/2003;26/09/2012;Bicyclist Right Turn / Merge;10;Non-Intersection;01/09/2001;01/01/2001 10:14;Bicyclist Right Turn - Opposite Direction;NA;2012;O: No Injury;Residential;NA;NA;Missing;6-10 mph;Injury;/Missing;NA;Passenger Car;No;Yes;Daylight;Urban (>70% Developed);2 lanes;2;Straight - Level;Local Street;Dry;Two-Way, Not Divided;None;No Special Feature;Smooth Asphalt;Piedmont;Urban;40 - 45  MPH;No Control Present;Clear;No;35.91966, -78.7379
709;710;No;15-nov;15;No;Facing Traffic;C: Possible Injury;Travel Lane;Black;Male;Fayetteville;Cumberland;No;01/01/2006;15/09/2012;Bicyclist Failed to Yield - Signalized Intersection;15;Intersection;01/09/2001;01/01/2001 15:14;Bicyclist Ride Out - Signalized  Intersection;NA;2012;C: Possible Injury;Commercial;60-69;60;No;31-35 mph;O: No Injury;White;Male;Passenger Car;No;No;Daylight;Urban (>70% Developed);7 lanes;3;Straight - Level;Local Street;Dry;Two-Way, Divided, Unprotected Median;None;Four-Way Intersection;Smooth Asphalt;Coastal;Urban;30 - 35  MPH;Stop And Go Signal;Clear;No;35.06709, -78.9504
714;715;Yes;60-69;63;No;Facing Traffic;B: Evident Injury;Travel Lane;White;Male;Morehead City;Carteret;No;01/01/2006;15/09/2012;Motorist Failed to Yield - Sign-Controlled Intersection;11;Intersection;01/09/2001;01/01/2001 11:54;Motorist Drive Out - Sign-Controlled Intersection;NA;2012;B: Evident Injury;Residential;60-69;62;No;0-5 mph;O: No Injury;White;Male;Passenger Car;No;No;Daylight;Urban (>70% Developed);2 lanes;2;Straight - Level;Local Street;Dry;Two-Way, Divided, Unprotected Median;None;No Special Feature;Smooth Asphalt;Coastal;Urban;30 - 35  MPH;Stop Sign;Clear;No;34.72908, -76.7289
717;718;No;25-29;26;No;With Traffic;C: Possible Injury;Travel Lane;White;Male;None - Rural Crash;Dare;No;01/01/2006;29/09/2012;Crossing Paths - Other Circumstances;16;Intersection;01/09/2001;01/01/2001 16:29;Crossing Paths - Intersection - Other /;NA;2012;C: Possible Injury;Residential;70;70;No;11-15 mph;O: No Injury;White;Female;Sport Utility;No;No;Daylight;Urban (>70% Developed);2 lanes;2;Straight - Level;State Secondary Route;Wet;Two-Way, Not Divided;None;T-Intersection;Smooth Asphalt;Coastal;Rural;30 - 35  MPH;Stop Sign;Rain;No;35.35216, -75.5105
726;727;Yes;20-24;22;No;With Traffic;B: Evident Injury;Travel Lane;White;Female;Carrboro;Orange;No;01/01/2005;21/09/2012;Motorist Left Turn / Merge;17;Intersection;01/09/2001;01/01/2001 17:44;Motorist Left Turn - Opposite Direction;NA;2012;B: Evident Injury;Residential;20-24;20;No;16-20 mph;O: No Injury;White;Male;Passenger Car;No;No;Daylight;Urban (>70% Developed);2 lanes;2;Straight - Level;Local Street;Dry;Two-Way, Not Divided;None;Related To Intersection;Coarse Asphalt;Piedmont;Urban;30 - 35  MPH;No Control Present;Clear;No;35.92076, -79.086
734;735;No;15-nov;13;No;Not Applicable;O: No Injury;Non-Roadway;Black;Male;Harrisburg;Cabarrus;No;01/01/2005;14/09/2012;Non-Roadway;18;Non-Roadway;01/09/2001;01/01/2001 18:11;Non-Roadway;NA;2012;O: No Injury;Commercial;70;70;No;0-5 mph;O: No Injury;White;Male;Passenger Car;No;No;Daylight;Mixed (30% To 70% Developed);1 lane;2;Straight - Level;Public Vehicular Area;Dry;One-Way, Not Divided;None;No Special Feature;Smooth Asphalt;Piedmont;Urban;5 - 15 MPH;No Control Present;Clear;No;35.32741, -80.6479
739;740;No;15-nov;15;No;Not Applicable;C: Possible Injury;Non-Roadway;Black;Female;Enfield;Halifax;No;01/01/2007;09/09/2012;Crossing Paths - Other Circumstances;17;Intersection;01/09/2001;01/01/2001 17:00;Crossing Paths - Uncontrolled Intersection;NA;2012;C: Possible Injury;Residential;25-29;27;No;6-10 mph;O: No Injury;Black;Female;Sport Utility;No;No;Daylight;Mixed (30% To 70% Developed);2 lanes;2;Straight - Level;Local Street;Dry;Two-Way, Not Divided;None;Related To Intersection;Smooth Asphalt;Coastal;Rural;5 - 15 MPH;No Control Present;Clear;No;36.17813, -77.6575
745;746;No;30-39;32;No;With Traffic;C: Possible Injury;Travel Lane;Black;Male;Winston-Salem;Forsyth;No;01/01/2003;19/09/2012;Bicyclist Failed to Yield - Signalized Intersection;6;Intersection-Related;01/09/2001;01/01/2001 06:55;Bicyclist Ride Through - Signalized Intersection;NA;2012;C: Possible Injury;Commercial;40-49;47;No;36-40 mph;O: No Injury;White;Male;Passenger Car;No;No;Daylight;Urban (>70% Developed);5 lanes;2;Straight - Level;Local Street;Dry;Two-Way, Divided, Positive Median Barrier;None;No Special Feature;Smooth Asphalt;Piedmont;Urban;40 - 45  MPH;Stop And Go Signal;Clear;No;36.06591, -80.252
749;750;No;16-19;18;No;Facing Traffic;B: Evident Injury;Travel Lane;White;Male;Greenville;Pitt;No;01/01/2003;26/09/2012;Motorist Left Turn / Merge;14;Intersection;01/09/2001;01/01/2001 14:39;Motorist Left Turn - Opposite Direction;NA;2012;B: Evident Injury;Institutional;20-24;23;No;0-5 mph;O: No Injury;Black;Male;Pickup;No;No;Daylight;Urban (>70% Developed);5 lanes;2;Straight - Level;State Secondary Route;Dry;Two-Way, Divided, Unprotected Median;None;Four-Way Intersection;Coarse Asphalt;Coastal;Urban;30 - 35  MPH;Stop And Go Signal;Clear;No;35.604, -77.3618
757;758;Yes;16-19;16;No;With Traffic;B: Evident Injury;Travel Lane;Black;Male;Wadesboro;Anson;No;01/01/2002;02/10/2012;Motorist Overtaking Bicyclist;1;Intersection-Related;01/10/2001;01/01/2001 01:16;Motorist Overtaking - Other /;NA;2012;B: Evident Injury;Commercial;30-39;35;No;51-55 mph;O: No Injury;Black;Female;Van;No;No;Dark - Roadway Not Lighted;Rural (<30% Developed);5 lanes;2;Straight - Level;US Route;Dry;Two-Way, Divided, Unprotected Median;None;T-Intersection;Smooth Asphalt;Piedmont;Urban;50 - 55  MPH;No Control Present;Clear;No;34.96314, -80.0389
766;767;Yes;20-24;21;No;Facing Traffic;C: Possible Injury;Sidewalk / Crosswalk / Driveway Crossing;White;Female;Greenville;Pitt;No;01/01/2005;12/10/2012;Motorist Failed to Yield - Sign-Controlled Intersection;16;Intersection;01/10/2001;01/01/2001 16:53;Motorist Drive Out - Sign-Controlled Intersection;NA;2012;C: Possible Injury;Commercial;20-24;22;No;0-5 mph;Injury;Hispanic;Female;Van;No;No;Daylight;Urban (>70% Developed);2 lanes;2;Straight - Level;Local Street;Dry;Two-Way, Not Divided;None;Four-Way Intersection;Coarse Asphalt;Coastal;Urban;20 - 25  MPH;Stop Sign;Clear;No;35.61276, -77.3758
775;776;Yes;25-29;28;No;With Traffic;B: Evident Injury;Travel Lane;White;Male;Raleigh;Wake;No;01/01/2002;09/10/2012;Motorist Left Turn / Merge;11;Non-Intersection;01/10/2001;01/01/2001 11:53;Motorist Left Turn - Opposite Direction;NA;2012;B: Evident Injury;Residential;0-19;19;No;0-5 mph;O: No Injury;White;Female;Sport Utility;No;No;Daylight;Urban (>70% Developed);4 lanes;2;Straight - Grade;Local Street;Wet;Two-Way, Not Divided;None;No Special Feature;Smooth Asphalt;Piedmont;Urban;30 - 35  MPH;No Control Present;Rain;No;35.77907, -78.6768
778;779;Yes;30-39;37;No;With Traffic;C: Possible Injury;Travel Lane;Asian;Male;Raleigh;Wake;No;01/01/2006;13/10/2012;Motorist Left Turn / Merge;17;Intersection;01/10/2001;01/01/2001 17:03;Motorist Left Turn - Opposite Direction;NA;2012;C: Possible Injury;Residential;25-29;26;No;6-10 mph;C: Possible Injury;Asian;Female;Passenger Car;No;No;Daylight;Urban (>70% Developed);2 lanes;2;Straight - Level;Local Street;Dry;Two-Way, Divided, Unprotected Median;None;Driveway, Public;Smooth Asphalt;Piedmont;Urban;20 - 25  MPH;No Control Present;Clear;No;35.91953, -78.7353
784;785;No;60-69;61;No;With Traffic;O: No Injury;Sidewalk / Crosswalk / Driveway Crossing;White;Female;Emerald Isle;Carteret;No;01/01/2007;07/10/2012;Bicyclist Failed to Yield - Signalized Intersection;11;Intersection;01/10/2001;01/01/2001 11:54;Bicyclist Ride Out - Signalized  Intersection;NA;2012;O: No Injury;Commercial;20-24;23;No;21-25 mph;O: No Injury;White;Female;Sport Utility;No;No;Daylight;Urban (>70% Developed);9 or more lanes;2;Straight - Level;NC Route;Dry;Two-Way, Not Divided;None;No Special Feature;Smooth Asphalt;Coastal;Rural;40 - 45  MPH;Stop And Go Signal;Clear;No;34.66182, -77.049
791;792;Yes;20-24;23;No;With Traffic;A: Disabling Injury;Travel Lane;White;Male;Mint Hill;Mecklenburg;No;01/01/2002;09/10/2012;Motorist Overtaking Bicyclist;5;Non-Intersection;01/10/2001;01/01/2001 05:47;Motorist Overtaking - Bicyclist Swerved;NA;2012;A: Disabling Injury;Residential;70;70;No;26-30 mph;O: No Injury;White;Female;Passenger Car;No;No;Dawn;Urban (>70% Developed);2 lanes;2;Straight - Level;State Secondary Route;Wet;Two-Way, Not Divided;None;No Special Feature;Coarse Asphalt;Piedmont;Urban;30 - 35  MPH;No Control Present;Rain;No;35.18192, -80.6919
793;794;Yes;25-29;28;No;Facing Traffic;C: Possible Injury;Sidewalk / Crosswalk / Driveway Crossing;Black;Male;Greensboro;Guilford;No;01/01/2005;19/10/2012;Bicyclist Failed to Yield - Signalized Intersection;8;Intersection;01/10/2001;01/01/2001 08:54;Bicyclist Ride Through - Signalized Intersection;NA;2012;C: Possible Injury;Commercial;30-39;35;No;0-5 mph;O: No Injury;Black;Female;Van;No;No;Daylight;Urban (>70% Developed);3 lanes;2;Straight - Level;Local Street;Dry;One-Way, Not Divided;None;Four-Way Intersection;Smooth Asphalt;Piedmont;Urban;20 - 25  MPH;Stop And Go Signal;Clear;No;36.07338, -79.7868
794;795;Yes;40-49;43;No;With Traffic;C: Possible Injury;Travel Lane;White;Female;None - Rural Crash;New Hanover;No;01/01/2006;20/10/2012;Motorist Left Turn / Merge;13;Non-Intersection;01/10/2001;01/01/2001 12:59;Motorist Left Turn - Opposite Direction;NA;2012;C: Possible Injury;Commercial;20-24;23;No;6-10 mph;O: No Injury;White;Male;Sport Utility;No;No;Daylight;Mixed (30% To 70% Developed);5 lanes;2;Straight - Level;US Route;Dry;Two-Way, Not Divided;None;Driveway, Public;Coarse Asphalt;Coastal;Rural;50 - 55  MPH;No Control Present;Clear;No;34.27903, -77.9608
796;797;Yes;50-59;55;No;Facing Traffic;C: Possible Injury;Travel Lane;Black;Male;Charlotte;Mecklenburg;No;01/01/2006;20/10/2012;Crossing Paths - Other Circumstances;19;Intersection;01/10/2001;01/01/2001 19:58;Signalized Intersection - Other /;NA;2012;C: Possible Injury;Commercial;25-29;25;Missing;0-5 mph;Injury;Black;Female;NA;No;Yes;Dark - Lighted Roadway;Urban (>70% Developed);4 lanes;2;Straight - Level;Local Street;Dry;Two-Way, Divided, Unprotected Median;None;No Special Feature;Smooth Asphalt;Piedmont;Urban;30 - 35  MPH;Stop And Go Signal;Clear;No;35.21249, -80.8931
501;502;Yes;16-19;17;No;Facing Traffic;B: Evident Injury;Sidewalk / Crosswalk / Driveway Crossing;Black;Male;Durham;Durham;No;NA;08/10/2007;Loss of Control / Turning Error;11;Non-Intersection;01/10/2001;01/01/2001 11:54;Bicyclist Lost Control - Other /;332129;2007;B: Evident Injury;Commercial;40-49;47;No;11-15 mph;O: No Injury;Black;Male;Sport Utility;No;No;Daylight;Urban (>70% Developed);2 lanes;2;Straight - Grade;Local Street;Dry;One-Way, Not Divided;None;No Special Feature;Smooth Asphalt;Piedmont;Urban;30 - 35  MPH;No Control Present;Clear;No;35.993084, -78.89903
516;517;No;40-49;49;No;With Traffic;O: No Injury;Travel Lane;White;Male;None - Rural Crash;Brunswick;No;NA;09/07/2007;Motorist Right Turn / Merge;12;Intersection;01/07/2001;01/01/2001 11:59;Motorist Right Turn - Same Direction;111213;2007;O: No Injury;Commercial;60-69;69;No;11-15 mph;O: No Injury;White;Female;Passenger Car;No;No;Daylight;Mixed (30% To 70% Developed);2 lanes;2;Straight - Level;NC Route;Dry;Two-Way, Not Divided;None;Four-Way Intersection;Smooth Asphalt;Coastal;Rural;50 - 55  MPH;Stop And Go Signal;Cloudy;No;33.91651, -78.49203
518;519;Yes;30-39;34;No;Facing Traffic;C: Possible Injury;Travel Lane;Asian;Male;Chapel Hill;Orange;No;01/01/2002;10/07/2007;Loss of Control / Turning Error;17;Intersection;01/07/2001;01/01/2001 17:23;Bicyclist Turning Error - Left Turn;112114;2007;C: Possible Injury;Residential;30-39;39;No;0-5 mph;O: No Injury;White;Male;Passenger Car;No;No;Daylight;Urban (>70% Developed);2 lanes;2;Straight - Level;Local Street;Wet;Two-Way, Not Divided;None;T-Intersection;Smooth Asphalt;Piedmont;Urban;20 - 25  MPH;Stop Sign;Rain;No;35.905197, -79.05511
522;523;No;10-juin;10;No;With Traffic;B: Evident Injury;Travel Lane;Black;Male;High Point;Guilford;No;01/01/2003;11/07/2007;Loss of Control / Turning Error;17;Intersection;01/07/2001;01/01/2001 17:23;Bicyclist Lost Control - Mechanical Problems;111121;2007;B: Evident Injury;Residential;40-49;44;No;21-25 mph;O: No Injury;Black;Male;Passenger Car;No;No;Daylight;Urban (>70% Developed);2 lanes;2;Straight - Grade;Local Street;Dry;Two-Way, Not Divided;None;Four-Way Intersection;Smooth Asphalt;Piedmont;Urban;30 - 35  MPH;Stop Sign;Clear;No;35.96425, -79.99407
525;526;Yes;10-juin;7;No;With Traffic;B: Evident Injury;Travel Lane;White;Male;Holly Springs;Wake;No;01/01/2004;12/07/2007;Bicyclist Failed to Yield - Sign-Controlled Intersection;13;Intersection;01/07/2001;01/01/2001 12:59;Bicyclist Ride Through - Sign-Controlled Intersection;111144;2007;B: Evident Injury;Residential;0-19;18;No;11-15 mph;O: No Injury;Black;Male;Passenger Car;No;No;Daylight;Urban (>70% Developed);2 lanes;2;Straight - Level;Local Street;Dry;Two-Way, Not Divided;None;Four-Way Intersection;Coarse Asphalt;Piedmont;Urban;20 - 25  MPH;Stop Sign;Clear;No;35.66205, -78.84054
533;534;Yes;15-nov;15;No;Facing Traffic;B: Evident Injury;Travel Lane;White;Male;None - Rural Crash;Onslow;No;01/01/2004;27/09/2007;Motorist Overtaking Bicyclist;6;Non-Intersection;01/09/2001;01/01/2001 06:29;Motorist Overtaking - Other /;312239;2007;B: Evident Injury;Farms, Woods, Pastures;50-59;57;No;51-55 mph;O: No Injury;White;Male;Pickup;No;No;Dark - Roadway Not Lighted;Rural (<30% Developed);2 lanes;3;Straight - Level;State Secondary Route;Dry;Two-Way, Not Divided;None;No Special Feature;Smooth Asphalt;Coastal;Rural;50 - 55  MPH;No Control Present;Clear;No;34.784546, -77.63761
535;536;Yes;20-24;24;No;Not Applicable;C: Possible Injury;Driveway / Alley;White;Male;None - Rural Crash;Dare;Yes;01/01/2007;01/07/2007;Bicyclist Failed to Yield - Midblock;20;Non-Intersection;01/07/2001;01/01/2001 20:39;Bicyclist Ride Out - Commercial Driveway / Alley;353312;2007;C: Possible Injury;Residential;20-24;24;Yes;0-5 mph;O: No Injury;Black;Male;Passenger Car;No;No;Dusk;Urban (>70% Developed);2 lanes;2;Straight - Level;Public Vehicular Area;Dry;Two-Way, Not Divided;None;T-Intersection;Coarse Asphalt;Coastal;Rural;5 - 15 MPH;No Control Present;Clear;No;35.574, -75.463524
536;537;Yes;10-juin;10;No;Not Applicable;B: Evident Injury;Non-Roadway;Black;Male;Ahoskie;Hertford;No;NA;02/07/2007;Bicyclist Failed to Yield - Midblock;17;Non-Intersection;01/07/2001;01/01/2001 17:47;Bicyclist Ride Out - Other Midblock;363318;2007;B: Evident Injury;Residential;40-49;46;No;16-20 mph;O: No Injury;Black;Female;Passenger Car;No;No;Daylight;Urban (>70% Developed);2 lanes;2;Straight - Level;Local Street;Dry;Two-Way, Not Divided;None;No Special Feature;Smooth Asphalt;Coastal;Rural;20 - 25  MPH;No Control Present;Clear;No;36.287983, -76.986786
545;546;Yes;20-24;20;No;With Traffic;B: Evident Injury;Travel Lane;White;Female;None - Rural Crash;Mcdowell;No;01/01/2007;15/07/2007;Head-On;9;Non-Intersection;01/07/2001;01/01/2001 09:29;Head-On - Bicyclist;311250;2007;B: Evident Injury;Farms, Woods, Pastures;50-59;52;No;51-55 mph;O: No Injury;White;Male;Motorcycle;No;No;Daylight;Rural (<30% Developed);2 lanes;2;Curve - Grade;NC Route;Dry;Two-Way, Not Divided;None;No Special Feature;Smooth Asphalt;Mountains;Rural;50 - 55  MPH;Double Yellow Line, No Passing Zone;Clear;No;35.763233, -82.15805
557;558;No;20-24;20;No;NA;C: Possible Injury;Travel Lane;White;Female;None - Rural Crash;Guilford;No;01/01/2005;20/07/2007;Bicyclist Right Turn / Merge;12;Non-Intersection;01/07/2001;01/01/2001 12:46;Bicyclist Right Turn - Same Direction;319223;2007;C: Possible Injury;Residential;30-39;36;No;41-45 mph;O: No Injury;White;Male;Passenger Car;No;No;Daylight;Urban (>70% Developed);3 lanes;2;Straight - Level;State Secondary Route;Dry;Two-Way, Not Divided;None;No Special Feature;Smooth Asphalt;Piedmont;Rural;40 - 45  MPH;No Control Present;Clear;No;36.017494, -79.89318
558;559;No;40-49;41;No;Facing Traffic;O: No Injury;Sidewalk / Crosswalk / Driveway Crossing;White;Male;Charlotte;Mecklenburg;No;01/01/2004;25/10/2007;Motorist Failed to Yield - Sign-Controlled Intersection;19;Intersection;01/10/2001;01/01/2001 19:29;Motorist Drive Out - Sign-Controlled Intersection;132141;2007;O: No Injury;Residential;30-39;37;No;0-5 mph;O: No Injury;Black;Female;Passenger Car;No;No;Dark - Lighted Roadway;Urban (>70% Developed);2 lanes;2;Straight - Level;Local Street;Wet;Two-Way, Divided, Unprotected Median;None;T-Intersection;Smooth Asphalt;Piedmont;Urban;30 - 35  MPH;Stop Sign;Rain;No;35.1305, -80.83773
559;560;No;15-nov;12;No;With Traffic;C: Possible Injury;Travel Lane;Black;Male;Asheville;Buncombe;No;01/01/2005;20/07/2007;Parallel Paths - Other Circumstances;16;Non-Intersection;01/07/2001;01/01/2001 16:39;Parallel Paths - Other /;311280;2007;C: Possible Injury;Residential;50-59;53;No;NA;O: No Injury;Black;Male;Passenger Car;No;Yes;Daylight;Urban (>70% Developed);2 lanes;2;Straight - Level;Local Street;Dry;Two-Way, Not Divided;None;No Special Feature;Coarse Asphalt;Mountains;Urban;20 - 25  MPH;No Control Present;Clear;No;35.55034, -82.52444
562;563;Yes;15-nov;11;No;Facing Traffic;O: No Injury;Sidewalk / Crosswalk / Driveway Crossing;Black;Male;Cary;Wake;No;01/01/2005;26/10/2007;Motorist Failed to Yield - Sign-Controlled Intersection;17;Intersection;01/10/2001;01/01/2001 17:08;Motorist Drive Out - Sign-Controlled Intersection;132141;2007;O: No Injury;Commercial;30-39;37;No;0-5 mph;O: No Injury;White;Male;Sport Utility;No;No;Daylight;Urban (>70% Developed);2 lanes;2;Straight - Level;Local Street;Wet;Two-Way, Divided, Unprotected Median;None;Four-Way Intersection;Smooth Asphalt;Piedmont;Urban;30 - 35  MPH;Stop Sign;Rain;No;35.734734, -78.778725
580;581;Yes;10-juin;7;No;NA;B: Evident Injury;Travel Lane;Black;Female;Mount Holly;Gaston;No;01/01/2005;20/07/2007;Motorist Overtaking Bicyclist;17;Non-Intersection;01/07/2001;01/01/2001 17:51;Motorist Overtaking - Bicyclist Swerved;319235;2007;B: Evident Injury;Residential;0-19;18;No;11-15 mph;O: No Injury;White;Female;Sport Utility;No;No;Daylight;Urban (>70% Developed);2 lanes;2;Straight - Level;Local Street;Dry;NA;None;No Special Feature;Smooth Asphalt;Piedmont;Urban;5 - 15 MPH;No Control Present;Clear;No;35.268303, -81.0173