FID;OBJECTID;AmbulanceR;BikeAge_Gr;Bike_Age;Bike_Alc_D;Bike_Dir;Bike_Injur;Bike_Pos;Bike_Race;Bike_Sex;City;County;CrashAlcoh;CrashDay;Crash_Date;Crash_Grp;Crash_Hour;Crash_Loc;Crash_Mont;Crash_Time;Crash_Type;Crash_Ty_1;Crash_Year;Crsh_Sevri;Developmen;DrvrAge_Gr;Drvr_Age;Drvr_Alc_D;Drvr_EstSp;Drvr_Injur;Drvr_Race;Drvr_Sex;Drvr_VehTy;ExcsSpdInd;Hit_Run;Light_Cond;Locality;Num_Lanes;Num_Units;Rd_Charact;Rd_Class;Rd_Conditi;Rd_Config;Rd_Defects;Rd_Feature;Rd_Surface;Region;Rural_Urba;Speed_Limi;Traff_Cntr;Weather;Workzone_I;Location
588;589;No;60-69;65;Yes;Facing Traffic;C: Possible Injury;Travel Lane;Black;Male;Sims;Wilson;Yes;01/01/2005;27/07/2007;Bicyclist Failed to Yield - Sign-Controlled Intersection;18;Intersection;01/07/2001;01/01/2001 18:47;Bicyclist Ride Through - Sign-Controlled Intersection;112144;2007;C: Possible Injury;Residential;50-59;58;No;0-5 mph;O: No Injury;White;Male;Pickup;No;No;Daylight;Urban (>70% Developed);2 lanes;2;Straight - Level;Local Street;Dry;Two-Way, Not Divided;None;Four-Way Intersection;Smooth Asphalt;Coastal;Rural;30 - 35  MPH;Stop Sign;Clear;No;35.75878, -78.06007
593;594;Yes;50-59;57;No;With Traffic;B: Evident Injury;Travel Lane;Native American;Male;Kannapolis;Cabarrus;No;01/01/2006;28/07/2007;Other / Unusual Circumstances;19;Non-Intersection;01/07/2001;01/01/2001 19:56;Motorist Intentionally Caused;311510;2007;B: Evident Injury;Commercial;NA;NA;Missing;6-10 mph;Injury;/Missing;NA;NA;No;Yes;Daylight;Urban (>70% Developed);4 lanes;2;Straight - Level;Local Street;Dry;Two-Way, Not Divided;None;No Special Feature;Smooth Asphalt;Piedmont;Urban;40 - 45  MPH;No Control Present;Clear;No;35.50333, -80.61188
600;601;Yes;40-49;42;No;Facing Traffic;B: Evident Injury;Sidewalk / Crosswalk / Driveway Crossing;White;Male;Belmont;Gaston;No;01/01/2007;29/07/2007;Motorist Failed to Yield - Sign-Controlled Intersection;9;Intersection;01/07/2001;01/01/2001 09:50;Motorist Drive Out - Sign-Controlled Intersection;132141;2007;B: Evident Injury;Commercial;40-49;40;No;0-5 mph;O: No Injury;White;Female;Passenger Car;No;No;Daylight;Urban (>70% Developed);NA;2;Straight - Grade;Local Street;Dry;Two-Way, Not Divided;None;Driveway, Public;Smooth Asphalt;Piedmont;Urban;5 - 15 MPH;Stop Sign;Clear;No;35.251408, -81.042725
607;608;No;40-49;44;Yes;With Traffic;C: Possible Injury;Travel Lane;Black;Male;None - Rural Crash;Jones;Yes;01/01/2002;31/07/2007;Motorist Failed to Yield - Sign-Controlled Intersection;21;Intersection;01/07/2001;01/01/2001 21:29;Motorist Drive Out - Sign-Controlled Intersection;111141;2007;C: Possible Injury;Farms, Woods, Pastures;60-69;65;No;0-5 mph;O: No Injury;White;Male;Passenger Car;No;No;Dark - Roadway Not Lighted;Rural (<30% Developed);2 lanes;2;Straight - Level;NC Route;Dry;Two-Way, Not Divided;None;Y-Intersection;Smooth Asphalt;Coastal;Rural;50 - 55  MPH;Stop Sign;Clear;No;35.0665, -77.35055
619;620;Yes;40-49;41;No;With Traffic;A: Disabling Injury;Travel Lane;White;Male;Morrisville;Wake;No;01/01/2005;03/08/2007;Bicyclist Failed to Yield - Signalized Intersection;6;Intersection;01/08/2001;01/01/2001 06:19;Bicyclist Ride Through - Signalized Intersection;111155;2007;A: Disabling Injury;Commercial;40-49;48;No;31-35 mph;A: Disabling Injury;White;Male;Passenger Car;No;No;Daylight;Mixed (30% To 70% Developed);4 lanes;2;Straight - Grade;Local Street;Dry;Two-Way, Divided, Unprotected Median;None;Four-Way Intersection;Smooth Asphalt;Piedmont;Urban;30 - 35  MPH;Stop And Go Signal;Clear;No;35.800976, -78.817696
632;633;No;15-nov;14;No;With Traffic;Injury;Sidewalk / Crosswalk / Driveway Crossing;White;Male;Belmont;Gaston;No;01/01/2002;07/08/2007;Motorist Failed to Yield - Sign-Controlled Intersection;18;Intersection;01/08/2001;01/01/2001 18:34;Motorist Drive Out - Sign-Controlled Intersection;131141;2007;O: No Injury;Residential;40-49;42;No;0-5 mph;O: No Injury;White;Male;Sport Utility;No;No;Daylight;Urban (>70% Developed);2 lanes;2;Straight - Level;Local Street;Dry;Two-Way, Divided, Unprotected Median;None;T-Intersection;Coarse Asphalt;Piedmont;Urban;30 - 35  MPH;Stop Sign;Clear;No;35.238476, -81.043724
633;634;No;NA;NA;No;NA;Injury;NA;/Missing;NA;Fayetteville;Cumberland;No;01/01/2007;08/07/2007;Other /  - Insufficient Details;17;Intersection;01/07/2001;01/01/2001 17:13;Approach Paths;199970;2007;O: No Injury;Commercial;60-69;64;No;NA;O: No Injury;White;Female;Sport Utility;No;No;Daylight;Urban (>70% Developed);2 lanes;2;Straight - Grade;Local Street;Dry;One-Way, Not Divided;None;On or Off Ramp;Coarse Asphalt;Coastal;Urban;40 - 45  MPH;Stop And Go Signal;Clear;No;35.062016, -78.890205
634;635;Yes;15-nov;14;No;With Traffic;A: Disabling Injury;Travel Lane;White;Male;Asheville;Buncombe;No;01/01/2003;08/08/2007;Head-On;15;Non-Intersection;01/08/2001;01/01/2001 15:06;Head-On - Bicyclist;311250;2007;A: Disabling Injury;Residential;25-29;26;No;26-30 mph;O: No Injury;White;Male;Passenger Car;No;No;Daylight;Urban (>70% Developed);2 lanes;2;Curve - Level;Local Street;Dry;Two-Way, Not Divided;None;No Special Feature;Coarse Asphalt;Mountains;Urban;30 - 35  MPH;No Control Present;Clear;No;35.632977, -82.56248
635;636;No;16-19;16;No;With Traffic;C: Possible Injury;Travel Lane;Black;Male;Greensboro;Guilford;No;01/01/2003;08/08/2007;Crossing Paths - Other Circumstances;22;Intersection;01/08/2001;01/01/2001 22:30;Crossing Paths - Intersection - Other /;111180;2007;C: Possible Injury;Residential;NA;NA;Missing;0-5 mph;Injury;/Missing;NA;NA;No;Yes;Dark - Lighted Roadway;Urban (>70% Developed);2 lanes;2;Straight - Level;Local Street;Dry;Two-Way, Not Divided;None;No Special Feature;Smooth Asphalt;Piedmont;Urban;30 - 35  MPH;No Control Present;Clear;No;36.055035, -79.796104
640;641;Yes;40-49;41;No;Facing Traffic;C: Possible Injury;Travel Lane;Black;Male;None - Rural Crash;Duplin;No;01/01/2004;09/08/2007;Bicyclist Right Turn / Merge;8;Non-Intersection;01/08/2001;01/01/2001 08:15;Bicyclist Right Turn - Same Direction;312223;2007;C: Possible Injury;Farms, Woods, Pastures;20-24;24;No;51-55 mph;O: No Injury;Black;Male;Passenger Car;No;No;Daylight;Rural (<30% Developed);2 lanes;2;Straight - Level;State Secondary Route;Dry;Two-Way, Not Divided;None;No Special Feature;Coarse Asphalt;Coastal;Rural;50 - 55  MPH;No Control Present;Clear;No;34.964424, -78.05053
645;646;No;30-39;38;No;With Traffic;B: Evident Injury;Travel Lane;White;Male;Asheville;Buncombe;No;01/01/2006;11/08/2007;Motorist Overtaking Bicyclist;4;Non-Intersection;01/08/2001;01/01/2001 04:05;Motorist Overtaking - Undetected Bicyclist;311231;2007;B: Evident Injury;Commercial;50-59;56;No;46-50 mph;O: No Injury;White;Male;Van;No;No;Dark - Lighted Roadway;Urban (>70% Developed);5 lanes;2;Straight - Hillcrest;US Route;Dry;Two-Way, Divided, Unprotected Median;None;No Special Feature;Smooth Asphalt;Mountains;Urban;50 - 55  MPH;No Control Present;Clear;No;35.549644, -82.64862
647;648;No;40-49;47;No;Not Applicable;O: No Injury;Driveway / Alley;/Missing;Male;Kannapolis;Cabarrus;No;NA;13/08/2007;Bicyclist Failed to Yield - Midblock;12;Non-Intersection;01/08/2001;01/01/2001 12:07;Bicyclist Ride Out - Commercial Driveway / Alley;353312;2007;O: No Injury;Commercial;30-39;32;No;26-30 mph;O: No Injury;White;Male;Van;No;No;Daylight;Urban (>70% Developed);2 lanes;2;Straight - Level;Local Street;Dry;Two-Way, Not Divided;None;No Special Feature;Smooth Asphalt;Piedmont;Urban;30 - 35  MPH;No Control Present;Clear;No;35.481136, -80.613174
648;649;No;30-39;33;No;With Traffic;C: Possible Injury;Travel Lane;White;Female;None - Rural Crash;Cleveland;No;NA;13/08/2007;Motorist Overtaking Bicyclist;7;Non-Intersection;01/08/2001;01/01/2001 07:19;Motorist Overtaking - Misjudged Space;311232;2007;C: Possible Injury;Farms, Woods, Pastures;20-24;22;No;36-40 mph;O: No Injury;White;Male;Pickup;No;No;Daylight;Rural (<30% Developed);2 lanes;2;Straight - Level;State Secondary Route;Dry;Two-Way, Not Divided;None;No Special Feature;Smooth Asphalt;Mountains;Rural;40 - 45  MPH;Double Yellow Line, No Passing Zone;Clear;No;35.296677, -81.43833
651;652;No;NA;NA;Missing;NA;Injury;Non-Roadway;/Missing;NA;Asheville;Buncombe;No;NA;05/11/2007;Non-Roadway;13;Non-Roadway;01/11/2001;01/01/2001 13:44;Non-Roadway;460910;2007;O: No Injury;Commercial;50-59;55;No;6-10 mph;O: No Injury;Black;Female;Other Bus;No;No;Daylight;Urban (>70% Developed);3 lanes;2;Straight - Level;Local Street;Dry;Two-Way, Not Divided;None;Four-Way Intersection;Smooth Asphalt;Mountains;Urban;20 - 25  MPH;Stop And Go Signal;Clear;No;35.59511, -82.55426
653;654;Yes;15-nov;12;No;Not Applicable;O: No Injury;Multi-use Path;Black;Male;None - Rural Crash;Rockingham;No;NA;13/08/2007;Bicyclist Failed to Yield - Midblock;9;Non-Intersection;01/08/2001;01/01/2001 09:08;Bicyclist Ride Out - Other Midblock;343318;2007;O: No Injury;Farms, Woods, Pastures;40-49;42;No;41-45 mph;O: No Injury;White;Male;Pickup;No;No;Daylight;Rural (<30% Developed);2 lanes;2;Straight - Level;US Route;Dry;Two-Way, Not Divided;None;No Special Feature;Smooth Asphalt;Piedmont;Rural;50 - 55  MPH;Double Yellow Line, No Passing Zone;Clear;No;36.38196, -79.577095
660;661;Yes;30-39;39;No;Facing Traffic;B: Evident Injury;Travel Lane;Black;Male;Charlotte;Mecklenburg;No;01/01/2002;20/11/2007;Head-On;10;Non-Intersection;01/11/2001;01/01/2001 10:25;Head-On - Bicyclist;312250;2007;B: Evident Injury;Residential;25-29;25;No;31-35 mph;O: No Injury;Black;Male;Passenger Car;No;No;Daylight;Urban (>70% Developed);2 lanes;2;Straight - Level;Local Street;Dry;Two-Way, Not Divided;None;No Special Feature;Smooth Asphalt;Piedmont;Urban;20 - 25  MPH;No Control Present;Clear;No;35.26333, -80.86328
666;667;Yes;30-39;32;No;Facing Traffic;C: Possible Injury;Travel Lane;Black;Male;High Point;Guilford;No;01/01/2003;15/08/2007;Crossing Paths - Other Circumstances;12;Intersection-Related;01/08/2001;01/01/2001 12:49;Crossing Paths - Intersection - Other /;212180;2007;C: Possible Injury;Commercial;40-49;48;No;11-15 mph;O: No Injury;Black;Female;Passenger Car;No;No;Daylight;Urban (>70% Developed);4 lanes;2;Straight - Grade;Local Street;Dry;Two-Way, Not Divided;None;Four-Way Intersection;Smooth Asphalt;Piedmont;Urban;30 - 35  MPH;Stop And Go Signal;Clear;No;35.956223, -79.9999
670;671;Yes;16-19;17;No;Facing Traffic;C: Possible Injury;Sidewalk / Crosswalk / Driveway Crossing;Black;Male;Goldsboro;Wayne;No;01/01/2004;16/08/2007;Bicyclist Failed to Yield - Signalized Intersection;9;Intersection;01/08/2001;01/01/2001 09:29;Bicyclist Ride Through - Signalized Intersection;132155;2007;C: Possible Injury;Residential;60-69;66;No;26-30 mph;O: No Injury;White;Male;Pickup;No;No;Daylight;Urban (>70% Developed);2 lanes;2;Straight - Level;Local Street;Dry;Two-Way, Not Divided;None;Four-Way Intersection;Coarse Asphalt;Coastal;Urban;30 - 35  MPH;Stop And Go Signal;Clear;No;35.38988, -77.99034
674;675;Yes;50-59;56;No;With Traffic;C: Possible Injury;Travel Lane;White;Male;None - Rural Crash;Transylvania;No;01/01/2006;18/08/2007;Motorist Overtaking Bicyclist;16;Non-Intersection;01/08/2001;01/01/2001 16:09;Motorist Overtaking - Bicyclist Swerved;311235;2007;C: Possible Injury;Residential;25-29;25;No;36-40 mph;O: No Injury;White;Male;Passenger Car;No;No;Daylight;Mixed (30% To 70% Developed);2 lanes;2;Straight - Grade;State Secondary Route;Dry;Two-Way, Not Divided;None;No Special Feature;Smooth Asphalt;Mountains;Rural;40 - 45  MPH;Double Yellow Line, No Passing Zone;Clear;No;35.1841, -82.79507
683;684;No;25-29;25;No;Facing Traffic;C: Possible Injury;Sidewalk / Crosswalk / Driveway Crossing;Other;Male;Kitty Hawk;Dare;No;01/01/2002;21/08/2007;Bicyclist Failed to Yield - Signalized Intersection;11;Intersection;01/08/2001;01/01/2001 11:17;Bicyclist Ride Through - Signalized Intersection;132155;2007;C: Possible Injury;Commercial;30-39;37;No;31-35 mph;O: No Injury;Black;Female;Sport Utility;No;No;Daylight;Urban (>70% Developed);4 lanes;2;Curve - Hillcrest;Local Street;Dry;Two-Way, Not Divided;None;Four-Way Intersection;Coarse Asphalt;Coastal;Rural;30 - 35  MPH;Stop And Go Signal;Clear;No;36.100487, -75.71423
689;690;Yes;15-nov;12;No;With Traffic;C: Possible Injury;Travel Lane;Black;Male;None - Rural Crash;Cumberland;No;01/01/2004;23/08/2007;Bicyclist Left Turn / Merge;15;Non-Intersection;01/08/2001;01/01/2001 15:16;Bicyclist Left Turn - Same Direction;311221;2007;C: Possible Injury;Commercial;60-69;68;No;41-45 mph;O: No Injury;White;Male;Passenger Car;No;No;Daylight;Mixed (30% To 70% Developed);5 lanes;2;Straight - Hillcrest;State Secondary Route;Dry;Two-Way, Not Divided;None;No Special Feature;Smooth Asphalt;Coastal;Rural;40 - 45  MPH;No Control Present;Clear;No;35.010292, -78.95238
696;697;No;16-19;16;No;With Traffic;O: No Injury;Travel Lane;White;Female;Sharpsburg;Wilson;No;01/01/2006;18/08/2007;Bicyclist Failed to Yield - Sign-Controlled Intersection;15;Intersection;01/08/2001;01/01/2001 14:59;Bicyclist Ride Through - Sign-Controlled Intersection;111144;2007;O: No Injury;Residential;50-59;55;No;0-5 mph;O: No Injury;Black;Female;Passenger Car;No;No;Daylight;Urban (>70% Developed);2 lanes;2;Straight - Level;Local Street;Dry;Two-Way, Not Divided;None;No Special Feature;Smooth Asphalt;Coastal;Rural;40 - 45  MPH;Stop Sign;Clear;No;35.865047, -77.82563
700;701;Yes;30-39;30;No;With Traffic;B: Evident Injury;Travel Lane;White;Female;None - Rural Crash;Orange;No;01/01/2006;25/08/2007;Motorist Overtaking Bicyclist;9;Non-Intersection;01/08/2001;01/01/2001 09:21;Motorist Overtaking - Other /;311239;2007;B: Evident Injury;Farms, Woods, Pastures;25-29;25;No;46-50 mph;O: No Injury;White;Female;Passenger Car;No;No;Daylight;Rural (<30% Developed);2 lanes;2;Curve - Hillcrest;State Secondary Route;Dry;Two-Way, Not Divided;None;No Special Feature;Smooth Asphalt;Piedmont;Rural;50 - 55  MPH;Double Yellow Line, No Passing Zone;Clear;No;36.08032, -79.05877
702;703;No;25-29;26;No;NA;C: Possible Injury;NA;White;Male;Gastonia;Gaston;No;01/01/2007;26/08/2007;Crossing Paths - Other Circumstances;10;Intersection;01/08/2001;01/01/2001 10:38;Crossing Paths - Intersection - Other /;199180;2007;C: Possible Injury;Residential;60-69;61;No;NA;O: No Injury;White;Male;Pickup;No;No;Daylight;Urban (>70% Developed);2 lanes;2;Straight - Level;Local Street;Dry;Two-Way, Not Divided;None;T-Intersection;Smooth Asphalt;Piedmont;Urban;30 - 35  MPH;Stop Sign;Clear;No;35.240578, -81.150444
710;711;No;60-69;61;No;Facing Traffic;C: Possible Injury;Sidewalk / Crosswalk / Driveway Crossing;Black;Male;Apex;Wake;No;01/01/2004;30/08/2007;Motorist Failed to Yield - Midblock;16;Non-Intersection;01/08/2001;01/01/2001 16:50;Motorist Drive Out - Commercial Driveway / Alley;332322;2007;C: Possible Injury;Commercial;30-39;31;No;NA;O: No Injury;White;Male;Pickup;No;No;Daylight;Urban (>70% Developed);2 lanes;2;Straight - Level;Local Street;Dry;Two-Way, Not Divided;None;No Special Feature;Gravel;Piedmont;Urban;NA;No Control Present;Clear;No;35.71128, -78.83875
716;717;Yes;20-24;21;No;With Traffic;K: Killed;Travel Lane;Black;Male;None - Rural Crash;Hertford;No;01/01/2006;01/09/2007;Head-On;22;Non-Intersection;01/09/2001;01/01/2001 22:49;Head-On - Motorist;311255;2007;K: Killed;Residential;0-19;19;No;56-60 mph;B: Evident Injury;Black;Male;Passenger Car;Yes;No;Daylight;Mixed (30% To 70% Developed);2 lanes;2;Straight - Level;State Secondary Route;Dry;Two-Way, Not Divided;None;Driveway, Public;Coarse Asphalt;Coastal;Rural;40 - 45  MPH;Double Yellow Line, No Passing Zone;Clear;No;36.43726, -77.1185
720;721;No;20-24;20;No;With Traffic;O: No Injury;NA;White;Male;Fayetteville;Cumberland;No;01/01/2002;21/08/2007;Motorist Failed to Yield - Sign-Controlled Intersection;8;Intersection;01/08/2001;01/01/2001 08:44;Motorist Drive Out - Sign-Controlled Intersection;191141;2007;O: No Injury;Residential;NA;NA;Missing;NA;Injury;/Missing;NA;NA;No;Yes;Daylight;Urban (>70% Developed);4 lanes;2;Curve - Hillcrest;Local Street;Dry;Two-Way, Not Divided;None;T-Intersection;Coarse Asphalt;Coastal;Urban;NA;Stop Sign;Clear;No;35.062088, -78.918625
721;722;Yes;15-nov;14;No;NA;B: Evident Injury;NA;Black;Male;Charlotte;Mecklenburg;No;01/01/2005;07/12/2007;Other /  - Insufficient Details;21;Intersection-Related;01/12/2001;01/01/2001 21:12;Approach Paths;299970;2007;B: Evident Injury;Commercial;20-24;23;No;0-5 mph;O: No Injury;Black;Female;Passenger Car;No;No;Dark - Lighted Roadway;Urban (>70% Developed);2 lanes;2;Straight - Level;Local Street;Dry;Two-Way, Divided, Unprotected Median;None;Four-Way Intersection;Smooth Asphalt;Piedmont;Urban;30 - 35  MPH;Stop And Go Signal;Clear;No;35.268238, -80.85388
722;723;Yes;15-nov;14;No;Facing Traffic;B: Evident Injury;Travel Lane;White;Male;None - Rural Crash;Hertford;No;NA;03/09/2007;Bicyclist Right Turn / Merge;12;Non-Intersection;01/09/2001;01/01/2001 12:56;Bicyclist Right Turn - Same Direction;312223;2007;B: Evident Injury;Residential;40-49;49;No;31-35 mph;C: Possible Injury;Black;Female;Passenger Car;No;No;Daylight;Mixed (30% To 70% Developed);2 lanes;2;Straight - Level;NC Route;Dry;Two-Way, Not Divided;None;No Special Feature;Coarse Asphalt;Coastal;Rural;30 - 35  MPH;Double Yellow Line, No Passing Zone;Clear;No;36.28813, -76.986404
734;735;No;50-59;52;No;With Traffic;B: Evident Injury;Travel Lane;White;Male;None - Rural Crash;Gaston;No;01/01/2004;06/09/2007;Bicyclist Overtaking Motorist;12;Intersection-Related;01/09/2001;01/01/2001 12:19;Bicyclist Overtaking - Other /;211249;2007;B: Evident Injury;Commercial;40-49;40;No;NA;O: No Injury;White;Female;Passenger Car;No;No;Daylight;Rural (<30% Developed);2 lanes;2;Straight - Level;State Secondary Route;Dry;Two-Way, Not Divided;None;Y-Intersection;Smooth Asphalt;Piedmont;Rural;30 - 35  MPH;Stop And Go Signal;Clear;No;35.291916, -81.036674
746;747;Yes;20-24;20;No;NA;C: Possible Injury;Travel Lane;White;Male;Conover;Catawba;No;01/01/2003;12/12/2007;Bicyclist Failed to Yield - Signalized Intersection;19;Intersection;01/12/2001;01/01/2001 19:57;Bicyclist Ride Through - Signalized Intersection;119155;2007;C: Possible Injury;Commercial;30-39;32;No;16-20 mph;O: No Injury;White;Female;Passenger Car;No;No;Dark - Lighted Roadway;Urban (>70% Developed);2 lanes;2;Straight - Level;Local Street;Dry;Two-Way, Not Divided;None;Four-Way Intersection;Smooth Asphalt;Piedmont;Urban;40 - 45  MPH;Stop And Go Signal;Clear;No;35.703068, -81.21111
748;749;Yes;40-49;42;No;Facing Traffic;C: Possible Injury;Travel Lane;Hispanic;Male;New Bern;Craven;No;01/01/2005;07/09/2007;Motorist Failed to Yield - Signalized Intersection;15;Intersection;01/09/2001;01/01/2001 15:25;Motorist Drive Out - Right Turn on Red;112151;2007;C: Possible Injury;Commercial;30-39;31;No;NA;O: No Injury;Other;Female;Sport Utility;No;No;Daylight;Urban (>70% Developed);4 lanes;2;Straight - Level;US Route;Dry;Two-Way, Not Divided;None;Four-Way Intersection;Smooth Asphalt;Coastal;Urban;40 - 45  MPH;Stop And Go Signal;Clear;No;35.11338, -77.09635
749;750;No;40-49;47;No;Facing Traffic;C: Possible Injury;NA;White;Male;Matthews;Mecklenburg;No;01/01/2005;07/09/2007;Motorist Failed to Yield - Sign-Controlled Intersection;10;Intersection;01/09/2001;01/01/2001 10:10;Motorist Drive Out - Sign-Controlled Intersection;192141;2007;C: Possible Injury;Commercial;50-59;50;No;11-15 mph;O: No Injury;White;Male;Passenger Car;No;No;Daylight;Urban (>70% Developed);2 lanes;2;Straight - Level;Local Street;Dry;Two-Way, Not Divided;None;T-Intersection;Smooth Asphalt;Piedmont;Urban;20 - 25  MPH;Stop Sign;Clear;No;35.117462, -80.72494
756;757;Yes;20-24;20;Yes;With Traffic;A: Disabling Injury;Driveway / Alley;Hispanic;Male;None - Rural Crash;Pitt;Yes;01/01/2007;09/09/2007;Bicyclist Failed to Yield - Sign-Controlled Intersection;0;Intersection;01/09/2001;0-12-31 23:59:58;Bicyclist Ride Through - Sign-Controlled Intersection;151144;2007;A: Disabling Injury;Institutional;60-69;68;No;46-50 mph;O: No Injury;Black;Male;Passenger Car;No;No;Dark - Roadway Not Lighted;Mixed (30% To 70% Developed);2 lanes;2;Straight - Level;NC Route;Dry;Two-Way, Not Divided;None;Driveway, Public;Coarse Asphalt;Coastal;Rural;50 - 55  MPH;Stop Sign;Clear;No;35.66709, -77.419106
757;758;No;16-19;16;No;Facing Traffic;C: Possible Injury;Travel Lane;White;Male;None - Rural Crash;Rockingham;No;NA;10/09/2007;Motorist Failed to Yield - Sign-Controlled Intersection;21;Intersection;01/09/2001;01/01/2001 21:13;Motorist Drive Out - Sign-Controlled Intersection;112141;2007;C: Possible Injury;Farms, Woods, Pastures;30-39;31;No;NA;O: No Injury;White;Female;Sport Utility;No;No;Dark - Roadway Not Lighted;Rural (<30% Developed);2 lanes;2;Curve - Grade;State Secondary Route;Dry;Two-Way, Not Divided;None;T-Intersection;Coarse Asphalt;Piedmont;Rural;40 - 45  MPH;Double Yellow Line, No Passing Zone;Clear;No;36.50499, -79.82949
761;762;Yes;15-nov;12;No;Not Applicable;B: Evident Injury;NA;White;Male;Indian Trail;Union;No;01/01/2003;12/09/2007;Bicyclist Failed to Yield - Midblock;16;Non-Intersection;01/09/2001;01/01/2001 16:22;Bicyclist Ride Out - Midblock -;393319;2007;B: Evident Injury;Commercial;25-29;27;No;26-30 mph;O: No Injury;White;Female;Passenger Car;No;No;Daylight;Urban (>70% Developed);2 lanes;2;Straight - Hillcrest;State Secondary Route;Dry;Two-Way, Not Divided;None;No Special Feature;Smooth Asphalt;Piedmont;Urban;40 - 45  MPH;Double Yellow Line, No Passing Zone;Clear;No;35.047066, -80.64617
765;766;Yes;40-49;45;No;Facing Traffic;B: Evident Injury;Travel Lane;Black;Male;Rocky Mount;Nash;No;01/01/2003;12/09/2007;Head-On;21;Non-Intersection;01/09/2001;01/01/2001 21:43;Head-On - Bicyclist;312250;2007;B: Evident Injury;Residential;30-39;32;No;31-35 mph;O: No Injury;White;Male;Police;No;No;Dark - Lighted Roadway;Urban (>70% Developed);2 lanes;2;Straight - Grade;Local Street;Dry;One-Way, Not Divided;None;No Special Feature;Smooth Asphalt;Coastal;Urban;30 - 35  MPH;No Control Present;Clear;No;35.946724, -77.80379
771;772;Yes;50-59;51;No;Facing Traffic;A: Disabling Injury;Bike Lane / Paved Shoulder;Hispanic;Male;None - Rural Crash;Lenoir;No;01/01/2003;12/09/2007;Bicyclist Right Turn / Merge;0;Non-Intersection;01/09/2001;01/01/2001 00:04;Bicyclist Right Turn - Opposite Direction;322224;2007;A: Disabling Injury;Commercial;30-39;36;No;36-40 mph;O: No Injury;White;Female;Passenger Car;No;No;Dark - Roadway Not Lighted;Urban (>70% Developed);4 lanes;2;Straight - Level;US Route;Dry;Two-Way, Not Divided;None;No Special Feature;Smooth Asphalt;Coastal;Rural;40 - 45  MPH;No Control Present;Clear;No;35.255356, -77.60323
773;774;No;50-59;52;Yes;With Traffic;C: Possible Injury;Travel Lane;Black;Male;Kinston;Lenoir;Yes;01/01/2003;26/12/2007;Motorist Failed to Yield - Sign-Controlled Intersection;13;Intersection;01/12/2001;01/01/2001 13:30;Motorist Drive Out - Sign-Controlled Intersection;111141;2007;C: Possible Injury;Residential;30-39;30;No;0-5 mph;O: No Injury;Black;Female;Sport Utility;No;No;Dark - Roadway Not Lighted;Urban (>70% Developed);2 lanes;2;Straight - Level;Private Road, Driveway;Wet;Two-Way, Not Divided;None;T-Intersection;Coarse Asphalt;Coastal;Urban;20 - 25  MPH;Stop Sign;Clear;No;35.26013, -77.57105
774;775;Yes;40-49;45;No;Facing Traffic;B: Evident Injury;Multi-use Path;White;Female;Southern Shores;Dare;No;01/01/2004;11/10/2007;Motorist Right Turn / Merge;9;Non-Intersection;01/10/2001;01/01/2001 09:03;Motorist Right Turn - Opposite Direction;342214;2007;B: Evident Injury;Commercial;40-49;44;No;6-10 mph;O: No Injury;White;Male;Heavy Truck;No;No;Daylight;Urban (>70% Developed);NA;2;Straight - Level;US Route;Dry;Two-Way, Not Divided;None;Driveway, Public;Smooth Asphalt;Coastal;Rural;50 - 55  MPH;No Control Present;Clear;No;36.098057, -75.724464
787;788;No;20-24;21;No;Not Applicable;O: No Injury;Driveway / Alley;Black;Male;Charlotte;Mecklenburg;No;01/01/2004;27/12/2007;Motorist Left Turn / Merge;19;Non-Intersection;01/12/2001;01/01/2001 19:56;Motorist Left Turn - Opposite Direction;353212;2007;O: No Injury;Commercial;50-59;55;No;0-5 mph;O: No Injury;Black;Female;Passenger Car;No;No;Dark - Lighted Roadway;Mixed (30% To 70% Developed);4 lanes;2;Straight - Level;Local Street;Dry;Two-Way, Not Divided;None;No Special Feature;Smooth Asphalt;Piedmont;Urban;30 - 35  MPH;No Control Present;Clear;No;35.26875, -80.854004
794;795;No;30-39;36;No;With Traffic;B: Evident Injury;Travel Lane;White;Male;Asheville;Buncombe;No;01/01/2002;18/09/2007;Motorist Failed to Yield - Midblock;16;Non-Intersection;01/09/2001;01/01/2001 16:26;Motorist Drive Out - Commercial Driveway / Alley;311322;2007;B: Evident Injury;Commercial;40-49;41;No;16-20 mph;O: No Injury;White;Female;Sport Utility;No;No;Daylight;Urban (>70% Developed);5 lanes;2;Straight - Grade;US Route;Dry;Two-Way, Not Divided;None;Driveway, Private;Smooth Asphalt;Mountains;Urban;40 - 45  MPH;No Control Present;Clear;No;35.522083, -82.529335
804;805;Yes;50-59;50;Yes;With Traffic;C: Possible Injury;Travel Lane;Black;Male;Laurinburg;Scotland;Yes;01/01/2005;21/09/2007;Motorist Overtaking Bicyclist;16;Non-Intersection;01/09/2001;01/01/2001 16:51;Motorist Overtaking - Bicyclist Swerved;311235;2007;C: Possible Injury;Residential;30-39;35;No;26-30 mph;O: No Injury;Black;Male;Sport Utility;No;No;Daylight;Urban (>70% Developed);2 lanes;2;Straight - Level;Local Street;Dry;Two-Way, Not Divided;None;No Special Feature;Smooth Asphalt;Coastal;Urban;30 - 35  MPH;No Control Present;Clear;No;34.774395, -79.45359