FID;OBJECTID;AmbulanceR;BikeAge_Gr;Bike_Age;Bike_Alc_D;Bike_Dir;Bike_Injur;Bike_Pos;Bike_Race;Bike_Sex;City;County;CrashAlcoh;CrashDay;Crash_Date;Crash_Grp;Crash_Hour;Crash_Loc;Crash_Mont;Crash_Time;Crash_Type;Crash_Ty_1;Crash_Year;Crsh_Sevri;Developmen;DrvrAge_Gr;Drvr_Age;Drvr_Alc_D;Drvr_EstSp;Drvr_Injur;Drvr_Race;Drvr_Sex;Drvr_VehTy;ExcsSpdInd;Hit_Run;Light_Cond;Locality;Num_Lanes;Num_Units;Rd_Charact;Rd_Class;Rd_Conditi;Rd_Config;Rd_Defects;Rd_Feature;Rd_Surface;Region;Rural_Urba;Speed_Limi;Traff_Cntr;Weather;Workzone_I;Location
92;93;No;50-59;55;No;Facing Traffic;C: Possible Injury;Sidewalk / Crosswalk / Driveway Crossing;Black;Male;Fayetteville;Cumberland;No;01/01/2003;28/02/2007;Bicyclist Failed to Yield - Signalized Intersection;14;Intersection;01/02/2001;01/01/2001 14:00;Bicyclist Ride Through - Signalized Intersection;132155;2007;C: Possible Injury;Commercial;0-19;19;No;0-5 mph;O: No Injury;Black;Female;Passenger Car;No;No;Daylight;Urban (>70% Developed);5 lanes;2;Straight - Level;Local Street;Dry;Two-Way, Not Divided;None;No Special Feature;Smooth Asphalt;Coastal;Urban;30 - 35  MPH;Stop And Go Signal;Clear;No;35.076035, -78.8977
211;212;Yes;50-59;54;No;Facing Traffic;B: Evident Injury;Sidewalk / Crosswalk / Driveway Crossing;Hispanic;Male;Raleigh;Wake;No;01/01/2007;24/04/2011;Bicyclist Failed to Yield - Signalized Intersection;23;Intersection;01/04/2001;01/01/2001 23:09;Bicyclist Ride Out - Signalized  Intersection;132153;2011;B: Evident Injury;Residential;70+;NA;No;0-5 mph;O: No Injury;Black;Male;Passenger Car;No;No;Daylight;Urban (>70% Developed);5 lanes;2;Straight - Level;Local Street;Dry;Two-Way, Not Divided;None;Four-Way Intersection;Smooth Asphalt;Piedmont;Urban;30 - 35  MPH;Stop And Go Signal;Clear;No;35.7678, -78.6248
213;214;No;16-19;18;No;Facing Traffic;C: Possible Injury;Travel Lane;Hispanic;Male;Raleigh;Wake;No;01/01/2002;19/04/2011;Bicyclist Failed to Yield - Signalized Intersection;5;Intersection;01/04/2001;01/01/2001 05:45;Bicyclist Ride Through - Signalized Intersection;112155;2011;C: Possible Injury;Commercial;40-49;42;No;0-5 mph;O: No Injury;White;Female;Passenger Car;No;No;Dark - Roadway Not Lighted;Urban (>70% Developed);5 lanes;2;Straight - Level;Local Street;Dry;Two-Way, Divided, Positive Median Barrier;None;Four-Way Intersection;Coarse Asphalt;Piedmont;Urban;30 - 35  MPH;Stop And Go Signal;Clear;No;35.79796, -78.5565
214;215;No;15-nov;13;No;Facing Traffic;B: Evident Injury;Sidewalk / Crosswalk / Driveway Crossing;Asian;Male;Cary;Wake;No;01/01/2004;28/04/2011;Motorist Failed to Yield - Signalized Intersection;7;Intersection;01/04/2001;01/01/2001 07:44;Motorist Drive Out - Right Turn on Red;132151;2011;B: Evident Injury;Residential;20-24;22;No;0-5 mph;O: No Injury;White;Female;Sport Utility;No;No;Daylight;Urban (>70% Developed);2 lanes;2;Straight - Level;Local Street;Dry;Two-Way, Divided, Unprotected Median;None;T-Intersection;Smooth Asphalt;Piedmont;Urban;30 - 35  MPH;Stop And Go Signal;Clear;No;35.77329, -78.8478
220;221;Yes;25-29;29;No;Facing Traffic;C: Possible Injury;Travel Lane;White;Male;Morrisville;Wake;No;01/01/2003;11/05/2011;Motorist Failed to Yield - Midblock;11;Non-Intersection;01/05/2001;01/01/2001 11:55;Motorist Drive Out - Commercial Driveway / Alley;312322;2011;C: Possible Injury;Commercial;50-59;59;No;0-5 mph;O: No Injury;Black;Male;Sport Utility;No;No;Daylight;Urban (>70% Developed);3 lanes;2;Straight - Level;NC Route;Dry;Two-Way, Not Divided;Work Zone;T-Intersection;Smooth Asphalt;Piedmont;Urban;40 - 45  MPH;No Control Present;Clear;Yes;35.80714, -78.8121
224;225;Yes;10-juin;9;No;NA;B: Evident Injury;Travel Lane;Black;Male;Charlotte;Mecklenburg;No;01/01/2003;04/05/2011;Parallel Paths - Other Circumstances;19;Non-Intersection;01/05/2001;01/01/2001 19:21;Parallel Paths - Other /;319280;2011;B: Evident Injury;Residential;NA;NA;Missing;16-20 mph;Injury;/Missing;NA;NA;No;Yes;Daylight;Urban (>70% Developed);2 lanes;2;Curve - Level;Local Street;Dry;Two-Way, Not Divided;None;No Special Feature;Smooth Asphalt;Piedmont;Urban;20 - 25  MPH;No Control Present;Clear;No;35.24548, -80.8442
225;226;Yes;30-39;34;No;Facing Traffic;C: Possible Injury;Sidewalk / Crosswalk / Driveway Crossing;White;Male;Charlotte;Mecklenburg;No;01/01/2005;06/05/2011;Motorist Failed to Yield - Midblock;14;Non-Intersection;01/05/2001;01/01/2001 14:00;Motorist Drive Out - Other Midblock;332328;2011;C: Possible Injury;Commercial;30-39;30;No;0-5 mph;O: No Injury;White;Female;Passenger Car;No;No;Daylight;Urban (>70% Developed);2 lanes;2;Straight - Level;Local Street;Dry;Two-Way, Not Divided;None;No Special Feature;Smooth Asphalt;Piedmont;Urban;5 - 15 MPH;No Control Present;Clear;No;35.23101, -80.8377
228;229;Yes;50-59;54;No;NA;A: Disabling Injury;Travel Lane;White;Male;Carrboro;Orange;No;NA;25/04/2011;Crossing Paths - Other Circumstances;7;Intersection-Related;01/04/2001;01/01/2001 07:57;Crossing Paths - Intersection - Other /;219180;2011;A: Disabling Injury;Commercial;40-49;49;No;16-20 mph;O: No Injury;White;Female;Van;No;No;Daylight;Urban (>70% Developed);4 lanes;2;Curve - Level;NC Route;Dry;Two-Way, Divided, Unprotected Median;None;Related To Intersection;Smooth Asphalt;Piedmont;Urban;40 - 45  MPH;Stop And Go Signal;Cloudy;No;35.9174, -79.0941
230;231;No;10-juin;6;No;Not Applicable;C: Possible Injury;NA;Hispanic;Male;Charlotte;Mecklenburg;No;01/01/2004;12/05/2011;Crossing Paths - Other Circumstances;17;Intersection-Related;01/05/2001;01/01/2001 17:18;Crossing Paths - Intersection - Other /;293180;2011;C: Possible Injury;Residential;40-49;47;No;26-30 mph;O: No Injury;Hispanic;Female;Sport Utility;No;No;Daylight;Urban (>70% Developed);2 lanes;2;Straight - Level;Local Street;Dry;Two-Way, Not Divided;None;No Special Feature;Smooth Asphalt;Piedmont;Urban;30 - 35  MPH;No Control Present;Clear;No;35.19078, -80.8663
231;232;Yes;40-49;44;No;With Traffic;B: Evident Injury;Bike Lane / Paved Shoulder;White;Male;Huntersville;Mecklenburg;No;01/01/2003;11/05/2011;Motorist Right Turn / Merge;11;Non-Intersection;01/05/2001;01/01/2001 11:40;Motorist Right Turn - Same Direction;321213;2011;B: Evident Injury;Commercial;30-39;32;No;21-25 mph;O: No Injury;Black;Male;Pickup;No;No;Daylight;Mixed (30% To 70% Developed);5 lanes;2;Straight - Grade;Local Street;Dry;Two-Way, Not Divided;None;No Special Feature;Smooth Asphalt;Piedmont;Urban;30 - 35  MPH;No Control Present;Cloudy;No;35.39727, -80.864
233;234;No;50-59;50;No;With Traffic;C: Possible Injury;Sidewalk / Crosswalk / Driveway Crossing;Hispanic;Female;Swansboro;Onslow;No;01/01/2004;28/04/2011;Bicyclist Failed to Yield - Signalized Intersection;7;Intersection;01/04/2001;01/01/2001 07:41;Bicyclist Ride Out - Signalized  Intersection;131153;2011;C: Possible Injury;Commercial;30-39;35;No;11-15 mph;O: No Injury;Black;Male;Van;No;No;Daylight;Urban (>70% Developed);2 lanes;2;Straight - Grade;NC Route;Dry;Two-Way, Divided, Unprotected Median;None;Four-Way Intersection;Coarse Asphalt;Coastal;Rural;30 - 35  MPH;Stop And Go Signal;Cloudy;No;34.69306, -77.1301
236;237;Yes;70+;NA;No;With Traffic;C: Possible Injury;Travel Lane;White;Male;None - Rural Crash;Harnett;No;01/01/2005;20/05/2011;Motorist Overtaking Bicyclist;12;Non-Intersection;01/05/2001;01/01/2001 12:49;Motorist Overtaking - Misjudged Space;311232;2011;C: Possible Injury;Farms, Woods, Pastures;0-19;17;No;51-55 mph;O: No Injury;White;Male;Pickup;No;No;Daylight;Rural (<30% Developed);2 lanes;2;Straight - Hillcrest;State Secondary Route;Dry;Two-Way, Not Divided;None;No Special Feature;Coarse Asphalt;Coastal;Rural;50 - 55  MPH;Double Yellow Line, No Passing Zone;Clear;No;35.34213, -79.0487
239;240;No;15-nov;14;No;Facing Traffic;C: Possible Injury;Travel Lane;Black;Male;Laurinburg;Scotland;No;01/01/2006;30/04/2011;Bicyclist Failed to Yield - Sign-Controlled Intersection;18;Intersection;01/04/2001;01/01/2001 17:59;Bicyclist Ride Through - Sign-Controlled Intersection;112144;2011;C: Possible Injury;Residential;70+;NA;No;21-25 mph;O: No Injury;White;Male;Pickup;No;No;Daylight;Urban (>70% Developed);2 lanes;2;Straight - Level;Local Street;Dry;Two-Way, Not Divided;None;No Special Feature;Coarse Asphalt;Coastal;Urban;20 - 25  MPH;Stop Sign;Clear;No;34.77409, -79.4449
243;244;Yes;25-29;29;No;With Traffic;C: Possible Injury;Bike Lane / Paved Shoulder;White;Male;None - Rural Crash;Pitt;No;01/01/2007;22/05/2011;Loss of Control / Turning Error;18;Non-Intersection;01/05/2001;01/01/2001 18:02;Motorist Lost Control - Other /;321139;2011;C: Possible Injury;Farms, Woods, Pastures;NA;NA;Missing;51-55 mph;Injury;/Missing;NA;Sport Utility;No;Yes;Daylight;Rural (<30% Developed);4 lanes;2;Straight - Level;US Route;Dry;Two-Way, Divided, Unprotected Median;None;No Special Feature;Smooth Asphalt;Coastal;Rural;50 - 55  MPH;No Control Present;Clear;No;35.62596, -77.1918
246;247;Yes;30-39;32;No;With Traffic;B: Evident Injury;Bike Lane / Paved Shoulder;White;Male;Charlotte;Mecklenburg;No;01/01/2006;30/04/2011;Motorist Right Turn / Merge;8;Non-Intersection;01/04/2001;01/01/2001 08:44;Motorist Right Turn - Same Direction;321213;2011;B: Evident Injury;Commercial;40-49;46;No;6-10 mph;O: No Injury;Black;Male;Sport Utility;No;No;Daylight;Urban (>70% Developed);4 lanes;2;Straight - Grade;Local Street;Dry;Two-Way, Divided, Positive Median Barrier;None;Driveway, Public;Smooth Asphalt;Piedmont;Urban;40 - 45  MPH;Stop Sign;Clear;No;35.34158, -80.7675
249;250;Yes;50-59;56;No;With Traffic;A: Disabling Injury;Travel Lane;Native American;Male;None - Rural Crash;Robeson;No;01/01/2002;17/05/2011;Motorist Overtaking Bicyclist;23;Non-Intersection;01/05/2001;01/01/2001 23:11;Motorist Overtaking - Other /;311239;2011;A: Disabling Injury;Residential;60-69;66;No;26-30 mph;O: No Injury;White;Male;Pickup;No;No;Dark - Roadway Not Lighted;Mixed (30% To 70% Developed);2 lanes;2;Straight - Level;State Secondary Route;Wet;Two-Way, Not Divided;None;No Special Feature;Coarse Asphalt;Coastal;Rural;50 - 55  MPH;No Control Present;Rain;No;34.86195, -79.1057
256;257;No;30-39;33;No;Facing Traffic;C: Possible Injury;Sidewalk / Crosswalk / Driveway Crossing;Black;Male;Fayetteville;Cumberland;No;NA;02/05/2011;Motorist Failed to Yield - Midblock;18;Non-Intersection;01/05/2001;01/01/2001 18:30;Motorist Drive Out - Commercial Driveway / Alley;332322;2011;C: Possible Injury;Commercial;25-29;28;No;0-5 mph;O: No Injury;White;Female;Passenger Car;No;No;Daylight;Rural (<30% Developed);5 lanes;2;Straight - Level;Local Street;Dry;Two-Way, Divided, Unprotected Median;None;Driveway, Public;Coarse Asphalt;Coastal;Urban;40 - 45  MPH;No Control Present;Clear;No;35.13426, -78.8767
258;259;Yes;50-59;54;No;With Traffic;C: Possible Injury;Travel Lane;Black;Male;Greensboro;Guilford;No;01/01/2002;17/05/2011;Motorist Failed to Yield - Sign-Controlled Intersection;16;Intersection;01/05/2001;01/01/2001 16:00;Motorist Drive Out - Sign-Controlled Intersection;111141;2011;C: Possible Injury;Residential;0-19;16;No;11-15 mph;O: No Injury;White;Female;Passenger Car;No;No;Daylight;Urban (>70% Developed);4 lanes;2;Straight - Level;Local Street;Wet;Two-Way, Not Divided;None;Four-Way Intersection;Smooth Asphalt;Piedmont;Urban;30 - 35  MPH;Stop Sign;Rain;No;36.01532, -79.8006
259;260;No;50-59;53;No;Facing Traffic;C: Possible Injury;Travel Lane;White;Female;Greensboro;Guilford;No;01/01/2002;17/05/2011;Motorist Failed to Yield - Sign-Controlled Intersection;13;Intersection;01/05/2001;01/01/2001 13:54;Motorist Drive Out - Sign-Controlled Intersection;112141;2011;C: Possible Injury;Residential;25-29;27;No;0-5 mph;O: No Injury;Black;Female;Passenger Car;No;No;Daylight;Urban (>70% Developed);2 lanes;2;Straight - Level;Local Street;Dry;Two-Way, Not Divided;None;Four-Way Intersection;Smooth Asphalt;Piedmont;Urban;30 - 35  MPH;Stop Sign;Cloudy;No;36.06477, -79.7826
266;267;No;50-59;54;No;With Traffic;Injury;Travel Lane;White;Male;Wilmington;New Hanover;No;01/01/2003;11/05/2011;Motorist Right Turn / Merge;13;Intersection;01/05/2001;01/01/2001 13:39;Motorist Right Turn - Same Direction;111213;2011;Injury;Residential;40-49;44;No;NA;Injury;White;Male;Van;No;No;NA;Rural (<30% Developed);NA;2;NA;NA;NA;NA;None;No Special Feature;NA;Coastal;Urban;NA;No Control Present;Clear;No;34.17574, -77.8944
274;275;No;15-nov;14;No;Facing Traffic;B: Evident Injury;Sidewalk / Crosswalk / Driveway Crossing;Asian;Male;Raleigh;Wake;No;NA;30/05/2011;Motorist Failed to Yield - Sign-Controlled Intersection;12;Intersection;01/05/2001;01/01/2001 12:24;Motorist Drive Out - Sign-Controlled Intersection;132141;2011;B: Evident Injury;Residential;30-39;36;No;31-35 mph;O: No Injury;White;Male;Sport Utility;No;No;Daylight;Urban (>70% Developed);2 lanes;2;Straight - Grade;Local Street;Dry;Two-Way, Not Divided;None;T-Intersection;Smooth Asphalt;Piedmont;Urban;30 - 35  MPH;Stop Sign;Clear;No;35.93927, -78.5663
275;276;Yes;15-nov;15;No;With Traffic;B: Evident Injury;Travel Lane;White;Male;None - Rural Crash;Iredell;No;01/01/2005;03/06/2011;Motorist Overtaking Bicyclist;21;Non-Intersection;01/06/2001;01/01/2001 21:08;Motorist Overtaking - Other /;311239;2011;B: Evident Injury;Farms, Woods, Pastures;25-29;28;No;41-45 mph;O: No Injury;White;Male;Passenger Car;No;No;Dark - Roadway Not Lighted;Rural (<30% Developed);2 lanes;3;Straight - Bottom;State Secondary Route;Dry;Two-Way, Not Divided;None;No Special Feature;Smooth Asphalt;Piedmont;Rural;50 - 55  MPH;No Control Present;Clear;No;35.7099, -80.7772
285;286;No;16-19;17;No;With Traffic;C: Possible Injury;Travel Lane;White;Male;Apex;Wake;No;NA;06/06/2011;Motorist Failed to Yield - Sign-Controlled Intersection;15;Intersection;01/06/2001;01/01/2001 15:31;Motorist Drive Out - Sign-Controlled Intersection;111141;2011;C: Possible Injury;Residential;0-19;17;No;6-10 mph;O: No Injury;Black;Male;Passenger Car;No;No;Daylight;Mixed (30% To 70% Developed);2 lanes;2;Straight - Level;NC Route;Dry;Two-Way, Not Divided;None;Four-Way Intersection;Smooth Asphalt;Piedmont;Urban;40 - 45  MPH;Stop Sign;Clear;No;35.69018, -78.8339
295;296;Yes;40-49;48;No;With Traffic;C: Possible Injury;Travel Lane;White;Female;Jacksonville;Onslow;No;01/01/2002;24/05/2011;Motorist Failed to Yield - Sign-Controlled Intersection;6;Intersection;01/05/2001;01/01/2001 06:26;Motorist Drive Out - Sign-Controlled Intersection;111141;2011;C: Possible Injury;Residential;30-39;33;No;6-10 mph;O: No Injury;Hispanic;Male;Van;No;No;Daylight;Urban (>70% Developed);3 lanes;2;Straight - Level;Local Street;Dry;Two-Way, Not Divided;None;No Special Feature;Smooth Asphalt;Coastal;Urban;30 - 35  MPH;Stop Sign;Clear;No;34.76812, -77.3877
307;308;Yes;25-29;26;No;NA;C: Possible Injury;Travel Lane;White;Female;Durham;Durham;No;01/01/2003;15/06/2011;Crossing Paths - Other Circumstances;18;Intersection;01/06/2001;01/01/2001 18:44;Crossing Paths - Intersection - Other /;119180;2011;C: Possible Injury;Residential;25-29;25;No;0-5 mph;O: No Injury;Hispanic;Female;Passenger Car;No;No;Daylight;Mixed (30% To 70% Developed);2 lanes;2;Straight - Level;Local Street;Dry;Two-Way, Not Divided;None;No Special Feature;Smooth Asphalt;Piedmont;Urban;30 - 35  MPH;Stop Sign;Clear;No;36.01216, -78.9055
308;309;No;NA;NA;Missing;With Traffic;Injury;Travel Lane;/Missing;NA;Asheville;Buncombe;No;01/01/2005;27/05/2011;Motorist Overtaking Bicyclist;13;Non-Intersection;01/05/2001;01/01/2001 13:03;Motorist Overtaking - Other /;311239;2011;O: No Injury;Commercial;50-59;59;No;21-25 mph;O: No Injury;White;Female;Passenger Car;No;No;Daylight;Urban (>70% Developed);5 lanes;2;Straight - Grade;US Route;Dry;Two-Way, Divided, Unprotected Median;None;No Special Feature;Coarse Asphalt;Mountains;Urban;40 - 45  MPH;No Control Present;Clear;No;35.55838, -82.5386
313;314;Yes;30-39;34;No;NA;B: Evident Injury;NA;Black;Male;Raleigh;Wake;No;01/01/2003;15/06/2011;NA;21;NA;01/06/2001;01/01/2001 21:11;NA;0;2011;B: Evident Injury;Residential;25-29;26;No;6-10 mph;O: No Injury;White;Female;Passenger Car;No;No;Dark - Roadway Not Lighted;Urban (>70% Developed);2 lanes;2;Straight - Level;Local Street;Dry;Two-Way, Not Divided;None;No Special Feature;Coarse Asphalt;Piedmont;Urban;20 - 25  MPH;No Control Present;Clear;No;35.81048, -78.6258
315;316;No;30-39;32;No;With Traffic;B: Evident Injury;Travel Lane;White;Male;Wilmington;New Hanover;No;01/01/2004;26/05/2011;Motorist Failed to Yield - Sign-Controlled Intersection;7;Intersection;01/05/2001;01/01/2001 07:50;Motorist Drive Out - Sign-Controlled Intersection;111141;2011;B: Evident Injury;Residential;20-24;23;No;0-5 mph;O: No Injury;Black;Male;School Bus;No;No;Daylight;Urban (>70% Developed);2 lanes;2;Straight - Level;Local Street;Dry;Two-Way, Not Divided;None;No Special Feature;Coarse Asphalt;Coastal;Urban;40 - 45  MPH;Stop Sign;Clear;No;34.2489, -77.8897
320;321;No;20-24;20;No;With Traffic;C: Possible Injury;Travel Lane;White;Male;High Point;Guilford;No;NA;30/05/2011;Bicyclist Failed to Yield - Signalized Intersection;9;Intersection;01/05/2001;01/01/2001 09:14;Bicyclist Ride Through - Signalized Intersection;111155;2011;C: Possible Injury;Commercial;25-29;28;No;11-15 mph;O: No Injury;White;Female;Passenger Car;No;No;Daylight;Urban (>70% Developed);6 lanes;2;Straight - Level;Local Street;Dry;Two-Way, Not Divided;None;Four-Way Intersection;Coarse Asphalt;Piedmont;Urban;30 - 35  MPH;Stop And Go Signal;Clear;No;35.98261, -80.0231
323;324;No;40-49;43;No;With Traffic;C: Possible Injury;Travel Lane;White;Male;Smithfield;Johnston;No;01/01/2002;31/05/2011;Motorist Failed to Yield - Sign-Controlled Intersection;16;Intersection;01/05/2001;01/01/2001 16:11;Motorist Drive Out - Sign-Controlled Intersection;111141;2011;C: Possible Injury;Residential;60-69;62;No;0-5 mph;O: No Injury;White;Female;Passenger Car;No;No;Daylight;Urban (>70% Developed);2 lanes;2;Straight - Level;Local Street;Dry;Two-Way, Not Divided;None;Four-Way Intersection;Coarse Asphalt;Coastal;Urban;20 - 25  MPH;Stop Sign;Clear;No;35.5154, -78.3415
328;329;Yes;50-59;54;Yes;Not Applicable;Injury;Non-Roadway;Black;Male;Kinston;Lenoir;Yes;01/01/2004;05/05/2011;Bicyclist Failed to Yield - Midblock;21;Non-Intersection;01/05/2001;01/01/2001 21:02;Bicyclist Ride Out - Other Midblock;363318;2011;Injury;Residential;NA;NA;Missing;31-35 mph;Injury;/Missing;NA;NA;No;Yes;Dark - Lighted Roadway;Urban (>70% Developed);2 lanes;2;Straight - Level;Local Street;Dry;Two-Way, Divided, Unprotected Median;None;No Special Feature;Smooth Asphalt;Coastal;Urban;30 - 35  MPH;No Control Present;Clear;No;35.26522, -77.5722
331;332;Yes;20-24;21;No;With Traffic;C: Possible Injury;Travel Lane;White;Female;Durham;Durham;No;01/01/2004;02/06/2011;Motorist Left Turn / Merge;9;Intersection-Related;01/06/2001;01/01/2001 09:29;Motorist Left Turn - Same Direction;211211;2011;C: Possible Injury;Institutional;60-69;63;No;0-5 mph;O: No Injury;White;Female;Van;No;No;Daylight;Urban (>70% Developed);2 lanes;2;Straight - Grade;Public Vehicular Area;Dry;Two-Way, Divided, Unprotected Median;None;No Special Feature;Smooth Asphalt;Piedmont;Urban;5 - 15 MPH;No Control Present;Clear;No;35.99403, -78.8986
334;335;Yes;30-39;35;No;With Traffic;A: Disabling Injury;Travel Lane;White;Male;Winston-Salem;Forsyth;No;01/01/2006;04/06/2011;Motorist Failed to Yield - Sign-Controlled Intersection;4;Intersection;01/06/2001;01/01/2001 04:13;Motorist Drive Out - Sign-Controlled Intersection;111141;2011;A: Disabling Injury;Residential;40-49;49;No;6-10 mph;O: No Injury;White;Female;Light Truck (Mini-Van, Panel);No;No;Daylight;Urban (>70% Developed);2 lanes;2;Straight - Grade;Local Street;Water (Standing, Moving);Two-Way, Not Divided;None;Four-Way Intersection;Smooth Asphalt;Piedmont;Urban;20 - 25  MPH;Stop Sign;Clear;No;36.09574, -80.2633
359;360;Yes;50-59;52;No;With Traffic;A: Disabling Injury;Travel Lane;White;Male;None - Rural Crash;Johnston;No;01/01/2003;29/06/2011;Motorist Overtaking Bicyclist;15;Non-Intersection;01/06/2001;01/01/2001 15:03;Motorist Overtaking - Misjudged Space;311232;2011;A: Disabling Injury;Farms, Woods, Pastures;20-24;21;No;46-50 mph;O: No Injury;White;Male;Passenger Car;No;No;Daylight;Rural (<30% Developed);2 lanes;3;Curve - Level;State Secondary Route;Dry;Two-Way, Not Divided;None;No Special Feature;Smooth Asphalt;Coastal;Rural;40 - 45  MPH;Double Yellow Line, No Passing Zone;Clear;No;35.69008, -78.3807
361;362;Yes;15-nov;15;No;With Traffic;C: Possible Injury;Travel Lane;White;Male;Durham;Durham;No;01/01/2004;30/06/2011;Bicyclist Left Turn / Merge;14;Intersection;01/06/2001;01/01/2001 14:22;Bicyclist Left Turn - Same Direction;111221;2011;C: Possible Injury;Residential;20-24;20;No;11-15 mph;O: No Injury;Hispanic;Male;Passenger Car;No;No;Daylight;Urban (>70% Developed);2 lanes;2;Straight - Level;Local Street;Dry;Two-Way, Not Divided;Road Surface Condition;Four-Way Intersection;Smooth Asphalt;Piedmont;Urban;30 - 35  MPH;No Control Present;Clear;No;36.04027, -78.9121
364;365;No;20-24;22;No;With Traffic;B: Evident Injury;Travel Lane;White;Male;Boone;Watauga;No;01/01/2007;05/06/2011;Motorist Overtaking Bicyclist;21;Non-Intersection;01/06/2001;01/01/2001 21:09;Motorist Overtaking - Misjudged Space;311232;2011;B: Evident Injury;Commercial;NA;NA;Missing;NA;Injury;/Missing;NA;NA;No;Yes;Dawn;Urban (>70% Developed);2 lanes;2;Curve - Grade;US Route;NA;Two-Way, Not Divided;None;No Special Feature;Smooth Asphalt;Mountains;Urban;30 - 35  MPH;Double Yellow Line, No Passing Zone;Other;No;36.22205, -81.6956
371;372;No;20-24;21;No;With Traffic;O: No Injury;Travel Lane;White;Male;Durham;Durham;No;01/01/2002;05/07/2011;Motorist Right Turn / Merge;18;Intersection;01/07/2001;01/01/2001 18:34;Motorist Right Turn - Same Direction;111213;2011;O: No Injury;Residential;25-29;29;No;6-10 mph;O: No Injury;Black;Female;Passenger Car;No;No;Daylight;Urban (>70% Developed);2 lanes;2;Straight - Grade;Local Street;Dry;Two-Way, Not Divided;None;Four-Way Intersection;Smooth Asphalt;Piedmont;Urban;5 - 15 MPH;Stop And Go Signal;Clear;No;36.01718, -78.9001
378;379;Yes;10-juin;6;No;Not Applicable;A: Disabling Injury;Non-Roadway;Black;Male;High Point;Guilford;No;NA;13/06/2011;Non-Roadway;19;Non-Roadway;01/06/2001;01/01/2001 19:30;Non-Roadway;460910;2011;A: Disabling Injury;Residential;40-49;42;No;11-15 mph;O: No Injury;White;Female;Passenger Car;No;No;Daylight;Urban (>70% Developed);NA;2;Straight - Level;Public Vehicular Area;Dry;Two-Way, Not Divided;None;Driveway, Public;Smooth Asphalt;Piedmont;Urban;NA;No Control Present;Clear;No;35.95717, -79.9984
380;381;Yes;20-24;21;No;With Traffic;C: Possible Injury;Travel Lane;Black;Male;Winston-Salem;Forsyth;No;01/01/2002;14/06/2011;Motorist Overtaking Bicyclist;22;Intersection;01/06/2001;01/01/2001 22:15;Motorist Overtaking - Other /;111239;2011;C: Possible Injury;Residential;NA;NA;Missing;21-25 mph;Injury;/Missing;NA;Passenger Car;No;Yes;Dark - Lighted Roadway;Urban (>70% Developed);4 lanes;2;Straight - Grade;Local Street;Dry;Two-Way, Not Divided;None;Four-Way Intersection;Coarse Asphalt;Piedmont;Urban;30 - 35  MPH;No Control Present;Clear;No;36.11733, -80.2571
384;385;Yes;10-juin;9;No;Not Applicable;C: Possible Injury;Non-Roadway;Black;Female;Mooresville;Iredell;No;01/01/2003;15/06/2011;Non-Roadway;18;Non-Roadway;01/06/2001;01/01/2001 18:19;Non-Roadway;460910;2011;C: Possible Injury;Residential;60-69;63;No;0-5 mph;O: No Injury;Black;Female;Van;No;No;Daylight;Mixed (30% To 70% Developed);2 lanes;2;Straight - Grade;Public Vehicular Area;Dry;Two-Way, Not Divided;None;Driveway, Public;Coarse Asphalt;Piedmont;Urban;5 - 15 MPH;No Control Present;Clear;No;35.59508, -80.8098
387;388;No;40-49;46;No;With Traffic;B: Evident Injury;Travel Lane;White;Male;Duck;Dare;No;01/01/2006;11/06/2011;Motorist Left Turn / Merge;8;Intersection;01/06/2001;01/01/2001 08:16;Motorist Left Turn - Opposite Direction;111212;2011;B: Evident Injury;Residential;50-59;57;No;6-10 mph;O: No Injury;White;Female;Sport Utility;No;No;Daylight;Urban (>70% Developed);2 lanes;2;Straight - Level;NC Route;Dry;Two-Way, Not Divided;None;No Special Feature;Smooth Asphalt;Coastal;Rural;30 - 35  MPH;No Control Present;Clear;No;36.19573, -75.7623
388;389;Yes;50-59;51;No;Facing Traffic;B: Evident Injury;Sidewalk / Crosswalk / Driveway Crossing;Black;Male;Charlotte;Mecklenburg;No;01/01/2004;16/06/2011;Bicyclist Failed to Yield - Signalized Intersection;8;Intersection;01/06/2001;01/01/2001 08:36;Bicyclist Ride Out - Signalized  Intersection;132153;2011;B: Evident Injury;Commercial;40-49;41;No;0-5 mph;O: No Injury;White;Female;Passenger Car;No;No;Dawn;Urban (>70% Developed);4 lanes;2;Straight - Level;Local Street;Dry;Two-Way, Not Divided;None;Four-Way Intersection;Smooth Asphalt;Piedmont;Urban;30 - 35  MPH;Stop And Go Signal;Cloudy;No;35.19064, -80.8109
395;396;No;30-39;38;No;With Traffic;B: Evident Injury;Multi-use Path;White;Female;Southern Shores;Dare;No;01/01/2002;21/06/2011;Crossing Paths - Other Circumstances;13;Intersection-Related;01/06/2001;01/01/2001 13:30;Sign-Controlled Intersection - Other /;241148;2011;B: Evident Injury;Residential;40-49;43;No;0-5 mph;O: No Injury;White;Female;Passenger Car;No;No;Daylight;Urban (>70% Developed);2 lanes;2;Straight - Level;Private Road, Driveway;Dry;Two-Way, Not Divided;None;Driveway, Public;Coarse Asphalt;Coastal;Rural;NA;Stop Sign;Clear;No;36.14437, -75.7397