FID;OBJECTID;AmbulanceR;BikeAge_Gr;Bike_Age;Bike_Alc_D;Bike_Dir;Bike_Injur;Bike_Pos;Bike_Race;Bike_Sex;City;County;CrashAlcoh;CrashDay;Crash_Date;Crash_Grp;Crash_Hour;Crash_Loc;Crash_Mont;Crash_Time;Crash_Type;Crash_Ty_1;Crash_Year;Crsh_Sevri;Developmen;DrvrAge_Gr;Drvr_Age;Drvr_Alc_D;Drvr_EstSp;Drvr_Injur;Drvr_Race;Drvr_Sex;Drvr_VehTy;ExcsSpdInd;Hit_Run;Light_Cond;Locality;Num_Lanes;Num_Units;Rd_Charact;Rd_Class;Rd_Conditi;Rd_Config;Rd_Defects;Rd_Feature;Rd_Surface;Region;Rural_Urba;Speed_Limi;Traff_Cntr;Weather;Workzone_I;Location
397;398;Yes;70+;NA;No;Facing Traffic;B: Evident Injury;Travel Lane;White;Male;Wilmington;New Hanover;No;01/01/2003;15/06/2011;Motorist Failed to Yield - Sign-Controlled Intersection;18;Intersection;01/06/2001;01/01/2001 18:01;Motorist Drive Out - Sign-Controlled Intersection;112141;2011;B: Evident Injury;Residential;20-24;21;No;0-5 mph;O: No Injury;Black;Male;Passenger Car;No;No;Daylight;Urban (>70% Developed);3 lanes;2;Straight - Level;Local Street;Dry;Two-Way, Not Divided;None;Four-Way Intersection;Smooth Asphalt;Coastal;Urban;30 - 35  MPH;Stop Sign;Clear;No;34.23039, -77.8871
400;401;No;40-49;47;No;With Traffic;B: Evident Injury;Travel Lane;White;Male;Charlotte;Mecklenburg;No;NA;20/06/2011;Bicyclist Failed to Yield - Sign-Controlled Intersection;19;Intersection;01/06/2001;01/01/2001 19:27;Bicyclist Ride Out - Sign-Controlled Intersection;111142;2011;B: Evident Injury;Residential;30-39;34;No;26-30 mph;O: No Injury;White;Male;Passenger Car;No;No;Daylight;Urban (>70% Developed);4 lanes;2;Straight - Level;Local Street;Dry;Two-Way, Divided, Positive Median Barrier;None;No Special Feature;Smooth Asphalt;Piedmont;Urban;30 - 35  MPH;Stop Sign;Clear;No;35.19625, -80.8277
410;411;No;25-29;28;No;With Traffic;B: Evident Injury;Travel Lane;White;Male;Wilmington;New Hanover;No;01/01/2004;23/06/2011;Motorist Overtaking Bicyclist;2;Non-Intersection;01/06/2001;01/01/2001 02:50;Motorist Overtaking - Other /;311239;2011;B: Evident Injury;Residential;NA;NA;Missing;NA;Injury;/Missing;NA;NA;No;Yes;Dark - Lighted Roadway;Urban (>70% Developed);2 lanes;2;Straight - Level;Local Street;Dry;Two-Way, Not Divided;None;No Special Feature;Smooth Asphalt;Coastal;Urban;NA;No Control Present;Clear;No;34.22822, -77.942
419;420;Yes;16-19;17;No;With Traffic;B: Evident Injury;Travel Lane;Black;Male;Goldsboro;Wayne;No;01/01/2007;26/06/2011;Bicyclist Failed to Yield - Sign-Controlled Intersection;19;Intersection;01/06/2001;01/01/2001 19:26;Bicyclist Ride Out - Sign-Controlled Intersection;111142;2011;B: Evident Injury;Residential;60-69;63;No;26-30 mph;O: No Injury;Black;Female;Sport Utility;No;No;Daylight;Urban (>70% Developed);2 lanes;2;Straight - Level;Local Street;Dry;Two-Way, Not Divided;None;Four-Way Intersection;Coarse Asphalt;Coastal;Urban;20 - 25  MPH;Stop Sign;Clear;No;35.38488, -77.9682
420;421;No;60-69;61;No;With Traffic;B: Evident Injury;Travel Lane;White;Male;None - Rural Crash;Wake;No;01/01/2007;26/06/2011;Motorist Overtaking Bicyclist;13;Non-Intersection;01/06/2001;01/01/2001 13:01;Motorist Overtaking - Other /;311239;2011;B: Evident Injury;Commercial;70+;NA;No;56-60 mph;O: No Injury;White;Female;Passenger Car;No;No;Daylight;Urban (>70% Developed);4 lanes;2;Straight - Level;US Route;Dry;Two-Way, Divided, Unprotected Median;None;Related To Intersection;Smooth Asphalt;Piedmont;Rural;50 - 55  MPH;Stop And Go Signal;Clear;No;35.91851, -78.5465
432;433;Yes;15-nov;15;No;With Traffic;B: Evident Injury;Sidewalk / Crosswalk / Driveway Crossing;Black;Male;Charlotte;Mecklenburg;No;01/01/2006;02/07/2011;Motorist Right Turn / Merge;21;Intersection;01/07/2001;01/01/2001 21:35;Motorist Right Turn - Same Direction;131213;2011;B: Evident Injury;Commercial;20-24;24;No;11-15 mph;O: No Injury;Hispanic;Male;Light Truck (Mini-Van, Panel);No;No;Dark - Lighted Roadway;Urban (>70% Developed);4 lanes;2;Straight - Level;Local Street;Dry;Two-Way, Not Divided;None;No Special Feature;Smooth Asphalt;Piedmont;Urban;30 - 35  MPH;Stop And Go Signal;Clear;No;35.21404, -80.7712
433;434;Yes;0-5;3;No;Not Applicable;B: Evident Injury;Non-Roadway;Other;Male;Jacksonville;Onslow;No;01/01/2006;02/07/2011;Non-Roadway;17;Non-Roadway;01/07/2001;01/01/2001 17:33;Non-Roadway;460910;2011;B: Evident Injury;Residential;50-59;59;No;6-10 mph;O: No Injury;Black;Female;Passenger Car;No;No;Daylight;Urban (>70% Developed);NA;2;Straight - Level;Public Vehicular Area;Dry;Two-Way, Not Divided;None;Driveway, Public;Coarse Asphalt;Coastal;Urban;5 - 15 MPH;No Control Present;Clear;No;34.78876, -77.4269
434;435;Yes;16-19;17;No;Not Applicable;C: Possible Injury;Sidewalk / Crosswalk / Driveway Crossing;Hispanic;Male;Raleigh;Wake;No;01/01/2003;20/07/2011;Bicyclist Failed to Yield - Midblock;18;Non-Intersection;01/07/2001;01/01/2001 18:52;Bicyclist Ride Out - Other Midblock;333318;2011;C: Possible Injury;Residential;30-39;33;No;6-10 mph;O: No Injury;Black;Male;Passenger Car;No;No;Daylight;Urban (>70% Developed);2 lanes;2;Straight - Level;Local Street;Dry;Two-Way, Not Divided;None;No Special Feature;Smooth Asphalt;Piedmont;Urban;20 - 25  MPH;No Control Present;Clear;No;35.78572, -78.5468
440;441;Yes;40-49;41;No;Facing Traffic;A: Disabling Injury;Travel Lane;White;Female;None - Rural Crash;New Hanover;No;01/01/2006;23/07/2011;Motorist Failed to Yield - Midblock;13;Non-Intersection;01/07/2001;01/01/2001 13:19;Motorist Drive Out - Other Midblock;312328;2011;A: Disabling Injury;Commercial;50-59;55;No;6-10 mph;O: No Injury;White;Female;Sport Utility;No;No;Daylight;Mixed (30% To 70% Developed);4 lanes;2;Straight - Level;US Route;Dry;Two-Way, Divided, Unprotected Median;None;Driveway, Public;Coarse Asphalt;Coastal;Rural;40 - 45  MPH;No Control Present;Clear;No;34.07941, -77.8946
447;448;Yes;30-39;38;No;With Traffic;B: Evident Injury;Travel Lane;White;Female;Fletcher;Henderson;No;01/01/2005;08/07/2011;Loss of Control / Turning Error;10;Intersection;01/07/2001;01/01/2001 10:12;Bicyclist Turning Error - Left Turn;111114;2011;B: Evident Injury;Residential;30-39;33;No;21-25 mph;O: No Injury;White;Male;Pickup;No;No;Daylight;Mixed (30% To 70% Developed);2 lanes;2;Straight - Level;Private Road, Driveway;Dry;Two-Way, Not Divided;None;T-Intersection;Smooth Asphalt;Mountains;Urban;20 - 25  MPH;No Control Present;Clear;No;35.44047, -82.4748
458;459;No;30-39;34;No;Facing Traffic;C: Possible Injury;Travel Lane;White;Male;Wilmington;New Hanover;No;01/01/2005;01/07/2011;Crossing Paths - Other Circumstances;21;Intersection;01/07/2001;01/01/2001 21:47;Signalized Intersection - Other /;112158;2011;C: Possible Injury;Commercial;NA;NA;Missing;NA;Injury;/Missing;NA;NA;No;Yes;Daylight;Mixed (30% To 70% Developed);9 or more lanes;2;Straight - Level;Local Street;Dry;Two-Way, Not Divided;None;No Special Feature;Coarse Asphalt;Coastal;Urban;NA;Stop And Go Signal;Clear;No;34.2048, -77.9241
462;463;No;16-19;19;No;With Traffic;C: Possible Injury;Travel Lane;Asian;Female;Duck;Dare;No;01/01/2002;05/07/2011;Motorist Failed to Yield - Sign-Controlled Intersection;15;Intersection;01/07/2001;01/01/2001 15:32;Motorist Drive Out - Sign-Controlled Intersection;111141;2011;C: Possible Injury;Residential;60-69;68;No;0-5 mph;O: No Injury;White;Male;Passenger Car;No;No;Daylight;Urban (>70% Developed);4 lanes;2;Straight - Level;NC Route;Dry;Two-Way, Not Divided;None;No Special Feature;Coarse Asphalt;Coastal;Rural;5 - 15 MPH;Stop Sign;Clear;No;36.15782, -75.7496
463;464;Yes;50-59;56;No;Not Applicable;C: Possible Injury;Driveway / Alley;Black;Male;Holly Springs;Wake;No;01/01/2005;29/07/2011;Bicyclist Failed to Yield - Midblock;9;Non-Intersection;01/07/2001;01/01/2001 09:31;Bicyclist Ride Out - Residential Driveway;353311;2011;C: Possible Injury;Residential;30-39;37;No;31-35 mph;O: No Injury;Black;Female;Passenger Car;No;No;Daylight;Mixed (30% To 70% Developed);2 lanes;2;Straight - Level;Local Street;Dry;Two-Way, Not Divided;None;No Special Feature;Coarse Asphalt;Piedmont;Urban;30 - 35  MPH;No Control Present;Clear;No;35.64646, -78.8353
467;468;No;25-29;28;No;With Traffic;C: Possible Injury;Travel Lane;White;Male;Asheville;Buncombe;No;01/01/2003;22/06/2011;Motorist Left Turn / Merge;0;Intersection;01/06/2001;01/01/2001 00:24;Motorist Left Turn - Opposite Direction;111212;2011;C: Possible Injury;Commercial;30-39;37;No;11-15 mph;O: No Injury;White;Female;Passenger Car;No;No;Dark - Lighted Roadway;Urban (>70% Developed);5 lanes;2;Straight - Level;US Route;Wet;Two-Way, Not Divided;None;No Special Feature;Smooth Asphalt;Mountains;Urban;40 - 45  MPH;No Control Present;Rain;No;35.54184, -82.5324
471;472;Yes;30-39;37;No;With Traffic;C: Possible Injury;Travel Lane;White;Male;Pinehurst;Moore;No;01/01/2006;16/07/2011;Motorist Left Turn / Merge;9;Intersection;01/07/2001;01/01/2001 09:34;Motorist Left Turn - Opposite Direction;111212;2011;C: Possible Injury;Commercial;50-59;52;No;0-5 mph;O: No Injury;Black;Male;Passenger Car;No;No;Daylight;Mixed (30% To 70% Developed);2 lanes;2;Straight - Level;Local Street;Dry;Two-Way, Not Divided;None;Driveway, Public;Smooth Asphalt;Piedmont;Urban;20 - 25  MPH;Stop Sign;Clear;No;35.20061, -79.4684
472;473;No;30-39;37;No;With Traffic;Injury;Travel Lane;/Missing;Female;Charlotte;Mecklenburg;No;01/01/2007;17/07/2011;Motorist Failed to Yield - Sign-Controlled Intersection;1;Intersection;01/07/2001;01/01/2001 01:02;Motorist Drive Out - Sign-Controlled Intersection;111141;2011;Injury;Commercial;NA;NA;Missing;6-10 mph;Injury;/Missing;NA;NA;No;Yes;Dark -  Lighting;Urban (>70% Developed);8 lanes;2;Straight - Level;Local Street;Dry;Two-Way, Not Divided;None;Four-Way Intersection;Smooth Asphalt;Piedmont;Urban;30 - 35  MPH;Stop Sign;Clear;No;35.21827, -80.8111
478;479;Yes;25-29;26;No;With Traffic;B: Evident Injury;Travel Lane;White;Male;Elizabeth City;Pasquotank;No;NA;18/07/2011;Motorist Failed to Yield - Sign-Controlled Intersection;15;Intersection;01/07/2001;01/01/2001 15:56;Motorist Drive Out - Sign-Controlled Intersection;111141;2011;B: Evident Injury;Residential;25-29;27;No;21-25 mph;O: No Injury;White;Male;Passenger Car;No;Yes;Daylight;Urban (>70% Developed);2 lanes;2;Straight - Level;Local Street;Dry;Two-Way, Not Divided;None;No Special Feature;Smooth Asphalt;Coastal;Urban;40 - 45  MPH;Stop Sign;Clear;No;36.26745, -76.1991
480;481;Yes;15-nov;12;No;With Traffic;B: Evident Injury;Travel Lane;Black;Male;Charlotte;Mecklenburg;No;01/01/2002;19/07/2011;Bicyclist Left Turn / Merge;13;Non-Intersection;01/07/2001;01/01/2001 13:03;Bicyclist Left Turn - Opposite Direction;311222;2011;B: Evident Injury;Commercial;70+;NA;No;11-15 mph;O: No Injury;White;Male;Passenger Car;No;No;Daylight;Urban (>70% Developed);2 lanes;2;Curve - Bottom;Local Street;Dry;Two-Way, Divided, Unprotected Median;None;No Special Feature;Smooth Asphalt;Piedmont;Urban;30 - 35  MPH;No Control Present;Clear;No;35.20113, -80.7314
485;486;Yes;NA;NA;Missing;With Traffic;Injury;Travel Lane;/Missing;NA;Wilmington;New Hanover;No;01/01/2003;20/07/2011;Bicyclist Left Turn / Merge;12;Non-Intersection;01/07/2001;01/01/2001 12:47;Bicyclist Left Turn - Same Direction;311221;2011;O: No Injury;Residential;30-39;38;No;31-35 mph;O: No Injury;White;Female;Passenger Car;No;No;Daylight;Urban (>70% Developed);5 lanes;2;Straight - Level;Local Street;Dry;Two-Way, Divided, Positive Median Barrier;None;No Special Feature;Smooth Asphalt;Coastal;Urban;40 - 45  MPH;No Control Present;Clear;No;34.19299, -77.9198
486;487;Yes;40-49;42;Yes;With Traffic;B: Evident Injury;Travel Lane;Hispanic;Male;Tabor City;Columbus;Yes;01/01/2006;23/07/2011;Motorist Overtaking Bicyclist;0;Non-Intersection;01/07/2001;01/01/2001 00:23;Motorist Overtaking - Other /;311239;2011;B: Evident Injury;Commercial;40-49;44;No;41-45 mph;O: No Injury;White;Male;Pickup;No;No;Dark - Roadway Not Lighted;Mixed (30% To 70% Developed);2 lanes;2;Straight - Level;US Route;Dry;Two-Way, Divided, Unprotected Median;None;No Special Feature;Coarse Asphalt;Coastal;Rural;50 - 55  MPH;No Control Present;Clear;No;34.13981, -78.8693
487;488;Yes;40-49;46;No;With Traffic;C: Possible Injury;Travel Lane;Black;Female;Charlotte;Mecklenburg;No;01/01/2006;23/07/2011;Motorist Overtaking Bicyclist;3;Intersection;01/07/2001;01/01/2001 03:51;Motorist Overtaking - Misjudged Space;111232;2011;C: Possible Injury;Residential;NA;NA;Missing;41-45 mph;Injury;/Missing;NA;NA;No;Yes;Dark - Lighted Roadway;Mixed (30% To 70% Developed);2 lanes;2;Straight - Level;Local Street;Dry;Two-Way, Not Divided;None;T-Intersection;Smooth Asphalt;Piedmont;Urban;40 - 45  MPH;No Control Present;Clear;No;35.29455, -80.839
490;491;Yes;60-69;61;No;Not Applicable;C: Possible Injury;Non-Roadway;Black;Male;High Point;Guilford;No;01/01/2006;23/07/2011;Bicyclist Failed to Yield - Midblock;16;Non-Intersection;01/07/2001;01/01/2001 16:32;Bicyclist Ride Out - Commercial Driveway / Alley;363312;2011;C: Possible Injury;Commercial;30-39;37;No;6-10 mph;O: No Injury;White;Female;Sport Utility;No;No;Daylight;Urban (>70% Developed);4 lanes;2;Straight - Level;Local Street;Dry;Two-Way, Not Divided;None;No Special Feature;Coarse Asphalt;Piedmont;Urban;30 - 35  MPH;No Control Present;Cloudy;No;35.98016, -79.98
491;492;Yes;50-59;55;Yes;With Traffic;C: Possible Injury;Sidewalk / Crosswalk / Driveway Crossing;Black;Male;Edenton;Chowan;Yes;01/01/2006;23/07/2011;Bicyclist Failed to Yield - Sign-Controlled Intersection;2;Intersection;01/07/2001;01/01/2001 02:50;Bicyclist Ride Through - Sign-Controlled Intersection;131144;2011;C: Possible Injury;Residential;50-59;54;No;31-35 mph;O: No Injury;White;Female;Sport Utility;No;No;Daylight;Urban (>70% Developed);2 lanes;2;Straight - Level;Local Street;Dry;Two-Way, Divided, Unprotected Median;None;Four-Way Intersection;Coarse Asphalt;Coastal;Urban;30 - 35  MPH;Flashing Signal With Stop Sign;Clear;No;36.06349, -76.6104
493;494;Yes;30-39;33;No;With Traffic;B: Evident Injury;Travel Lane;White;Male;Raleigh;Wake;No;NA;01/08/2011;Parallel Paths - Other Circumstances;20;Non-Intersection;01/08/2001;01/01/2001 20:49;Parallel Paths - Other /;311280;2011;B: Evident Injury;Residential;NA;NA;Missing;41-45 mph;Injury;/Missing;NA;NA;No;Yes;Daylight;Urban (>70% Developed);2 lanes;2;Straight - Grade;Local Street;Dry;Two-Way, Not Divided;None;No Special Feature;Smooth Asphalt;Piedmont;Urban;40 - 45  MPH;No Control Present;Clear;No;35.89015, -78.6976
496;497;Yes;10-juin;8;No;Not Applicable;A: Disabling Injury;Driveway / Alley;White;Male;None - Rural Crash;Granville;No;01/01/2005;05/08/2011;Bicyclist Failed to Yield - Midblock;19;Non-Intersection;01/08/2001;01/01/2001 19:17;Bicyclist Ride Out - Residential Driveway;353311;2011;A: Disabling Injury;Farms, Woods, Pastures;25-29;27;No;41-45 mph;O: No Injury;White;Female;Passenger Car;No;No;Daylight;Rural (<30% Developed);2 lanes;2;Curve - Grade;State Secondary Route;Dry;Two-Way, Not Divided;None;Driveway, Private;Smooth Asphalt;Piedmont;Rural;50 - 55  MPH;No Control Present;Clear;No;36.30043, -78.7939
497;498;Yes;15-nov;14;No;With Traffic;C: Possible Injury;Other;White;Male;Albemarle;Stanly;No;01/01/2005;29/07/2011;Motorist Failed to Yield - Sign-Controlled Intersection;9;Intersection;01/07/2001;01/01/2001 08:59;Motorist Drive Out - Sign-Controlled Intersection;181141;2011;C: Possible Injury;Commercial;50-59;53;No;0-5 mph;O: No Injury;White;Female;Passenger Car;No;No;Daylight;Urban (>70% Developed);2 lanes;2;Straight - Level;Local Street;Dry;Two-Way, Not Divided;None;T-Intersection;Smooth Asphalt;Piedmont;Urban;20 - 25  MPH;Stop Sign;Clear;No;35.38746, -80.1945
505;506;Yes;40-49;40;No;With Traffic;C: Possible Injury;Travel Lane;White;Male;None - Rural Crash;Moore;No;01/01/2003;10/08/2011;Motorist Overtaking Bicyclist;7;Non-Intersection;01/08/2001;01/01/2001 07:25;Motorist Overtaking - Misjudged Space;311232;2011;C: Possible Injury;Farms, Woods, Pastures;60-69;64;No;31-35 mph;O: No Injury;White;Male;Passenger Car;No;No;Daylight;Rural (<30% Developed);2 lanes;2;Straight - Level;State Secondary Route;Dry;Two-Way, Not Divided;None;No Special Feature;Smooth Asphalt;Piedmont;Rural;50 - 55  MPH;Double Yellow Line, No Passing Zone;Clear;No;35.2434, -79.3519
508;509;Yes;30-39;39;No;Facing Traffic;C: Possible Injury;Travel Lane;Asian;Female;Chapel Hill;Orange;No;01/01/2004;04/08/2011;Motorist Failed to Yield - Sign-Controlled Intersection;16;Intersection;01/08/2001;01/01/2001 16:32;Motorist Drive Out - Sign-Controlled Intersection;112141;2011;C: Possible Injury;Commercial;50-59;54;No;0-5 mph;O: No Injury;White;Male;Passenger Car;No;No;Daylight;Mixed (30% To 70% Developed);4 lanes;2;Curve - Level;Local Street;Dry;Two-Way, Divided, Positive Median Barrier;None;T-Intersection;Smooth Asphalt;Piedmont;Urban;20 - 25  MPH;No Control Present;Clear;No;35.90737, -79.0209
517;518;Yes;25-29;26;No;With Traffic;B: Evident Injury;Travel Lane;White;Male;Durham;Durham;No;01/01/2004;11/08/2011;Bicyclist Failed to Yield - Sign-Controlled Intersection;17;Intersection;01/08/2001;01/01/2001 17:29;Bicyclist Ride Out - Sign-Controlled Intersection;111142;2011;B: Evident Injury;Commercial;25-29;25;No;31-35 mph;Injury;White;Female;Sport Utility;No;No;Daylight;Urban (>70% Developed);2 lanes;2;Straight - Grade;Local Street;Dry;Two-Way, Divided, Unprotected Median;None;T-Intersection;Smooth Asphalt;Piedmont;Urban;30 - 35  MPH;Stop Sign;Clear;No;35.97396, -78.9319
519;520;No;20-24;21;No;With Traffic;O: No Injury;Travel Lane;White;Male;Raleigh;Wake;No;01/01/2006;13/08/2011;Bicyclist Overtaking Motorist;23;Intersection-Related;01/08/2001;01/01/2001 23:55;Bicyclist Overtaking - Passing on Right;211241;2011;O: No Injury;Commercial;40-49;48;No;0-5 mph;O: No Injury;Black;Male;Passenger Car;No;No;Dark - Lighted Roadway;Urban (>70% Developed);2 lanes;2;Straight - Level;Local Street;Dry;Two-Way, Not Divided;None;No Special Feature;Smooth Asphalt;Piedmont;Urban;30 - 35  MPH;Stop And Go Signal;Clear;No;35.77559, -78.6393
527;528;Yes;20-24;20;No;Facing Traffic;C: Possible Injury;Bike Lane / Paved Shoulder;Black;Male;Charlotte;Mecklenburg;No;NA;08/08/2011;Motorist Failed to Yield - Midblock;15;Non-Intersection;01/08/2001;01/01/2001 14:59;Motorist Drive Out - Commercial Driveway / Alley;322322;2011;C: Possible Injury;Commercial;50-59;57;No;0-5 mph;O: No Injury;White;Female;Sport Utility;No;No;Daylight;Urban (>70% Developed);NA;2;Straight - Level;Public Vehicular Area;Dry;Two-Way, Not Divided;None;Driveway, Public;Concrete;Piedmont;Urban;30 - 35  MPH;No Control Present;Clear;No;35.22374, -80.839
531;532;Yes;30-39;34;No;With Traffic;C: Possible Injury;Travel Lane;White;Male;Charlotte;Mecklenburg;No;01/01/2003;10/08/2011;Motorist Left Turn / Merge;18;Non-Intersection;01/08/2001;01/01/2001 18:36;Motorist Left Turn - Opposite Direction;311212;2011;C: Possible Injury;Commercial;50-59;53;No;6-10 mph;O: No Injury;White;Male;Light Truck (Mini-Van, Panel);No;No;Daylight;Urban (>70% Developed);3 lanes;2;Straight - Level;Local Street;Dry;Two-Way, Divided, Unprotected Median;None;No Special Feature;Smooth Asphalt;Piedmont;Urban;30 - 35  MPH;No Control Present;Clear;No;35.20068, -80.8429
532;533;No;40-49;41;No;With Traffic;C: Possible Injury;Sidewalk / Crosswalk / Driveway Crossing;Black;Male;Charlotte;Mecklenburg;No;01/01/2004;11/08/2011;Motorist Right Turn / Merge;8;Non-Intersection;01/08/2001;01/01/2001 08:18;Motorist Right Turn - Same Direction;331213;2011;C: Possible Injury;Commercial;60-69;66;No;26-30 mph;O: No Injury;White;Male;Passenger Car;No;No;Daylight;Urban (>70% Developed);4 lanes;2;Straight - Grade;Local Street;Dry;Two-Way, Divided, Positive Median Barrier;None;Driveway, Public;Coarse Asphalt;Piedmont;Urban;40 - 45  MPH;No Control Present;Cloudy;No;35.14777, -80.9256
545;546;Yes;15-nov;14;No;With Traffic;A: Disabling Injury;Travel Lane;White;Male;None - Rural Crash;Johnston;No;NA;22/08/2011;Bicyclist Left Turn / Merge;9;Intersection;01/08/2001;01/01/2001 09:09;Bicyclist Left Turn - Same Direction;111221;2011;A: Disabling Injury;Residential;0-19;15;No;41-45 mph;O: No Injury;White;Male;Pickup;No;No;Daylight;Mixed (30% To 70% Developed);2 lanes;2;Straight - Level;State Secondary Route;Dry;Two-Way, Not Divided;None;No Special Feature;Coarse Asphalt;Coastal;Rural;40 - 45  MPH;Double Yellow Line, No Passing Zone;Clear;No;35.67907, -78.4292
546;547;No;15-nov;13;No;With Traffic;O: No Injury;Travel Lane;White;Male;Cary;Wake;No;01/01/2002;02/08/2011;Motorist Failed to Yield - Sign-Controlled Intersection;17;Intersection;01/08/2001;01/01/2001 16:59;Motorist Drive Out - Sign-Controlled Intersection;111141;2011;O: No Injury;Residential;NA;NA;Missing;NA;Injury;/Missing;NA;NA;No;Yes;Daylight;Urban (>70% Developed);NA;2;Straight - Grade;Public Vehicular Area;Dry;Two-Way, Not Divided;None;T-Intersection;Smooth Asphalt;Piedmont;Urban;NA;Stop Sign;Clear;No;35.85686, -78.8979
548;549;Yes;15-nov;14;No;Facing Traffic;B: Evident Injury;Travel Lane;Hispanic;Male;Durham;Durham;No;NA;22/08/2011;Motorist Failed to Yield - Sign-Controlled Intersection;14;Intersection;01/08/2001;01/01/2001 14:30;Motorist Drive Out - Sign-Controlled Intersection;112141;2011;B: Evident Injury;Residential;0-19;18;No;11-15 mph;O: No Injury;Black;Female;Passenger Car;No;No;Daylight;Urban (>70% Developed);2 lanes;2;Straight - Hillcrest;Public Vehicular Area;Dry;Two-Way, Not Divided;None;No Special Feature;Smooth Asphalt;Piedmont;Urban;5 - 15 MPH;Stop Sign;Clear;No;35.91848, -78.9253
552;553;No;20-24;24;No;With Traffic;O: No Injury;Sidewalk / Crosswalk / Driveway Crossing;Hispanic;Male;Charlotte;Mecklenburg;No;01/01/2005;19/08/2011;Other /  - Insufficient Details;12;Intersection;01/08/2001;01/01/2001 12:49;Approach Paths;131970;2011;O: No Injury;Commercial;NA;NA;Missing;0-5 mph;Injury;/Missing;NA;NA;No;Yes;Daylight;Urban (>70% Developed);NA;2;Straight - Level;Public Vehicular Area;Dry;Two-Way, Divided, Positive Median Barrier;None;Driveway, Public;Coarse Asphalt;Piedmont;Urban;30 - 35  MPH;Stop Sign;Clear;No;35.25323, -80.7802
555;556;Yes;50-59;53;No;With Traffic;K: Killed;Travel Lane;Native American;Male;None - Rural Crash;Robeson;No;01/01/2005;26/08/2011;Motorist Overtaking Bicyclist;21;Non-Intersection;01/08/2001;01/01/2001 21:04;Motorist Overtaking - Other /;311239;2011;K: Killed;Farms, Woods, Pastures;NA;NA;No;51-55 mph;Injury;/Missing;NA;NA;No;Yes;Dark - Roadway Not Lighted;Rural (<30% Developed);2 lanes;2;Straight - Level;State Secondary Route;Dry;Two-Way, Not Divided;None;No Special Feature;Coarse Asphalt;Coastal;Rural;50 - 55  MPH;No Control Present;Cloudy;No;34.78262, -79.3189
559;560;No;NA;NA;Missing;With Traffic;Injury;Travel Lane;/Missing;NA;Greensboro;Guilford;No;01/01/2002;16/08/2011;Motorist Right Turn / Merge;21;Intersection;01/08/2001;01/01/2001 21:04;Motorist Right Turn - Same Direction;111213;2011;Injury;Commercial;NA;NA;No;6-10 mph;Injury;/Missing;NA;Truck/Trailer;No;Yes;Dark - Lighted Roadway;Urban (>70% Developed);3 lanes;2;Straight - Level;Local Street;Dry;Two-Way, Not Divided;None;No Special Feature;Smooth Asphalt;Piedmont;Urban;30 - 35  MPH;Stop And Go Signal;Clear;No;36.05221, -79.8226
568;569;No;10-juin;8;No;With Traffic;O: No Injury;Travel Lane;Black;Female;Burlington;Alamance;No;NA;22/08/2011;Bicyclist Failed to Yield - Sign-Controlled Intersection;13;Intersection;01/08/2001;01/01/2001 13:32;Bicyclist Ride Through - Sign-Controlled Intersection;111144;2011;O: No Injury;Residential;50-59;54;No;31-35 mph;O: No Injury;White;Female;Passenger Car;No;No;Daylight;Urban (>70% Developed);2 lanes;2;Straight - Grade;Local Street;Dry;Two-Way, Not Divided;None;T-Intersection;Smooth Asphalt;Piedmont;Urban;30 - 35  MPH;Stop Sign;Clear;No;36.08841, -79.4417
569;570;Yes;30-39;36;No;With Traffic;B: Evident Injury;Travel Lane;White;Male;Asheville;Buncombe;No;01/01/2005;19/08/2011;Motorist Left Turn / Merge;11;Non-Intersection;01/08/2001;01/01/2001 11:25;Motorist Left Turn - Opposite Direction;311212;2011;B: Evident Injury;Commercial;50-59;58;No;0-5 mph;O: No Injury;White;Male;Pickup;No;No;Daylight;Urban (>70% Developed);5 lanes;2;Curve - Grade;US Route;Dry;Two-Way, Divided, Unprotected Median;None;T-Intersection;Smooth Asphalt;Mountains;Urban;30 - 35  MPH;No Control Present;Clear;No;35.56645, -82.5444
570;571;Yes;50-59;58;No;With Traffic;B: Evident Injury;Travel Lane;White;Male;None - Rural Crash;Cleveland;No;01/01/2002;30/08/2011;Motorist Failed to Yield - Sign-Controlled Intersection;8;Intersection;01/08/2001;01/01/2001 08:42;Motorist Drive Out - Sign-Controlled Intersection;111141;2011;B: Evident Injury;Residential;40-49;46;No;0-5 mph;O: No Injury;White;Male;Pickup;No;No;Daylight;Rural (<30% Developed);2 lanes;2;Straight - Level;State Secondary Route;Dry;Two-Way, Not Divided;None;Four-Way Intersection;Smooth Asphalt;Mountains;Rural;40 - 45  MPH;Stop Sign;Clear;No;35.31992, -81.4957
571;572;Yes;16-19;16;No;Not Applicable;B: Evident Injury;Non-Roadway;White;Male;Elon College;Alamance;No;NA;22/08/2011;Non-Roadway;13;Non-Roadway;01/08/2001;01/01/2001 13:53;Non-Roadway;460910;2011;B: Evident Injury;Residential;30-39;35;No;NA;O: No Injury;White;Male;Van;No;No;Daylight;Urban (>70% Developed);2 lanes;2;Straight - Grade;Public Vehicular Area;Dry;Two-Way, Not Divided;None;Driveway, Public;Smooth Asphalt;Piedmont;Urban;NA;No Control Present;Clear;No;36.11064, -79.5201