FID;OBJECTID;AmbulanceR;BikeAge_Gr;Bike_Age;Bike_Alc_D;Bike_Dir;Bike_Injur;Bike_Pos;Bike_Race;Bike_Sex;City;County;CrashAlcoh;CrashDay;Crash_Date;Crash_Grp;Crash_Hour;Crash_Loc;Crash_Mont;Crash_Time;Crash_Type;Crash_Ty_1;Crash_Year;Crsh_Sevri;Developmen;DrvrAge_Gr;Drvr_Age;Drvr_Alc_D;Drvr_EstSp;Drvr_Injur;Drvr_Race;Drvr_Sex;Drvr_VehTy;ExcsSpdInd;Hit_Run;Light_Cond;Locality;Num_Lanes;Num_Units;Rd_Charact;Rd_Class;Rd_Conditi;Rd_Config;Rd_Defects;Rd_Feature;Rd_Surface;Region;Rural_Urba;Speed_Limi;Traff_Cntr;Weather;Workzone_I;Location
110;111;No;15-nov;11;No;Not Applicable;O: No Injury;Non-Roadway;Hispanic;Male;Charlotte;Mecklenburg;No;NA;06/04/2009;Non-Roadway;13;Non-Roadway;01/04/2001;01/01/2001 13:11;Non-Roadway;460910;2009;O: No Injury;Residential;50-59;50;No;0-5 mph;O: No Injury;Black;Male;Pickup;No;No;Daylight;Urban (>70% Developed);NA;2;Straight - Level;Public Vehicular Area;Dry;Two-Way, Not Divided;None;No Special Feature;Smooth Asphalt;Piedmont;Urban;20 - 25  MPH;No Control Present;Cloudy;No;35.20113, -80.73325
115;116;No;16-19;17;No;Facing Traffic;O: No Injury;Sidewalk / Crosswalk / Driveway Crossing;Asian;Male;Raleigh;Wake;No;01/01/2003;04/03/2009;Motorist Failed to Yield - Sign-Controlled Intersection;16;Intersection;01/03/2001;01/01/2001 16:47;Motorist Drive Out - Sign-Controlled Intersection;132141;2009;O: No Injury;Commercial;20-24;24;No;NA;O: No Injury;White;Female;Passenger Car;No;No;Daylight;Urban (>70% Developed);2 lanes;2;Straight - Level;Local Street;Dry;Two-Way, Not Divided;None;T-Intersection;Smooth Asphalt;Piedmont;Urban;20 - 25  MPH;Stop Sign;Clear;No;35.849983, -78.60475
119;120;No;15-nov;11;No;Not Applicable;B: Evident Injury;Travel Lane;Black;Male;Everetts;Martin;No;01/01/2005;24/04/2009;Bicyclist Failed to Yield - Midblock;16;Non-Intersection;01/04/2001;01/01/2001 16:44;Bicyclist Ride Out - Other Midblock;313318;2009;B: Evident Injury;Residential;70+;NA;No;21-25 mph;O: No Injury;White;Female;Passenger Car;No;No;Daylight;Urban (>70% Developed);2 lanes;2;Straight - Level;US Route;Dry;Two-Way, Not Divided;None;Driveway, Private;Coarse Asphalt;Coastal;Rural;30 - 35  MPH;Double Yellow Line, No Passing Zone;Clear;No;35.834263, -77.17166
128;129;Yes;15-nov;12;No;Facing Traffic;C: Possible Injury;Sidewalk / Crosswalk / Driveway Crossing;White;Male;Hickory;Catawba;No;01/01/2003;15/04/2009;Motorist Failed to Yield - Sign-Controlled Intersection;13;Intersection;01/04/2001;01/01/2001 13:05;Motorist Drive Out - Sign-Controlled Intersection;132141;2009;C: Possible Injury;Commercial;30-39;31;No;0-5 mph;O: No Injury;White;Male;Pickup;No;No;Daylight;Urban (>70% Developed);5 lanes;2;Straight - Level;NC Route;Dry;Two-Way, Not Divided;None;T-Intersection;Smooth Asphalt;Piedmont;Urban;30 - 35  MPH;Stop And Go Signal;Clear;No;35.757534, -81.33555
138;139;Yes;70+;NA;No;Not Applicable;K: Killed;Non-Roadway;White;Male;Southern Shores;Dare;No;01/01/2006;28/03/2009;Bicyclist Failed to Yield - Midblock;13;Non-Intersection;01/03/2001;01/01/2001 13:26;Bicyclist Ride Out - Commercial Driveway / Alley;363312;2009;K: Killed;Commercial;25-29;26;No;26-30 mph;O: No Injury;White;Male;Pickup;No;No;Daylight;Urban (>70% Developed);4 lanes;2;Curve - Hillcrest;NC Route;Dry;Two-Way, Not Divided;None;No Special Feature;Coarse Asphalt;Coastal;Rural;30 - 35  MPH;No Control Present;Clear;No;36.10102, -75.71394
141;142;Yes;25-29;28;No;With Traffic;B: Evident Injury;Travel Lane;White;Male;Winston-Salem;Forsyth;No;01/01/2002;21/04/2009;Motorist Left Turn / Merge;15;Intersection;01/04/2001;01/01/2001 15:34;Motorist Left Turn - Opposite Direction;111212;2009;B: Evident Injury;Institutional;40-49;44;No;0-5 mph;O: No Injury;Black;Female;Passenger Car;No;No;Daylight;Urban (>70% Developed);2 lanes;2;Straight - Grade;Local Street;Dry;Two-Way, Not Divided;None;T-Intersection;Smooth Asphalt;Piedmont;Urban;30 - 35  MPH;No Control Present;Clear;No;36.091393, -80.26521
144;145;Yes;40-49;42;Yes;With Traffic;K: Killed;Travel Lane;White;Male;None - Rural Crash;Catawba;Yes;01/01/2006;18/04/2009;Bicyclist Left Turn / Merge;22;Non-Intersection;01/04/2001;01/01/2001 22:46;Bicyclist Left Turn - Same Direction;311221;2009;K: Killed;Residential;20-24;24;No;51-55 mph;O: No Injury;White;Female;Sport Utility;No;No;Dark - Roadway Not Lighted;Urban (>70% Developed);2 lanes;3;Straight - Level;NC Route;Dry;Two-Way, Not Divided;None;No Special Feature;Smooth Asphalt;Piedmont;Rural;50 - 55  MPH;Double Yellow Line, No Passing Zone;Clear;No;35.60828, -81.11734
147;148;No;40-49;43;No;With Traffic;C: Possible Injury;Other;Black;Male;Raleigh;Wake;No;01/01/2006;04/04/2009;Motorist Overtaking Bicyclist;17;Non-Intersection;01/04/2001;01/01/2001 17:03;Motorist Overtaking - Misjudged Space;381232;2009;C: Possible Injury;Residential;NA;NA;Missing;41-45 mph;Injury;/Missing;NA;NA;No;Yes;Dusk;Mixed (30% To 70% Developed);2 lanes;2;Straight - Level;Local Street;Dry;Two-Way, Not Divided;None;No Special Feature;Smooth Asphalt;Piedmont;Urban;40 - 45  MPH;No Control Present;Clear;No;35.736233, -78.56458
148;149;Yes;40-49;47;No;With Traffic;C: Possible Injury;Travel Lane;Black;Male;None - Rural Crash;Harnett;No;01/01/2004;23/04/2009;Bicyclist Overtaking Motorist;14;Intersection;01/04/2001;01/01/2001 14:24;Bicyclist Overtaking - Other /;111249;2009;C: Possible Injury;Farms, Woods, Pastures;50-59;58;No;41-45 mph;O: No Injury;Black;Female;Passenger Car;No;No;Daylight;Rural (<30% Developed);2 lanes;2;Straight - Level;State Secondary Route;Dry;Two-Way, Not Divided;None;T-Intersection;Coarse Asphalt;Coastal;Rural;50 - 55  MPH;No Control Present;Clear;No;35.28311, -78.636055
151;152;No;40-49;48;No;With Traffic;B: Evident Injury;Travel Lane;White;Male;None - Rural Crash;Chatham;No;01/01/2005;08/05/2009;Motorist Overtaking Bicyclist;11;Non-Intersection;01/05/2001;01/01/2001 10:59;Motorist Overtaking - Misjudged Space;311232;2009;B: Evident Injury;Farms, Woods, Pastures;60-69;61;No;41-45 mph;O: No Injury;White;Male;Pickup;No;No;Daylight;Rural (<30% Developed);2 lanes;2;Straight - Level;NC Route;Dry;Two-Way, Not Divided;None;No Special Feature;Smooth Asphalt;Piedmont;Rural;40 - 45  MPH;Double Yellow Line, No Passing Zone;Clear;No;35.788883, -78.96377
155;156;No;16-19;16;No;With Traffic;B: Evident Injury;Travel Lane;Native American;Male;Pembroke;Robeson;No;01/01/2002;05/05/2009;Loss of Control / Turning Error;19;Intersection;01/05/2001;01/01/2001 19:29;Bicyclist Lost Control - Mechanical Problems;111121;2009;B: Evident Injury;Commercial;40-49;48;No;21-25 mph;O: No Injury;White;Female;Passenger Car;No;No;Dark - Lighted Roadway;Mixed (30% To 70% Developed);2 lanes;2;Curve - Grade;Local Street;Wet;Two-Way, Not Divided;None;No Special Feature;Smooth Asphalt;Coastal;Rural;20 - 25  MPH;No Control Present;Cloudy;No;34.680332, -79.194595
157;158;Yes;15-nov;15;Yes;With Traffic;B: Evident Injury;Travel Lane;White;Male;Franklinton;Franklin;Yes;01/01/2005;01/05/2009;Motorist Overtaking Bicyclist;19;Non-Intersection;01/05/2001;01/01/2001 19:17;Motorist Overtaking - Bicyclist Swerved;311235;2009;B: Evident Injury;Residential;20-24;22;No;41-45 mph;O: No Injury;Black;Male;Sport Utility;No;No;Daylight;Rural (<30% Developed);2 lanes;2;Straight - Level;State Secondary Route;Dry;Two-Way, Not Divided;None;No Special Feature;Smooth Asphalt;Piedmont;Rural;40 - 45  MPH;No Control Present;Cloudy;No;36.09544, -78.429474
161;162;Yes;15-nov;15;No;Not Applicable;B: Evident Injury;Driveway / Alley;White;Male;None - Rural Crash;Randolph;No;01/01/2006;09/05/2009;Crossing Paths - Other Circumstances;14;Intersection;01/05/2001;01/01/2001 14:24;Crossing Paths - Uncontrolled Intersection;153160;2009;B: Evident Injury;Residential;30-39;31;No;51-55 mph;O: No Injury;White;Female;Passenger Car;No;No;Daylight;Mixed (30% To 70% Developed);2 lanes;2;Curve - Level;State Secondary Route;Dry;Two-Way, Not Divided;None;Driveway, Private;Smooth Asphalt;Piedmont;Rural;50 - 55  MPH;Double Yellow Line, No Passing Zone;Clear;No;35.653214, -79.796074
162;163;No;25-29;25;No;With Traffic;B: Evident Injury;Travel Lane;White;Male;Boone;Watauga;No;01/01/2002;05/05/2009;Motorist Left Turn / Merge;19;Non-Intersection;01/05/2001;01/01/2001 19:11;Motorist Left Turn - Opposite Direction;311212;2009;B: Evident Injury;Commercial;0-19;19;No;0-5 mph;O: No Injury;White;Female;Passenger Car;No;No;Daylight;Urban (>70% Developed);2 lanes;2;Straight - Level;Local Street;Dry;Two-Way, Not Divided;None;No Special Feature;Smooth Asphalt;Mountains;Urban;20 - 25  MPH;Stop Sign;Clear;No;36.216908, -81.68258
167;168;Yes;10-juin;7;No;Not Applicable;B: Evident Injury;Non-Roadway;Black;Male;Albemarle;Stanly;No;01/01/2005;08/05/2009;Bicyclist Failed to Yield - Midblock;18;Non-Intersection;01/05/2001;01/01/2001 17:59;Bicyclist Ride Out - Other Midblock;363318;2009;B: Evident Injury;Residential;20-24;23;No;21-25 mph;O: No Injury;Black;Male;Passenger Car;No;No;Daylight;Urban (>70% Developed);2 lanes;2;Straight - Hillcrest;Local Street;Dry;Two-Way, Not Divided;None;No Special Feature;Smooth Asphalt;Piedmont;Urban;30 - 35  MPH;No Control Present;Clear;No;35.346252, -80.19498
187;188;No;60-69;62;No;With Traffic;C: Possible Injury;Travel Lane;Black;Male;Rocky Mount;Edgecombe;No;01/01/2004;09/04/2009;Bicyclist Left Turn / Merge;14;Non-Intersection;01/04/2001;01/01/2001 13:59;Bicyclist Left Turn - Same Direction;311221;2009;C: Possible Injury;Commercial;70+;NA;No;26-30 mph;O: No Injury;Black;Male;Pickup;No;No;Daylight;Urban (>70% Developed);4 lanes;2;Straight - Level;Local Street;Dry;Two-Way, Divided, Unprotected Median;None;No Special Feature;Smooth Asphalt;Coastal;Urban;30 - 35  MPH;No Control Present;Clear;No;35.94431, -77.79167
190;191;Yes;20-24;24;No;With Traffic;C: Possible Injury;Travel Lane;White;Male;Durham;Durham;No;NA;25/05/2009;Motorist Left Turn / Merge;18;Intersection;01/05/2001;01/01/2001 18:13;Motorist Left Turn - Opposite Direction;111212;2009;C: Possible Injury;Residential;40-49;46;No;6-10 mph;O: No Injury;Black;Male;Passenger Car;No;No;Daylight;Urban (>70% Developed);5 lanes;2;Straight - Level;Local Street;Dry;Two-Way, Not Divided;None;No Special Feature;Smooth Asphalt;Piedmont;Urban;30 - 35  MPH;Stop And Go Signal;Clear;No;36.016857, -78.911835
197;198;Yes;50-59;50;No;Not Applicable;C: Possible Injury;Sidewalk / Crosswalk / Driveway Crossing;Black;Male;Rocky Mount;Nash;No;01/01/2003;01/04/2009;Motorist Failed to Yield - Sign-Controlled Intersection;15;Intersection;01/04/2001;01/01/2001 15:40;Motorist Drive Out - Sign-Controlled Intersection;133141;2009;C: Possible Injury;Residential;0-19;19;No;0-5 mph;O: No Injury;Black;Female;Passenger Car;No;No;Daylight;Urban (>70% Developed);5 lanes;2;Straight - Level;Local Street;Dry;Two-Way, Not Divided;None;No Special Feature;Smooth Asphalt;Coastal;Urban;30 - 35  MPH;No Control Present;Cloudy;No;35.923088, -77.80523
199;200;Yes;10-juin;8;No;Not Applicable;B: Evident Injury;NA;Black;Male;Shelby;Cleveland;No;01/01/2002;19/05/2009;Bicyclist Failed to Yield - Midblock;19;Non-Intersection;01/05/2001;01/01/2001 19:29;Multiple Threat - Midblock;393357;2009;B: Evident Injury;Residential;30-39;32;No;6-10 mph;O: No Injury;Black;Female;Passenger Car;No;No;Daylight;Urban (>70% Developed);2 lanes;2;Curve - Grade;Local Street;Dry;Two-Way, Not Divided;None;No Special Feature;Coarse Asphalt;Mountains;Urban;30 - 35  MPH;No Control Present;Clear;No;35.30953, -81.53099
200;201;No;20-24;24;No;With Traffic;O: No Injury;Travel Lane;White;Male;None - Rural Crash;Robeson;No;01/01/2006;30/05/2009;Motorist Overtaking Bicyclist;21;Non-Intersection;01/05/2001;01/01/2001 21:27;Motorist Overtaking - Misjudged Space;311232;2009;O: No Injury;Farms, Woods, Pastures;25-29;29;No;51-55 mph;O: No Injury;White;Male;Passenger Car;No;No;Dark - Roadway Not Lighted;Rural (<30% Developed);2 lanes;2;Straight - Level;NC Route;Dry;Two-Way, Not Divided;None;No Special Feature;Coarse Asphalt;Coastal;Rural;50 - 55  MPH;No Control Present;Clear;No;34.6423, -78.941635
209;210;Yes;10-juin;10;No;Not Applicable;A: Disabling Injury;Non-Roadway;White;Male;Oak Island;Brunswick;No;01/01/2007;17/05/2009;Bicyclist Failed to Yield - Midblock;5;Non-Intersection;01/05/2001;01/01/2001 05:22;Bicyclist Ride Out - Commercial Driveway / Alley;363312;2009;A: Disabling Injury;Commercial;40-49;45;No;31-35 mph;O: No Injury;White;Male;Sport Utility;No;No;Daylight;Urban (>70% Developed);3 lanes;2;Straight - Level;Local Street;Dry;Two-Way, Not Divided;None;No Special Feature;Smooth Asphalt;Coastal;Urban;30 - 35  MPH;No Control Present;Cloudy;No;33.91148, -78.10083
213;214;No;25-29;29;No;With Traffic;C: Possible Injury;Travel Lane;White;Male;Boone;Watauga;No;01/01/2003;20/05/2009;Motorist Overtaking Bicyclist;19;Non-Intersection;01/05/2001;01/01/2001 19:32;Motorist Overtaking - Undetected Bicyclist;311231;2009;C: Possible Injury;Commercial;40-49;46;No;31-35 mph;O: No Injury;White;Male;Passenger Car;No;No;Daylight;Urban (>70% Developed);5 lanes;2;Straight - Level;US Route;Dry;Two-Way, Not Divided;None;No Special Feature;Smooth Asphalt;Mountains;Urban;30 - 35  MPH;No Control Present;Clear;No;36.20492, -81.69358
228;229;Yes;50-59;51;No;With Traffic;O: No Injury;Travel Lane;White;Male;Fayetteville;Cumberland;No;NA;25/05/2009;Motorist Overtaking Bicyclist;3;Non-Intersection;01/05/2001;01/01/2001 03:31;Motorist Overtaking - Misjudged Space;311232;2009;O: No Injury;Residential;NA;NA;Missing;16-20 mph;Injury;/Missing;NA;NA;No;Yes;Dark - Lighted Roadway;Urban (>70% Developed);2 lanes;2;Straight - Level;Local Street;Dry;Two-Way, Not Divided;None;No Special Feature;Coarse Asphalt;Coastal;Urban;20 - 25  MPH;No Control Present;Clear;No;35.10101, -78.95688
231;232;No;30-39;30;No;With Traffic;C: Possible Injury;Travel Lane;White;Female;Charlotte;Mecklenburg;No;01/01/2006;23/05/2009;Motorist Overtaking Bicyclist;1;Non-Intersection;01/05/2001;01/01/2001 01:27;Motorist Overtaking - Other /;311239;2009;C: Possible Injury;Commercial;NA;NA;Missing;31-35 mph;Injury;/Missing;NA;Passenger Car;No;Yes;Dark - Lighted Roadway;Urban (>70% Developed);2 lanes;4;Straight - Grade;Local Street;Dry;One-Way, Not Divided;None;No Special Feature;Smooth Asphalt;Piedmont;Urban;30 - 35  MPH;No Control Present;Clear;No;35.224274, -80.8497
236;237;Yes;50-59;57;No;With Traffic;C: Possible Injury;Travel Lane;White;Male;Asheville;Buncombe;No;01/01/2004;28/05/2009;Bicyclist Failed to Yield - Signalized Intersection;17;Intersection;01/05/2001;01/01/2001 17:23;Bicyclist Ride Through - Signalized Intersection;111155;2009;C: Possible Injury;Institutional;50-59;57;No;NA;O: No Injury;White;Female;Passenger Car;No;No;Daylight;Urban (>70% Developed);5 lanes;2;Straight - Grade;US Route;Dry;Two-Way, Not Divided;None;Four-Way Intersection;Smooth Asphalt;Mountains;Urban;30 - 35  MPH;Stop And Go Signal;Cloudy;No;35.581684, -82.55407
237;238;Yes;10-juin;10;No;Not Applicable;B: Evident Injury;Driveway / Alley;Black;Male;None - Rural Crash;Franklin;No;01/01/2007;31/05/2009;Bicyclist Failed to Yield - Midblock;15;Non-Intersection;01/05/2001;01/01/2001 15:21;Bicyclist Ride Out - Residential Driveway;353311;2009;B: Evident Injury;Residential;50-59;52;No;36-40 mph;O: No Injury;Black;Male;Passenger Car;No;No;Daylight;Rural (<30% Developed);2 lanes;2;Straight - Level;State Secondary Route;Dry;Two-Way, Not Divided;None;No Special Feature;Smooth Asphalt;Piedmont;Rural;50 - 55  MPH;No Control Present;Clear;No;36.062767, -78.256065
242;243;No;15-nov;15;No;With Traffic;C: Possible Injury;Travel Lane;White;Male;None - Rural Crash;Rowan;No;01/01/2004;11/06/2009;Bicyclist Failed to Yield - Sign-Controlled Intersection;16;Intersection;01/06/2001;01/01/2001 16:07;Bicyclist Ride Through - Sign-Controlled Intersection;111144;2009;C: Possible Injury;Farms, Woods, Pastures;25-29;27;No;41-45 mph;O: No Injury;White;Female;Light Truck (Mini-Van, Panel);No;No;Daylight;Mixed (30% To 70% Developed);5 lanes;2;Straight - Grade;US Route;Dry;Two-Way, Not Divided;None;T-Intersection;Smooth Asphalt;Piedmont;Rural;50 - 55  MPH;Stop Sign;Cloudy;No;35.59693, -80.426155
244;245;Yes;20-24;23;No;With Traffic;C: Possible Injury;Sidewalk / Crosswalk / Driveway Crossing;White;Male;Raleigh;Wake;No;01/01/2005;22/05/2009;Motorist Failed to Yield - Midblock;7;Non-Intersection;01/05/2001;01/01/2001 07:01;Motorist Drive Out - Commercial Driveway / Alley;331322;2009;C: Possible Injury;Commercial;25-29;28;No;0-5 mph;O: No Injury;Black;Male;Passenger Car;No;No;Daylight;Urban (>70% Developed);2 lanes;2;Straight - Level;Public Vehicular Area;Dry;Two-Way, Not Divided;None;Driveway, Public;Coarse Asphalt;Piedmont;Urban;NA;No Control Present;Clear;No;35.87734, -78.64544
247;248;No;25-29;29;Yes;With Traffic;B: Evident Injury;Travel Lane;White;Male;Durham;Durham;Yes;01/01/2003;10/06/2009;Motorist Left Turn / Merge;23;Intersection;01/06/2001;01/01/2001 23:47;Motorist Left Turn - Opposite Direction;111212;2009;B: Evident Injury;Commercial;40-49;45;No;0-5 mph;O: No Injury;White;Male;Sport Utility;No;No;Dark - Lighted Roadway;Urban (>70% Developed);3 lanes;2;Straight - Level;Local Street;Dry;Two-Way, Divided, Unprotected Median;None;T-Intersection;Coarse Asphalt;Piedmont;Urban;20 - 25  MPH;Stop And Go Signal;Clear;No;35.99997, -78.9093
259;260;Yes;16-19;18;No;With Traffic;C: Possible Injury;Travel Lane;White;Male;Morehead City;Carteret;No;01/01/2003;20/05/2009;Bicyclist Failed to Yield - Signalized Intersection;8;Intersection;01/05/2001;01/01/2001 08:41;Bicyclist Ride Out - Signalized  Intersection;111153;2009;C: Possible Injury;Commercial;60-69;64;No;21-25 mph;O: No Injury;White;Female;Sport Utility;No;No;Daylight;Urban (>70% Developed);2 lanes;2;Straight - Level;US Route;Dry;Two-Way, Divided, Unprotected Median;None;Four-Way Intersection;Smooth Asphalt;Coastal;Urban;30 - 35  MPH;Stop And Go Signal;Clear;No;34.72445, -76.75359
264;265;Yes;10-juin;8;No;NA;B: Evident Injury;Sidewalk / Crosswalk / Driveway Crossing;Black;Female;Chapel Hill;Orange;No;01/01/2005;12/06/2009;Motorist Failed to Yield - Midblock;14;Non-Intersection;01/06/2001;01/01/2001 14:41;Motorist Drive Out - Residential Driveway;339321;2009;B: Evident Injury;Commercial;30-39;32;No;0-5 mph;O: No Injury;White;Male;Van;No;No;Daylight;Urban (>70% Developed);2 lanes;2;Straight - Grade;Local Street;Dry;Two-Way, Not Divided;None;Driveway, Public;Smooth Asphalt;Piedmont;Urban;30 - 35  MPH;No Control Present;Clear;No;35.929253, -79.03403
266;267;Yes;16-19;19;No;With Traffic;B: Evident Injury;Travel Lane;White;Male;None - Rural Crash;New Hanover;No;01/01/2005;19/06/2009;Bicyclist Left Turn / Merge;1;Non-Intersection;01/06/2001;01/01/2001 00:59;Bicyclist Left Turn - Same Direction;311221;2009;B: Evident Injury;Residential;40-49;42;No;46-50 mph;O: No Injury;White;Male;Van;No;No;Dark - Roadway Not Lighted;Mixed (30% To 70% Developed);4 lanes;2;Straight - Level;US Route;Dry;Two-Way, Divided, Unprotected Median;None;No Special Feature;Coarse Asphalt;Coastal;Rural;50 - 55  MPH;No Control Present;Clear;No;34.074833, -77.894936
276;277;Yes;20-24;24;No;With Traffic;C: Possible Injury;Travel Lane;White;Male;Wilmington;New Hanover;No;01/01/2006;13/06/2009;Motorist Overtaking Bicyclist;21;Non-Intersection;01/06/2001;01/01/2001 21:15;Motorist Overtaking - Misjudged Space;311232;2009;C: Possible Injury;Residential;NA;NA;Missing;NA;Injury;/Missing;NA;NA;No;Yes;Dark - Lighted Roadway;Urban (>70% Developed);2 lanes;2;Straight - Level;Local Street;Dry;Two-Way, Not Divided;None;No Special Feature;Smooth Asphalt;Coastal;Urban;NA;No Control Present;Cloudy;No;34.236588, -77.90437
278;279;No;10-juin;10;No;With Traffic;B: Evident Injury;Travel Lane;White;Male;None - Rural Crash;Rutherford;No;01/01/2004;25/06/2009;Bicyclist Failed to Yield - Sign-Controlled Intersection;16;Intersection;01/06/2001;01/01/2001 16:09;Bicyclist Ride Through - Sign-Controlled Intersection;111144;2009;B: Evident Injury;Residential;50-59;55;No;16-20 mph;O: No Injury;White;Female;Passenger Car;No;No;Daylight;Mixed (30% To 70% Developed);2 lanes;2;Straight - Level;State Secondary Route;Dry;Two-Way, Not Divided;None;No Special Feature;Smooth Asphalt;Mountains;Rural;30 - 35  MPH;Stop Sign;Clear;No;35.291206, -81.85014
279;280;Yes;30-39;30;Yes;Not Applicable;B: Evident Injury;NA;Hispanic;Male;Raleigh;Wake;Yes;01/01/2007;07/06/2009;Bicyclist Failed to Yield - Midblock;3;Non-Intersection;01/06/2001;01/01/2001 03:52;Bicyclist Ride Out - Midblock -;393319;2009;B: Evident Injury;Residential;20-24;20;No;31-35 mph;O: No Injury;Black;Female;Passenger Car;No;No;Dark - Lighted Roadway;Urban (>70% Developed);2 lanes;2;Straight - Level;Local Street;Dry;Two-Way, Divided, Unprotected Median;None;No Special Feature;Smooth Asphalt;Piedmont;Urban;30 - 35  MPH;No Control Present;Clear;No;35.789967, -78.61324
281;282;Yes;50-59;57;No;With Traffic;B: Evident Injury;Travel Lane;Black;Male;None - Rural Crash;Johnston;No;01/01/2003;10/06/2009;Motorist Overtaking Bicyclist;23;Non-Intersection;01/06/2001;01/01/2001 23:39;Motorist Overtaking - Other /;311239;2009;B: Evident Injury;Farms, Woods, Pastures;NA;NA;No;41-45 mph;Injury;/Missing;NA;NA;No;Yes;Dark - Roadway Not Lighted;Mixed (30% To 70% Developed);2 lanes;2;Straight - Level;US Route;Wet;Two-Way, Not Divided;None;No Special Feature;Coarse Asphalt;Coastal;Rural;50 - 55  MPH;No Control Present;Cloudy;No;35.591225, -78.139565
291;292;No;16-19;17;No;With Traffic;O: No Injury;Sidewalk / Crosswalk / Driveway Crossing;White;Male;Salisbury;Rowan;No;01/01/2002;30/06/2009;Motorist Failed to Yield - Signalized Intersection;12;Intersection;01/06/2001;01/01/2001 12:19;Motorist Drive Through - Signalized Intersection;131154;2009;C: Possible Injury;Commercial;50-59;57;No;16-20 mph;C: Possible Injury;White;Male;Pickup;No;No;Daylight;Urban (>70% Developed);3 lanes;2;Straight - Level;Local Street;Dry;Two-Way, Not Divided;None;Four-Way Intersection;Coarse Asphalt;Piedmont;Urban;30 - 35  MPH;Stop And Go Signal;Clear;No;35.660065, -80.4617
293;294;No;40-49;46;No;Facing Traffic;C: Possible Injury;Travel Lane;White;Male;Cornelius;Mecklenburg;No;01/01/2004;18/06/2009;Motorist Failed to Yield - Sign-Controlled Intersection;20;Intersection;01/06/2001;01/01/2001 20:10;Motorist Drive Out - Sign-Controlled Intersection;112141;2009;C: Possible Injury;Residential;40-49;49;No;11-15 mph;O: No Injury;White;Male;Sport Utility;No;No;Dusk;Rural (<30% Developed);2 lanes;2;Straight - Level;Local Street;Dry;Two-Way, Divided, Unprotected Median;None;No Special Feature;Smooth Asphalt;Piedmont;Urban;40 - 45  MPH;No Control Present;Clear;No;35.483276, -80.89324
298;299;Yes;40-49;40;No;Not Applicable;C: Possible Injury;Travel Lane;Black;Male;High Point;Guilford;No;01/01/2007;21/06/2009;Motorist Failed to Yield - Midblock;14;Non-Intersection;01/06/2001;01/01/2001 14:02;Motorist Drive Out - Commercial Driveway / Alley;313322;2009;C: Possible Injury;Commercial;30-39;31;No;0-5 mph;O: No Injury;Black;Female;Passenger Car;No;No;Daylight;Urban (>70% Developed);5 lanes;2;Straight - Level;US Route;Dry;Two-Way, Divided, Unprotected Median;None;T-Intersection;Smooth Asphalt;Piedmont;Urban;30 - 35  MPH;Stop Sign;Cloudy;No;35.927574, -79.98716
300;301;Yes;30-39;36;No;With Traffic;B: Evident Injury;Travel Lane;White;Male;Yadkinville;Yadkin;No;01/01/2003;01/07/2009;Motorist Overtaking Bicyclist;10;Intersection;01/07/2001;01/01/2001 10:31;Motorist Overtaking - Other /;111239;2009;B: Evident Injury;Commercial;40-49;49;No;0-5 mph;O: No Injury;White;Male;Sport Utility;No;No;Daylight;Urban (>70% Developed);2 lanes;2;Straight - Hillcrest;Local Street;Dry;Two-Way, Not Divided;None;Four-Way Intersection;Coarse Asphalt;Mountains;Rural;30 - 35  MPH;Stop And Go Signal;Clear;No;36.14304, -80.666435
301;302;Yes;40-49;46;No;With Traffic;B: Evident Injury;Travel Lane;Black;Male;None - Rural Crash;Brunswick;No;01/01/2003;24/06/2009;Motorist Overtaking Bicyclist;10;Non-Intersection;01/06/2001;01/01/2001 10:35;Motorist Overtaking - Other /;311239;2009;B: Evident Injury;Residential;30-39;32;No;51-55 mph;O: No Injury;White;Female;Passenger Car;No;No;Daylight;Mixed (30% To 70% Developed);2 lanes;2;Straight - Level;NC Route;Dry;Two-Way, Not Divided;None;No Special Feature;Smooth Asphalt;Coastal;Rural;50 - 55  MPH;No Control Present;Clear;No;34.21071, -77.98326
307;308;No;40-49;44;No;With Traffic;B: Evident Injury;Sidewalk / Crosswalk / Driveway Crossing;White;Male;Forest City;Rutherford;No;01/01/2005;19/06/2009;Motorist Right Turn / Merge;11;Intersection;01/06/2001;01/01/2001 11:19;Motorist Right Turn - Same Direction;131213;2009;B: Evident Injury;Commercial;20-24;24;No;31-35 mph;O: No Injury;White;Male;Pickup;No;No;Daylight;Urban (>70% Developed);3 lanes;2;Straight - Level;Local Street;Dry;Two-Way, Not Divided;None;Four-Way Intersection;Smooth Asphalt;Mountains;Urban;30 - 35  MPH;Stop And Go Signal;Cloudy;No;35.31749, -81.85754
312;313;Yes;16-19;17;No;Not Applicable;C: Possible Injury;Non-Roadway;White;Female;Carolina Beach;New Hanover;No;01/01/2004;18/06/2009;Bicyclist Failed to Yield - Midblock;12;Non-Intersection;01/06/2001;01/01/2001 12:37;Bicyclist Ride Out - Midblock -;363319;2009;C: Possible Injury;Commercial;60-69;67;No;31-35 mph;O: No Injury;White;Male;Passenger Car;No;No;Daylight;Urban (>70% Developed);4 lanes;2;Straight - Level;Local Street;Dry;Two-Way, Not Divided;None;No Special Feature;Coarse Asphalt;Coastal;Urban;30 - 35  MPH;No Control Present;Clear;No;34.04082, -77.8958