FID;OBJECTID;AmbulanceR;BikeAge_Gr;Bike_Age;Bike_Alc_D;Bike_Dir;Bike_Injur;Bike_Pos;Bike_Race;Bike_Sex;City;County;CrashAlcoh;CrashDay;Crash_Date;Crash_Grp;Crash_Hour;Crash_Loc;Crash_Mont;Crash_Time;Crash_Type;Crash_Ty_1;Crash_Year;Crsh_Sevri;Developmen;DrvrAge_Gr;Drvr_Age;Drvr_Alc_D;Drvr_EstSp;Drvr_Injur;Drvr_Race;Drvr_Sex;Drvr_VehTy;ExcsSpdInd;Hit_Run;Light_Cond;Locality;Num_Lanes;Num_Units;Rd_Charact;Rd_Class;Rd_Conditi;Rd_Config;Rd_Defects;Rd_Feature;Rd_Surface;Region;Rural_Urba;Speed_Limi;Traff_Cntr;Weather;Workzone_I;Location
732;733;No;15-nov;12;Yes;NA;C: Possible Injury;NA;White;Male;None - Rural Crash;Craven;Yes;01/01/2004;06/09/2007;Bicyclist Failed to Yield - Signalized Intersection;18;Intersection;01/09/2001;01/01/2001 18:13;Bicyclist Ride Out - Signalized  Intersection;199153;2007;C: Possible Injury;Commercial;30-39;31;No;0-5 mph;O: No Injury;White;Male;Pickup;No;No;Daylight;Urban (>70% Developed);4 lanes;2;Straight - Grade;US Route;Dry;Two-Way, Divided, Unprotected Median;None;Four-Way Intersection;Coarse Asphalt;Coastal;Rural;50 - 55  MPH;Stop And Go Signal;Clear;No;35.081615, -77.0311
744;745;Yes;50-59;50;No;With Traffic;B: Evident Injury;Travel Lane;White;Male;Roxboro;Person;No;01/01/2004;06/09/2007;Backing Vehicle;12;Non-Intersection;01/09/2001;01/01/2001 11:59;Backing Vehicle;311600;2007;B: Evident Injury;Residential;20-24;21;No;0-5 mph;O: No Injury;White;Male;Pickup;No;No;Daylight;Mixed (30% To 70% Developed);2 lanes;2;Straight - Level;State Secondary Route;Dry;Two-Way, Not Divided;None;Driveway, Private;Smooth Asphalt;Piedmont;Urban;50 - 55  MPH;Double Yellow Line, No Passing Zone;Clear;No;36.3539, -79.05267
752;753;Yes;10-juin;9;No;Not Applicable;C: Possible Injury;Non-Roadway;Black;Male;High Point;Guilford;No;01/01/2006;08/09/2007;Bicyclist Failed to Yield - Midblock;19;Non-Intersection;01/09/2001;01/01/2001 19:26;Bicyclist Ride Out - Other Midblock;363318;2007;C: Possible Injury;Residential;40-49;42;No;6-10 mph;O: No Injury;Black;Male;Passenger Car;No;No;Daylight;Urban (>70% Developed);2 lanes;2;Straight - Level;Local Street;Dry;Two-Way, Not Divided;None;No Special Feature;Coarse Asphalt;Piedmont;Urban;30 - 35  MPH;No Control Present;Clear;No;35.96031, -79.97986
755;756;No;20-24;23;No;With Traffic;B: Evident Injury;Travel Lane;Hispanic;Female;New Bern;Craven;No;01/01/2007;09/09/2007;Bicyclist Overtaking Motorist;10;Non-Intersection;01/09/2001;01/01/2001 10:22;Bicyclist Overtaking - Other /;311249;2007;B: Evident Injury;Commercial;70+;NA;No;0-5 mph;O: No Injury;White;Male;Passenger Car;No;No;Daylight;Urban (>70% Developed);2 lanes;2;Straight - Level;Local Street;Dry;Two-Way, Not Divided;None;No Special Feature;Smooth Asphalt;Coastal;Urban;30 - 35  MPH;No Control Present;Cloudy;No;35.10796, -77.04954
760;761;Yes;10-juin;6;No;Not Applicable;C: Possible Injury;NA;White;Male;None - Rural Crash;Gaston;No;01/01/2003;12/09/2007;Bicyclist Failed to Yield - Midblock;17;Non-Intersection;01/09/2001;01/01/2001 17:36;Bicyclist Ride Out - Midblock -;393319;2007;C: Possible Injury;Residential;30-39;35;No;16-20 mph;O: No Injury;Black;Male;Passenger Car;No;No;Daylight;Mixed (30% To 70% Developed);2 lanes;2;Straight - Level;State Secondary Route;Dry;Two-Way, Not Divided;None;No Special Feature;Smooth Asphalt;Piedmont;Rural;30 - 35  MPH;No Control Present;Clear;No;35.18944, -81.15794
763;764;Yes;40-49;41;No;With Traffic;B: Evident Injury;NA;Black;Male;None - Rural Crash;Wake;No;01/01/2003;12/09/2007;Motorist Overtaking Bicyclist;7;Non-Intersection;01/09/2001;01/01/2001 07:45;Motorist Overtaking - Bicyclist Swerved;391235;2007;B: Evident Injury;Farms, Woods, Pastures;40-49;47;No;51-55 mph;O: No Injury;White;Male;Sport Utility;No;No;Daylight;Rural (<30% Developed);2 lanes;2;Straight - Level;State Secondary Route;Dry;Two-Way, Not Divided;None;Related To Intersection;Smooth Asphalt;Piedmont;Rural;50 - 55  MPH;Double Yellow Line, No Passing Zone;Clear;No;35.608223, -78.84006
764;765;Yes;40-49;44;No;With Traffic;B: Evident Injury;Travel Lane;Black;Male;Greensboro;Guilford;No;01/01/2003;12/09/2007;Parallel Paths - Other Circumstances;5;Non-Intersection;01/09/2001;01/01/2001 05:29;Parallel Paths - Other /;311280;2007;B: Evident Injury;Commercial;30-39;35;No;36-40 mph;O: No Injury;Black;Female;NA;No;Yes;Dark - Lighted Roadway;Mixed (30% To 70% Developed);1 lane;2;Straight - Hillcrest;Interstate;Dry;One-Way, Not Divided;None;On or Off Ramp;Smooth Asphalt;Piedmont;Urban;50 - 55  MPH;No Control Present;Clear;No;36.103188, -79.76295
767;768;Yes;15-nov;14;No;With Traffic;C: Possible Injury;Travel Lane;White;Male;Sunset Beach;Brunswick;No;NA;10/09/2007;Bicyclist Failed to Yield - Sign-Controlled Intersection;17;Intersection;01/09/2001;01/01/2001 17:34;Bicyclist Ride Through - Sign-Controlled Intersection;111144;2007;C: Possible Injury;Residential;0-19;19;No;11-15 mph;O: No Injury;White;Female;Sport Utility;No;No;Daylight;Urban (>70% Developed);4 lanes;2;Straight - Level;Local Street;Dry;Two-Way, Not Divided;None;Four-Way Intersection;Smooth Asphalt;Coastal;Rural;30 - 35  MPH;Stop Sign;Clear;No;33.894444, -78.49135
768;769;Yes;50-59;54;No;Facing Traffic;C: Possible Injury;Sidewalk / Crosswalk / Driveway Crossing;Black;Male;Wilmington;New Hanover;No;01/01/2004;13/09/2007;Motorist Failed to Yield - Signalized Intersection;15;Intersection;01/09/2001;01/01/2001 15:01;Motorist Drive Out - Right Turn on Red;132151;2007;C: Possible Injury;Commercial;50-59;56;No;0-5 mph;O: No Injury;White;Male;Sport Utility;No;No;Daylight;Urban (>70% Developed);3 lanes;2;Straight - Level;Local Street;Dry;Two-Way, Not Divided;None;Four-Way Intersection;Smooth Asphalt;Coastal;Urban;30 - 35  MPH;Stop And Go Signal;Clear;No;34.20242, -77.922935
775;776;Yes;40-49;46;No;With Traffic;B: Evident Injury;Travel Lane;White;Male;Raleigh;Wake;No;01/01/2003;12/09/2007;Motorist Failed to Yield - Sign-Controlled Intersection;19;Intersection;01/09/2001;01/01/2001 19:50;Motorist Drive Out - Sign-Controlled Intersection;111141;2007;B: Evident Injury;Commercial;25-29;27;No;0-5 mph;O: No Injury;White;Female;Passenger Car;No;No;Dusk;Urban (>70% Developed);5 lanes;2;Straight - Level;Local Street;Dry;Two-Way, Not Divided;None;T-Intersection;Smooth Asphalt;Piedmont;Urban;20 - 25  MPH;Stop Sign;Clear;No;35.795383, -78.70305
776;777;Yes;10-juin;9;No;NA;B: Evident Injury;Non-Roadway;Black;Female;Rocky Mount;Edgecombe;No;01/01/2005;14/09/2007;Non-Roadway;19;Non-Roadway;01/09/2001;01/01/2001 19:05;Non-Roadway;460910;2007;B: Evident Injury;Residential;50-59;57;No;6-10 mph;O: No Injury;White;Female;Passenger Car;No;No;Dusk;Urban (>70% Developed);NA;2;Straight - Level;Public Vehicular Area;Wet;NA;None;Driveway, Public;Concrete;Coastal;Urban;5 - 15 MPH;No Control Present;Rain;No;35.931873, -77.79832
780;781;Yes;40-49;47;No;With Traffic;C: Possible Injury;Sidewalk / Crosswalk / Driveway Crossing;Black;Male;Charlotte;Mecklenburg;No;01/01/2003;31/10/2007;Motorist Left Turn / Merge;14;Intersection;01/10/2001;01/01/2001 14:54;Motorist Left Turn - Opposite Direction;131212;2007;C: Possible Injury;Residential;20-24;20;No;11-15 mph;O: No Injury;Black;Female;School Bus;No;No;Daylight;Urban (>70% Developed);3 lanes;2;Straight - Level;Local Street;Dry;Two-Way, Not Divided;None;No Special Feature;Smooth Asphalt;Piedmont;Urban;30 - 35  MPH;Stop And Go Signal;Clear;No;35.163567, -80.89545
783;784;Yes;30-39;36;No;With Traffic;B: Evident Injury;Sidewalk / Crosswalk / Driveway Crossing;White;Male;Charlotte;Mecklenburg;No;01/01/2005;28/12/2007;Motorist Right Turn / Merge;20;Intersection;01/12/2001;01/01/2001 20:33;Motorist Right Turn - Same Direction;131213;2007;B: Evident Injury;Commercial;50-59;50;No;36-40 mph;O: No Injury;White;Male;Sport Utility;No;No;Dark - Roadway Not Lighted;Urban (>70% Developed);4 lanes;2;Straight - Grade;NC Route;Wet;Two-Way, Divided, Positive Median Barrier;None;On or Off Ramp;Coarse Asphalt;Piedmont;Urban;40 - 45  MPH;Stop And Go Signal;Rain;No;35.14041, -80.93289
793;794;Yes;30-39;33;No;Not Applicable;B: Evident Injury;Sidewalk / Crosswalk / Driveway Crossing;Hispanic;Female;Raleigh;Wake;No;01/01/2002;18/09/2007;Bicyclist Failed to Yield - Signalized Intersection;10;Intersection-Related;01/09/2001;01/01/2001 10:28;Bicyclist Ride Out - Signalized  Intersection;233153;2007;B: Evident Injury;Commercial;30-39;32;No;11-15 mph;O: No Injury;Black;Male;Van;No;No;Daylight;Urban (>70% Developed);4 lanes;2;Straight - Level;Local Street;Dry;Two-Way, Divided, Positive Median Barrier;None;No Special Feature;Coarse Asphalt;Piedmont;Urban;30 - 35  MPH;Stop And Go Signal;Clear;No;35.76979, -78.614586
795;796;Yes;15-nov;13;No;With Traffic;B: Evident Injury;Travel Lane;White;Male;Newton;Catawba;No;01/01/2003;19/09/2007;Motorist Overtaking Bicyclist;19;Non-Intersection;01/09/2001;01/01/2001 19:40;Motorist Overtaking - Other /;311239;2007;B: Evident Injury;Residential;50-59;59;No;36-40 mph;O: No Injury;White;Male;Police;No;No;Dusk;Mixed (30% To 70% Developed);2 lanes;2;Straight - Level;NC Route;Dry;Two-Way, Not Divided;None;No Special Feature;Smooth Asphalt;Piedmont;Urban;40 - 45  MPH;Double Yellow Line, No Passing Zone;Clear;No;35.64704, -81.26084
797;798;No;30-39;39;No;Facing Traffic;C: Possible Injury;Travel Lane;White;Male;None - Rural Crash;Iredell;No;01/01/2004;20/09/2007;Bicyclist Right Turn / Merge;10;Intersection-Related;01/09/2001;01/01/2001 10:49;Bicyclist Right Turn - Same Direction;212223;2007;C: Possible Injury;Farms, Woods, Pastures;25-29;27;No;36-40 mph;O: No Injury;White;Male;Sport Utility;No;No;Daylight;Rural (<30% Developed);2 lanes;2;Straight - Level;State Secondary Route;Dry;Two-Way, Not Divided;None;Related To Intersection;Coarse Asphalt;Piedmont;Rural;40 - 45  MPH;Double Yellow Line, No Passing Zone;Clear;No;35.53586, -80.801414
798;799;No;15-nov;15;No;With Traffic;B: Evident Injury;Travel Lane;Black;Male;None - Rural Crash;Johnston;No;01/01/2004;20/09/2007;Motorist Overtaking Bicyclist;16;Non-Intersection;01/09/2001;01/01/2001 16:27;Motorist Overtaking - Bicyclist Swerved;311235;2007;B: Evident Injury;Farms, Woods, Pastures;40-49;45;No;51-55 mph;B: Evident Injury;White;Female;Passenger Car;No;No;Daylight;Rural (<30% Developed);2 lanes;2;Straight - Grade;State Secondary Route;Wet;Two-Way, Not Divided;None;No Special Feature;Coarse Asphalt;Coastal;Rural;50 - 55  MPH;No Control Present;Rain;No;35.456196, -78.44903
805;806;No;40-49;45;No;With Traffic;O: No Injury;Travel Lane;Black;Male;Hickory;Catawba;No;01/01/2005;21/09/2007;Backing Vehicle;18;Non-Intersection;01/09/2001;01/01/2001 18:39;Backing Vehicle;311600;2007;O: No Injury;Residential;20-24;23;No;0-5 mph;O: No Injury;Black;Male;Passenger Car;No;No;Daylight;Urban (>70% Developed);2 lanes;2;Straight - Grade;Local Street;Dry;Two-Way, Not Divided;None;No Special Feature;Coarse Asphalt;Piedmont;Urban;5 - 15 MPH;No Control Present;Cloudy;No;35.718876, -81.3398
807;808;Yes;30-39;30;No;Not Applicable;K: Killed;Driveway / Alley;Hispanic;Male;Raleigh;Wake;No;01/01/2006;22/09/2007;Bicyclist Failed to Yield - Midblock;12;Non-Intersection;01/09/2001;01/01/2001 12:07;Bicyclist Ride Out - Commercial Driveway / Alley;353312;2007;K: Killed;Residential;0-19;19;No;36-40 mph;O: No Injury;Black;Male;Passenger Car;No;No;Daylight;Urban (>70% Developed);2 lanes;2;Curve - Grade;Local Street;Dry;Two-Way, Divided, Unprotected Median;None;No Special Feature;Smooth Asphalt;Piedmont;Urban;40 - 45  MPH;No Control Present;Clear;No;35.786198, -78.717606
810;811;Yes;15-nov;14;No;NA;A: Disabling Injury;Travel Lane;White;Male;None - Rural Crash;Cumberland;No;01/01/2002;25/09/2007;Bicyclist Failed to Yield - Sign-Controlled Intersection;16;Intersection;01/09/2001;01/01/2001 16:09;Bicyclist Ride Through - Sign-Controlled Intersection;119144;2007;A: Disabling Injury;Residential;0-19;19;No;41-45 mph;O: No Injury;White;Male;Pickup;No;No;Daylight;Mixed (30% To 70% Developed);2 lanes;2;Curve - Level;State Secondary Route;Dry;Two-Way, Not Divided;None;Driveway, Public;Smooth Asphalt;Coastal;Rural;40 - 45  MPH;Stop Sign;Clear;No;34.98689, -78.90447
816;817;No;50-59;53;No;NA;O: No Injury;NA;Black;Male;Southern Pines;Moore;No;01/01/2003;26/09/2007;Bicyclist Failed to Yield - Midblock;16;Non-Intersection;01/09/2001;01/01/2001 16:42;Bicyclist Ride Out - Midblock -;399319;2007;O: No Injury;Residential;70+;NA;No;16-20 mph;O: No Injury;White;Female;Passenger Car;No;No;Daylight;Urban (>70% Developed);2 lanes;2;Straight - Level;Local Street;Dry;Two-Way, Not Divided;None;No Special Feature;Coarse Asphalt;Piedmont;Urban;30 - 35  MPH;No Control Present;Clear;No;35.153805, -79.38505
818;819;Yes;60-69;69;No;With Traffic;B: Evident Injury;Travel Lane;White;Male;None - Rural Crash;Watauga;No;01/01/2005;28/09/2007;Loss of Control / Turning Error;14;Non-Intersection;01/09/2001;01/01/2001 14:19;Bicyclist Lost Control - Other /;311129;2007;B: Evident Injury;Farms, Woods, Pastures;40-49;46;No;21-25 mph;O: No Injury;White;Male;Pickup;No;No;Daylight;Rural (<30% Developed);2 lanes;2;Curve - Grade;State Secondary Route;Dry;Two-Way, Not Divided;None;No Special Feature;Coarse Asphalt;Mountains;Rural;50 - 55  MPH;Double Yellow Line, No Passing Zone;Clear;No;36.172714, -81.717026
822;823;No;15-nov;12;No;With Traffic;C: Possible Injury;Travel Lane;White;Female;None - Rural Crash;Henderson;No;01/01/2006;29/09/2007;Loss of Control / Turning Error;14;Intersection;01/09/2001;01/01/2001 14:29;Bicyclist Turning Error - Left Turn;111114;2007;C: Possible Injury;Residential;70+;NA;No;11-15 mph;O: No Injury;White;Female;Passenger Car;No;No;Daylight;Urban (>70% Developed);2 lanes;2;Straight - Grade;State Secondary Route;Dry;Two-Way, Not Divided;None;T-Intersection;Smooth Asphalt;Mountains;Rural;30 - 35  MPH;Stop Sign;Clear;No;35.361015, -82.48969
828;829;No;25-29;28;No;With Traffic;C: Possible Injury;Travel Lane;White;Female;Durham;Durham;No;01/01/2002;02/10/2007;Crossing Paths - Other Circumstances;15;Intersection;01/10/2001;01/01/2001 15:14;Sign-Controlled Intersection - Other /;111148;2007;C: Possible Injury;Institutional;NA;NA;Missing;6-10 mph;Injury;/Missing;NA;NA;No;Yes;Daylight;Mixed (30% To 70% Developed);4 lanes;2;Straight - Level;Local Street;Dry;Two-Way, Divided, Unprotected Median;None;Four-Way Intersection;Concrete;Piedmont;Urban;20 - 25  MPH;Stop Sign;Clear;No;35.99999, -78.92343
830;831;Yes;50-59;54;No;With Traffic;C: Possible Injury;Travel Lane;White;Male;None - Rural Crash;Haywood;No;01/01/2003;03/10/2007;Motorist Failed to Yield - Sign-Controlled Intersection;18;Intersection;01/10/2001;01/01/2001 18:02;Motorist Drive Out - Sign-Controlled Intersection;111141;2007;C: Possible Injury;Farms, Woods, Pastures;60-69;68;No;NA;O: No Injury;White;Male;Pickup;No;No;Daylight;Rural (<30% Developed);2 lanes;2;Straight - Level;NC Route;Dry;Two-Way, Not Divided;None;T-Intersection;Smooth Asphalt;Mountains;Rural;40 - 45  MPH;Stop Sign;Clear;No;35.443985, -82.9129
851;852;No;NA;NA;Missing;With Traffic;Injury;Travel Lane;/Missing;NA;None - Rural Crash;Cumberland;No;01/01/2004;11/10/2007;Motorist Overtaking Bicyclist;20;Non-Intersection;01/10/2001;01/01/2001 20:30;Motorist Overtaking - Other /;311239;2007;Injury;Farms, Woods, Pastures;NA;NA;Missing;41-45 mph;Injury;/Missing;NA;NA;No;Yes;Dark - Roadway Not Lighted;Rural (<30% Developed);2 lanes;2;Curve - Level;State Secondary Route;Dry;Two-Way, Not Divided;None;Driveway, Public;Coarse Asphalt;Coastal;Rural;50 - 55  MPH;Double Yellow Line, No Passing Zone;Clear;No;34.94872, -79.010826
855;856;Yes;30-39;30;No;With Traffic;A: Disabling Injury;Travel Lane;Black;Male;Graham;Alamance;No;NA;04/06/2007;Head-On;20;Non-Intersection;01/06/2001;01/01/2001 20:23;Head-On - Motorist;311255;2007;A: Disabling Injury;Residential;20-24;20;No;26-30 mph;O: No Injury;Black;Male;Passenger Car;No;No;Dusk;Urban (>70% Developed);2 lanes;2;Straight - Grade;Local Street;Dry;Two-Way, Not Divided;None;No Special Feature;Smooth Asphalt;Piedmont;Urban;30 - 35  MPH;No Control Present;Cloudy;No;36.074158, -79.40905
860;861;Yes;30-39;38;No;With Traffic;B: Evident Injury;Travel Lane;White;Male;Winston-Salem;Forsyth;No;NA;15/10/2007;Motorist Left Turn / Merge;16;Non-Intersection;01/10/2001;01/01/2001 16:53;Motorist Left Turn - Opposite Direction;311212;2007;B: Evident Injury;Commercial;50-59;59;No;0-5 mph;O: No Injury;White;Female;Sport Utility;No;No;Daylight;Urban (>70% Developed);2 lanes;2;Curve - Level;Local Street;Dry;Two-Way, Not Divided;None;No Special Feature;Smooth Asphalt;Piedmont;Urban;30 - 35  MPH;No Control Present;Clear;No;36.118473, -80.31896
865;866;Yes;40-49;41;Yes;With Traffic;C: Possible Injury;Bike Lane / Paved Shoulder;White;Male;None - Rural Crash;Harnett;Yes;01/01/2004;18/10/2007;Motorist Overtaking Bicyclist;20;Non-Intersection;01/10/2001;01/01/2001 20:09;Motorist Overtaking - Bicyclist Swerved;321235;2007;C: Possible Injury;Farms, Woods, Pastures;30-39;39;No;41-45 mph;O: No Injury;White;Male;Passenger Car;No;No;Dark - Roadway Not Lighted;Rural (<30% Developed);2 lanes;2;Straight - Level;NC Route;Dry;Two-Way, Not Divided;None;No Special Feature;Coarse Asphalt;Coastal;Rural;50 - 55  MPH;Double Yellow Line, No Passing Zone;Clear;No;35.34532, -78.9368
869;870;No;NA;NA;Missing;With Traffic;Injury;Travel Lane;/Missing;NA;Angier;Harnett;No;01/01/2005;19/10/2007;Bicyclist Failed to Yield - Sign-Controlled Intersection;16;Intersection;01/10/2001;01/01/2001 15:59;Bicyclist Ride Through - Sign-Controlled Intersection;111144;2007;O: No Injury;Residential;0-19;16;No;21-25 mph;O: No Injury;White;Female;Passenger Car;No;No;Daylight;Mixed (30% To 70% Developed);2 lanes;2;Straight - Level;Local Street;Dry;Two-Way, Not Divided;None;No Special Feature;Coarse Asphalt;Coastal;Rural;30 - 35  MPH;Stop Sign;Clear;No;35.511524, -78.72971
875;876;Yes;20-24;20;No;Not Applicable;B: Evident Injury;Driveway / Alley;Black;Male;Raleigh;Wake;No;NA;22/10/2007;Bicyclist Failed to Yield - Midblock;13;Non-Intersection;01/10/2001;01/01/2001 13:10;Multiple Threat - Midblock;353357;2007;B: Evident Injury;Commercial;20-24;22;No;36-40 mph;O: No Injury;White;Male;Passenger Car;No;No;Daylight;Urban (>70% Developed);5 lanes;2;Straight - Grade;Local Street;Dry;Two-Way, Divided, Unprotected Median;None;T-Intersection;Smooth Asphalt;Piedmont;Urban;40 - 45  MPH;No Control Present;Cloudy;No;35.77998, -78.67614
877;878;No;40-49;49;No;Facing Traffic;B: Evident Injury;Travel Lane;Hispanic;Male;Havelock;Craven;No;01/01/2002;23/10/2007;Motorist Failed to Yield - Midblock;13;Non-Intersection;01/10/2001;01/01/2001 13:29;Motorist Drive Out - Commercial Driveway / Alley;312322;2007;B: Evident Injury;Commercial;0-19;19;No;0-5 mph;O: No Injury;White;Female;Sport Utility;No;No;Daylight;Urban (>70% Developed);5 lanes;2;Straight - Level;Public Vehicular Area;Dry;Two-Way, Divided, Unprotected Median;None;T-Intersection;Smooth Asphalt;Coastal;Urban;NA;No Control Present;Clear;No;34.860252, -76.89709
880;881;Yes;NA;NA;No;With Traffic;B: Evident Injury;Travel Lane;Asian;Male;Hope Mills;Cumberland;No;01/01/2004;25/10/2007;Motorist Overtaking Bicyclist;18;Non-Intersection;01/10/2001;01/01/2001 18:50;Motorist Overtaking - Undetected Bicyclist;311231;2007;B: Evident Injury;Commercial;50-59;50;No;41-45 mph;O: No Injury;White;Male;Pickup;No;No;Dark - Lighted Roadway;Urban (>70% Developed);5 lanes;2;Straight - Level;NC Route;Wet;Two-Way, Not Divided;None;No Special Feature;Smooth Asphalt;Coastal;Urban;40 - 45  MPH;No Control Present;Cloudy;No;35.00778, -78.96699
881;882;No;20-24;22;No;With Traffic;C: Possible Injury;Travel Lane;White;Male;None - Rural Crash;Onslow;No;01/01/2005;26/10/2007;Motorist Failed to Yield - Midblock;6;Non-Intersection;01/10/2001;01/01/2001 06:44;Motorist Drive Out - Commercial Driveway / Alley;311322;2007;C: Possible Injury;Commercial;20-24;24;No;0-5 mph;O: No Injury;White;Male;Pickup;No;No;Dark - Roadway Not Lighted;Mixed (30% To 70% Developed);3 lanes;2;Straight - Level;NC Route;Wet;Two-Way, Not Divided;None;Driveway, Public;Smooth Asphalt;Coastal;Rural;40 - 45  MPH;No Control Present;Cloudy;No;34.74692, -77.482895
884;885;Yes;50-59;53;Yes;With Traffic;A: Disabling Injury;Travel Lane;White;Male;None - Rural Crash;Davidson;Yes;01/01/2006;27/10/2007;Motorist Overtaking Bicyclist;11;Non-Intersection;01/10/2001;01/01/2001 11:32;Motorist Overtaking - Other /;311239;2007;A: Disabling Injury;Farms, Woods, Pastures;40-49;44;No;31-35 mph;O: No Injury;White;Female;Sport Utility;No;No;Daylight;Rural (<30% Developed);2 lanes;2;Straight - Grade;State Secondary Route;Dry;Two-Way, Not Divided;None;No Special Feature;Smooth Asphalt;Piedmont;Rural;50 - 55  MPH;Double Yellow Line, No Passing Zone;Clear;No;35.9807, -80.15956
886;887;Yes;10-juin;10;No;Facing Traffic;C: Possible Injury;Travel Lane;Black;Male;Wilson;Wilson;No;01/01/2004;25/10/2007;Motorist Failed to Yield - Sign-Controlled Intersection;18;Intersection;01/10/2001;01/01/2001 18:47;Motorist Drive Out - Sign-Controlled Intersection;112141;2007;C: Possible Injury;Residential;NA;NA;Missing;0-5 mph;Injury;/Missing;NA;NA;No;Yes;Dark - Lighted Roadway;Mixed (30% To 70% Developed);2 lanes;2;Straight - Level;Local Street;Dry;Two-Way, Not Divided;None;T-Intersection;Smooth Asphalt;Coastal;Urban;30 - 35  MPH;Stop Sign;Clear;No;35.707584, -77.8927
887;888;Yes;16-19;17;No;With Traffic;K: Killed;Travel Lane;White;Male;Asheville;Buncombe;No;01/01/2006;27/10/2007;Bicyclist Failed to Yield - Sign-Controlled Intersection;1;Intersection;01/10/2001;01/01/2001 01:19;Bicyclist Ride Through - Sign-Controlled Intersection;111144;2007;K: Killed;Farms, Woods, Pastures;NA;NA;Missing;31-35 mph;Injury;/Missing;NA;NA;No;Yes;Dark - Roadway Not Lighted;Rural (<30% Developed);2 lanes;2;Straight - Grade;State Secondary Route;Dry;Two-Way, Not Divided;None;T-Intersection;Smooth Asphalt;Mountains;Urban;30 - 35  MPH;Stop Sign;Clear;No;35.599453, -82.62372
891;892;No;15-nov;14;No;Facing Traffic;C: Possible Injury;Sidewalk / Crosswalk / Driveway Crossing;Black;Male;Greensboro;Guilford;No;NA;29/10/2007;Motorist Failed to Yield - Signalized Intersection;18;Intersection;01/10/2001;01/01/2001 18:09;Motorist Drive Out - Signalized Intersection;132152;2007;C: Possible Injury;Commercial;NA;NA;Missing;NA;Injury;/Missing;NA;NA;No;Yes;Daylight;Urban (>70% Developed);5 lanes;2;Straight - Level;Local Street;Dry;Two-Way, Not Divided;None;Four-Way Intersection;Coarse Asphalt;Piedmont;Urban;30 - 35  MPH;Stop And Go Signal;Clear;No;36.07818, -79.778145
892;893;Yes;NA;NA;No;With Traffic;Injury;Travel Lane;/Missing;NA;Kenansville;Duplin;No;NA;29/10/2007;Motorist Right Turn / Merge;16;Intersection;01/10/2001;01/01/2001 15:59;Motorist Right Turn - Same Direction;111213;2007;O: No Injury;Commercial;0-19;18;No;31-35 mph;O: No Injury;Black;Male;Passenger Car;No;No;Daylight;Urban (>70% Developed);2 lanes;2;Straight - Level;Local Street;Dry;Two-Way, Divided, Unprotected Median;None;Other;Concrete;Coastal;Rural;30 - 35  MPH;No Control Present;Clear;No;34.956394, -77.971924
894;895;Yes;40-49;41;No;With Traffic;B: Evident Injury;Sidewalk / Crosswalk / Driveway Crossing;White;Male;Smithfield;Johnston;No;NA;29/10/2007;Motorist Right Turn / Merge;16;Intersection;01/10/2001;01/01/2001 16:42;Motorist Right Turn - Same Direction;131213;2007;B: Evident Injury;Commercial;40-49;40;No;0-5 mph;O: No Injury;White;Female;Taxicab;No;No;Daylight;Urban (>70% Developed);3 lanes;2;Straight - Level;Local Street;Dry;Two-Way, Not Divided;None;Four-Way Intersection;Coarse Asphalt;Coastal;Urban;30 - 35  MPH;Stop And Go Signal;Clear;No;35.514217, -78.33063
899;900;Yes;15-nov;12;No;Facing Traffic;C: Possible Injury;Travel Lane;White;Male;None - Rural Crash;Guilford;No;01/01/2005;20/07/2007;Crossing Paths - Other Circumstances;10;Intersection;01/07/2001;01/01/2001 10:47;Crossing Paths - Intersection - Other /;112180;2007;C: Possible Injury;Residential;70+;NA;No;0-5 mph;O: No Injury;White;Female;Passenger Car;No;No;Daylight;Urban (>70% Developed);6 lanes;2;Straight - Level;Public Vehicular Area;Dry;Two-Way, Not Divided;None;No Special Feature;Smooth Asphalt;Piedmont;Rural;30 - 35  MPH;No Control Present;Cloudy;No;36.101215, -79.891914
906;907;Yes;50-59;58;No;With Traffic;Injury;Travel Lane;/Missing;NA;None - Rural Crash;Cabarrus;No;01/01/2002;06/11/2007;Motorist Overtaking Bicyclist;22;Non-Intersection;01/11/2001;01/01/2001 21:59;Motorist Overtaking - Undetected Bicyclist;311231;2007;Injury;Residential;NA;NA;Missing;41-45 mph;Injury;/Missing;NA;NA;No;Yes;Dark - Roadway Not Lighted;Mixed (30% To 70% Developed);2 lanes;2;Curve - Level;State Secondary Route;Dry;Two-Way, Not Divided;None;No Special Feature;Smooth Asphalt;Piedmont;Rural;40 - 45  MPH;Double Yellow Line, No Passing Zone;Clear;No;35.33829, -80.64274
909;910;Yes;40-49;41;No;With Traffic;B: Evident Injury;Travel Lane;Black;Male;Jacksonville;Onslow;No;01/01/2003;07/11/2007;Motorist Left Turn / Merge;16;Intersection;01/11/2001;01/01/2001 16:36;Motorist Left Turn - Opposite Direction;111212;2007;B: Evident Injury;Residential;60-69;64;No;6-10 mph;O: No Injury;Black;Male;Passenger Car;No;No;Daylight;Urban (>70% Developed);NA;2;Straight - Level;Local Street;Dry;Two-Way, Not Divided;None;T-Intersection;Coarse Asphalt;Coastal;Urban;30 - 35  MPH;No Control Present;Clear;No;34.760044, -77.401855