FID;OBJECTID;AmbulanceR;BikeAge_Gr;Bike_Age;Bike_Alc_D;Bike_Dir;Bike_Injur;Bike_Pos;Bike_Race;Bike_Sex;City;County;CrashAlcoh;CrashDay;Crash_Date;Crash_Grp;Crash_Hour;Crash_Loc;Crash_Mont;Crash_Time;Crash_Type;Crash_Ty_1;Crash_Year;Crsh_Sevri;Developmen;DrvrAge_Gr;Drvr_Age;Drvr_Alc_D;Drvr_EstSp;Drvr_Injur;Drvr_Race;Drvr_Sex;Drvr_VehTy;ExcsSpdInd;Hit_Run;Light_Cond;Locality;Num_Lanes;Num_Units;Rd_Charact;Rd_Class;Rd_Conditi;Rd_Config;Rd_Defects;Rd_Feature;Rd_Surface;Region;Rural_Urba;Speed_Limi;Traff_Cntr;Weather;Workzone_I;Location
910;911;Yes;40-49;46;No;With Traffic;B: Evident Injury;Travel Lane;White;Male;None - Rural Crash;Stokes;No;01/01/2003;07/11/2007;Motorist Overtaking Bicyclist;18;Non-Intersection;01/11/2001;01/01/2001 18:07;Motorist Overtaking - Undetected Bicyclist;311231;2007;B: Evident Injury;Farms, Woods, Pastures;60-69;64;No;41-45 mph;O: No Injury;White;Male;Van;No;No;Dark - Roadway Not Lighted;Rural (<30% Developed);2 lanes;2;Straight - Level;State Secondary Route;Dry;Two-Way, Not Divided;None;No Special Feature;Smooth Asphalt;Piedmont;Rural;50 - 55  MPH;Double Yellow Line, No Passing Zone;Clear;No;36.27426, -80.33686
911;912;Yes;16-19;17;No;With Traffic;B: Evident Injury;Travel Lane;White;Male;None - Rural Crash;Onslow;No;01/01/2004;08/11/2007;Motorist Overtaking Bicyclist;16;Non-Intersection;01/11/2001;01/01/2001 16:49;Motorist Overtaking - Misjudged Space;311232;2007;B: Evident Injury;Residential;20-24;21;No;41-45 mph;O: No Injury;Black;Male;Passenger Car;No;No;Daylight;Urban (>70% Developed);2 lanes;2;Straight - Level;State Secondary Route;Dry;Two-Way, Not Divided;None;No Special Feature;Smooth Asphalt;Coastal;Rural;40 - 45  MPH;No Control Present;Clear;No;34.89808, -77.52761
923;924;Yes;16-19;18;No;Facing Traffic;C: Possible Injury;Travel Lane;White;Male;Wilmington;New Hanover;No;01/01/2002;13/11/2007;Head-On;13;Non-Intersection;01/11/2001;01/01/2001 13:06;Head-On - Bicyclist;312250;2007;C: Possible Injury;Commercial;60-69;62;No;16-20 mph;O: No Injury;White;Female;Passenger Car;No;No;Daylight;Urban (>70% Developed);6 lanes;2;Straight - Level;Local Street;Dry;Two-Way, Divided, Positive Median Barrier;None;No Special Feature;Smooth Asphalt;Coastal;Urban;40 - 45  MPH;No Control Present;Clear;No;34.21319, -77.89795
928;929;Yes;40-49;46;No;With Traffic;B: Evident Injury;Travel Lane;White;Male;Asheville;Buncombe;No;01/01/2007;18/11/2007;Motorist Left Turn / Merge;6;Intersection;01/11/2001;01/01/2001 06:12;Motorist Left Turn - Opposite Direction;111212;2007;B: Evident Injury;Commercial;70+;NA;No;16-20 mph;O: No Injury;Black;Male;Sport Utility;No;No;Dark - Lighted Roadway;Urban (>70% Developed);3 lanes;2;Straight - Level;Local Street;Dry;Two-Way, Not Divided;None;On or Off Ramp;Smooth Asphalt;Mountains;Urban;30 - 35  MPH;Stop And Go Signal;Clear;No;35.598953, -82.5536
930;931;Yes;40-49;48;No;With Traffic;C: Possible Injury;Travel Lane;White;Male;None - Rural Crash;Iredell;No;NA;19/11/2007;Motorist Overtaking Bicyclist;8;Non-Intersection;01/11/2001;01/01/2001 08:29;Motorist Overtaking - Misjudged Space;311232;2007;C: Possible Injury;Commercial;30-39;33;No;41-45 mph;O: No Injury;White;Male;Pickup;No;No;Daylight;Mixed (30% To 70% Developed);2 lanes;2;Straight - Level;NC Route;Dry;Two-Way, Not Divided;None;No Special Feature;Smooth Asphalt;Piedmont;Rural;50 - 55  MPH;Double Yellow Line, No Passing Zone;Clear;No;35.855713, -81.02874
931;932;No;20-24;23;No;With Traffic;C: Possible Injury;Sidewalk / Crosswalk / Driveway Crossing;Black;Female;Troy;Montgomery;Yes;NA;19/11/2007;Motorist Failed to Yield - Sign-Controlled Intersection;18;Intersection;01/11/2001;01/01/2001 17:59;Motorist Drive Out - Sign-Controlled Intersection;131141;2007;C: Possible Injury;Commercial;40-49;43;Yes;0-5 mph;O: No Injury;Black;Female;Van;No;No;Daylight;Urban (>70% Developed);2 lanes;2;Straight - Level;Local Street;Dry;Two-Way, Not Divided;None;No Special Feature;Smooth Asphalt;Piedmont;Rural;30 - 35  MPH;Stop Sign;Clear;No;35.35579, -79.9001
937;938;No;25-29;26;Yes;NA;O: No Injury;Travel Lane;Black;Male;Jacksonville;Onslow;Yes;01/01/2007;25/11/2007;Head-On;11;Non-Intersection;01/11/2001;01/01/2001 11:58;Head-On - Bicyclist;319250;2007;O: No Injury;Residential;25-29;28;No;NA;O: No Injury;White;Male;Police;No;No;Daylight;Urban (>70% Developed);2 lanes;2;Straight - Level;Local Street;Dry;Two-Way, Not Divided;None;No Special Feature;Smooth Asphalt;Coastal;Urban;20 - 25  MPH;No Control Present;Cloudy;No;34.748215, -77.42227
938;939;No;50-59;52;No;Facing Traffic;Injury;Sidewalk / Crosswalk / Driveway Crossing;/Missing;NA;Manteo;Dare;No;01/01/2002;20/11/2007;Motorist Failed to Yield - Signalized Intersection;12;Intersection;01/11/2001;01/01/2001 12:29;Motorist Drive Out - Right Turn on Red;132151;2007;Injury;Residential;40-49;40;No;0-5 mph;Injury;/Missing;Male;Passenger Car;No;No;Daylight;Urban (>70% Developed);3 lanes;2;Straight - Level;Local Street;Dry;Two-Way, Divided, Unprotected Median;None;T-Intersection;Smooth Asphalt;Coastal;Rural;20 - 25  MPH;Stop And Go Signal;Clear;No;35.90869, -75.676056
948;949;Yes;30-39;35;No;With Traffic;B: Evident Injury;Travel Lane;White;Male;Elizabeth City;Pasquotank;No;01/01/2007;18/11/2007;Motorist Overtaking Bicyclist;0;Non-Intersection;01/11/2001;0-12-31 23:59:58;Motorist Overtaking - Undetected Bicyclist;311231;2007;B: Evident Injury;Commercial;70+;NA;No;31-35 mph;O: No Injury;White;Male;Light Truck (Mini-Van, Panel);No;No;Dark - Roadway Not Lighted;Urban (>70% Developed);5 lanes;2;Straight - Level;US Route;Dry;Two-Way, Divided, Unprotected Median;None;No Special Feature;Smooth Asphalt;Coastal;Urban;40 - 45  MPH;No Control Present;Clear;No;36.287785, -76.27033
950;951;Yes;10-juin;7;No;With Traffic;B: Evident Injury;Sidewalk / Crosswalk / Driveway Crossing;Black;Male;Fayetteville;Cumberland;No;01/01/2006;01/12/2007;Parallel Paths - Other Circumstances;13;Non-Intersection;01/12/2001;01/01/2001 13:33;Bicyclist Ride Out - Parallel Path;331225;2007;B: Evident Injury;Residential;40-49;48;No;26-30 mph;O: No Injury;/Missing;Male;Passenger Car;No;No;Daylight;Urban (>70% Developed);3 lanes;2;Straight - Level;Local Street;Dry;Two-Way, Divided, Unprotected Median;None;No Special Feature;Smooth Asphalt;Coastal;Urban;30 - 35  MPH;No Control Present;Clear;No;35.053635, -78.96158
964;965;Yes;70+;NA;No;With Traffic;C: Possible Injury;Travel Lane;White;Male;Gastonia;Gaston;No;01/01/2004;06/12/2007;Motorist Left Turn / Merge;20;Intersection;01/12/2001;01/01/2001 20:13;Motorist Left Turn - Opposite Direction;111212;2007;C: Possible Injury;Commercial;50-59;55;No;0-5 mph;O: No Injury;Asian;Female;Passenger Car;No;No;Dark - Lighted Roadway;Urban (>70% Developed);3 lanes;2;Straight - Level;Public Vehicular Area;Dry;Two-Way, Not Divided;None;T-Intersection;Smooth Asphalt;Piedmont;Urban;30 - 35  MPH;No Control Present;Clear;No;35.269505, -81.146965
965;966;No;20-24;23;No;With Traffic;C: Possible Injury;Bike Lane / Paved Shoulder;White;Male;Charlotte;Mecklenburg;No;01/01/2003;05/09/2007;Motorist Right Turn / Merge;11;Non-Intersection;01/09/2001;01/01/2001 11:24;Motorist Right Turn - Same Direction;321213;2007;C: Possible Injury;Commercial;50-59;58;No;6-10 mph;O: No Injury;White;Male;Van;No;No;Daylight;Urban (>70% Developed);2 lanes;3;Straight - Level;Local Street;Dry;One-Way, Not Divided;None;No Special Feature;Smooth Asphalt;Piedmont;Urban;30 - 35  MPH;No Control Present;Clear;No;35.228992, -80.84718
967;968;Yes;20-24;22;No;With Traffic;B: Evident Injury;Travel Lane;White;Male;None - Rural Crash;Wake;No;01/01/2007;09/12/2007;Motorist Overtaking Bicyclist;17;Non-Intersection;01/12/2001;01/01/2001 17:42;Motorist Overtaking - Misjudged Space;311232;2007;B: Evident Injury;Farms, Woods, Pastures;30-39;33;No;46-50 mph;Injury;White;Male;NA;No;Yes;Dark - Roadway Not Lighted;Rural (<30% Developed);2 lanes;2;Straight - Grade;NC Route;Dry;Two-Way, Not Divided;None;No Special Feature;Coarse Asphalt;Piedmont;Rural;50 - 55  MPH;Double Yellow Line, No Passing Zone;Clear;No;35.585297, -78.66256
969;970;Yes;40-49;46;Yes;Facing Traffic;K: Killed;Travel Lane;White;Male;Shelby;Cleveland;Yes;NA;10/12/2007;Bicyclist Failed to Yield - Signalized Intersection;20;Intersection;01/12/2001;01/01/2001 20:43;Bicyclist Ride Through - Signalized Intersection;112155;2007;K: Killed;Commercial;70+;NA;No;31-35 mph;O: No Injury;White;Male;Passenger Car;No;No;Dark - Roadway Not Lighted;Urban (>70% Developed);4 lanes;2;Straight - Level;US Route;Dry;Two-Way, Divided, Unprotected Median;None;Four-Way Intersection;Smooth Asphalt;Mountains;Urban;40 - 45  MPH;Stop And Go Signal;Clear;No;35.28102, -81.549774
970;971;No;15-nov;14;No;With Traffic;C: Possible Injury;Travel Lane;White;Male;Roanoke Rapids;Halifax;No;01/01/2004;20/12/2007;Bicyclist Left Turn / Merge;15;Intersection;01/12/2001;01/01/2001 15:33;Bicyclist Left Turn - Same Direction;111221;2007;C: Possible Injury;Commercial;60-69;67;No;16-20 mph;O: No Injury;White;Male;Passenger Car;No;No;Daylight;Urban (>70% Developed);4 lanes;2;Straight - Level;Local Street;Dry;Two-Way, Not Divided;None;Four-Way Intersection;Smooth Asphalt;Coastal;Urban;20 - 25  MPH;Stop And Go Signal;Clear;No;36.46478, -77.65413
976;977;Yes;20-24;23;No;With Traffic;C: Possible Injury;Travel Lane;White;Male;Raleigh;Wake;No;01/01/2005;14/12/2007;Motorist Failed to Yield - Sign-Controlled Intersection;17;Intersection;01/12/2001;01/01/2001 17:41;Motorist Drive Out - Sign-Controlled Intersection;111141;2007;C: Possible Injury;Commercial;25-29;27;No;21-25 mph;O: No Injury;Black;Female;Pickup;No;No;Dark - Lighted Roadway;Urban (>70% Developed);2 lanes;2;Straight - Grade;Local Street;Dry;Two-Way, Not Divided;None;No Special Feature;Coarse Asphalt;Piedmont;Urban;30 - 35  MPH;Stop Sign;Clear;No;35.782845, -78.64904
979;980;Yes;50-59;50;No;Facing Traffic;C: Possible Injury;NA;Black;Male;Fayetteville;Cumberland;No;NA;17/12/2007;Motorist Failed to Yield - Sign-Controlled Intersection;17;Intersection;01/12/2001;01/01/2001 17:10;Motorist Drive Out - Sign-Controlled Intersection;192141;2007;C: Possible Injury;Commercial;30-39;33;No;0-5 mph;O: No Injury;Hispanic;Female;Sport Utility;No;No;Dark - Lighted Roadway;Urban (>70% Developed);2 lanes;2;Straight - Level;Local Street;Dry;Two-Way, Not Divided;None;Traffic Circle/Roundabout;Coarse Asphalt;Coastal;Urban;5 - 15 MPH;Stop Sign;Clear;No;35.0525, -78.87798
980;981;No;60-69;63;No;With Traffic;C: Possible Injury;Travel Lane;Native American;Male;None - Rural Crash;Robeson;No;NA;17/12/2007;Motorist Overtaking Bicyclist;18;Non-Intersection;01/12/2001;01/01/2001 18:29;Motorist Overtaking - Other /;311239;2007;C: Possible Injury;Farms, Woods, Pastures;NA;NA;No;51-55 mph;Injury;/Missing;NA;NA;No;Yes;Dark - Roadway Not Lighted;Rural (<30% Developed);2 lanes;2;Straight - Level;NC Route;Dry;Two-Way, Not Divided;None;No Special Feature;Smooth Asphalt;Coastal;Rural;50 - 55  MPH;No Control Present;Clear;No;34.73131, -79.211426
982;983;No;15-nov;14;No;With Traffic;C: Possible Injury;Travel Lane;Black;Male;None - Rural Crash;Iredell;No;01/01/2002;18/12/2007;Loss of Control / Turning Error;15;Non-Intersection;01/12/2001;01/01/2001 15:49;Bicyclist Lost Control - Other /;311129;2007;C: Possible Injury;Farms, Woods, Pastures;40-49;44;No;6-10 mph;O: No Injury;White;Female;Passenger Car;No;No;Daylight;Rural (<30% Developed);2 lanes;2;Straight - Level;State Secondary Route;Dry;Two-Way, Not Divided;None;No Special Feature;Coarse Asphalt;Piedmont;Rural;50 - 55  MPH;No Control Present;Clear;No;35.80956, -80.76864
984;985;No;15-nov;14;No;NA;C: Possible Injury;NA;Black;Male;Wilson;Wilson;No;01/01/2002;25/12/2007;Other /  - Insufficient Details;16;Non-Intersection;01/12/2001;01/01/2001 16:50;Approach Paths;399970;2007;C: Possible Injury;Commercial;30-39;37;No;6-10 mph;O: No Injury;Black;Female;Passenger Car;No;No;Dark - Lighted Roadway;Urban (>70% Developed);4 lanes;2;Straight - Level;Local Street;Wet;Two-Way, Not Divided;None;No Special Feature;Concrete;Coastal;Urban;30 - 35  MPH;Stop And Go Signal;Rain;No;35.722855, -77.93541
985;986;Yes;16-19;18;No;NA;C: Possible Injury;Non-Roadway;Black;Male;Smithfield;Johnston;No;01/01/2007;23/12/2007;Non-Roadway;16;Non-Roadway;01/12/2001;01/01/2001 16:42;Non-Roadway;460910;2007;C: Possible Injury;Commercial;0-19;18;No;NA;O: No Injury;White;Male;Pickup;No;No;Daylight;Urban (>70% Developed);NA;2;Straight - Level;Public Vehicular Area;Wet;Two-Way, Not Divided;Road Surface Condition;Driveway, Public;Smooth Asphalt;Coastal;Urban;5 - 15 MPH;No Control Present;Rain;No;35.51652, -78.32163
986;987;Yes;16-19;17;No;Facing Traffic;C: Possible Injury;Travel Lane;Black;Male;Fayetteville;Cumberland;No;01/01/2003;26/12/2007;Crossing Paths - Other Circumstances;11;Intersection;01/12/2001;01/01/2001 11:43;Signalized Intersection - Other /;112158;2007;C: Possible Injury;Residential;50-59;52;No;0-5 mph;C: Possible Injury;Black;Male;Passenger Car;No;No;Daylight;Urban (>70% Developed);2 lanes;2;Straight - Level;Local Street;Wet;Two-Way, Not Divided;None;Four-Way Intersection;Smooth Asphalt;Coastal;Urban;20 - 25  MPH;Stop And Go Signal;Rain;No;35.027775, -78.960884
987;988;No;20-24;24;No;Facing Traffic;O: No Injury;Travel Lane;Black;Male;None - Rural Crash;New Hanover;No;01/01/2004;27/12/2007;Motorist Failed to Yield - Midblock;9;Non-Intersection;01/12/2001;01/01/2001 08:59;Motorist Drive Out - Commercial Driveway / Alley;312322;2007;O: No Injury;Commercial;50-59;58;No;0-5 mph;O: No Injury;White;Male;Passenger Car;No;No;Daylight;Urban (>70% Developed);4 lanes;2;Straight - Level;US Route;Dry;Two-Way, Divided, Unprotected Median;None;Driveway, Public;Coarse Asphalt;Coastal;Rural;40 - 45  MPH;No Control Present;Cloudy;No;34.1338, -77.89522
989;990;No;NA;NA;Missing;NA;Injury;Travel Lane;/Missing;NA;Reidsville;Rockingham;No;01/01/2006;15/12/2007;Bicyclist Failed to Yield - Sign-Controlled Intersection;12;Intersection;01/12/2001;01/01/2001 12:10;Bicyclist Ride Out - Sign-Controlled Intersection;119142;2007;O: No Injury;Residential;70+;NA;No;11-15 mph;O: No Injury;Black;Female;Passenger Car;No;No;Daylight;Rural (<30% Developed);2 lanes;2;Straight - Level;Local Street;Wet;Two-Way, Not Divided;None;Four-Way Intersection;Smooth Asphalt;Piedmont;Urban;20 - 25  MPH;Stop Sign;Rain;No;36.359837, -79.67443
992;993;Yes;15-nov;12;No;With Traffic;A: Disabling Injury;Travel Lane;White;Male;High Point;Guilford;No;NA;03/09/2007;Bicyclist Failed to Yield - Sign-Controlled Intersection;15;Intersection;01/09/2001;01/01/2001 15:00;Bicyclist Ride Through - Sign-Controlled Intersection;111144;2007;A: Disabling Injury;Residential;50-59;53;No;16-20 mph;O: No Injury;White;Female;Passenger Car;No;No;Daylight;Urban (>70% Developed);2 lanes;2;Straight - Bottom;Local Street;Dry;Two-Way, Not Divided;None;T-Intersection;Smooth Asphalt;Piedmont;Urban;30 - 35  MPH;Stop Sign;Clear;No;35.9379, -80.005936
994;995;Yes;10-juin;9;No;With Traffic;B: Evident Injury;Travel Lane;Black;Male;Eden;Rockingham;No;NA;07/05/2007;Motorist Overtaking Bicyclist;18;Non-Intersection;01/05/2001;01/01/2001 18:58;Motorist Overtaking - Bicyclist Swerved;311235;2007;B: Evident Injury;Residential;50-59;59;No;21-25 mph;O: No Injury;Black;Female;Sport Utility;No;No;Daylight;Urban (>70% Developed);2 lanes;2;Straight - Level;Local Street;Dry;Two-Way, Not Divided;None;No Special Feature;Smooth Asphalt;Piedmont;Urban;30 - 35  MPH;No Control Present;Clear;No;36.50214, -79.77933
996;997;No;30-39;38;No;With Traffic;C: Possible Injury;Travel Lane;White;Male;Greensboro;Guilford;No;01/01/2002;04/09/2007;Loss of Control / Turning Error;16;Intersection;01/09/2001;01/01/2001 15:59;Bicyclist Turning Error - Left Turn;111114;2007;C: Possible Injury;Commercial;0-19;16;No;6-10 mph;O: No Injury;White;Female;Passenger Car;No;No;Daylight;Urban (>70% Developed);3 lanes;2;Straight - Level;Local Street;Dry;Two-Way, Divided, Positive Median Barrier;None;T-Intersection;Smooth Asphalt;Piedmont;Urban;30 - 35  MPH;Stop Sign;Clear;No;36.068115, -79.79774
997;998;No;16-19;18;No;NA;B: Evident Injury;Non-Roadway;White;Male;Wilmington;New Hanover;No;01/01/2002;05/06/2007;Non-Roadway;12;Non-Roadway;01/06/2001;01/01/2001 12:58;Non-Roadway;460910;2007;B: Evident Injury;Commercial;60-69;66;No;6-10 mph;O: No Injury;White;Female;Sport Utility;No;No;Daylight;Urban (>70% Developed);2 lanes;2;Straight - Level;Public Vehicular Area;Dry;Two-Way, Not Divided;None;Driveway, Public;Smooth Asphalt;Coastal;Urban;5 - 15 MPH;No Control Present;Clear;No;34.243984, -77.87429
1000;1001;Yes;0-5;0;No;NA;C: Possible Injury;NA;White;Male;Wilmington;New Hanover;No;01/01/2005;19/10/2007;Bicyclist Failed to Yield - Midblock;8;Non-Intersection;01/10/2001;01/01/2001 08:07;Bicyclist Ride Out - Midblock -;399319;2007;C: Possible Injury;Commercial;40-49;47;No;26-30 mph;O: No Injury;White;Male;Sport Utility;No;No;Daylight;Urban (>70% Developed);5 lanes;2;Straight - Level;Local Street;Dry;Two-Way, Divided, Unprotected Median;None;Four-Way Intersection;Smooth Asphalt;Coastal;Urban;30 - 35  MPH;Stop And Go Signal;Clear;No0;34.19839, -77.89428
1;2;Yes;40-49;49;No;With Traffic;O: No Injury;Sidewalk / Crosswalk / Driveway Crossing;Black;Female;Charlotte;Mecklenburg;No;01/01/2007;27/01/2008;Parallel Paths - Other Circumstances;8;Non-Intersection;NA;01/01/2001 08:40;Bicyclist Ride Out - Parallel Path;331225;2008;C: Possible Injury;Commercial;0-19;16;No;NA;C: Possible Injury;Black;Male;Pedestrian;No;No;Daylight;Urban (>70% Developed);2 lanes;2;Curve - Grade;Local Street;Dry;Two-Way, Not Divided;None;T-Intersection;Smooth Asphalt;Piedmont;Urban;NA;No Control Present;Clear;No;0.0, 0.0
3;4;Yes;40-49;43;No;With Traffic;O: No Injury;Sidewalk / Crosswalk / Driveway Crossing;White;Male;Charlotte;Mecklenburg;No;01/01/2007;03/02/2008;Bicyclist Failed to Yield - Signalized Intersection;23;Intersection;01/02/2001;01/01/2001 23:33;Bicyclist Ride Through - Signalized Intersection;131155;2008;O: No Injury;Commercial;25-29;25;No;26-30 mph;O: No Injury;Black;Female;Passenger Car;No;No;Dark - Lighted Roadway;Urban (>70% Developed);3 lanes;2;Straight - Level;Local Street;Dry;Two-Way, Divided, Unprotected Median;None;No Special Feature;Smooth Asphalt;Piedmont;Urban;20 - 25  MPH;Stop And Go Signal;Clear;No;0.0, 0.0
5;6;No;16-19;17;No;With Traffic;C: Possible Injury;Travel Lane;Black;Male;Durham;Durham;No;01/01/2002;05/02/2008;Motorist Failed to Yield - Sign-Controlled Intersection;18;Intersection;01/02/2001;01/01/2001 18:37;Motorist Drive Out - Sign-Controlled Intersection;111141;2008;C: Possible Injury;Residential;60-69;60;No;0-5 mph;O: No Injury;White;Female;Sport Utility;No;No;Dark - Lighted Roadway;Urban (>70% Developed);2 lanes;2;Straight - Level;Local Street;Dry;Two-Way, Not Divided;None;Four-Way Intersection;Smooth Asphalt;Piedmont;Urban;30 - 35  MPH;Stop Sign;Clear;No;0.0, 0.0
17;18;No;50-59;58;No;With Traffic;B: Evident Injury;Travel Lane;White;Female;Charlotte;Mecklenburg;No;NA;03/03/2008;Bicyclist Left Turn / Merge;11;Non-Intersection;01/03/2001;01/01/2001 11:49;Bicyclist Left Turn - Same Direction;311221;2008;B: Evident Injury;Commercial;60-69;65;No;31-35 mph;O: No Injury;White;Female;Sport Utility;No;No;Daylight;Urban (>70% Developed);4 lanes;2;Straight - Level;Local Street;Dry;Two-Way, Not Divided;None;No Special Feature;Smooth Asphalt;Piedmont;Urban;30 - 35  MPH;No Control Present;Clear;No;0.0, 0.0
18;19;No;40-49;48;No;Facing Traffic;C: Possible Injury;Travel Lane;White;Male;Charlotte;Mecklenburg;No;01/01/2007;09/03/2008;Crossing Paths - Other Circumstances;12;Intersection;01/03/2001;01/01/2001 12:29;Signalized Intersection - Other /;112158;2008;C: Possible Injury;Commercial;30-39;39;No;0-5 mph;O: No Injury;Hispanic;Male;Sport Utility;No;No;Daylight;Urban (>70% Developed);4 lanes;2;Straight - Level;Local Street;Dry;Two-Way, Divided, Positive Median Barrier;None;No Special Feature;Smooth Asphalt;Piedmont;Urban;40 - 45  MPH;Stop And Go Signal;Clear;No;0.0, 0.0
27;28;No;16-19;19;No;With Traffic;C: Possible Injury;Travel Lane;White;Male;None - Rural Crash;Nash;No;01/01/2006;05/01/2008;Other / Unusual Circumstances;16;Non-Intersection;NA;01/01/2001 16:29;Unusual Circumstances;311800;2008;C: Possible Injury;Residential;40-49;41;No;NA;O: No Injury;White;Female;Passenger Car;No;No;Daylight;Mixed (30% To 70% Developed);NA;2;NA;State Secondary Route;Dry;NA;None;No Special Feature;NA;Coastal;Rural;NA;Missing;Clear;No;0.0, 0.0
29;30;Yes;10-juin;8;No;Not Applicable;C: Possible Injury;Travel Lane;White;Female;None - Rural Crash;Harnett;No;01/01/2007;06/01/2008;Non-Roadway;17;Non-Roadway;NA;01/01/2001 17:49;Non-Roadway;410910;2008;C: Possible Injury;Residential;NA;NA;Missing;26-30 mph;Injury;/Missing;NA;NA;No;Yes;Dark - Roadway Not Lighted;Rural (<30% Developed);2 lanes;2;Straight - Level;Public Vehicular Area;Dry;Two-Way, Not Divided;None;No Special Feature;Smooth Asphalt;Coastal;Rural;20 - 25  MPH;No Control Present;Clear;No;0.0, 0.0
32;33;Yes;15-nov;13;No;With Traffic;B: Evident Injury;Bike Lane / Paved Shoulder;White;Female;None - Rural Crash;Halifax;No;01/01/2002;08/01/2008;Parallel Paths - Other Circumstances;15;Non-Intersection;NA;01/01/2001 15:57;Bicyclist Ride Out - Parallel Path;321225;2008;B: Evident Injury;Residential;25-29;26;No;31-35 mph;O: No Injury;Black;Male;Passenger Car;No;No;Daylight;Mixed (30% To 70% Developed);2 lanes;2;Curve - Level;State Secondary Route;Dry;Two-Way, Not Divided;None;Four-Way Intersection;Smooth Asphalt;Coastal;Rural;40 - 45  MPH;Double Yellow Line, No Passing Zone;Cloudy;No;0.0, 0.0
44;45;Yes;40-49;44;Yes;With Traffic;Injury;Driveway / Alley;Black;Female;Raleigh;Wake;Yes;01/01/2005;11/01/2008;Parallel Paths - Other Circumstances;20;Intersection;NA;01/01/2001 20:14;Parallel Paths - Other /;151280;2008;O: No Injury;Residential;30-39;38;No;0-5 mph;O: No Injury;Black;Male;Passenger Car;No;No;Dark - Lighted Roadway;Urban (>70% Developed);4 lanes;2;Straight - Level;Local Street;Dry;Two-Way, Not Divided;None;Driveway, Public;Smooth Asphalt;Piedmont;Urban;30 - 35  MPH;No Control Present;Clear;No;0.0, 0.0
49;50;No;15-nov;15;No;Facing Traffic;C: Possible Injury;Sidewalk / Crosswalk / Driveway Crossing;White;Male;Belmont;Gaston;No;01/01/2002;15/01/2008;Motorist Failed to Yield - Sign-Controlled Intersection;7;Intersection;NA;01/01/2001 07:49;Motorist Drive Out - Sign-Controlled Intersection;132141;2008;C: Possible Injury;Residential;70+;NA;No;0-5 mph;O: No Injury;White;Male;Passenger Car;No;No;Daylight;Urban (>70% Developed);2 lanes;2;Straight - Level;Local Street;Dry;Two-Way, Not Divided;None;Related To Intersection;Smooth Asphalt;Piedmont;Urban;30 - 35  MPH;Stop Sign;Clear;No;0.0, 0.0
63;64;Yes;40-49;41;No;With Traffic;C: Possible Injury;Travel Lane;White;Male;None - Rural Crash;Cumberland;No;01/01/2005;25/01/2008;Motorist Overtaking Bicyclist;10;Non-Intersection;NA;01/01/2001 10:19;Motorist Overtaking - Misjudged Space;311232;2008;C: Possible Injury;Residential;30-39;33;No;31-35 mph;O: No Injury;White;Female;Sport Utility;No;No;Daylight;Mixed (30% To 70% Developed);2 lanes;2;Straight - Level;State Secondary Route;Dry;Two-Way, Not Divided;None;No Special Feature;Smooth Asphalt;Coastal;Rural;40 - 45  MPH;Double Yellow Line, No Passing Zone;Clear;No;0.0, 0.0
66;67;No;30-39;33;No;With Traffic;C: Possible Injury;Travel Lane;White;Male;Asheville;Buncombe;No;01/01/2006;26/01/2008;Motorist Right Turn / Merge;13;Intersection;NA;01/01/2001 13:58;Motorist Right Turn - Same Direction;111213;2008;C: Possible Injury;Commercial;30-39;39;No;11-15 mph;O: No Injury;White;Female;Passenger Car;No;No;Daylight;Urban (>70% Developed);5 lanes;2;Straight - Hillcrest;Local Street;Dry;Two-Way, Not Divided;None;Four-Way Intersection;Smooth Asphalt;Mountains;Urban;40 - 45  MPH;Stop And Go Signal;Clear;No;0.0, 0.0
69;70;Yes;16-19;18;No;With Traffic;B: Evident Injury;Travel Lane;White;Male;None - Rural Crash;New Hanover;No;NA;28/01/2008;Motorist Overtaking Bicyclist;0;Non-Intersection;NA;01/01/2001 00:14;Motorist Overtaking - Undetected Bicyclist;311231;2008;B: Evident Injury;Residential;20-24;21;No;41-45 mph;O: No Injury;White;Male;Passenger Car;No;No;Dark - Roadway Not Lighted;Mixed (30% To 70% Developed);4 lanes;2;Straight - Level;US Route;Dry;Two-Way, Divided, Unprotected Median;None;No Special Feature;Smooth Asphalt;Coastal;Rural;40 - 45  MPH;Missing;Clear;No;0.0, 0.0
70;71;No;60-69;69;No;With Traffic;C: Possible Injury;Travel Lane;White;Male;Weaverville;Buncombe;No;01/01/2002;29/01/2008;Motorist Overtaking Bicyclist;16;Non-Intersection;NA;01/01/2001 16:34;Motorist Overtaking - Misjudged Space;311232;2008;C: Possible Injury;Residential;20-24;24;No;41-45 mph;O: No Injury;White;Female;Passenger Car;No;No;Daylight;Urban (>70% Developed);2 lanes;2;Curve - Level;Local Street;Dry;Two-Way, Not Divided;None;No Special Feature;Smooth Asphalt;Mountains;Rural;40 - 45  MPH;Missing;Cloudy;No;0.0, 0.0