FID;OBJECTID;AmbulanceR;BikeAge_Gr;Bike_Age;Bike_Alc_D;Bike_Dir;Bike_Injur;Bike_Pos;Bike_Race;Bike_Sex;City;County;CrashAlcoh;CrashDay;Crash_Date;Crash_Grp;Crash_Hour;Crash_Loc;Crash_Mont;Crash_Time;Crash_Type;Crash_Ty_1;Crash_Year;Crsh_Sevri;Developmen;DrvrAge_Gr;Drvr_Age;Drvr_Alc_D;Drvr_EstSp;Drvr_Injur;Drvr_Race;Drvr_Sex;Drvr_VehTy;ExcsSpdInd;Hit_Run;Light_Cond;Locality;Num_Lanes;Num_Units;Rd_Charact;Rd_Class;Rd_Conditi;Rd_Config;Rd_Defects;Rd_Feature;Rd_Surface;Region;Rural_Urba;Speed_Limi;Traff_Cntr;Weather;Workzone_I;Location
79;80;No;15-nov;13;No;Facing Traffic;C: Possible Injury;Sidewalk / Crosswalk / Driveway Crossing;Black;Male;Raleigh;Wake;No;01/01/2005;01/02/2008;Motorist Failed to Yield - Sign-Controlled Intersection;20;Intersection-Related;01/02/2001;01/01/2001 20:07;Motorist Drive Out - Sign-Controlled Intersection;232141;2008;C: Possible Injury;Residential;30-39;39;No;0-5 mph;O: No Injury;White;Male;Sport Utility;No;No;Dusk;Urban (>70% Developed);2 lanes;2;Straight - Level;Local Street;Dry;Two-Way, Not Divided;None;No Special Feature;Smooth Asphalt;Piedmont;Urban;20 - 25  MPH;Stop Sign;Clear;No;0.0, 0.0
87;88;No;40-49;43;No;With Traffic;B: Evident Injury;Travel Lane;White;Male;Chapel Hill;Orange;No;NA;04/02/2008;Motorist Right Turn / Merge;13;Intersection;01/02/2001;01/01/2001 13:26;Motorist Right Turn - Same Direction;111213;2008;B: Evident Injury;Residential;0-19;19;No;26-30 mph;O: No Injury;White;Male;Passenger Car;No;No;Daylight;Urban (>70% Developed);2 lanes;2;Curve - Grade;Local Street;Dry;Two-Way, Not Divided;None;T-Intersection;Smooth Asphalt;Piedmont;Urban;30 - 35  MPH;Stop Sign;Clear;No;0.0, 0.0
798;799;Yes;10-juin;10;No;With Traffic;C: Possible Injury;Travel Lane;Black;Male;None - Rural Crash;Wake;No;01/01/2007;21/10/2012;Bicyclist Failed to Yield - Sign-Controlled Intersection;13;Intersection;01/10/2001;01/01/2001 13:29;Bicyclist Ride Through - Sign-Controlled Intersection;NA;2012;C: Possible Injury;Residential;0-19;17;No;21-25 mph;O: No Injury;Black;Female;Passenger Car;No;No;Daylight;Rural (<30% Developed);2 lanes;2;Straight - Grade;State Secondary Route;Dry;Two-Way, Not Divided;None;No Special Feature;Smooth Asphalt;Piedmont;Rural;20 - 25  MPH;Stop Sign;Clear;No;35.73051, -78.5973
810;811;Yes;10-juin;10;No;With Traffic;A: Disabling Injury;Travel Lane;Black;Male;Durham;Durham;No;01/01/2002;23/10/2012;Bicyclist Failed to Yield - Sign-Controlled Intersection;17;Intersection;01/10/2001;01/01/2001 17:31;Bicyclist Ride Through - Sign-Controlled Intersection;NA;2012;A: Disabling Injury;Residential;30-39;31;No;21-25 mph;O: No Injury;Black;Female;Sport Utility;No;No;Daylight;Urban (>70% Developed);2 lanes;2;Straight - Grade;Local Street;Dry;Two-Way, Not Divided;None;No Special Feature;Coarse Asphalt;Piedmont;Urban;30 - 35  MPH;Stop Sign;Clear;No;35.96326, -78.8857
816;817;Yes;25-29;27;Yes;With Traffic;C: Possible Injury;Travel Lane;White;Male;Knightdale;Wake;Yes;01/01/2004;25/10/2012;Motorist Overtaking Bicyclist;19;Non-Intersection;01/10/2001;01/01/2001 19:21;Motorist Overtaking - Other /;NA;2012;C: Possible Injury;Commercial;NA;NA;No;31-35 mph;Injury;/Missing;NA;Pickup;No;Yes;Dark - Roadway Not Lighted;Urban (>70% Developed);2 lanes;2;Straight - Level;Local Street;Dry;Two-Way, Not Divided;None;No Special Feature;Coarse Asphalt;Piedmont;Urban;40 - 45  MPH;No Control Present;Clear;No;35.81272, -78.4694
818;819;Yes;20-24;21;No;With Traffic;C: Possible Injury;Travel Lane;Hispanic;Male;Wilmington;New Hanover;No;01/01/2006;06/10/2012;Loss of Control / Turning Error;20;Intersection;01/10/2001;01/01/2001 20:02;Motorist Lost Control - Other /;NA;2012;C: Possible Injury;Residential;0-19;19;No;21-25 mph;O: No Injury;White;Male;Passenger Car;No;No;Dark - Lighted Roadway;Urban (>70% Developed);4 lanes;4;Straight - Level;Local Street;Dry;Two-Way, Not Divided;None;Four-Way Intersection;Smooth Asphalt;Coastal;Urban;20 - 25  MPH;Stop Sign;Clear;No;34.22934, -77.9293
819;820;No;40-49;43;No;With Traffic;B: Evident Injury;Bike Lane / Paved Shoulder;Black;Male;None - Rural Crash;Rockingham;No;01/01/2004;25/10/2012;Motorist Overtaking Bicyclist;5;Non-Intersection;01/10/2001;01/01/2001 04:59;Motorist Overtaking - Other /;NA;2012;B: Evident Injury;Farms, Woods, Pastures;NA;NA;No;61-65 mph;Injury;/Missing;NA;Passenger Car;No;Yes;Dark - Roadway Not Lighted;Rural (<30% Developed);4 lanes;2;Straight - Level;US Route;Dry;Two-Way, Divided, Positive Median Barrier;None;No Special Feature;Smooth Asphalt;Piedmont;Rural;60 - 75 MPH;No Control Present;Clear;No;36.26376, -79.6494
821;822;No;25-29;27;No;Facing Traffic;C: Possible Injury;Sidewalk / Crosswalk / Driveway Crossing;Black;Female;Cary;Wake;No;01/01/2004;11/10/2012;Motorist Failed to Yield - Sign-Controlled Intersection;18;Intersection;01/10/2001;01/01/2001 18:01;Motorist Drive Out - Sign-Controlled Intersection;NA;2012;C: Possible Injury;Residential;25-29;27;No;0-5 mph;O: No Injury;White;Female;Sport Utility;No;No;Daylight;Urban (>70% Developed);2 lanes;2;Straight - Level;Local Street;Dry;Two-Way, Not Divided;None;No Special Feature;Smooth Asphalt;Piedmont;Urban;20 - 25  MPH;Stop Sign;Clear;No;35.79437, -78.7832
823;824;Yes;20-24;22;No;With Traffic;B: Evident Injury;Travel Lane;White;Male;Wilmington;New Hanover;No;01/01/2007;21/10/2012;Motorist Failed to Yield - Midblock;15;Non-Intersection;01/10/2001;01/01/2001 15:50;Motorist Drive Out - Commercial Driveway / Alley;NA;2012;B: Evident Injury;Commercial;NA;NA;No;11-15 mph;Injury;/Missing;NA;NA;No;Yes;Daylight;Urban (>70% Developed);2 lanes;2;Straight - Level;Local Street;Dry;Two-Way, Not Divided;None;No Special Feature;Coarse Asphalt;Coastal;Urban;30 - 35  MPH;No Control Present;Clear;No;34.23536, -77.8703
824;825;Yes;25-29;25;No;With Traffic;B: Evident Injury;Travel Lane;White;Male;None - Rural Crash;Rowan;No;01/01/2002;30/10/2012;Motorist Overtaking Bicyclist;6;Non-Intersection;01/10/2001;01/01/2001 06:04;Motorist Overtaking - Undetected Bicyclist;NA;2012;B: Evident Injury;Farms, Woods, Pastures;20-24;21;No;51-55 mph;O: No Injury;White;Male;Pickup;No;No;Dark - Roadway Not Lighted;Rural (<30% Developed);2 lanes;2;Curve - Level;State Secondary Route;Dry;Two-Way, Not Divided;None;No Special Feature;Smooth Asphalt;Piedmont;Rural;50 - 55  MPH;Double Yellow Line, No Passing Zone;Clear;No;35.61393, -80.4946
831;832;Yes;20-24;21;No;Facing Traffic;B: Evident Injury;Travel Lane;White;Male;Concord;Cabarrus;No;01/01/2006;13/10/2012;Head-On;20;Intersection;01/10/2001;01/01/2001 20:46;Head-On - Bicyclist;NA;2012;B: Evident Injury;Commercial;20-24;21;No;11-15 mph;O: No Injury;White;Male;Sport Utility;No;No;Dark - Lighted Roadway;Urban (>70% Developed);4 lanes;2;Straight - Level;US Route;Dry;Two-Way, Divided, Unprotected Median;None;Driveway, Public;Coarse Asphalt;Piedmont;Urban;40 - 45  MPH;Stop Sign;Clear;No;35.35186, -80.6889
838;839;No;50-59;56;No;With Traffic;B: Evident Injury;Travel Lane;White;Male;Hickory;Catawba;No;01/01/2004;25/10/2012;Motorist Right Turn / Merge;13;Non-Intersection;01/10/2001;01/01/2001 13:57;Motorist Right Turn - Same Direction;NA;2012;B: Evident Injury;Commercial;50-59;55;No;6-10 mph;O: No Injury;Asian;Female;Sport Utility;No;No;Daylight;Urban (>70% Developed);5 lanes;2;Straight - Grade;Local Street;Dry;Two-Way, Not Divided;None;No Special Feature;Coarse Asphalt;Piedmont;Urban;40 - 45  MPH;No Control Present;Clear;No;35.75217, -81.2864
847;848;Yes;40-49;41;No;With Traffic;B: Evident Injury;Travel Lane;Black;Male;Kinston;Lenoir;No;NA;05/11/2012;Motorist Right Turn / Merge;16;Intersection;01/11/2001;01/01/2001 16:29;Motorist Right Turn - Same Direction;NA;2012;B: Evident Injury;Commercial;30-39;34;No;0-5 mph;O: No Injury;White;Female;Passenger Car;No;No;Daylight;Urban (>70% Developed);9 or more lanes;2;Straight - Level;Local Street;Dry;Two-Way, Not Divided;None;Four-Way Intersection;Smooth Asphalt;Coastal;Urban;30 - 35  MPH;Stop Sign;Clear;No;35.26893, -77.5843
850;851;No;25-29;28;No;With Traffic;O: No Injury;Travel Lane;White;Male;Boone;Watauga;No;01/01/2005;19/10/2012;Bicyclist Overtaking Motorist;13;Intersection;01/10/2001;01/01/2001 13:37;Bicyclist Overtaking - Passing on Right;NA;2012;O: No Injury;Residential;0-19;19;No;NA;O: No Injury;White;Female;Passenger Car;No;No;Daylight;Urban (>70% Developed);2 lanes;2;Straight - Level;US Route;Dry;Two-Way, Not Divided;None;T-Intersection;Smooth Asphalt;Mountains;Urban;NA;Double Yellow Line, No Passing Zone;Clear;No;36.21808, -81.683
853;854;Yes;25-29;26;No;With Traffic;B: Evident Injury;Sidewalk / Crosswalk / Driveway Crossing;White;Female;Wilmington;New Hanover;No;01/01/2002;23/10/2012;Bicyclist Failed to Yield - Signalized Intersection;14;Intersection;01/10/2001;01/01/2001 14:29;Bicyclist Failed to Clear - Trapped;NA;2012;B: Evident Injury;Residential;40-49;47;No;11-15 mph;O: No Injury;White;Female;Passenger Car;No;No;Daylight;Urban (>70% Developed);4 lanes;2;Straight - Level;Local Street;Dry;Two-Way, Divided, Unprotected Median;Other;Four-Way Intersection;Coarse Asphalt;Coastal;Urban;20 - 25  MPH;Stop And Go Signal;Clear;No;34.22452, -77.8238
855;856;Yes;25-29;28;No;With Traffic;B: Evident Injury;Travel Lane;White;Male;Wilmington;New Hanover;No;01/01/2006;20/10/2012;Motorist Failed to Yield - Signalized Intersection;17;Intersection;01/10/2001;01/01/2001 17:48;Motorist Drive Out - Right Turn on Red;NA;2012;B: Evident Injury;Industrial;40-49;48;No;11-15 mph;O: No Injury;White;Female;Van;No;No;Dusk;Urban (>70% Developed);4 lanes;2;Straight - Level;Local Street;Dry;Two-Way, Not Divided;None;No Special Feature;Coarse Asphalt;Coastal;Urban;40 - 45  MPH;Stop And Go Signal;Clear;No;34.23084, -77.8771
857;858;Yes;10-juin;8;No;Not Applicable;O: No Injury;Non-Roadway;White;Female;Raleigh;Wake;No;01/01/2006;03/11/2012;Non-Roadway;17;Non-Roadway;01/11/2001;01/01/2001 17:29;Non-Roadway;NA;2012;O: No Injury;Residential;30-39;37;No;0-5 mph;O: No Injury;White;Male;Light Truck (Mini-Van, Panel);No;No;Daylight;Urban (>70% Developed);2 lanes;2;Straight - Level;Private Road, Driveway;Dry;Two-Way, Not Divided;None;Driveway, Private;Smooth Asphalt;Piedmont;Urban;5 - 15 MPH;No Control Present;Clear;No;35.95608, -78.5439
858;859;Yes;60-69;63;No;With Traffic;B: Evident Injury;Travel Lane;White;Male;Raleigh;Wake;No;01/01/2003;07/11/2012;Motorist Left Turn / Merge;15;Intersection-Related;01/11/2001;01/01/2001 15:52;Motorist Left Turn - Opposite Direction;NA;2012;B: Evident Injury;Commercial;30-39;36;No;6-10 mph;O: No Injury;White;Male;Passenger Car;No;No;Daylight;Urban (>70% Developed);2 lanes;2;Straight - Level;NA;Dry;Two-Way, Not Divided;None;No Special Feature;Smooth Asphalt;Piedmont;Urban;30 - 35  MPH;No Control Present;Clear;No;35.79306, -78.6841
865;866;Yes;40-49;45;No;With Traffic;A: Disabling Injury;Travel Lane;White;Male;None - Rural Crash;Davidson;No;01/01/2007;11/11/2012;Motorist Left Turn / Merge;14;Intersection;01/11/2001;01/01/2001 14:29;Motorist Left Turn - Opposite Direction;NA;2012;A: Disabling Injury;Residential;70;70;No;41-45 mph;O: No Injury;White;Female;Sport Utility;No;No;Daylight;Rural (<30% Developed);2 lanes;2;Curve - Level;State Secondary Route;Dry;Two-Way, Not Divided;None;T-Intersection;Smooth Asphalt;Piedmont;Rural;40 - 45  MPH;Double Yellow Line, No Passing Zone;Clear;No;35.94995, -80.0886
870;871;No;50-59;50;No;Facing Traffic;O: No Injury;Sidewalk / Crosswalk / Driveway Crossing;White;Male;Greenville;Pitt;No;01/01/2006;10/11/2012;Crossing Paths - Other Circumstances;9;Intersection;01/11/2001;01/01/2001 09:55;Signalized Intersection - Other /;NA;2012;O: No Injury;Commercial;20-24;20;No;0-5 mph;O: No Injury;White;Female;Passenger Car;No;No;Daylight;Urban (>70% Developed);5 lanes;2;Straight - Level;Local Street;Dry;Two-Way, Divided, Unprotected Median;None;No Special Feature;Smooth Asphalt;Coastal;Urban;40 - 45  MPH;No Control Present;Clear;No;35.59107, -77.3783
874;875;No;25-29;26;No;Facing Traffic;B: Evident Injury;Sidewalk / Crosswalk / Driveway Crossing;White;Male;Charlotte;Mecklenburg;No;01/01/2002;23/10/2012;Crossing Paths - Other Circumstances;16;Intersection;01/10/2001;01/01/2001 16:20;Signalized Intersection - Other /;NA;2012;B: Evident Injury;Commercial;50-59;58;No;0-5 mph;O: No Injury;White;Male;Pickup;No;No;Daylight;Urban (>70% Developed);6 lanes;2;Curve - Level;Local Street;Dry;Two-Way, Divided, Positive Median Barrier;None;T-Intersection;Coarse Asphalt;Piedmont;Urban;30 - 35  MPH;Stop And Go Signal;Clear;No;35.19434, -80.8733
878;879;No;16-19;16;No;With Traffic;C: Possible Injury;Travel Lane;Black;Male;Concord;Cabarrus;No;01/01/2006;03/11/2012;Bicyclist Left Turn / Merge;15;Non-Intersection;01/11/2001;01/01/2001 15:24;Bicyclist Left Turn - Same Direction;NA;2012;C: Possible Injury;Residential;25-29;25;No;41-45 mph;O: No Injury;White;Female;Passenger Car;No;No;Daylight;Urban (>70% Developed);2 lanes;2;Straight - Level;NC Route;Dry;Two-Way, Divided, Unprotected Median;None;No Special Feature;Smooth Asphalt;Piedmont;Urban;40 - 45  MPH;No Control Present;Clear;No;35.43405, -80.6328
887;888;Yes;50-59;53;Yes;With Traffic;B: Evident Injury;Travel Lane;Black;Male;Durham;Durham;Yes;01/01/2007;18/11/2012;Motorist Overtaking Bicyclist;22;Non-Intersection;01/11/2001;01/01/2001 22:26;Motorist Overtaking - Undetected Bicyclist;NA;2012;B: Evident Injury;Commercial;60-69;69;No;21-25 mph;O: No Injury;Black;Male;Passenger Car;No;No;Dark - Lighted Roadway;Urban (>70% Developed);3 lanes;2;Straight - Grade;Local Street;Dry;One-Way, Not Divided;None;No Special Feature;Smooth Asphalt;Piedmont;Urban;20 - 25  MPH;No Control Present;Clear;No;35.99497, -78.8973
888;889;Yes;20-24;22;No;With Traffic;B: Evident Injury;Travel Lane;White;Male;Elizabethtown;Bladen;No;01/01/2003;24/10/2012;Bicyclist Failed to Yield - Signalized Intersection;16;Intersection;01/10/2001;01/01/2001 16:46;Bicyclist Ride Through - Signalized Intersection;NA;2012;B: Evident Injury;Commercial;0-19;16;No;11-15 mph;O: No Injury;White;Female;Passenger Car;No;No;Daylight;Mixed (30% To 70% Developed);2 lanes;2;Straight - Level;State Secondary Route;Dry;Two-Way, Not Divided;None;Four-Way Intersection;Smooth Asphalt;Coastal;Rural;30 - 35  MPH;Stop And Go Signal;Clear;No;34.62806, -78.6079
903;904;Yes;50-59;52;No;With Traffic;B: Evident Injury;Travel Lane;Black;Male;Mineral Springs;Union;No;01/01/2004;22/11/2012;Head-On;11;Non-Intersection;01/11/2001;01/01/2001 11:44;Head-On - Bicyclist;NA;2012;B: Evident Injury;Farms, Woods, Pastures;25-29;27;No;41-45 mph;O: No Injury;White;Female;Passenger Car;No;No;Daylight;Rural (<30% Developed);2 lanes;2;Straight - Grade;NC Route;Dry;Two-Way, Not Divided;None;No Special Feature;Smooth Asphalt;Piedmont;Rural;40 - 45  MPH;Double Yellow Line, No Passing Zone;Clear;No;34.93609, -80.6736
909;910;Yes;20-24;20;No;Facing Traffic;C: Possible Injury;Sidewalk / Crosswalk / Driveway Crossing;White;Female;Greensboro;Guilford;No;NA;27/08/2012;Motorist Failed to Yield - Midblock;17;Non-Intersection;01/08/2001;01/01/2001 17:10;Motorist Drive Out - Commercial Driveway / Alley;NA;2012;C: Possible Injury;Commercial;30-39;35;No;0-5 mph;O: No Injury;White;Male;Passenger Car;No;No;Daylight;Urban (>70% Developed);2 lanes;2;Straight - Level;Public Vehicular Area;Dry;Two-Way, Not Divided;None;Driveway, Public;Smooth Asphalt;Piedmont;Urban;5 - 15 MPH;No Control Present;Clear;No;36.06396, -79.8178
913;914;No;16-19;17;No;With Traffic;C: Possible Injury;Travel Lane;White;Male;Jonesville;Yadkin;No;01/01/2002;27/11/2012;Bicyclist Failed to Yield - Sign-Controlled Intersection;11;Intersection;01/11/2001;01/01/2001 11:14;Bicyclist Ride Through - Sign-Controlled Intersection;NA;2012;C: Possible Injury;Residential;40-49;43;No;31-35 mph;O: No Injury;White;Female;Sport Utility;No;No;Daylight;Mixed (30% To 70% Developed);2 lanes;2;Straight - Grade;Local Street;Wet;Two-Way, Not Divided;None;T-Intersection;Smooth Asphalt;Mountains;Rural;30 - 35  MPH;No Control Present;Rain;No;36.23988, -80.8489
917;918;Yes;20-24;20;No;Not Applicable;C: Possible Injury;Non-Roadway;Black;Male;Raleigh;Wake;No;01/01/2005;23/11/2012;Non-Roadway;14;Non-Roadway;01/11/2001;01/01/2001 14:43;Non-Roadway;NA;2012;C: Possible Injury;Commercial;30-39;39;No;11-15 mph;O: No Injury;Black;Male;Sport Utility;No;No;Daylight;Urban (>70% Developed);2 lanes;2;Straight - Level;Public Vehicular Area;Dry;Two-Way, Not Divided;None;No Special Feature;Smooth Asphalt;Piedmont;Urban;5 - 15 MPH;No Control Present;Cloudy;No;35.75482, -78.6148
918;919;Yes;20-24;24;No;Facing Traffic;O: No Injury;Sidewalk / Crosswalk / Driveway Crossing;White;Male;Raleigh;Wake;No;01/01/2002;27/11/2012;Motorist Failed to Yield - Midblock;14;Non-Intersection;01/11/2001;01/01/2001 14:34;Motorist Drive Out - Commercial Driveway / Alley;NA;2012;O: No Injury;Commercial;25-29;25;No;0-5 mph;O: No Injury;White;Male;Passenger Car;No;No;Daylight;Urban (>70% Developed);5 lanes;2;Straight - Grade;Local Street;Dry;Two-Way, Not Divided;None;No Special Feature;Smooth Asphalt;Piedmont;Urban;30 - 35  MPH;No Control Present;Cloudy;No;35.85613, -78.6436
922;923;No;70;0;No;NA;O: No Injury;Bike Lane / Paved Shoulder;Hispanic;Male;Clinton;Sampson;No;01/01/2003;28/11/2012;Bicyclist Failed to Yield - Midblock;13;Non-Intersection;01/11/2001;01/01/2001 13:55;Bicyclist Ride Out - Midblock -;NA;2012;O: No Injury;Residential;50-59;57;No;31-35 mph;O: No Injury;Black;Female;Passenger Car;No;No;Daylight;Urban (>70% Developed);2 lanes;2;Straight - Level;Local Street;Dry;Two-Way, Not Divided;None;No Special Feature;Coarse Asphalt;Coastal;Urban;30 - 35  MPH;No Control Present;Clear;No;34.98883, -78.331
926;927;Yes;50-59;56;No;With Traffic;C: Possible Injury;Travel Lane;Black;Male;Greenville;Pitt;No;01/01/2005;16/11/2012;Motorist Failed to Yield - Signalized Intersection;12;Intersection;01/11/2001;01/01/2001 12:45;Motorist Drive Out - Signalized Intersection;NA;2012;C: Possible Injury;Residential;40-49;47;No;0-5 mph;O: No Injury;White;Female;Passenger Car;No;No;Daylight;Urban (>70% Developed);2 lanes;2;Straight - Level;Local Street;Dry;Two-Way, Not Divided;None;T-Intersection;Smooth Asphalt;Coastal;Urban;30 - 35  MPH;No Control Present;Clear;No;35.59224, -77.3473
928;929;Yes;16-19;18;No;With Traffic;C: Possible Injury;Travel Lane;Hispanic;Male;Concord;Cabarrus;No;NA;12/11/2012;Motorist Overtaking Bicyclist;17;Non-Intersection;01/11/2001;01/01/2001 17:39;Motorist Overtaking - Undetected Bicyclist;NA;2012;C: Possible Injury;Residential;30-39;38;No;41-45 mph;O: No Injury;White;Male;Single Unit Truck (2-Axle, 6-Tire);No;No;Dark - Lighted Roadway;Urban (>70% Developed);2 lanes;2;Straight - Level;Local Street;Dry;Two-Way, Divided, Unprotected Median;None;No Special Feature;Smooth Asphalt;Piedmont;Urban;40 - 45  MPH;No Control Present;Clear;No;35.38232, -80.6848
931;932;Yes;40-49;41;Yes;Facing Traffic;K: Killed;Travel Lane;White;Male;None - Rural Crash;Nash;Yes;01/01/2004;29/11/2012;Bicyclist Right Turn / Merge;13;Non-Intersection;01/11/2001;01/01/2001 13:06;Bicyclist Right Turn - Same Direction;NA;2012;K: Killed;Farms, Woods, Pastures;40-49;45;No;51-55 mph;O: No Injury;Black;Female;Passenger Car;No;No;Daylight;Rural (<30% Developed);2 lanes;2;Straight - Level;State Secondary Route;Dry;Two-Way, Not Divided;None;No Special Feature;Smooth Asphalt;Coastal;Rural;50 - 55  MPH;No Control Present;Clear;No;35.77929, -78.1812
936;937;Yes;20-24;22;No;With Traffic;B: Evident Injury;Travel Lane;White;Male;None - Rural Crash;Orange;No;NA;03/12/2012;Motorist Failed to Yield - Sign-Controlled Intersection;16;Intersection;01/12/2001;01/01/2001 15:59;Motorist Drive Out - Sign-Controlled Intersection;NA;2012;B: Evident Injury;Farms, Woods, Pastures;40-49;40;No;21-25 mph;O: No Injury;White;Male;Passenger Car;No;No;Daylight;Rural (<30% Developed);2 lanes;2;Straight - Grade;State Secondary Route;Dry;Two-Way, Not Divided;None;T-Intersection;Smooth Asphalt;Piedmont;Rural;40 - 45  MPH;Stop Sign;Clear;No;36.03282, -79.0383
938;939;No;10-juin;6;No;NA;O: No Injury;NA;Native American;Male;Fayetteville;Cumberland;No;NA;12/11/2012;Other /  - Insufficient Details;16;Non-Intersection;01/11/2001;01/01/2001 16:32;Approach Paths;NA;2012;O: No Injury;Residential;40-49;40;No;NA;O: No Injury;Black;Female;Sport Utility;No;No;Daylight;Mixed (30% To 70% Developed);1 lane;2;Straight - Level;Public Vehicular Area;Dry;Two-Way, Not Divided;None;Driveway, Public;Concrete;Coastal;Urban;5 - 15 MPH;Stop Sign;Clear;No;34.99453, -78.9104
939;940;No;50-59;53;No;Facing Traffic;B: Evident Injury;Sidewalk / Crosswalk / Driveway Crossing;White;Male;Asheville;Buncombe;No;01/01/2006;10/11/2012;Motorist Failed to Yield - Sign-Controlled Intersection;13;Intersection;01/11/2001;01/01/2001 13:10;Motorist Drive Out - Sign-Controlled Intersection;NA;2012;B: Evident Injury;Commercial;40-49;44;No;NA;O: No Injury;White;Female;Passenger Car;No;No;Daylight;Urban (>70% Developed);4 lanes;2;Straight - Grade;US Route;Dry;Two-Way, Divided, Unprotected Median;None;T-Intersection;Smooth Asphalt;Mountains;Urban;40 - 45  MPH;Stop Sign;Clear;No;35.57693, -82.6116
940;941;Yes;50-59;54;No;With Traffic;C: Possible Injury;Travel Lane;White;Male;Chapel Hill;Orange;No;01/01/2002;27/11/2012;Bicyclist Overtaking Motorist;17;Intersection-Related;01/11/2001;01/01/2001 17:24;Bicyclist Overtaking - Extended Door;NA;2012;C: Possible Injury;Residential;30-39;31;No;0-5 mph;O: No Injury;White;Female;Passenger Car;No;No;Dark - Lighted Roadway;Urban (>70% Developed);2 lanes;2;Straight - Level;Local Street;Wet;Two-Way, Divided, Unprotected Median;None;No Special Feature;Smooth Asphalt;Piedmont;Urban;20 - 25  MPH;Double Yellow Line, No Passing Zone;Rain;No;35.91165, -79.0626
945;946;Yes;50-59;56;No;With Traffic;C: Possible Injury;Travel Lane;Black;Male;Greenville;Pitt;No;01/01/2002;04/12/2012;Bicyclist Failed to Yield - Sign-Controlled Intersection;13;Intersection;01/12/2001;01/01/2001 13:45;Bicyclist Ride Out - Sign-Controlled Intersection;NA;2012;C: Possible Injury;Commercial;20-24;21;No;41-45 mph;O: No Injury;White;Female;Passenger Car;No;No;Daylight;Urban (>70% Developed);7 lanes;2;Straight - Level;NC Route;Dry;Two-Way, Not Divided;None;T-Intersection;Smooth Asphalt;Coastal;Urban;40 - 45  MPH;No Control Present;Clear;No;35.60871, -77.3946
946;947;Yes;50-59;50;No;With Traffic;B: Evident Injury;Travel Lane;Black;Male;Greenville;Pitt;No;NA;03/12/2012;Bicyclist Failed to Yield - Sign-Controlled Intersection;19;Intersection;01/12/2001;01/01/2001 19:47;Bicyclist Ride Out - Sign-Controlled Intersection;NA;2012;B: Evident Injury;Residential;50-59;51;No;16-20 mph;O: No Injury;Black;Male;Pickup;No;No;Dark - Lighted Roadway;Urban (>70% Developed);2 lanes;2;Straight - Level;Local Street;Dry;Two-Way, Not Divided;None;No Special Feature;Coarse Asphalt;Coastal;Urban;20 - 25  MPH;Stop Sign;Clear;No;35.60262, -77.3742
947;948;No;NA;0;No;With Traffic;Injury;Travel Lane;/Missing;NA;Shelby;Cleveland;No;01/01/2005;16/11/2012;Motorist Left Turn / Merge;16;Intersection;01/11/2001;01/01/2001 16:02;Motorist Left Turn - Opposite Direction;NA;2012;O: No Injury;Commercial;40-49;43;No;6-10 mph;O: No Injury;White;Male;Sport Utility;No;No;Daylight;Mixed (30% To 70% Developed);3 lanes;2;Straight - Level;US Route;Dry;Two-Way, Divided, Positive Median Barrier;None;Four-Way Intersection;Smooth Asphalt;Mountains;Urban;40 - 45  MPH;Stop And Go Signal;Clear;No;35.29354, -81.5983
953;954;Yes;40-49;42;No;With Traffic;B: Evident Injury;Travel Lane;White;Male;None - Rural Crash;Iredell;No;NA;10/12/2012;Motorist Overtaking Bicyclist;16;Non-Intersection;01/12/2001;01/01/2001 16:49;Motorist Overtaking - Other /;NA;2012;B: Evident Injury;Residential;20-24;20;No;41-45 mph;O: No Injury;White;Female;Passenger Car;No;No;Daylight;Mixed (30% To 70% Developed);2 lanes;2;Straight - Level;State Secondary Route;Wet;Two-Way, Not Divided;None;No Special Feature;Smooth Asphalt;Piedmont;Rural;50 - 55  MPH;Double Yellow Line, No Passing Zone;Rain;No;35.64592, -80.8092
959;960;Yes;30-39;35;No;Facing Traffic;O: No Injury;Sidewalk / Crosswalk / Driveway Crossing;Hispanic;Male;Charlotte;Mecklenburg;No;01/01/2003;12/12/2012;Motorist Failed to Yield - Midblock;9;Non-Intersection;01/12/2001;01/01/2001 09:10;Motorist Drive Out - Residential Driveway;NA;2012;B: Evident Injury;Residential;40-49;49;No;0-5 mph;O: No Injury;White;Male;Passenger Car;No;No;Daylight;Urban (>70% Developed);2 lanes;2;Straight - Level;Local Street;Dry;Two-Way, Divided, Unprotected Median;None;Driveway, Public;Concrete;Piedmont;Urban;20 - 25  MPH;Stop Sign;Cloudy;No;35.1863, -80.7443
963;964;Yes;40-49;40;No;Facing Traffic;C: Possible Injury;Sidewalk / Crosswalk / Driveway Crossing;White;Male;Greensboro;Guilford;No;01/01/2005;14/12/2012;Motorist Failed to Yield - Sign-Controlled Intersection;17;Intersection;01/12/2001;01/01/2001 17:49;Motorist Drive Out - Sign-Controlled Intersection;NA;2012;C: Possible Injury;Commercial;40-49;44;No;0-5 mph;O: No Injury;White;Male;Passenger Car;No;No;Dark - Lighted Roadway;Urban (>70% Developed);4 lanes;2;Straight - Bottom;Local Street;Dry;One-Way, Not Divided;None;Four-Way Intersection;Coarse Asphalt;Piedmont;Urban;20 - 25  MPH;Stop Sign;Clear;No;36.07581, -79.797