FID;OBJECTID;AmbulanceR;BikeAge_Gr;Bike_Age;Bike_Alc_D;Bike_Dir;Bike_Injur;Bike_Pos;Bike_Race;Bike_Sex;City;County;CrashAlcoh;CrashDay;Crash_Date;Crash_Grp;Crash_Hour;Crash_Loc;Crash_Mont;Crash_Time;Crash_Type;Crash_Ty_1;Crash_Year;Crsh_Sevri;Developmen;DrvrAge_Gr;Drvr_Age;Drvr_Alc_D;Drvr_EstSp;Drvr_Injur;Drvr_Race;Drvr_Sex;Drvr_VehTy;ExcsSpdInd;Hit_Run;Light_Cond;Locality;Num_Lanes;Num_Units;Rd_Charact;Rd_Class;Rd_Conditi;Rd_Config;Rd_Defects;Rd_Feature;Rd_Surface;Region;Rural_Urba;Speed_Limi;Traff_Cntr;Weather;Workzone_I;Location
965;966;Yes;50-59;56;No;With Traffic;A: Disabling Injury;Travel Lane;White;Female;Weddington;Union;No;01/01/2006;15/12/2012;Motorist Failed to Yield - Sign-Controlled Intersection;16;Intersection;01/12/2001;01/01/2001 16:48;Motorist Drive Out - Sign-Controlled Intersection;NA;2012;A: Disabling Injury;Farms, Woods, Pastures;30-39;32;No;6-10 mph;O: No Injury;Black;Female;Passenger Car;No;No;Daylight;Rural (<30% Developed);1 lane;2;Curve - Level;State Secondary Route;Dry;One-Way, Not Divided;None;Traffic Circle/Roundabout;Smooth Asphalt;Piedmont;Urban;40 - 45  MPH;Yield Sign;Clear;No;35.02387, -80.6915
969;970;Yes;NA;0;Missing;Facing Traffic;Injury;Sidewalk / Crosswalk / Driveway Crossing;/Missing;NA;Greensboro;Guilford;No;01/01/2004;24/05/2012;Motorist Failed to Yield - Midblock;11;Non-Intersection;01/05/2001;01/01/2001 11:36;Motorist Drive Out - Commercial Driveway / Alley;NA;2012;O: No Injury;Commercial;30-39;38;No;0-5 mph;O: No Injury;White;Female;Passenger Car;No;No;Daylight;Urban (>70% Developed);4 lanes;2;Straight - Level;Local Street;Dry;Two-Way, Not Divided;None;No Special Feature;Smooth Asphalt;Piedmont;Urban;30 - 35  MPH;Stop Sign;Clear;No;36.07069, -79.869
975;976;Yes;60-69;61;No;With Traffic;Injury;Travel Lane;Black;Male;Morehead City;Carteret;No;01/01/2003;05/12/2012;Motorist Overtaking Bicyclist;16;Intersection-Related;01/12/2001;01/01/2001 16:06;Motorist Overtaking - Undetected Bicyclist;NA;2012;Injury;Residential;20-24;20;No;11-15 mph;Injury;White;Male;Pickup;No;No;Daylight;Urban (>70% Developed);2 lanes;2;Straight - Level;Local Street;Dry;Two-Way, Not Divided;None;No Special Feature;Smooth Asphalt;Coastal;Urban;20 - 25  MPH;No Control Present;Clear;No;34.72393, -76.7229
977;978;Yes;16-19;18;No;With Traffic;B: Evident Injury;Bike Lane / Paved Shoulder;White;Male;Wilmington;New Hanover;No;01/01/2002;04/12/2012;Motorist Right Turn / Merge;17;Non-Intersection;01/12/2001;01/01/2001 17:47;Motorist Right Turn - Same Direction;NA;2012;B: Evident Injury;Commercial;20-24;24;No;16-20 mph;O: No Injury;White;Male;Passenger Car;No;No;Dark - Lighted Roadway;Urban (>70% Developed);3 lanes;2;Straight - Level;Local Street;Dry;Two-Way, Divided, Unprotected Median;None;Driveway, Public;Coarse Asphalt;Coastal;Urban;30 - 35  MPH;No Control Present;Cloudy;No;34.21435, -77.887
990;991;Yes;20-24;21;No;With Traffic;A: Disabling Injury;Travel Lane;White;Male;None - Rural Crash;Duplin;No;NA;17/12/2012;Motorist Overtaking Bicyclist;19;Non-Intersection;01/12/2001;01/01/2001 19:04;Motorist Overtaking - Other /;NA;2012;A: Disabling Injury;Farms, Woods, Pastures;NA;NA;Missing;51-55 mph;Injury;/Missing;NA;NA;No;Yes;Dark - Roadway Not Lighted;Rural (<30% Developed);4 lanes;2;Straight - Level;NC Route;Wet;Two-Way, Divided, Unprotected Median;None;No Special Feature;Coarse Asphalt;Coastal;Rural;50 - 55  MPH;No Control Present;Rain;No;34.92466, -77.7785
993;994;Yes;50-59;53;No;With Traffic;A: Disabling Injury;Travel Lane;White;Male;None - Rural Crash;Carteret;No;01/01/2007;30/12/2012;Motorist Overtaking Bicyclist;13;Non-Intersection;01/12/2001;01/01/2001 13:54;Motorist Overtaking - Other /;NA;2012;A: Disabling Injury;Commercial;70;70;No;46-50 mph;O: No Injury;White;Male;Pickup;No;No;Daylight;Mixed (30% To 70% Developed);2 lanes;2;Straight - Level;US Route;Dry;Two-Way, Not Divided;None;No Special Feature;Coarse Asphalt;Coastal;Rural;50 - 55  MPH;No Control Present;Clear;No;34.76595, -76.5392
995;996;Yes;40-49;48;Yes;With Traffic;K: Killed;Travel Lane;Black;Male;Goldsboro;Wayne;Yes;01/01/2004;20/12/2012;Bicyclist Left Turn / Merge;17;Non-Intersection;01/12/2001;01/01/2001 17:50;Bicyclist Left Turn - Opposite Direction;NA;2012;K: Killed;Commercial;40-49;48;No;26-30 mph;O: No Injury;White;Male;Pickup;No;No;Dusk;Urban (>70% Developed);5 lanes;2;Straight - Level;Local Street;Dry;Two-Way, Not Divided;None;No Special Feature;Smooth Asphalt;Coastal;Urban;30 - 35  MPH;No Control Present;Cloudy;No;35.38777, -77.9805
1010;1011;No;60-69;67;No;Facing Traffic;C: Possible Injury;Travel Lane;Black;Male;New Bern;Craven;No;01/01/2004;24/05/2012;Motorist Failed to Yield - Sign-Controlled Intersection;12;Intersection;01/05/2001;01/01/2001 12:43;Motorist Drive Out - Sign-Controlled Intersection;NA;2012;C: Possible Injury;Commercial;70;70;No;0-5 mph;O: No Injury;White;Female;Passenger Car;No;No;Daylight;Urban (>70% Developed);4 lanes;2;Straight - Level;Local Street;Dry;Two-Way, Not Divided;None;T-Intersection;Smooth Asphalt;Coastal;Urban;30 - 35  MPH;Stop Sign;Clear;No;35.11296, -77.0681
1015;1016;Yes;15-nov;11;No;With Traffic;A: Disabling Injury;Travel Lane;Hispanic;Male;Thomasville;Davidson;No;01/01/2003;11/07/2012;Head-On;20;Non-Intersection;01/07/2001;01/01/2001 20:31;Head-On - Bicyclist;NA;2012;A: Disabling Injury;Residential;50-59;57;No;21-25 mph;O: No Injury;White;Female;Passenger Car;No;No;Dark - Lighted Roadway;Mixed (30% To 70% Developed);2 lanes;2;Straight - Level;Local Street;Dry;Two-Way, Not Divided;None;No Special Feature;Coarse Asphalt;Piedmont;Urban;30 - 35  MPH;No Control Present;Cloudy;No;35.88971, -80.0553
1019;1020;Yes;15-nov;12;No;With Traffic;B: Evident Injury;Travel Lane;Black;Male;Dunn;Harnett;No;01/01/2005;12/10/2012;Motorist Overtaking Bicyclist;6;Non-Intersection;01/10/2001;01/01/2001 06:47;Motorist Overtaking - Other /;NA;2012;B: Evident Injury;Residential;30-39;36;No;31-35 mph;O: No Injury;Black;Female;Passenger Car;No;No;Dark - Roadway Not Lighted;Urban (>70% Developed);2 lanes;2;Straight - Level;Local Street;Dry;Two-Way, Not Divided;None;No Special Feature;Coarse Asphalt;Coastal;Urban;30 - 35  MPH;No Control Present;Clear;No;35.30401, -78.6202
3;4;Yes;30-39;30;No;With Traffic;C: Possible Injury;Travel Lane;White;Male;Salisbury;Rowan;No;01/01/2005;19/01/2007;Motorist Left Turn / Merge;17;Intersection;NA;01/01/2001 17:24;Motorist Left Turn - Opposite Direction;111212;2007;C: Possible Injury;Commercial;NA;NA;No;31-35 mph;Injury;/Missing;NA;Sport Utility;No;Yes;Daylight;Urban (>70% Developed);2 lanes;2;Straight - Grade;Local Street;Dry;Two-Way, Not Divided;None;Four-Way Intersection;Smooth Asphalt;Piedmont;Urban;30 - 35  MPH;No Control Present;Cloudy;No;35.6844, -80.47932
5;6;Yes;50-59;58;No;With Traffic;B: Evident Injury;Sidewalk / Crosswalk / Driveway Crossing;White;Male;Salisbury;Rowan;No;01/01/2003;31/01/2007;Bicyclist Failed to Yield - Signalized Intersection;9;Intersection;NA;01/01/2001 09:24;Bicyclist Ride Out - Signalized  Intersection;131153;2007;B: Evident Injury;Residential;NA;NA;No;21-25 mph;Injury;/Missing;NA;Passenger Car;No;Yes;Daylight;Urban (>70% Developed);2 lanes;2;Straight - Grade;Local Street;Dry;Two-Way, Not Divided;None;Four-Way Intersection;Smooth Asphalt;Piedmont;Urban;30 - 35  MPH;Stop And Go Signal;Clear;No;35.666668, -80.47759
11;12;Yes;30-39;35;No;With Traffic;B: Evident Injury;Travel Lane;Black;Male;Raleigh;Wake;No;01/01/2002;02/01/2007;Motorist Overtaking Bicyclist;11;Non-Intersection;NA;01/01/2001 11:31;Motorist Overtaking - Other /;311239;2007;B: Evident Injury;Commercial;25-29;27;No;31-35 mph;O: No Injury;White;Male;Pickup;No;No;Dark - Lighted Roadway;Urban (>70% Developed);6 lanes;2;Straight - Level;Local Street;Dry;Two-Way, Divided, Unprotected Median;None;No Special Feature;Coarse Asphalt;Piedmont;Urban;40 - 45  MPH;No Control Present;Clear;No;35.854084, -78.580986
16;17;Yes;NA;10;No;Not Applicable;A: Disabling Injury;Non-Roadway;White;Male;None - Rural Crash;Davie;No;01/01/2006;06/01/2007;Bicyclist Failed to Yield - Midblock;13;Non-Intersection;NA;01/01/2001 13:57;Bicyclist Ride Out - Other Midblock;363318;2007;A: Disabling Injury;Residential;25-29;26;No;16-20 mph;O: No Injury;White;Female;Passenger Car;No;No;Daylight;Urban (>70% Developed);2 lanes;2;Straight - Level;Public Vehicular Area;Dry;Two-Way, Not Divided;None;No Special Feature;Smooth Asphalt;Piedmont;Rural;50 - 55  MPH;No Control Present;Clear;No;36.01364, -80.4382
19;20;No;30-39;31;Yes;Facing Traffic;B: Evident Injury;Sidewalk / Crosswalk / Driveway Crossing;Hispanic;Male;Gastonia;Gaston;Yes;01/01/2006;06/01/2007;Motorist Failed to Yield - Midblock;13;Non-Intersection;NA;01/01/2001 13:29;Motorist Drive Out - Commercial Driveway / Alley;332322;2007;B: Evident Injury;Commercial;25-29;29;No;0-5 mph;O: No Injury;White;Male;Pickup;No;No;Daylight;Urban (>70% Developed);NA;2;Straight - Level;Public Vehicular Area;Dry;Two-Way, Not Divided;None;Driveway, Public;Smooth Asphalt;Piedmont;Urban;NA;No Control Present;Clear;No;35.262295, -81.15347
21;22;No;50-59;54;No;Facing Traffic;C: Possible Injury;Travel Lane;Black;Male;Winston-Salem;Forsyth;No;NA;08/01/2007;Head-On;15;Non-Intersection;NA;01/01/2001 15:00;Head-On - Bicyclist;312250;2007;C: Possible Injury;Commercial;40-49;46;No;31-35 mph;O: No Injury;White;Male;Passenger Car;No;No;Daylight;Urban (>70% Developed);2 lanes;2;Straight - Level;Local Street;Dry;Two-Way, Not Divided;None;T-Intersection;Coarse Asphalt;Piedmont;Urban;30 - 35  MPH;No Control Present;Clear;No;36.12228, -80.23296
23;24;Yes;30-39;33;No;With Traffic;B: Evident Injury;Travel Lane;White;Female;Greensboro;Guilford;No;01/01/2006;13/01/2007;Motorist Left Turn / Merge;11;Intersection;NA;01/01/2001 11:22;Motorist Left Turn - Opposite Direction;111212;2007;B: Evident Injury;Residential;70+;NA;No;11-15 mph;O: No Injury;White;Female;Passenger Car;No;No;Daylight;Urban (>70% Developed);4 lanes;2;Straight - Level;Local Street;Dry;Two-Way, Not Divided;None;Four-Way Intersection;Smooth Asphalt;Piedmont;Urban;30 - 35  MPH;Stop And Go Signal;Clear;No;36.089798, -79.84083
25;26;Yes;NA;13;Yes;Facing Traffic;C: Possible Injury;Travel Lane;Black;Male;None - Rural Crash;Iredell;Yes;01/01/2002;16/01/2007;Head-On;17;Non-Intersection;NA;01/01/2001 17:44;Head-On - Bicyclist;312250;2007;C: Possible Injury;Farms, Woods, Pastures;NA;NA;Missing;NA;Injury;/Missing;NA;NA;No;Yes;Dusk;Rural (<30% Developed);2 lanes;2;Straight - Grade;NC Route;Dry;Two-Way, Not Divided;None;No Special Feature;Smooth Asphalt;Piedmont;Rural;40 - 45  MPH;Double Yellow Line, No Passing Zone;Clear;No;35.80795, -80.94646
27;28;Yes;20-24;21;No;With Traffic;C: Possible Injury;Travel Lane;White;Male;None - Rural Crash;Orange;No;01/01/2002;09/01/2007;Motorist Overtaking Bicyclist;8;Non-Intersection;NA;01/01/2001 08:40;Motorist Overtaking - Misjudged Space;311232;2007;C: Possible Injury;Farms, Woods, Pastures;NA;NA;Missing;16-20 mph;Injury;/Missing;NA;NA;No;Yes;Daylight;Rural (<30% Developed);2 lanes;2;Straight - Level;State Secondary Route;Dry;Two-Way, Not Divided;None;No Special Feature;Smooth Asphalt;Piedmont;Rural;40 - 45  MPH;No Control Present;Clear;No;35.938232, -79.1048
28;29;Yes;40-49;42;No;With Traffic;K: Killed;Bike Lane / Paved Shoulder;White;Male;Charlotte;Mecklenburg;Yes;01/01/2002;09/01/2007;Motorist Overtaking Bicyclist;8;Non-Intersection;NA;01/01/2001 08:21;Motorist Overtaking - Other /;321239;2007;K: Killed;Residential;25-29;27;Yes;36-40 mph;O: No Injury;White;Female;Passenger Car;No;No;Daylight;Urban (>70% Developed);2 lanes;2;Straight - Level;Local Street;Dry;Two-Way, Not Divided;None;No Special Feature;Smooth Asphalt;Piedmont;Urban;40 - 45  MPH;No Control Present;Clear;No;35.17583, -80.71236
30;31;No;50-59;50;No;With Traffic;C: Possible Injury;Travel Lane;White;Male;Charlotte;Mecklenburg;No;01/01/2004;11/01/2007;Bicyclist Failed to Yield - Signalized Intersection;11;Intersection;NA;01/01/2001 10:59;Bicyclist Ride Out - Signalized  Intersection;111153;2007;C: Possible Injury;Commercial;NA;NA;Missing;26-30 mph;Injury;/Missing;NA;NA;No;Yes;Daylight;Urban (>70% Developed);3 lanes;2;Straight - Level;Local Street;Dry;Two-Way, Not Divided;None;No Special Feature;Smooth Asphalt;Piedmont;Urban;40 - 45  MPH;Stop And Go Signal;Clear;No;35.245506, -80.8931
31;32;Yes;NA;12;No;Not Applicable;A: Disabling Injury;Driveway / Alley;Black;Male;Winston-Salem;Forsyth;No;01/01/2005;12/01/2007;Bicyclist Failed to Yield - Midblock;19;Non-Intersection;NA;01/01/2001 19:18;Bicyclist Ride Out - Commercial Driveway / Alley;353312;2007;A: Disabling Injury;Residential;25-29;28;No;21-25 mph;O: No Injury;Hispanic;Male;NA;No;Yes;Dark - Lighted Roadway;Urban (>70% Developed);2 lanes;2;Straight - Grade;Local Street;Dry;Two-Way, Not Divided;None;No Special Feature;Smooth Asphalt;Piedmont;Urban;20 - 25  MPH;No Control Present;Clear;No;36.08168, -80.22822
36;37;Yes;NA;11;No;Not Applicable;B: Evident Injury;Non-Roadway;Black;Male;Durham;Durham;No;01/01/2005;23/03/2007;Bicyclist Failed to Yield - Signalized Intersection;18;Intersection-Related;01/03/2001;01/01/2001 18:10;Bicyclist Ride Out - Signalized  Intersection;263153;2007;B: Evident Injury;Commercial;20-24;24;No;21-25 mph;O: No Injury;Black;Male;Passenger Car;No;No;Daylight;Urban (>70% Developed);2 lanes;2;Straight - Level;Local Street;Dry;Two-Way, Not Divided;None;No Special Feature;Smooth Asphalt;Piedmont;Urban;30 - 35  MPH;No Control Present;Clear;No;35.99294, -78.870125
37;38;Yes;25-29;28;No;With Traffic;B: Evident Injury;Travel Lane;Black;Male;Durham;Durham;No;01/01/2006;24/03/2007;Motorist Failed to Yield - Sign-Controlled Intersection;20;Intersection;01/03/2001;01/01/2001 20:40;Motorist Drive Out - Sign-Controlled Intersection;111141;2007;B: Evident Injury;Residential;NA;NA;Missing;6-10 mph;Injury;/Missing;NA;Passenger Car;No;Yes;Dark - Roadway Not Lighted;Urban (>70% Developed);4 lanes;2;Straight - Grade;Local Street;Dry;Two-Way, Not Divided;None;Four-Way Intersection;Coarse Asphalt;Piedmont;Urban;30 - 35  MPH;Stop Sign;Clear;No;35.991573, -78.874756
41;42;Yes;40-49;46;No;With Traffic;K: Killed;Bike Lane / Paved Shoulder;White;Male;None - Rural Crash;Cleveland;No;01/01/2005;19/01/2007;Parallel Paths - Other Circumstances;12;Non-Intersection;NA;01/01/2001 12:05;Parallel Paths - Other /;321280;2007;K: Killed;Farms, Woods, Pastures;30-39;35;No;56-60 mph;O: No Injury;White;Male;Tractor/Semi-Trailer;No;No;Daylight;Rural (<30% Developed);4 lanes;2;Straight - Level;US Route;Dry;Two-Way, Divided, Positive Median Barrier;None;No Special Feature;Smooth Asphalt;Mountains;Rural;60 - 75 MPH;No Control Present;Clear;No;35.246716, -81.42572
44;45;No;30-39;32;No;With Traffic;O: No Injury;Travel Lane;Black;Male;Charlotte;Mecklenburg;No;01/01/2005;19/01/2007;Loss of Control / Turning Error;11;Intersection-Related;NA;01/01/2001 11:37;Bicyclist Turning Error - Right Turn;211115;2007;O: No Injury;Residential;40-49;44;No;0-5 mph;O: No Injury;White;Male;Passenger Car;No;No;Daylight;Urban (>70% Developed);2 lanes;2;Straight - Level;Local Street;Dry;Two-Way, Not Divided;None;No Special Feature;Smooth Asphalt;Piedmont;Urban;20 - 25  MPH;Stop Sign;Clear;No;35.211964, -80.855385
64;65;No;15-nov;13;No;With Traffic;Injury;Sidewalk / Crosswalk / Driveway Crossing;/Missing;Male;Havelock;Craven;No;01/01/2003;07/02/2007;Motorist Right Turn / Merge;7;Non-Intersection;01/02/2001;01/01/2001 07:35;Motorist Right Turn - Same Direction;331213;2007;O: No Injury;Commercial;0-19;17;No;6-10 mph;O: No Injury;White;Female;Pickup;No;No;Daylight;Urban (>70% Developed);4 lanes;2;Straight - Level;Public Vehicular Area;Dry;Two-Way, Not Divided;None;Driveway, Public;Smooth Asphalt;Coastal;Urban;30 - 35  MPH;No Control Present;Clear;No;34.882698, -76.91064
68;69;Yes;20-24;20;Yes;NA;B: Evident Injury;Travel Lane;Hispanic;Male;Monroe;Union;Yes;NA;12/02/2007;Bicyclist Failed to Yield - Sign-Controlled Intersection;19;Intersection;01/02/2001;01/01/2001 19:43;Bicyclist Ride Out - Sign-Controlled Intersection;119142;2007;B: Evident Injury;Commercial;30-39;32;No;31-35 mph;O: No Injury;White;Female;Passenger Car;No;No;Dark - Roadway Not Lighted;Urban (>70% Developed);2 lanes;2;Straight - Level;NC Route;Dry;Two-Way, Not Divided;None;Four-Way Intersection;Coarse Asphalt;Piedmont;Urban;30 - 35  MPH;Stop Sign;Clear;No;34.974567, -80.55748
70;71;Yes;15-nov;11;No;With Traffic;C: Possible Injury;NA;White;Female;Cary;Wake;No;01/01/2007;22/04/2007;Crossing Paths - Other Circumstances;16;Intersection;01/04/2001;01/01/2001 16:39;Crossing Paths - Intersection - Other /;191180;2007;C: Possible Injury;Residential;20-24;20;No;46-50 mph;O: No Injury;White;Male;Passenger Car;No;No;Daylight;Urban (>70% Developed);4 lanes;2;Curve - Grade;State Secondary Route;Dry;Two-Way, Divided, Unprotected Median;None;No Special Feature;Smooth Asphalt;Piedmont;Urban;30 - 35  MPH;No Control Present;Clear;No;35.767086, -78.767784
505;506;No;10-juin;8;No;Facing Traffic;B: Evident Injury;Travel Lane;White;Female;Emerald Isle;Carteret;No;01/01/2003;04/07/2007;Parallel Paths - Other Circumstances;16;Non-Intersection;01/07/2001;01/01/2001 16:49;Parallel Paths - Other /;312280;2007;B: Evident Injury;Residential;50-59;59;No;0-5 mph;O: No Injury;White;Female;Passenger Car;No;No;Daylight;Urban (>70% Developed);2 lanes;2;Straight - Hillcrest;Local Street;Dry;Two-Way, Not Divided;None;Driveway, Public;Coarse Asphalt;Coastal;Rural;20 - 25  MPH;No Control Present;Clear;No;34.670452, -76.99141
509;510;No;16-19;16;No;Facing Traffic;C: Possible Injury;Sidewalk / Crosswalk / Driveway Crossing;White;Male;Oak Island;Brunswick;No;01/01/2005;06/07/2007;Motorist Failed to Yield - Sign-Controlled Intersection;18;Intersection;01/07/2001;01/01/2001 18:13;Motorist Drive Out - Sign-Controlled Intersection;132141;2007;C: Possible Injury;Residential;60-69;63;No;0-5 mph;O: No Injury;White;Male;Sport Utility;No;No;Daylight;Urban (>70% Developed);2 lanes;2;Straight - Level;Local Street;Dry;Two-Way, Not Divided;None;Four-Way Intersection;Smooth Asphalt;Coastal;Urban;20 - 25  MPH;Stop Sign;Clear;No;33.909832, -78.095474
513;514;Yes;40-49;49;Yes;Facing Traffic;C: Possible Injury;Sidewalk / Crosswalk / Driveway Crossing;Black;Male;Lumberton;Robeson;Yes;01/01/2006;07/07/2007;Motorist Right Turn / Merge;16;Non-Intersection;01/07/2001;01/01/2001 16:31;Motorist Right Turn - Opposite Direction;332214;2007;C: Possible Injury;Commercial;70+;NA;No;31-35 mph;O: No Injury;Black;Male;Passenger Car;No;No;Dusk;Urban (>70% Developed);4 lanes;2;Straight - Level;Public Vehicular Area;Wet;Two-Way, Not Divided;None;Driveway, Public;Smooth Asphalt;Coastal;Urban;30 - 35  MPH;No Control Present;Cloudy;No;34.61778, -79.01531
519;520;Yes;30-39;33;No;With Traffic;B: Evident Injury;Travel Lane;White;Male;Hickory;Catawba;No;01/01/2002;10/07/2007;Motorist Left Turn / Merge;12;Intersection;01/07/2001;01/01/2001 12:13;Motorist Left Turn - Opposite Direction;111212;2007;B: Evident Injury;Commercial;70+;NA;No;0-5 mph;O: No Injury;White;Female;Passenger Car;No;No;Daylight;Urban (>70% Developed);3 lanes;2;Straight - Level;Local Street;Dry;Two-Way, Not Divided;None;Four-Way Intersection;Coarse Asphalt;Piedmont;Urban;30 - 35  MPH;Stop And Go Signal;Cloudy;No;35.73852, -81.33565
521;522;Yes;20-24;20;No;Facing Traffic;C: Possible Injury;Multi-use Path;White;Female;Kill Devil Hills;Dare;No;01/01/2003;11/07/2007;Motorist Failed to Yield - Sign-Controlled Intersection;12;Intersection;01/07/2001;01/01/2001 12:54;Motorist Drive Out - Sign-Controlled Intersection;142141;2007;C: Possible Injury;Residential;50-59;54;No;0-5 mph;O: No Injury;White;Male;Passenger Car;No;No;Daylight;Urban (>70% Developed);2 lanes;2;Straight - Level;Local Street;Dry;Two-Way, Not Divided;None;T-Intersection;Coarse Asphalt;Coastal;Urban;30 - 35  MPH;Stop Sign;Clear;No;36.029617, -75.6667
527;528;No;30-39;35;No;With Traffic;C: Possible Injury;Travel Lane;Black;Female;Statesville;Iredell;No;01/01/2004;12/07/2007;Motorist Overtaking Bicyclist;20;Intersection-Related;01/07/2001;01/01/2001 20:29;Motorist Overtaking - Other /;211239;2007;C: Possible Injury;Residential;40-49;41;No;6-10 mph;Injury;Black;Male;NA;No;Yes;Dark -  Lighting;Urban (>70% Developed);2 lanes;2;Straight - Level;Local Street;Dry;Two-Way, Not Divided;None;No Special Feature;Smooth Asphalt;Piedmont;Urban;30 - 35  MPH;No Control Present;Clear;No;35.764915, -80.896095
530;531;Yes;NA;NA;No;With Traffic;B: Evident Injury;Travel Lane;White;Male;None - Rural Crash;Wake;No;01/01/2005;13/07/2007;Bicyclist Overtaking Motorist;17;Non-Intersection;01/07/2001;01/01/2001 17:22;Bicyclist Overtaking - Other /;311249;2007;B: Evident Injury;Farms, Woods, Pastures;40-49;42;No;NA;O: No Injury;Asian;Female;Passenger Car;No;No;Daylight;Rural (<30% Developed);2 lanes;2;Straight - Level;State Secondary Route;Dry;Two-Way, Not Divided;None;No Special Feature;Smooth Asphalt;Piedmont;Rural;40 - 45  MPH;Double Yellow Line, No Passing Zone;Clear;No;35.91785, -78.63391
537;538;Yes;30-39;36;No;With Traffic;B: Evident Injury;Travel Lane;Black;Male;None - Rural Crash;Brunswick;No;01/01/2002;03/07/2007;Motorist Overtaking Bicyclist;23;Non-Intersection;01/07/2001;01/01/2001 23:06;Motorist Overtaking - Undetected Bicyclist;311231;2007;B: Evident Injury;Farms, Woods, Pastures;NA;NA;Missing;36-40 mph;Injury;/Missing;NA;NA;No;Yes;Dark - Roadway Not Lighted;Rural (<30% Developed);2 lanes;2;Straight - Level;State Secondary Route;Dry;Two-Way, Not Divided;None;No Special Feature;Smooth Asphalt;Coastal;Rural;50 - 55  MPH;Double Yellow Line, No Passing Zone;Clear;No;34.304356, -78.07717
543;544;Yes;30-39;34;No;With Traffic;B: Evident Injury;Bike Lane / Paved Shoulder;White;Male;Charlotte;Mecklenburg;No;01/01/2007;21/10/2007;Motorist Right Turn / Merge;16;Intersection;01/10/2001;01/01/2001 16:01;Motorist Right Turn - Same Direction;121213;2007;B: Evident Injury;Commercial;40-49;45;No;31-35 mph;O: No Injury;White;Female;Sport Utility;No;No;Daylight;Urban (>70% Developed);4 lanes;2;Straight - Level;Local Street;Dry;Two-Way, Divided, Unprotected Median;None;No Special Feature;Smooth Asphalt;Piedmont;Urban;30 - 35  MPH;No Control Present;Clear;No;35.199734, -80.84173
546;547;Yes;30-39;39;No;With Traffic;C: Possible Injury;Bike Lane / Paved Shoulder;White;Male;Beaufort;Carteret;No;01/01/2005;19/10/2007;Motorist Overtaking Bicyclist;12;Intersection;01/10/2001;01/01/2001 12:39;Motorist Overtaking - Other /;121239;2007;C: Possible Injury;Commercial;30-39;31;No;26-30 mph;O: No Injury;White;Female;Sport Utility;No;No;Daylight;Urban (>70% Developed);3 lanes;2;Straight - Level;Local Street;Dry;Two-Way, Divided, Unprotected Median;None;No Special Feature;Smooth Asphalt;Coastal;Rural;30 - 35  MPH;No Control Present;Clear;No;34.731667, -76.63813
547;548;Yes;10-juin;7;Yes;Not Applicable;B: Evident Injury;Driveway / Alley;Black;Male;Raleigh;Wake;Yes;NA;16/07/2007;Bicyclist Failed to Yield - Midblock;18;Non-Intersection;01/07/2001;01/01/2001 18:18;Bicyclist Ride Out - Residential Driveway;353311;2007;B: Evident Injury;Commercial;50-59;54;No;0-5 mph;O: No Injury;Black;Male;Van;No;No;Daylight;Urban (>70% Developed);2 lanes;2;Straight - Level;Local Street;Dry;Two-Way, Not Divided;None;No Special Feature;Smooth Asphalt;Piedmont;Urban;30 - 35  MPH;No Control Present;Clear;No;35.769558, -78.62348
551;552;Yes;40-49;41;No;NA;B: Evident Injury;Non-Roadway;Black;Male;Salisbury;Rowan;No;01/01/2002;23/10/2007;Non-Roadway;17;Non-Roadway;01/10/2001;01/01/2001 17:24;Non-Roadway;460910;2007;B: Evident Injury;Commercial;70+;NA;No;6-10 mph;O: No Injury;White;Female;Passenger Car;No;No;Daylight;Urban (>70% Developed);NA;2;Straight - Level;Public Vehicular Area;Dry;Two-Way, Not Divided;None;No Special Feature;Smooth Asphalt;Piedmont;Urban;5 - 15 MPH;No Control Present;Cloudy;No;35.685604, -80.48285
552;553;Yes;40-49;46;No;Facing Traffic;B: Evident Injury;Sidewalk / Crosswalk / Driveway Crossing;White;Male;Charlotte;Mecklenburg;No;01/01/2003;24/10/2007;Motorist Left Turn / Merge;7;Intersection;01/10/2001;01/01/2001 07:57;Motorist Left Turn - Same Direction;132211;2007;B: Evident Injury;Institutional;40-49;43;No;0-5 mph;O: No Injury;White;Female;Van;No;No;Daylight;Urban (>70% Developed);4 lanes;2;Straight - Level;Local Street;Wet;Two-Way, Not Divided;None;No Special Feature;Smooth Asphalt;Piedmont;Urban;30 - 35  MPH;No Control Present;Cloudy;No;35.18753, -80.852806
554;555;Yes;30-39;30;No;With Traffic;B: Evident Injury;Travel Lane;White;Male;Jacksonville;Onslow;Yes;01/01/2004;19/07/2007;Motorist Overtaking Bicyclist;8;Non-Intersection;01/07/2001;01/01/2001 08:16;Motorist Overtaking - Other /;311239;2007;B: Evident Injury;Commercial;30-39;36;Yes;41-45 mph;Injury;/Missing;NA;Passenger Car;No;Yes;Daylight;Urban (>70% Developed);4 lanes;2;Straight - Level;US Route;Dry;Two-Way, Not Divided;None;Bridge;Concrete;Coastal;Urban;40 - 45  MPH;No Control Present;Clear;No;34.751995, -77.43861