FID;OBJECTID;AmbulanceR;BikeAge_Gr;Bike_Age;Bike_Alc_D;Bike_Dir;Bike_Injur;Bike_Pos;Bike_Race;Bike_Sex;City;County;CrashAlcoh;CrashDay;Crash_Date;Crash_Grp;Crash_Hour;Crash_Loc;Crash_Mont;Crash_Time;Crash_Type;Crash_Ty_1;Crash_Year;Crsh_Sevri;Developmen;DrvrAge_Gr;Drvr_Age;Drvr_Alc_D;Drvr_EstSp;Drvr_Injur;Drvr_Race;Drvr_Sex;Drvr_VehTy;ExcsSpdInd;Hit_Run;Light_Cond;Locality;Num_Lanes;Num_Units;Rd_Charact;Rd_Class;Rd_Conditi;Rd_Config;Rd_Defects;Rd_Feature;Rd_Surface;Region;Rural_Urba;Speed_Limi;Traff_Cntr;Weather;Workzone_I;Location
487;488;Yes;40-49;42;Yes;With Traffic;B: Evident Injury;Travel Lane;Black;Male;Charlotte;Mecklenburg;Yes;01/01/2006;06/10/2007;Bicyclist Failed to Yield - Signalized Intersection;2;Intersection;01/10/2001;01/01/2001 02:01;Bicyclist Ride Through - Signalized Intersection;111155;2007;B: Evident Injury;Commercial;NA;NA;Missing;NA;Injury;/Missing;NA;Passenger Car;No;Yes;Dark - Lighted Roadway;Urban (>70% Developed);4 lanes;2;Straight - Level;Local Street;Dry;Two-Way, Not Divided;None;No Special Feature;Concrete;Piedmont;Urban;NA;Stop And Go Signal;Clear;No;35.22564, -80.845406
497;498;Yes;16-19;17;No;With Traffic;C: Possible Injury;Travel Lane;Black;Male;Rocky Mount;Edgecombe;No;NA;02/07/2007;Bicyclist Failed to Yield - Sign-Controlled Intersection;11;Intersection;01/07/2001;01/01/2001 11:03;Bicyclist Ride Through - Sign-Controlled Intersection;111144;2007;C: Possible Injury;Residential;70+;NA;No;16-20 mph;O: No Injury;White;Female;Passenger Car;No;No;Daylight;Urban (>70% Developed);2 lanes;2;Straight - Level;Local Street;Dry;Two-Way, Not Divided;None;Four-Way Intersection;Smooth Asphalt;Coastal;Urban;30 - 35  MPH;Stop Sign;Clear;No;35.93797, -77.784065
6;7;Yes;70+;NA;Yes;With Traffic;B: Evident Injury;Travel Lane;White;Male;Durham;Durham;Yes;01/01/2003;06/02/2008;Bicyclist Failed to Yield - Sign-Controlled Intersection;13;Intersection;01/02/2001;01/01/2001 13:24;Bicyclist Ride Through - Sign-Controlled Intersection;111144;2008;B: Evident Injury;Residential;70+;NA;No;21-25 mph;O: No Injury;White;Female;Passenger Car;No;No;Daylight;Urban (>70% Developed);2 lanes;2;Straight - Level;Local Street;Dry;Two-Way, Not Divided;None;Four-Way Intersection;Smooth Asphalt;Piedmont;Urban;30 - 35  MPH;Stop Sign;Cloudy;No;0.0, 0.0
21;22;Yes;10-juin;9;No;Not Applicable;B: Evident Injury;Non-Roadway;Black;Male;Charlotte;Mecklenburg;No;01/01/2007;16/03/2008;Bicyclist Failed to Yield - Sign-Controlled Intersection;16;Intersection;01/03/2001;01/01/2001 16:53;Bicyclist Ride Through - Sign-Controlled Intersection;163144;2008;B: Evident Injury;Residential;20-24;20;No;31-35 mph;O: No Injury;Other;Male;Passenger Car;No;No;Daylight;Mixed (30% To 70% Developed);2 lanes;2;Straight - Grade;Local Street;Dry;Two-Way, Not Divided;None;T-Intersection;Smooth Asphalt;Piedmont;Urban;30 - 35  MPH;Stop Sign;Clear;No;0.0, 0.0
22;23;Yes;30-39;38;No;With Traffic;B: Evident Injury;Travel Lane;Black;Male;Durham;Durham;No;01/01/2002;18/03/2008;Motorist Right Turn / Merge;7;Intersection;01/03/2001;01/01/2001 07:01;Motorist Right Turn - Same Direction;111213;2008;B: Evident Injury;Residential;20-24;21;No;11-15 mph;O: No Injury;Black;Female;Passenger Car;No;No;Daylight;Urban (>70% Developed);2 lanes;2;Straight - Grade;Local Street;Dry;Two-Way, Not Divided;None;T-Intersection;Coarse Asphalt;Piedmont;Urban;40 - 45  MPH;No Control Present;Clear;No;0.0, 0.0
24;25;No;15-nov;14;No;Facing Traffic;O: No Injury;NA;Black;Male;Cary;Wake;No;01/01/2005;28/03/2008;Motorist Failed to Yield - Sign-Controlled Intersection;14;Intersection;01/03/2001;01/01/2001 14:49;Motorist Drive Out - Sign-Controlled Intersection;192141;2008;O: No Injury;Residential;40-49;40;No;0-5 mph;O: No Injury;Black;Female;Van;No;No;Daylight;Urban (>70% Developed);2 lanes;2;Straight - Level;State Secondary Route;Dry;Two-Way, Not Divided;None;Related To Intersection;Smooth Asphalt;Piedmont;Urban;20 - 25  MPH;Stop Sign;Clear;No;0.0, 0.0
34;35;Yes;15-nov;14;No;With Traffic;B: Evident Injury;Travel Lane;White;Male;None - Rural Crash;Pasquotank;No;01/01/2003;02/04/2008;Head-On;16;Non-Intersection;01/04/2001;01/01/2001 16:48;Head-On - Bicyclist;311250;2008;B: Evident Injury;Residential;0-19;18;No;16-20 mph;O: No Injury;White;Female;Passenger Car;No;No;Daylight;Mixed (30% To 70% Developed);1 lane;2;Straight - Level;State Secondary Route;Dry;Two-Way, Not Divided;None;No Special Feature;Coarse Asphalt;Coastal;Rural;20 - 25  MPH;No Control Present;Clear;No;0.0, 0.0
36;37;Yes;50-59;51;No;With Traffic;C: Possible Injury;Travel Lane;White;Male;Statesville;Iredell;No;01/01/2003;09/01/2008;Motorist Failed to Yield - Sign-Controlled Intersection;15;Intersection;NA;01/01/2001 15:04;Motorist Drive Through - Sign-Controlled Intersection;111143;2008;C: Possible Injury;Commercial;50-59;59;No;0-5 mph;O: No Injury;White;Female;Passenger Car;No;No;Daylight;Urban (>70% Developed);2 lanes;2;Straight - Level;Local Street;Dry;Two-Way, Not Divided;None;T-Intersection;Smooth Asphalt;Piedmont;Urban;30 - 35  MPH;Stop Sign;Clear;No;0.0, 0.0
39;40;Yes;40-49;42;No;With Traffic;C: Possible Injury;Travel Lane;Black;Male;None - Rural Crash;Granville;No;01/01/2004;10/01/2008;Motorist Overtaking Bicyclist;22;Non-Intersection;NA;01/01/2001 21:59;Motorist Overtaking - Undetected Bicyclist;311231;2008;C: Possible Injury;Farms, Woods, Pastures;40-49;43;No;51-55 mph;O: No Injury;White;Male;Pickup;No;No;Dark - Roadway Not Lighted;Rural (<30% Developed);2 lanes;2;Straight - Level;US Route;Dry;Two-Way, Not Divided;None;No Special Feature;Smooth Asphalt;Piedmont;Rural;50 - 55  MPH;Double Yellow Line, No Passing Zone;Cloudy;No;0.0, 0.0
41;42;Yes;25-29;27;Yes;With Traffic;C: Possible Injury;Travel Lane;White;Male;Greensboro;Guilford;Yes;01/01/2004;10/01/2008;Parallel Paths - Other Circumstances;23;Intersection;NA;01/01/2001 23:11;Motorist Turn / Merge - Other /;111219;2008;C: Possible Injury;Residential;NA;NA;Missing;21-25 mph;Injury;/Missing;NA;NA;No;Yes;Dark - Lighted Roadway;Urban (>70% Developed);2 lanes;2;Straight - Level;Local Street;Wet;Two-Way, Divided, Unprotected Median;None;T-Intersection;Smooth Asphalt;Piedmont;Urban;30 - 35  MPH;Missing;Cloudy;No;0.0, 0.0
43;44;Yes;20-24;21;Yes;With Traffic;A: Disabling Injury;Travel Lane;White;Male;None - Rural Crash;Rockingham;Yes;01/01/2005;04/04/2008;Bicyclist Left Turn / Merge;20;Intersection;01/04/2001;01/01/2001 20:37;Bicyclist Left Turn - Same Direction;111221;2008;A: Disabling Injury;Farms, Woods, Pastures;30-39;38;No;26-30 mph;O: No Injury;White;Female;Passenger Car;No;No;Dark - Roadway Not Lighted;Urban (>70% Developed);2 lanes;2;Curve - Level;NC Route;Wet;Two-Way, Not Divided;None;No Special Feature;Coarse Asphalt;Piedmont;Rural;50 - 55  MPH;Double Yellow Line, No Passing Zone;Rain;No;0.0, 0.0
48;49;Yes;40-49;40;No;With Traffic;B: Evident Injury;NA;White;Male;Wilmington;New Hanover;No;NA;14/01/2008;Motorist Left Turn / Merge;7;Intersection;NA;01/01/2001 07:39;Motorist Left Turn - Opposite Direction;191212;2008;B: Evident Injury;Commercial;50-59;59;No;11-15 mph;O: No Injury;Black;Female;Passenger Car;No;No;Daylight;Urban (>70% Developed);5 lanes;2;Straight - Level;Local Street;Dry;Two-Way, Not Divided;None;Four-Way Intersection;Smooth Asphalt;Coastal;Urban;40 - 45  MPH;Stop And Go Signal;Clear;No;0.0, 0.0
53;54;Yes;16-19;16;No;With Traffic;C: Possible Injury;Sidewalk / Crosswalk / Driveway Crossing;Black;Male;Greensboro;Guilford;No;01/01/2007;20/01/2008;Bicyclist Failed to Yield - Signalized Intersection;12;Intersection;NA;01/01/2001 12:29;Bicyclist Failed to Clear - Trapped;131156;2008;C: Possible Injury;Institutional;NA;NA;Missing;NA;Injury;/Missing;NA;NA;No;Yes;Daylight;Urban (>70% Developed);5 lanes;2;Straight - Grade;Local Street;Dry;Two-Way, Divided, Unprotected Median;None;Related To Intersection;Smooth Asphalt;Piedmont;Urban;NA;Stop And Go Signal;Clear;No;0.0, 0.0
58;59;No;60-69;67;No;With Traffic;B: Evident Injury;Travel Lane;White;Male;Pleasant Garden;Guilford;No;01/01/2002;22/01/2008;Motorist Overtaking Bicyclist;18;Non-Intersection;NA;01/01/2001 18:18;Motorist Overtaking - Undetected Bicyclist;311231;2008;B: Evident Injury;Commercial;50-59;51;No;21-25 mph;O: No Injury;White;Male;Passenger Car;No;No;Dark - Roadway Not Lighted;Mixed (30% To 70% Developed);2 lanes;2;Straight - Level;State Secondary Route;Wet;Two-Way, Not Divided;None;No Special Feature;Coarse Asphalt;Piedmont;Urban;30 - 35  MPH;Double Yellow Line, No Passing Zone;Rain;No;0.0, 0.0
67;68;Yes;40-49;46;No;With Traffic;K: Killed;Travel Lane;White;Male;Wesley Chapel;Union;No;01/01/2007;27/01/2008;Head-On;15;Non-Intersection;NA;01/01/2001 15:29;Head-On - Motorist;311255;2008;K: Killed;Residential;40-49;46;No;36-40 mph;B: Evident Injury;White;Female;Van;No;No;Daylight;Rural (<30% Developed);2 lanes;2;Straight - Level;State Secondary Route;Dry;Two-Way, Not Divided;None;No Special Feature;Smooth Asphalt;Piedmont;Rural;30 - 35  MPH;Double Yellow Line, No Passing Zone;Clear;No;0.0, 0.0
68;69;Yes;30-39;35;No;Facing Traffic;C: Possible Injury;Travel Lane;White;Male;Greensboro;Guilford;No;NA;28/01/2008;Motorist Failed to Yield - Signalized Intersection;12;Intersection;NA;01/01/2001 12:41;Motorist Drive Out - Right Turn on Red;112151;2008;C: Possible Injury;Commercial;30-39;32;No;0-5 mph;O: No Injury;White;Female;Passenger Car;No;No;Daylight;Urban (>70% Developed);4 lanes;2;Straight - Level;Local Street;Dry;Two-Way, Not Divided;None;T-Intersection;Smooth Asphalt;Piedmont;Urban;30 - 35  MPH;Stop And Go Signal;Clear;No;0.0, 0.0
71;72;Yes;30-39;39;No;With Traffic;A: Disabling Injury;Travel Lane;White;Male;Wilmington;New Hanover;No;01/01/2002;29/01/2008;Motorist Overtaking Bicyclist;13;Non-Intersection;NA;01/01/2001 13:12;Motorist Overtaking - Misjudged Space;311232;2008;A: Disabling Injury;Commercial;40-49;46;No;41-45 mph;O: No Injury;Black;Male;Single Unit Truck (2-Axle, 6-Tire);No;No;Daylight;Urban (>70% Developed);5 lanes;2;Straight - Level;Local Street;Dry;Two-Way, Not Divided;None;No Special Feature;Coarse Asphalt;Coastal;Urban;40 - 45  MPH;Missing;Clear;No;0.0, 0.0
73;74;Yes;16-19;17;No;With Traffic;C: Possible Injury;Bike Lane / Paved Shoulder;White;Male;None - Rural Crash;Wake;No;01/01/2003;30/01/2008;Motorist Overtaking Bicyclist;7;Non-Intersection;NA;01/01/2001 07:31;Motorist Overtaking - Other /;321239;2008;C: Possible Injury;Farms, Woods, Pastures;70+;NA;No;21-25 mph;O: No Injury;White;Male;Pickup;No;No;Daylight;Rural (<30% Developed);2 lanes;2;Straight - Grade;State Secondary Route;Dry;Two-Way, Not Divided;None;No Special Feature;Smooth Asphalt;Piedmont;Rural;40 - 45  MPH;Double Yellow Line, No Passing Zone;Cloudy;No;0.0, 0.0
75;76;Yes;40-49;42;No;With Traffic;B: Evident Injury;NA;Black;Female;Raleigh;Wake;No;01/01/2007;20/01/2008;Motorist Right Turn / Merge;14;Non-Intersection;NA;01/01/2001 14:10;Motorist Right Turn - Same Direction;391213;2008;B: Evident Injury;Institutional;20-24;22;No;0-5 mph;O: No Injury;White;Female;Passenger Car;No;No;Daylight;Urban (>70% Developed);3 lanes;2;Straight - Bottom;Local Street;Dry;Two-Way, Not Divided;None;Driveway, Public;Coarse Asphalt;Piedmont;Urban;30 - 35  MPH;Stop And Go Signal;Clear;No;0.0, 0.0
76;77;Yes;25-29;29;No;With Traffic;C: Possible Injury;Travel Lane;White;Male;Morganton;Burke;No;01/01/2004;31/01/2008;Motorist Failed to Yield - Midblock;20;Non-Intersection;NA;01/01/2001 20:43;Motorist Drive Out - Midblock -;311329;2008;C: Possible Injury;Residential;30-39;37;No;6-10 mph;O: No Injury;Black;Male;Passenger Car;No;No;Dark - Lighted Roadway;Urban (>70% Developed);2 lanes;2;Straight - Grade;Local Street;Wet;Two-Way, Not Divided;None;No Special Feature;Smooth Asphalt;Mountains;Urban;30 - 35  MPH;No Control Present;Rain;No;0.0, 0.0
85;86;Yes;50-59;56;Yes;With Traffic;C: Possible Injury;Bike Lane / Paved Shoulder;Black;Male;Morehead City;Carteret;Yes;01/01/2007;03/02/2008;Bicyclist Left Turn / Merge;18;Non-Intersection;01/02/2001;01/01/2001 18:45;Bicyclist Left Turn - Same Direction;321221;2008;C: Possible Injury;Commercial;60-69;67;No;36-40 mph;O: No Injury;White;Male;Pickup;No;No;Dark - Lighted Roadway;Urban (>70% Developed);4 lanes;2;Straight - Level;US Route;Dry;Two-Way, Divided, Unprotected Median;None;No Special Feature;Smooth Asphalt;Coastal;Urban;40 - 45  MPH;No Control Present;Clear;No;0.0, 0.0
95;96;No;16-19;16;No;Facing Traffic;A: Disabling Injury;Sidewalk / Crosswalk / Driveway Crossing;Black;Male;Winston-Salem;Forsyth;No;01/01/2003;06/02/2008;Bicyclist Failed to Yield - Sign-Controlled Intersection;19;Intersection;01/02/2001;01/01/2001 19:11;Bicyclist Ride Out - Sign-Controlled Intersection;132142;2008;A: Disabling Injury;Residential;40-49;43;No;26-30 mph;O: No Injury;White;Female;Passenger Car;No;No;Dark - Lighted Roadway;Urban (>70% Developed);2 lanes;2;Straight - Grade;Local Street;Water (Standing, Moving);One-Way, Not Divided;Road Surface Condition;No Special Feature;Smooth Asphalt;Piedmont;Urban;30 - 35  MPH;Stop Sign;Rain;No;0.0, 0.0
98;99;Yes;20-24;24;No;With Traffic;B: Evident Injury;Travel Lane;White;Male;None - Rural Crash;Caldwell;No;01/01/2004;07/02/2008;Motorist Overtaking Bicyclist;15;Non-Intersection;01/02/2001;01/01/2001 15:14;Motorist Overtaking - Other /;311239;2008;B: Evident Injury;Farms, Woods, Pastures;NA;NA;Missing;31-35 mph;Injury;/Missing;NA;NA;No;Yes;Daylight;Rural (<30% Developed);2 lanes;2;Curve - Grade;State Secondary Route;Dry;Two-Way, Not Divided;None;No Special Feature;Smooth Asphalt;Mountains;Rural;30 - 35  MPH;Double Yellow Line, No Passing Zone;Clear;No;0.0, 0.0
101;102;No;50-59;52;No;Facing Traffic;B: Evident Injury;Sidewalk / Crosswalk / Driveway Crossing;White;Male;High Point;Guilford;No;01/01/2006;09/02/2008;Motorist Failed to Yield - Midblock;13;Non-Intersection;01/02/2001;01/01/2001 13:43;Motorist Drive Out - Commercial Driveway / Alley;332322;2008;B: Evident Injury;Commercial;30-39;38;No;0-5 mph;O: No Injury;White;Male;Passenger Car;No;No;Daylight;Urban (>70% Developed);2 lanes;2;Straight - Level;Private Road, Driveway;Dry;Two-Way, Not Divided;None;Driveway, Public;Concrete;Piedmont;Urban;5 - 15 MPH;No Control Present;Clear;No;0.0, 0.0
105;106;Yes;16-19;16;No;Facing Traffic;C: Possible Injury;Travel Lane;Black;Male;High Point;Guilford;No;01/01/2007;10/02/2008;Motorist Failed to Yield - Sign-Controlled Intersection;17;Intersection;01/02/2001;01/01/2001 17:56;Motorist Drive Out - Sign-Controlled Intersection;112141;2008;C: Possible Injury;Residential;20-24;24;No;0-5 mph;O: No Injury;White;Male;Sport Utility;No;No;Daylight;Urban (>70% Developed);4 lanes;2;Straight - Level;Local Street;Dry;Two-Way, Not Divided;None;Related To Intersection;Coarse Asphalt;Piedmont;Urban;30 - 35  MPH;Stop Sign;Clear;No;0.0, 0.0
108;109;No;40-49;47;No;With Traffic;O: No Injury;Travel Lane;White;Female;None - Rural Crash;Orange;No;01/01/2005;15/02/2008;Motorist Overtaking Bicyclist;13;Non-Intersection;01/02/2001;01/01/2001 13:44;Motorist Overtaking - Misjudged Space;311232;2008;O: No Injury;Residential;NA;NA;Missing;41-45 mph;Injury;/Missing;NA;NA;No;Yes;Daylight;Mixed (30% To 70% Developed);2 lanes;2;Straight - Level;State Secondary Route;Dry;Two-Way, Not Divided;None;No Special Feature;Smooth Asphalt;Piedmont;Rural;40 - 45  MPH;Missing;Clear;No;0.0, 0.0
111;112;No;40-49;48;No;Facing Traffic;C: Possible Injury;Travel Lane;Black;Male;Fayetteville;Cumberland;No;01/01/2006;16/02/2008;Head-On;10;Intersection;01/02/2001;01/01/2001 10:21;Head-On - Bicyclist;112250;2008;C: Possible Injury;Commercial;30-39;35;No;6-10 mph;O: No Injury;Black;Female;Sport Utility;No;No;Daylight;Urban (>70% Developed);5 lanes;2;Straight - Level;Local Street;Dry;Two-Way, Not Divided;None;No Special Feature;Coarse Asphalt;Coastal;Urban;40 - 45  MPH;Stop And Go Signal;Clear;No;0.0, 0.0
121;122;Yes;30-39;30;No;With Traffic;B: Evident Injury;Travel Lane;Black;Male;None - Rural Crash;Craven;No;01/01/2005;22/02/2008;Bicyclist Left Turn / Merge;16;Non-Intersection;01/02/2001;01/01/2001 16:32;Bicyclist Left Turn - Same Direction;311221;2008;B: Evident Injury;Residential;70+;NA;No;36-40 mph;O: No Injury;Black;Female;Passenger Car;No;No;Daylight;Rural (<30% Developed);2 lanes;2;Straight - Level;State Secondary Route;Dry;Two-Way, Not Divided;None;No Special Feature;Smooth Asphalt;Coastal;Rural;40 - 45  MPH;Missing;Cloudy;No;0.0, 0.0
132;133;Yes;30-39;30;No;Facing Traffic;B: Evident Injury;Travel Lane;Hispanic;Female;Charlotte;Mecklenburg;No;01/01/2004;01/05/2008;Head-On;15;Intersection;01/05/2001;01/01/2001 15:54;Head-On - Bicyclist;112250;2008;B: Evident Injury;Institutional;30-39;36;No;11-15 mph;O: No Injury;Other;Female;Passenger Car;No;No;Daylight;Mixed (30% To 70% Developed);2 lanes;2;NA;Local Street;Dry;NA;None;No Special Feature;NA;Piedmont;Urban;40 - 45  MPH;No Control Present;Clear;No;0.0, 0.0
144;145;Yes;10-juin;8;No;Not Applicable;C: Possible Injury;Non-Roadway;White;Female;Greensboro;Guilford;No;NA;03/03/2008;Non-Roadway;18;Non-Roadway;01/03/2001;01/01/2001 18:56;Non-Roadway;460910;2008;C: Possible Injury;Residential;NA;NA;No;NA;Injury;/Missing;NA;NA;No;Yes;Dusk;Urban (>70% Developed);NA;2;Curve - Hillcrest;Public Vehicular Area;Dry;Two-Way, Not Divided;None;Driveway, Public;Coarse Asphalt;Piedmont;Urban;NA;Missing;Clear;No;0.0, 0.0
152;153;Yes;40-49;43;Yes;With Traffic;A: Disabling Injury;Travel Lane;Black;Male;Rocky Mount;Nash;Yes;01/01/2005;07/03/2008;Motorist Overtaking Bicyclist;20;Intersection;01/03/2001;01/01/2001 20:06;Motorist Overtaking - Other /;111239;2008;A: Disabling Injury;Commercial;NA;NA;Missing;41-45 mph;Injury;/Missing;NA;NA;No;Yes;Dark - Lighted Roadway;Urban (>70% Developed);4 lanes;2;Straight - Level;Local Street;Wet;Two-Way, Divided, Unprotected Median;None;T-Intersection;Smooth Asphalt;Coastal;Urban;40 - 45  MPH;Stop Sign;Rain;No;0.0, 0.0
670;671;No;70+;NA;No;With Traffic;B: Evident Injury;Sidewalk / Crosswalk / Driveway Crossing;White;Male;Fayetteville;Cumberland;No;01/01/2005;23/09/2011;Motorist Left Turn / Merge;21;Non-Intersection;01/09/2001;01/01/2001 21:16;Motorist Left Turn - Opposite Direction;331212;2011;B: Evident Injury;Commercial;NA;NA;Missing;NA;Injury;/Missing;NA;NA;No;Yes;Dark - Lighted Roadway;Urban (>70% Developed);7 lanes;2;Straight - Level;Local Street;Dry;Two-Way, Not Divided;None;Driveway, Public;Coarse Asphalt;Coastal;Urban;NA;No Control Present;Clear;No;35.04407, -78.9428
675;676;Yes;20-24;21;No;With Traffic;C: Possible Injury;Travel Lane;White;Male;None - Rural Crash;Wake;No;01/01/2007;02/10/2011;Motorist Overtaking Bicyclist;19;Non-Intersection;01/10/2001;01/01/2001 19:55;Motorist Overtaking - Misjudged Space;311232;2011;C: Possible Injury;Farms, Woods, Pastures;NA;NA;No;41-45 mph;Injury;/Missing;NA;Pickup;No;Yes;Dark - Roadway Not Lighted;Rural (<30% Developed);2 lanes;2;Straight - Grade;State Secondary Route;Dry;Two-Way, Not Divided;None;No Special Feature;Smooth Asphalt;Piedmont;Rural;40 - 45  MPH;Double Yellow Line, No Passing Zone;Clear;No;35.76887, -78.6492
676;677;No;16-19;18;No;With Traffic;C: Possible Injury;Sidewalk / Crosswalk / Driveway Crossing;Black;Male;Rocky Mount;Nash;No;01/01/2003;10/08/2011;Motorist Failed to Yield - Midblock;14;Non-Intersection;01/08/2001;01/01/2001 14:21;Motorist Drive Out - Commercial Driveway / Alley;331322;2011;C: Possible Injury;Commercial;30-39;30;No;0-5 mph;O: No Injury;White;Female;Passenger Car;No;No;Daylight;Urban (>70% Developed);2 lanes;2;Straight - Level;Public Vehicular Area;Dry;Two-Way, Not Divided;None;Driveway, Private;Smooth Asphalt;Coastal;Urban;30 - 35  MPH;No Control Present;Clear;No;35.94423, -77.7965
677;678;No;50-59;50;No;Facing Traffic;B: Evident Injury;Sidewalk / Crosswalk / Driveway Crossing;White;Male;Raleigh;Wake;No;01/01/2002;27/09/2011;Motorist Failed to Yield - Midblock;12;Non-Intersection;01/09/2001;01/01/2001 12:21;Motorist Drive Out - Commercial Driveway / Alley;332322;2011;B: Evident Injury;Commercial;25-29;29;No;0-5 mph;O: No Injury;White;Female;Passenger Car;No;No;Daylight;Urban (>70% Developed);NA;2;Straight - Level;Public Vehicular Area;Dry;Two-Way, Not Divided;None;Driveway, Public;Concrete;Piedmont;Urban;5 - 15 MPH;No Control Present;Clear;No;35.78458, -78.6942
679;680;Yes;50-59;52;No;With Traffic;B: Evident Injury;Travel Lane;White;Male;None - Rural Crash;Martin;No;NA;12/09/2011;Bicyclist Left Turn / Merge;7;Non-Intersection;01/09/2001;01/01/2001 07:41;Bicyclist Left Turn - Same Direction;311221;2011;B: Evident Injury;Farms, Woods, Pastures;0-19;16;No;51-55 mph;O: No Injury;White;Male;Passenger Car;No;No;Daylight;Rural (<30% Developed);2 lanes;2;Straight - Level;State Secondary Route;Dry;Two-Way, Not Divided;None;No Special Feature;Coarse Asphalt;Coastal;Rural;50 - 55  MPH;Double Yellow Line, No Passing Zone;Clear;No;35.76044, -77.1542
680;681;No;60-69;64;No;With Traffic;C: Possible Injury;Travel Lane;White;Male;Charlotte;Mecklenburg;No;01/01/2002;27/09/2011;Motorist Failed to Yield - Sign-Controlled Intersection;22;Intersection;01/09/2001;01/01/2001 22:58;Motorist Drive Out - Sign-Controlled Intersection;111141;2011;C: Possible Injury;Commercial;40-49;41;No;0-5 mph;O: No Injury;White;Female;Passenger Car;No;No;Dark - Lighted Roadway;Mixed (30% To 70% Developed);2 lanes;2;Straight - Level;Local Street;Wet;Two-Way, Not Divided;None;T-Intersection;Smooth Asphalt;Piedmont;Urban;40 - 45  MPH;Stop Sign;Rain;No;35.17949, -81.02
689;690;Yes;20-24;20;No;With Traffic;C: Possible Injury;Travel Lane;Black;Male;Wilmington;New Hanover;No;01/01/2004;29/09/2011;Motorist Failed to Yield - Sign-Controlled Intersection;13;Intersection;01/09/2001;01/01/2001 13:21;Motorist Drive Out - Sign-Controlled Intersection;111141;2011;C: Possible Injury;Residential;NA;NA;Missing;NA;Injury;/Missing;NA;Passenger Car;No;Yes;Daylight;Urban (>70% Developed);2 lanes;2;Straight - Level;Local Street;Dry;Two-Way, Not Divided;None;No Special Feature;Smooth Asphalt;Coastal;Urban;30 - 35  MPH;Stop Sign;Clear;No;34.2278, -77.9317
693;694;No;40-49;42;No;With Traffic;O: No Injury;Travel Lane;Black;Male;Charlotte;Mecklenburg;No;01/01/2003;28/09/2011;Bicyclist Left Turn / Merge;8;Intersection;01/09/2001;01/01/2001 08:02;Bicyclist Left Turn - Same Direction;111221;2011;O: No Injury;Residential;25-29;29;No;26-30 mph;O: No Injury;White;Male;Passenger Car;No;No;Daylight;Urban (>70% Developed);2 lanes;2;Straight - Level;Local Street;Dry;Two-Way, Not Divided;None;No Special Feature;Smooth Asphalt;Piedmont;Urban;30 - 35  MPH;No Control Present;Clear;No;35.20021, -80.8892
708;709;Yes;20-24;23;No;Facing Traffic;C: Possible Injury;Travel Lane;Black;Male;Statesville;Iredell;No;01/01/2004;06/10/2011;Bicyclist Failed to Yield - Signalized Intersection;14;Intersection;01/10/2001;01/01/2001 14:09;Bicyclist Ride Out - Signalized  Intersection;112153;2011;C: Possible Injury;Commercial;50-59;57;No;NA;O: No Injury;White;Female;Passenger Car;No;No;Daylight;Urban (>70% Developed);4 lanes;2;Straight - Level;Local Street;Dry;Two-Way, Divided, Positive Median Barrier;None;Four-Way Intersection;Smooth Asphalt;Piedmont;Urban;30 - 35  MPH;Stop And Go Signal;Clear;No;35.79114, -80.861
714;715;Yes;20-24;23;No;With Traffic;B: Evident Injury;Bike Lane / Paved Shoulder;White;Female;Chapel Hill;Orange;No;01/01/2007;09/10/2011;Motorist Right Turn / Merge;20;Intersection;01/10/2001;01/01/2001 20:05;Motorist Right Turn - Same Direction;121213;2011;B: Evident Injury;Residential;20-24;21;No;0-5 mph;O: No Injury;White;Female;Passenger Car;No;No;Dark - Lighted Roadway;Urban (>70% Developed);2 lanes;2;Straight - Level;Local Street;Dry;Two-Way, Not Divided;None;T-Intersection;Smooth Asphalt;Piedmont;Urban;30 - 35  MPH;No Control Present;Clear;No;35.90886, -79.0593
730;731;Yes;16-19;17;No;Facing Traffic;B: Evident Injury;Travel Lane;Black;Male;Rocky Mount;Nash;No;01/01/2005;14/10/2011;Motorist Failed to Yield - Sign-Controlled Intersection;19;Intersection;01/10/2001;01/01/2001 19:11;Motorist Drive Out - Sign-Controlled Intersection;112141;2011;B: Evident Injury;Commercial;30-39;34;No;0-5 mph;O: No Injury;Black;Female;Passenger Car;No;No;Dark - Lighted Roadway;Urban (>70% Developed);2 lanes;2;Straight - Level;Local Street;Dry;Two-Way, Not Divided;None;No Special Feature;Coarse Asphalt;Coastal;Urban;30 - 35  MPH;Stop Sign;Clear;No;35.93121, -77.8129
731;732;No;NA;NA;Missing;Not Applicable;Injury;Non-Roadway;/Missing;NA;Rocky Mount;Nash;No;01/01/2007;31/07/2011;Non-Roadway;2;Non-Roadway;01/07/2001;01/01/2001 02:56;Non-Roadway;460910;2011;O: No Injury;Commercial;20-24;22;No;0-5 mph;O: No Injury;White;Male;Passenger Car;No;No;Dark - Lighted Roadway;Urban (>70% Developed);NA;2;Straight - Level;Public Vehicular Area;Dry;Two-Way, Not Divided;None;No Special Feature;Coarse Asphalt;Coastal;Urban;5 - 15 MPH;No Control Present;Clear;No;35.97766, -77.8035