FID;OBJECTID;AmbulanceR;BikeAge_Gr;Bike_Age;Bike_Alc_D;Bike_Dir;Bike_Injur;Bike_Pos;Bike_Race;Bike_Sex;City;County;CrashAlcoh;CrashDay;Crash_Date;Crash_Grp;Crash_Hour;Crash_Loc;Crash_Mont;Crash_Time;Crash_Type;Crash_Ty_1;Crash_Year;Crsh_Sevri;Developmen;DrvrAge_Gr;Drvr_Age;Drvr_Alc_D;Drvr_EstSp;Drvr_Injur;Drvr_Race;Drvr_Sex;Drvr_VehTy;ExcsSpdInd;Hit_Run;Light_Cond;Locality;Num_Lanes;Num_Units;Rd_Charact;Rd_Class;Rd_Conditi;Rd_Config;Rd_Defects;Rd_Feature;Rd_Surface;Region;Rural_Urba;Speed_Limi;Traff_Cntr;Weather;Workzone_I;Location
56;57;Yes;40-49;40;No;With Traffic;B: Evident Injury;Travel Lane;White;Male;Sanford;Lee;No;01/01/2003;08/02/2012;Motorist Left Turn / Merge;18;Intersection;01/02/2001;01/01/2001 18:42;Motorist Left Turn - Opposite Direction;NA;2012;B: Evident Injury;Residential;25-29;29;No;0-5 mph;O: No Injury;White;Male;Van;No;No;Dark - Roadway Not Lighted;Mixed (30% To 70% Developed);2 lanes;2;Straight - Level;Local Street;Dry;One-Way, Not Divided;None;No Special Feature;Smooth Asphalt;Piedmont;Urban;30 - 35  MPH;Stop Sign;Clear;No;35.46501, -79.1629
58;59;No;20-24;21;No;With Traffic;B: Evident Injury;Travel Lane;White;Male;Raleigh;Wake;No;01/01/2003;15/02/2012;Bicyclist Overtaking Motorist;11;Intersection;01/02/2001;01/01/2001 10:59;Bicyclist Overtaking - Passing on Left;NA;2012;B: Evident Injury;Institutional;20-24;21;No;0-5 mph;O: No Injury;Black;Male;Passenger Car;No;No;Daylight;Urban (>70% Developed);1 lane;2;Straight - Level;Local Street;Dry;One-Way, Not Divided;None;T-Intersection;Smooth Asphalt;Piedmont;Urban;5 - 15 MPH;No Control Present;Clear;No;35.78336, -78.6669
59;60;No;20-24;21;No;Facing Traffic;C: Possible Injury;Sidewalk / Crosswalk / Driveway Crossing;White;Female;Wilmington;New Hanover;No;01/01/2004;09/02/2012;Bicyclist Failed to Yield - Signalized Intersection;12;Intersection;01/02/2001;01/01/2001 12:20;Bicyclist Ride Through - Signalized Intersection;NA;2012;C: Possible Injury;Residential;20-24;20;No;6-10 mph;O: No Injury;White;Female;Passenger Car;No;No;Daylight;Urban (>70% Developed);3 lanes;2;Straight - Level;Local Street;Dry;Two-Way, Not Divided;None;Four-Way Intersection;Smooth Asphalt;Coastal;Urban;30 - 35  MPH;Stop And Go Signal;Clear;No;34.23476, -77.8694
65;66;Yes;20-24;24;No;With Traffic;B: Evident Injury;Travel Lane;White;Male;Chapel Hill;Orange;No;01/01/2003;15/02/2012;Motorist Left Turn / Merge;16;Non-Intersection;01/02/2001;01/01/2001 16:22;Motorist Left Turn - Opposite Direction;NA;2012;B: Evident Injury;Commercial;20-24;22;No;6-10 mph;O: No Injury;White;Female;Passenger Car;No;No;Daylight;Urban (>70% Developed);4 lanes;2;Straight - Grade;Local Street;Dry;Two-Way, Not Divided;None;No Special Feature;Smooth Asphalt;Piedmont;Urban;20 - 25  MPH;No Control Present;Clear;No;35.91171, -79.0593
70;71;No;40-49;49;No;With Traffic;C: Possible Injury;Other;Black;Male;Mooresville;Iredell;No;01/01/2005;03/02/2012;Motorist Overtaking Bicyclist;17;Non-Intersection;01/02/2001;01/01/2001 17:35;Motorist Overtaking - Bicyclist Swerved;NA;2012;C: Possible Injury;Residential;70;70;No;26-30 mph;O: No Injury;White;Male;Passenger Car;No;No;Daylight;Urban (>70% Developed);2 lanes;2;Straight - Grade;NC Route;Dry;Two-Way, Not Divided;None;No Special Feature;Coarse Asphalt;Piedmont;Urban;30 - 35  MPH;No Control Present;Clear;No;35.59634, -80.808
71;72;Yes;50-59;50;No;With Traffic;C: Possible Injury;Travel Lane;Black;Male;Gastonia;Gaston;No;01/01/2006;11/02/2012;Motorist Right Turn / Merge;11;Non-Intersection;01/02/2001;01/01/2001 11:56;Motorist Right Turn - Same Direction;NA;2012;C: Possible Injury;Institutional;50-59;52;No;NA;O: No Injury;White;Female;Single Unit Truck (2-Axle, 6-Tire);No;No;Daylight;Urban (>70% Developed);3 lanes;2;Straight - Grade;Local Street;Dry;Two-Way, Not Divided;None;Driveway, Public;Coarse Asphalt;Piedmont;Urban;30 - 35  MPH;No Control Present;Clear;No;35.24171, -81.2061
76;77;No;20-24;24;No;With Traffic;C: Possible Injury;Travel Lane;White;Male;None - Rural Crash;Orange;No;01/01/2002;14/02/2012;Motorist Left Turn / Merge;17;Non-Intersection;01/02/2001;01/01/2001 17:10;Motorist Left Turn - Opposite Direction;NA;2012;C: Possible Injury;Farms, Woods, Pastures;NA;NA;Missing;6-10 mph;Injury;/Missing;NA;Passenger Car;No;Yes;Daylight;Rural (<30% Developed);2 lanes;3;Straight - Level;State Secondary Route;Dry;Two-Way, Not Divided;None;Driveway, Private;Coarse Asphalt;Piedmont;Rural;40 - 45  MPH;Double Yellow Line, No Passing Zone;Clear;No;36.01511, -79.0306
97;98;Yes;15-nov;14;No;Facing Traffic;B: Evident Injury;Travel Lane;White;Male;Raleigh;Wake;No;01/01/2004;15/03/2012;Bicyclist Failed to Yield - Signalized Intersection;16;Intersection;01/03/2001;01/01/2001 16:17;Bicyclist Ride Through - Signalized Intersection;NA;2012;B: Evident Injury;Residential;50-59;55;No;0-5 mph;O: No Injury;White;Male;Sport Utility;No;No;Daylight;Urban (>70% Developed);5 lanes;2;Straight - Grade;Local Street;Dry;Two-Way, Not Divided;None;No Special Feature;Smooth Asphalt;Piedmont;Urban;40 - 45  MPH;Stop And Go Signal;Clear;No;35.90242, -78.6628
105;106;Yes;40-49;48;Yes;Facing Traffic;B: Evident Injury;Travel Lane;Black;Male;None - Rural Crash;Johnston;Yes;01/01/2006;17/03/2012;Bicyclist Failed to Yield - Sign-Controlled Intersection;18;Intersection;01/03/2001;01/01/2001 18:39;Bicyclist Ride Through - Sign-Controlled Intersection;NA;2012;B: Evident Injury;Residential;30-39;30;No;6-10 mph;O: No Injury;Black;Female;Passenger Car;No;No;Daylight;Urban (>70% Developed);2 lanes;2;Straight - Level;NC Route;Dry;Two-Way, Not Divided;None;T-Intersection;Coarse Asphalt;Coastal;Rural;50 - 55  MPH;Stop Sign;Clear;No;35.51127, -78.3966
106;107;Yes;40-49;45;No;With Traffic;C: Possible Injury;Bike Lane / Paved Shoulder;Black;Male;Mount Olive;Wayne;No;01/01/2003;29/02/2012;Loss of Control / Turning Error;10;Intersection;01/02/2001;01/01/2001 09:59;Motorist Lost Control - Other /;NA;2012;C: Possible Injury;Residential;50-59;54;No;36-40 mph;O: No Injury;Black;Female;Passenger Car;No;No;Daylight;Mixed (30% To 70% Developed);2 lanes;2;Straight - Level;US Route;Dry;Two-Way, Not Divided;None;No Special Feature;Smooth Asphalt;Coastal;Rural;30 - 35  MPH;Double Yellow Line, No Passing Zone;Clear;No;35.18698, -78.0769
108;109;No;60-69;62;No;Facing Traffic;C: Possible Injury;Travel Lane;Black;Male;None - Rural Crash;Harnett;No;01/01/2005;09/03/2012;Head-On;16;Non-Intersection;01/03/2001;01/01/2001 16:28;Head-On - Bicyclist;NA;2012;C: Possible Injury;Farms, Woods, Pastures;20-24;23;No;11-15 mph;O: No Injury;Other;Female;Sport Utility;No;No;Daylight;Rural (<30% Developed);2 lanes;2;Straight - Grade;State Secondary Route;Dry;Two-Way, Not Divided;None;No Special Feature;Coarse Asphalt;Coastal;Rural;40 - 45  MPH;Double Yellow Line, No Passing Zone;Clear;No;35.25725, -78.9686
109;110;Yes;25-29;28;Missing;Facing Traffic;B: Evident Injury;Sidewalk / Crosswalk / Driveway Crossing;White;Male;Charlotte;Mecklenburg;No;01/01/2002;20/03/2012;Motorist Failed to Yield - Sign-Controlled Intersection;11;Intersection;01/03/2001;01/01/2001 11:32;Motorist Drive Out - Sign-Controlled Intersection;NA;2012;B: Evident Injury;Commercial;50-59;55;No;0-5 mph;O: No Injury;White;Male;Passenger Car;No;No;Daylight;Urban (>70% Developed);2 lanes;2;Straight - Level;Local Street;Dry;Two-Way, Divided, Unprotected Median;None;T-Intersection;Smooth Asphalt;Piedmont;Urban;30 - 35  MPH;Stop Sign;Clear;No;35.14881, -80.8325
111;112;Yes;60-69;69;No;With Traffic;A: Disabling Injury;Travel Lane;White;Male;None - Rural Crash;Guilford;No;NA;19/03/2012;Motorist Overtaking Bicyclist;18;Non-Intersection;01/03/2001;01/01/2001 18:29;Motorist Overtaking - Other /;NA;2012;A: Disabling Injury;Farms, Woods, Pastures;30-39;36;No;41-45 mph;O: No Injury;White;Male;Pickup;No;No;Daylight;Mixed (30% To 70% Developed);2 lanes;2;Straight - Level;NC Route;Dry;Two-Way, Not Divided;None;No Special Feature;Coarse Asphalt;Piedmont;Rural;40 - 45  MPH;Double Yellow Line, No Passing Zone;Clear;No;36.23011, -79.7554
112;113;Yes;16-19;19;No;With Traffic;B: Evident Injury;Sidewalk / Crosswalk / Driveway Crossing;Black;Female;Charlotte;Mecklenburg;No;01/01/2003;21/03/2012;Parallel Paths - Other Circumstances;16;Intersection-Related;01/03/2001;01/01/2001 16:36;Bicyclist Ride Out - Parallel Path;NA;2012;B: Evident Injury;Commercial;50-59;55;No;41-45 mph;O: No Injury;White;Female;Passenger Car;No;No;Daylight;Urban (>70% Developed);2 lanes;2;Curve - Level;Local Street;Dry;Two-Way, Divided, Unprotected Median;None;No Special Feature;Smooth Asphalt;Piedmont;Urban;40 - 45  MPH;No Control Present;Clear;No;35.30447, -80.7231
113;114;Yes;20-24;21;Yes;With Traffic;A: Disabling Injury;Travel Lane;White;Male;Raleigh;Wake;Yes;01/01/2007;19/02/2012;Motorist Left Turn / Merge;2;Intersection;01/02/2001;01/01/2001 02:48;Motorist Left Turn - Opposite Direction;NA;2012;A: Disabling Injury;Institutional;0-19;19;No;11-15 mph;O: No Injury;White;Male;Passenger Car;No;No;Dark - Lighted Roadway;Urban (>70% Developed);3 lanes;2;Straight - Grade;Local Street;Wet;Two-Way, Not Divided;None;Four-Way Intersection;Smooth Asphalt;Piedmont;Urban;20 - 25  MPH;No Control Present;Rain;No;35.78692, -78.6747
115;116;Yes;15-nov;12;No;With Traffic;B: Evident Injury;Bike Lane / Paved Shoulder;White;Male;None - Rural Crash;Dare;No;01/01/2005;23/03/2012;Loss of Control / Turning Error;7;Non-Intersection;01/03/2001;01/01/2001 07:41;Bicyclist Lost Control - Other /;NA;2012;B: Evident Injury;Residential;70;70;No;21-25 mph;O: No Injury;White;Male;Passenger Car;No;No;Daylight;Urban (>70% Developed);2 lanes;2;Straight - Level;US Route;Dry;Two-Way, Not Divided;None;No Special Feature;Coarse Asphalt;Coastal;Rural;20 - 25  MPH;Double Yellow Line, No Passing Zone;Clear;No;35.26761, -75.5321
124;125;Yes;30-39;30;Missing;With Traffic;B: Evident Injury;Travel Lane;White;Male;Charlotte;Mecklenburg;No;01/01/2007;25/03/2012;Motorist Failed to Yield - Sign-Controlled Intersection;13;Intersection;01/03/2001;01/01/2001 13:49;Motorist Drive Out - Sign-Controlled Intersection;NA;2012;B: Evident Injury;Residential;60-69;60;No;NA;O: No Injury;White;Female;Passenger Car;No;No;Daylight;Urban (>70% Developed);2 lanes;2;Straight - Level;Local Street;Dry;Two-Way, Not Divided;None;Four-Way Intersection;Smooth Asphalt;Piedmont;Urban;20 - 25  MPH;Stop Sign;Cloudy;No;35.18697, -80.8331
129;130;Yes;0-5;5;No;With Traffic;B: Evident Injury;Travel Lane;White;Male;None - Rural Crash;Cabarrus;No;01/01/2003;28/03/2012;Head-On;18;Non-Intersection;01/03/2001;01/01/2001 18:32;Head-On - Bicyclist;NA;2012;B: Evident Injury;Residential;30-39;36;No;6-10 mph;O: No Injury;White;Female;Passenger Car;No;No;Daylight;Rural (<30% Developed);2 lanes;2;Straight - Grade;Local Street;Dry;Two-Way, Not Divided;None;No Special Feature;Smooth Asphalt;Piedmont;Rural;5 - 15 MPH;No Control Present;Clear;No;35.35041, -80.5295
133;134;No;40-49;43;No;With Traffic;C: Possible Injury;Travel Lane;White;Female;Durham;Durham;No;NA;02/04/2012;Motorist Overtaking Bicyclist;19;Non-Intersection;01/04/2001;01/01/2001 19:21;Motorist Overtaking - Undetected Bicyclist;NA;2012;C: Possible Injury;Residential;25-29;28;No;31-35 mph;O: No Injury;Other;Male;Passenger Car;No;No;Daylight;Urban (>70% Developed);4 lanes;2;Straight - Hillcrest;Local Street;Dry;Two-Way, Divided, Unprotected Median;None;No Special Feature;Smooth Asphalt;Piedmont;Urban;40 - 45  MPH;No Control Present;Clear;No;36.01685, -78.9019
136;137;Yes;50-59;51;No;With Traffic;B: Evident Injury;Travel Lane;Black;Male;Rocky Mount;Edgecombe;No;01/01/2006;10/03/2012;Motorist Left Turn / Merge;16;Intersection;01/03/2001;01/01/2001 16:00;Motorist Left Turn - Opposite Direction;NA;2012;B: Evident Injury;Commercial;30-39;30;No;16-20 mph;O: No Injury;Black;Female;Passenger Car;No;No;Daylight;Urban (>70% Developed);5 lanes;2;Straight - Level;Local Street;Dry;Two-Way, Not Divided;None;Four-Way Intersection;Smooth Asphalt;Coastal;Urban;30 - 35  MPH;No Control Present;Clear;No;35.93211, -77.7745
137;138;Yes;20-24;24;No;Facing Traffic;B: Evident Injury;Travel Lane;White;Female;Carrboro;Orange;No;01/01/2002;20/03/2012;Crossing Paths - Other Circumstances;22;Intersection;01/03/2001;01/01/2001 22:43;Signalized Intersection - Other /;NA;2012;B: Evident Injury;Commercial;25-29;26;No;0-5 mph;O: No Injury;White;Male;Sport Utility;No;No;Dark - Lighted Roadway;Urban (>70% Developed);2 lanes;2;Straight - Level;Local Street;Wet;Two-Way, Not Divided;None;Related To Intersection;Coarse Asphalt;Piedmont;Urban;20 - 25  MPH;Stop And Go Signal;Rain;No;35.91076, -79.0691
138;139;Yes;10-juin;10;No;Facing Traffic;O: No Injury;Multi-use Path;Black;Male;Charlotte;Mecklenburg;No;01/01/2004;05/04/2012;Crossing Paths - Other Circumstances;13;Intersection;01/04/2001;01/01/2001 12:59;Signalized Intersection - Other /;NA;2012;O: No Injury;Commercial;25-29;26;No;0-5 mph;O: No Injury;White;Female;Passenger Car;No;No;Daylight;Mixed (30% To 70% Developed);3 lanes;2;Straight - Hillcrest;Local Street;Dry;Two-Way, Not Divided;None;No Special Feature;Coarse Asphalt;Piedmont;Urban;30 - 35  MPH;Stop And Go Signal;Clear;No;35.13783, -80.8793
140;141;Yes;20-24;20;No;With Traffic;C: Possible Injury;Travel Lane;White;Male;Jacksonville;Onslow;No;01/01/2002;28/02/2012;Motorist Failed to Yield - Sign-Controlled Intersection;6;Intersection;01/02/2001;01/01/2001 06:52;Motorist Drive Out - Sign-Controlled Intersection;NA;2012;C: Possible Injury;Residential;60-69;61;No;0-5 mph;O: No Injury;Black;Male;School Bus;No;No;Daylight;Urban (>70% Developed);2 lanes;2;Straight - Level;Local Street;Dry;Two-Way, Divided, Unprotected Median;None;No Special Feature;Smooth Asphalt;Coastal;Urban;20 - 25  MPH;Stop Sign;Clear;No;34.79131, -77.4002
147;148;Yes;40-49;47;No;Facing Traffic;C: Possible Injury;Sidewalk / Crosswalk / Driveway Crossing;Black;Male;Washington;Beaufort;No;01/01/2005;16/03/2012;Motorist Failed to Yield - Midblock;8;Non-Intersection;01/03/2001;01/01/2001 08:23;Motorist Drive Out - Commercial Driveway / Alley;NA;2012;C: Possible Injury;Commercial;25-29;26;No;0-5 mph;O: No Injury;Black;Female;Passenger Car;No;No;Daylight;Urban (>70% Developed);5 lanes;2;Straight - Level;US Route;Wet;Two-Way, Not Divided;None;No Special Feature;Coarse Asphalt;Coastal;Urban;NA;No Control Present;Cloudy;No;35.54655, -77.0327
152;153;Yes;20-24;21;No;With Traffic;B: Evident Injury;Travel Lane;White;Male;Greensboro;Guilford;No;NA;26/03/2012;Motorist Left Turn / Merge;16;Intersection;01/03/2001;01/01/2001 16:55;Motorist Left Turn - Opposite Direction;NA;2012;B: Evident Injury;Residential;60-69;61;No;16-20 mph;O: No Injury;White;Female;Passenger Car;No;No;Daylight;Urban (>70% Developed);2 lanes;2;Straight - Level;Local Street;Dry;Two-Way, Not Divided;None;Four-Way Intersection;Smooth Asphalt;Piedmont;Urban;30 - 35  MPH;No Control Present;Clear;No;36.10612, -79.8505
160;161;Yes;50-59;52;No;With Traffic;C: Possible Injury;Travel Lane;White;Male;None - Rural Crash;Wake;No;01/01/2004;12/04/2012;Motorist Overtaking Bicyclist;19;Non-Intersection;01/04/2001;01/01/2001 19:24;Motorist Overtaking - Other /;NA;2012;C: Possible Injury;Farms, Woods, Pastures;40-49;40;No;41-45 mph;O: No Injury;White;Male;Pickup;No;No;Daylight;Rural (<30% Developed);4 lanes;2;Curve - Level;State Secondary Route;Dry;Two-Way, Not Divided;None;No Special Feature;Smooth Asphalt;Piedmont;Rural;40 - 45  MPH;No Control Present;Clear;No;35.91286, -78.7284
161;162;Yes;15-nov;14;No;With Traffic;C: Possible Injury;Travel Lane;Black;Female;Gastonia;Gaston;No;01/01/2006;07/04/2012;Bicyclist Left Turn / Merge;18;Intersection-Related;01/04/2001;01/01/2001 18:36;Bicyclist Left Turn - Same Direction;NA;2012;C: Possible Injury;Commercial;30-39;33;No;31-35 mph;O: No Injury;Black;Female;Sport Utility;No;No;Daylight;Urban (>70% Developed);5 lanes;2;Straight - Grade;State Secondary Route;Dry;Two-Way, Not Divided;None;No Special Feature;Smooth Asphalt;Piedmont;Urban;40 - 45  MPH;No Control Present;Clear;No;35.25324, -81.1669
177;178;Yes;15-nov;11;No;With Traffic;C: Possible Injury;Travel Lane;Black;Male;Durham;Durham;No;NA;16/04/2012;Bicyclist Failed to Yield - Signalized Intersection;17;Intersection;01/04/2001;01/01/2001 17:20;Bicyclist Failed to Clear - Trapped;NA;2012;C: Possible Injury;Residential;25-29;27;No;11-15 mph;O: No Injury;Black;Male;Passenger Car;No;No;Daylight;Urban (>70% Developed);2 lanes;2;Straight - Level;Local Street;Dry;Two-Way, Divided, Unprotected Median;None;No Special Feature;Coarse Asphalt;Piedmont;Urban;30 - 35  MPH;No Control Present;Clear;No;36.03573, -78.8899
180;181;Yes;50-59;53;No;With Traffic;C: Possible Injury;Travel Lane;Black;Male;Monroe;Union;No;01/01/2003;04/04/2012;Motorist Left Turn / Merge;17;Intersection;01/04/2001;01/01/2001 17:31;Motorist Left Turn - Opposite Direction;NA;2012;C: Possible Injury;Residential;0-19;19;No;21-25 mph;O: No Injury;Black;Female;Passenger Car;No;No;Daylight;Urban (>70% Developed);2 lanes;2;Straight - Level;Local Street;Dry;Two-Way, Not Divided;None;Four-Way Intersection;Smooth Asphalt;Piedmont;Urban;30 - 35  MPH;Stop Sign;Clear;No;34.9787, -80.5377
181;182;Yes;16-19;16;No;With Traffic;C: Possible Injury;Travel Lane;Black;Female;None - Rural Crash;Hertford;No;01/01/2004;22/03/2012;Bicyclist Left Turn / Merge;20;Non-Intersection;01/03/2001;01/01/2001 20:07;Bicyclist Left Turn - Same Direction;NA;2012;C: Possible Injury;Farms, Woods, Pastures;40-49;42;No;51-55 mph;O: No Injury;Black;Male;Passenger Car;No;No;Dark - Roadway Not Lighted;Rural (<30% Developed);2 lanes;2;Straight - Level;NC Route;Dry;Two-Way, Not Divided;None;No Special Feature;Coarse Asphalt;Coastal;Rural;50 - 55  MPH;No Control Present;Clear;No;36.38533, -76.9402
195;196;Yes;50-59;53;Yes;With Traffic;C: Possible Injury;Travel Lane;Black;Male;None - Rural Crash;Duplin;Yes;01/01/2006;14/04/2012;Motorist Overtaking Bicyclist;16;Non-Intersection;01/04/2001;01/01/2001 16:53;Motorist Overtaking - Misjudged Space;NA;2012;C: Possible Injury;Farms, Woods, Pastures;70;70;No;51-55 mph;O: No Injury;White;Male;Pickup;No;No;Daylight;Rural (<30% Developed);2 lanes;2;Straight - Level;US Route;Dry;Two-Way, Not Divided;None;No Special Feature;Coarse Asphalt;Coastal;Rural;50 - 55  MPH;No Control Present;Clear;No;35.16693, -78.0935
202;203;Yes;25-29;29;No;Facing Traffic;C: Possible Injury;Sidewalk / Crosswalk / Driveway Crossing;Black;Male;Charlotte;Mecklenburg;No;01/01/2005;13/04/2012;Motorist Failed to Yield - Midblock;13;Non-Intersection;01/04/2001;01/01/2001 13:39;Motorist Drive Out - Commercial Driveway / Alley;NA;2012;C: Possible Injury;Commercial;40-49;48;No;0-5 mph;O: No Injury;White;Female;Passenger Car;No;No;Daylight;Urban (>70% Developed);2 lanes;2;Straight - Level;Local Street;Dry;Two-Way, Not Divided;None;T-Intersection;Smooth Asphalt;Piedmont;Urban;40 - 45  MPH;Stop Sign;Clear;No;35.21177, -80.6896
221;222;No;20-24;24;No;Facing Traffic;O: No Injury;Travel Lane;White;Male;Raleigh;Wake;No;NA;16/04/2012;Crossing Paths - Other Circumstances;20;Intersection;01/04/2001;01/01/2001 20:24;Signalized Intersection - Other /;NA;2012;O: No Injury;Commercial;25-29;27;No;0-5 mph;O: No Injury;Hispanic;Male;Passenger Car;No;No;Dark - Lighted Roadway;Urban (>70% Developed);4 lanes;2;Straight - Level;Local Street;Dry;Two-Way, Divided, Unprotected Median;None;T-Intersection;Smooth Asphalt;Piedmont;Urban;20 - 25  MPH;Stop And Go Signal;Clear;No;35.88494, -78.6272
223;224;Yes;15-nov;15;No;With Traffic;B: Evident Injury;Sidewalk / Crosswalk / Driveway Crossing;/Missing;Male;Greensboro;Guilford;No;01/01/2006;21/04/2012;Loss of Control / Turning Error;19;Intersection;01/04/2001;01/01/2001 19:56;Bicyclist Lost Control - Mechanical Problems;NA;2012;B: Evident Injury;Residential;40-49;49;No;31-35 mph;O: No Injury;Black;Female;Passenger Car;No;No;Dark - Lighted Roadway;Urban (>70% Developed);2 lanes;2;Straight - Grade;Local Street;Wet;Two-Way, Not Divided;None;Four-Way Intersection;Coarse Asphalt;Piedmont;Urban;30 - 35  MPH;Stop And Go Signal;Rain;No;36.04885, -79.7915
232;233;No;NA;0;No;With Traffic;Injury;Travel Lane;/Missing;NA;None - Rural Crash;Jones;No;01/01/2004;03/05/2012;Motorist Overtaking Bicyclist;17;Non-Intersection;01/05/2001;01/01/2001 17:06;Motorist Overtaking - Bicyclist Swerved;NA;2012;O: No Injury;Residential;30-39;38;No;41-45 mph;O: No Injury;White;Female;Van;No;No;Daylight;Rural (<30% Developed);2 lanes;2;Straight - Level;NC Route;Dry;Two-Way, Not Divided;None;No Special Feature;Coarse Asphalt;Coastal;Rural;40 - 45  MPH;No Control Present;Clear;No;35.09679, -77.3432
246;247;No;15-nov;14;No;With Traffic;B: Evident Injury;Travel Lane;Black;Female;Charlotte;Mecklenburg;No;01/01/2002;10/04/2012;Loss of Control / Turning Error;18;Intersection;01/04/2001;01/01/2001 18:18;Bicyclist Lost Control - Mechanical Problems;NA;2012;B: Evident Injury;Residential;50-59;51;No;36-40 mph;O: No Injury;White;Female;Sport Utility;No;No;Daylight;Urban (>70% Developed);2 lanes;2;Straight - Level;Local Street;Dry;NA;None;No Special Feature;Smooth Asphalt;Piedmont;Urban;40 - 45  MPH;No Control Present;Clear;No;35.07876, -80.8303
255;256;No;40-49;46;Missing;With Traffic;C: Possible Injury;Travel Lane;White;Male;Charlotte;Mecklenburg;No;01/01/2006;05/05/2012;Motorist Failed to Yield - Sign-Controlled Intersection;13;Intersection;01/05/2001;01/01/2001 13:05;Motorist Drive Out - Sign-Controlled Intersection;NA;2012;C: Possible Injury;Residential;20-24;23;No;NA;O: No Injury;White;Female;Passenger Car;No;No;Daylight;Urban (>70% Developed);4 lanes;2;Straight - Grade;Local Street;Dry;Two-Way, Divided, Unprotected Median;None;Four-Way Intersection;Smooth Asphalt;Piedmont;Urban;30 - 35  MPH;Stop Sign;Clear;No;35.18625, -80.8402
260;261;No;30-39;32;No;With Traffic;B: Evident Injury;Travel Lane;White;Male;Fayetteville;Cumberland;No;01/01/2005;27/04/2012;Motorist Right Turn / Merge;12;Intersection;01/04/2001;01/01/2001 12:06;Motorist Right Turn - Same Direction;NA;2012;B: Evident Injury;Commercial;20-24;21;No;16-20 mph;O: No Injury;White;Female;Passenger Car;No;No;Daylight;Urban (>70% Developed);4 lanes;2;Straight - Level;State Secondary Route;Dry;Two-Way, Not Divided;None;T-Intersection;Coarse Asphalt;Coastal;Urban;30 - 35  MPH;Stop Sign;Clear;No;35.07206, -78.952
262;263;No;10-juin;10;No;Not Applicable;O: No Injury;Non-Roadway;Black;Male;Cary;Wake;No;01/01/2006;28/04/2012;Non-Roadway;14;Non-Roadway;01/04/2001;01/01/2001 14:49;Non-Roadway;NA;2012;O: No Injury;Residential;NA;NA;Missing;0-5 mph;Injury;/Missing;NA;Pickup;No;No;Daylight;Urban (>70% Developed);NA;2;Straight - Grade;Public Vehicular Area;Dry;Two-Way, Not Divided;None;Driveway, Public;Smooth Asphalt;Piedmont;Urban;NA;No Control Present;Cloudy;No;35.80093, -78.7741
293;294;Yes;16-19;16;No;With Traffic;B: Evident Injury;Travel Lane;White;Male;None - Rural Crash;Wake;No;01/01/2006;19/05/2012;Bicyclist Overtaking Motorist;9;Non-Intersection;01/05/2001;01/01/2001 09:57;Bicyclist Overtaking - Other /;NA;2012;B: Evident Injury;Farms, Woods, Pastures;60-69;61;No;41-45 mph;O: No Injury;White;Female;Passenger Car;No;No;Daylight;Rural (<30% Developed);2 lanes;2;Straight - Level;NC Route;Dry;Two-Way, Not Divided;None;Driveway, Private;Smooth Asphalt;Piedmont;Rural;50 - 55  MPH;No Control Present;Clear;No;35.5682, -78.848
296;297;No;NA;0;Missing;With Traffic;Injury;Travel Lane;/Missing;NA;Sanford;Lee;No;01/01/2007;06/05/2012;Bicyclist Left Turn / Merge;20;Non-Intersection;01/05/2001;01/01/2001 20:56;Bicyclist Left Turn - Same Direction;NA;2012;O: No Injury;Commercial;30-39;31;No;31-35 mph;O: No Injury;Black;Male;Passenger Car;No;No;Dark - Roadway Not Lighted;Mixed (30% To 70% Developed);2 lanes;2;Straight - Level;Local Street;Dry;Two-Way, Not Divided;None;No Special Feature;Coarse Asphalt;Piedmont;Urban;40 - 45  MPH;No Control Present;Clear;No;35.44672, -79.1722
305;306;No;60-69;60;No;With Traffic;C: Possible Injury;Sidewalk / Crosswalk / Driveway Crossing;White;Male;Charlotte;Mecklenburg;No;01/01/2005;18/05/2012;Motorist Failed to Yield - Midblock;13;Non-Intersection;01/05/2001;01/01/2001 13:19;Motorist Drive Out - Commercial Driveway / Alley;NA;2012;C: Possible Injury;Residential;40-49;44;No;6-10 mph;O: No Injury;Asian;Female;Van;No;No;Daylight;Urban (>70% Developed);4 lanes;2;Straight - Level;Local Street;Dry;Two-Way, Divided, Positive Median Barrier;None;No Special Feature;Smooth Asphalt;Piedmont;Urban;40 - 45  MPH;Stop Sign;Clear;No;35.08575, -80.8178
311;312;No;25-29;29;No;With Traffic;C: Possible Injury;Travel Lane;White;Female;Durham;Durham;No;01/01/2007;20/05/2012;Crossing Paths - Other Circumstances;10;Intersection;01/05/2001;01/01/2001 10:50;Signalized Intersection - Other /;NA;2012;C: Possible Injury;Residential;30-39;38;No;6-10 mph;O: No Injury;Black;Female;Sport Utility;No;No;Daylight;Mixed (30% To 70% Developed);2 lanes;2;Straight - Level;NC Route;Dry;Two-Way, Divided, Unprotected Median;None;T-Intersection;Smooth Asphalt;Piedmont;Urban;30 - 35  MPH;Stop And Go Signal;Clear;No;35.93108, -78.8887