FID;OBJECTID;AmbulanceR;BikeAge_Gr;Bike_Age;Bike_Alc_D;Bike_Dir;Bike_Injur;Bike_Pos;Bike_Race;Bike_Sex;City;County;CrashAlcoh;CrashDay;Crash_Date;Crash_Grp;Crash_Hour;Crash_Loc;Crash_Mont;Crash_Time;Crash_Type;Crash_Ty_1;Crash_Year;Crsh_Sevri;Developmen;DrvrAge_Gr;Drvr_Age;Drvr_Alc_D;Drvr_EstSp;Drvr_Injur;Drvr_Race;Drvr_Sex;Drvr_VehTy;ExcsSpdInd;Hit_Run;Light_Cond;Locality;Num_Lanes;Num_Units;Rd_Charact;Rd_Class;Rd_Conditi;Rd_Config;Rd_Defects;Rd_Feature;Rd_Surface;Region;Rural_Urba;Speed_Limi;Traff_Cntr;Weather;Workzone_I;Location
314;315;Yes;50-59;58;No;With Traffic;C: Possible Injury;Travel Lane;Black;Male;Wilson;Wilson;No;01/01/2003;02/05/2012;Crossing Paths - Other Circumstances;14;Intersection;01/05/2001;01/01/2001 14:57;Signalized Intersection - Other /;NA;2012;C: Possible Injury;Residential;70;70;No;0-5 mph;O: No Injury;White;Female;Passenger Car;No;No;Daylight;Urban (>70% Developed);5 lanes;2;Straight - Level;Local Street;Dry;Two-Way, Not Divided;None;Four-Way Intersection;Smooth Asphalt;Coastal;Urban;40 - 45  MPH;Stop And Go Signal;Clear;No;35.72008, -77.9458
323;324;Yes;60-69;60;No;With Traffic;B: Evident Injury;Travel Lane;White;Female;None - Rural Crash;Catawba;No;NA;28/05/2012;Bicyclist Overtaking Motorist;9;Non-Intersection;01/05/2001;01/01/2001 09:04;Bicyclist Overtaking - Other /;NA;2012;B: Evident Injury;Farms, Woods, Pastures;40-49;46;No;0-5 mph;O: No Injury;White;Male;Single Unit Truck (3 Or More Axles);No;No;Daylight;Mixed (30% To 70% Developed);2 lanes;2;Straight - Level;State Secondary Route;Dry;Two-Way, Not Divided;None;Driveway, Private;Coarse Asphalt;Piedmont;Rural;40 - 45  MPH;Double Yellow Line, No Passing Zone;Cloudy;No;35.78857, -81.2355
453;454;No;30-39;38;No;With Traffic;C: Possible Injury;Travel Lane;White;Male;None - Rural Crash;Wake;No;01/01/2005;15/05/2009;Motorist Right Turn / Merge;19;Intersection-Related;01/05/2001;01/01/2001 18:59;Motorist Right Turn - Same Direction;211213;2009;C: Possible Injury;Farms, Woods, Pastures;0-19;17;No;41-45 mph;O: No Injury;White;Female;Passenger Car;No;No;Daylight;Rural (<30% Developed);2 lanes;2;Straight - Level;State Secondary Route;Dry;Two-Way, Not Divided;None;No Special Feature;Smooth Asphalt;Piedmont;Rural;40 - 45  MPH;Double Yellow Line, No Passing Zone;Clear;No;36.035152, -78.66405
456;457;No;15-nov;12;No;With Traffic;C: Possible Injury;Sidewalk / Crosswalk / Driveway Crossing;Black;Male;Concord;Cabarrus;No;01/01/2006;22/08/2009;Motorist Right Turn / Merge;19;Non-Intersection;01/08/2001;01/01/2001 19:29;Motorist Right Turn - Same Direction;331213;2009;C: Possible Injury;Residential;30-39;34;No;0-5 mph;O: No Injury;White;Female;Sport Utility;No;No;Daylight;Mixed (30% To 70% Developed);1 lane;2;Straight - Level;Private Road, Driveway;Dry;One-Way, Not Divided;None;No Special Feature;Coarse Asphalt;Piedmont;Urban;5 - 15 MPH;No Control Present;Clear;No;35.44016, -80.62723
457;458;Yes;40-49;46;No;With Traffic;K: Killed;Travel Lane;Black;Male;Charlotte;Mecklenburg;No;01/01/2003;29/07/2009;Bicyclist Failed to Yield - Sign-Controlled Intersection;12;Intersection;01/07/2001;01/01/2001 12:45;Bicyclist Ride Through - Sign-Controlled Intersection;111144;2009;K: Killed;Residential;20-24;20;No;21-25 mph;O: No Injury;Black;Female;Passenger Car;No;No;Daylight;Urban (>70% Developed);2 lanes;2;Straight - Grade;Local Street;Dry;Two-Way, Not Divided;None;Four-Way Intersection;Smooth Asphalt;Piedmont;Urban;20 - 25  MPH;Stop Sign;Clear;No;35.244118, -80.87589
463;464;Yes;40-49;49;Yes;Facing Traffic;A: Disabling Injury;Travel Lane;Black;Male;Lumberton;Robeson;Yes;01/01/2005;21/08/2009;Head-On;22;Non-Intersection;01/08/2001;01/01/2001 22:14;Head-On - Bicyclist;312250;2009;A: Disabling Injury;Commercial;20-24;21;No;51-55 mph;O: No Injury;Black;Male;Passenger Car;No;No;Dark - Lighted Roadway;Urban (>70% Developed);5 lanes;2;Straight - Level;NC Route;Dry;Two-Way, Not Divided;None;No Special Feature;Coarse Asphalt;Coastal;Urban;40 - 45  MPH;No Control Present;Clear;No;34.62064, -78.98119
465;466;Yes;50-59;53;No;With Traffic;B: Evident Injury;Travel Lane;White;Male;None - Rural Crash;Durham;No;01/01/2003;26/08/2009;Other / Unusual Circumstances;17;Non-Intersection;01/08/2001;01/01/2001 17:40;Motorist Intentionally Caused;311510;2009;B: Evident Injury;Residential;20-24;22;No;41-45 mph;O: No Injury;Black;Male;Passenger Car;No;Yes;Daylight;Mixed (30% To 70% Developed);2 lanes;2;Straight - Level;State Secondary Route;Dry;Two-Way, Not Divided;None;No Special Feature;Smooth Asphalt;Piedmont;Rural;40 - 45  MPH;Double Yellow Line, No Passing Zone;Clear;No;35.880215, -78.99664
470;471;No;50-59;51;No;With Traffic;C: Possible Injury;Travel Lane;White;Male;Greensboro;Guilford;No;01/01/2007;23/08/2009;Motorist Overtaking Bicyclist;17;Non-Intersection;01/08/2001;01/01/2001 17:29;Motorist Overtaking - Other /;311239;2009;C: Possible Injury;Residential;40-49;43;No;NA;Injury;White;Female;NA;No;Yes;Daylight;Urban (>70% Developed);5 lanes;2;Straight - Level;Local Street;Dry;Two-Way, Divided, Unprotected Median;None;No Special Feature;Smooth Asphalt;Piedmont;Urban;40 - 45  MPH;No Control Present;Clear;No;36.131153, -79.79857
471;472;Yes;15-nov;15;No;With Traffic;C: Possible Injury;Travel Lane;White;Male;Durham;Durham;No;01/01/2003;02/09/2009;Bicyclist Overtaking Motorist;20;Intersection-Related;01/09/2001;01/01/2001 20:24;Bicyclist Overtaking - Other /;211249;2009;C: Possible Injury;Commercial;40-49;42;No;0-5 mph;O: No Injury;Black;Male;Passenger Car;No;No;Dusk;Urban (>70% Developed);4 lanes;2;Straight - Grade;Local Street;Dry;One-Way, Not Divided;None;No Special Feature;Smooth Asphalt;Piedmont;Urban;20 - 25  MPH;No Control Present;Clear;No;35.99383, -78.90153
473;474;No;20-24;20;No;Facing Traffic;C: Possible Injury;Sidewalk / Crosswalk / Driveway Crossing;White;Male;Greensboro;Guilford;No;01/01/2003;12/08/2009;Motorist Failed to Yield - Midblock;20;Non-Intersection;01/08/2001;01/01/2001 20:41;Motorist Drive Out - Other Midblock;332328;2009;C: Possible Injury;Commercial;NA;NA;Missing;6-10 mph;Injury;/Missing;NA;NA;No;Yes;Dusk;Urban (>70% Developed);5 lanes;2;Straight - Level;Local Street;Dry;Two-Way, Not Divided;None;Driveway, Public;Coarse Asphalt;Piedmont;Urban;30 - 35  MPH;No Control Present;Clear;No;36.07359, -79.88696
477;478;Yes;10-juin;6;No;With Traffic;C: Possible Injury;Travel Lane;Black;Female;Oriental;Pamlico;No;01/01/2006;05/09/2009;Crossing Paths - Other Circumstances;17;Intersection;01/09/2001;01/01/2001 17:39;Crossing Paths - Intersection - Other /;111180;2009;C: Possible Injury;Residential;40-49;47;No;21-25 mph;O: No Injury;White;Male;Sport Utility;No;No;Daylight;Mixed (30% To 70% Developed);2 lanes;2;Straight - Level;Local Street;Dry;Two-Way, Not Divided;None;T-Intersection;Coarse Asphalt;Coastal;Rural;20 - 25  MPH;Double Yellow Line, No Passing Zone;Clear;No;35.032227, -76.693954
479;480;No;10-juin;7;No;Not Applicable;C: Possible Injury;NA;Black;Male;Spring Lake;Cumberland;No;01/01/2007;06/09/2009;Bicyclist Failed to Yield - Midblock;13;Non-Intersection;01/09/2001;01/01/2001 13:13;Bicyclist Ride Out - Midblock -;393319;2009;C: Possible Injury;Commercial;20-24;23;No;41-45 mph;O: No Injury;White;Male;Pickup;No;No;Daylight;Mixed (30% To 70% Developed);5 lanes;2;Straight - Level;NC Route;Dry;Two-Way, Not Divided;None;No Special Feature;Coarse Asphalt;Coastal;Urban;40 - 45  MPH;No Control Present;Clear;No;35.199688, -78.989975
480;481;Yes;60-69;64;No;Facing Traffic;C: Possible Injury;Sidewalk / Crosswalk / Driveway Crossing;White;Female;Charlotte;Mecklenburg;No;01/01/2007;23/08/2009;Motorist Failed to Yield - Signalized Intersection;10;Intersection;01/08/2001;01/01/2001 10:10;Motorist Drive Out - Right Turn on Red;132151;2009;C: Possible Injury;Residential;50-59;54;No;0-5 mph;O: No Injury;White;Male;Tractor/Semi-Trailer;No;No;Daylight;Urban (>70% Developed);2 lanes;2;Straight - Level;Local Street;Dry;Two-Way, Not Divided;None;Four-Way Intersection;Smooth Asphalt;Piedmont;Urban;20 - 25  MPH;Stop And Go Signal;Cloudy;No;35.17801, -80.80095
482;483;Yes;50-59;53;No;With Traffic;B: Evident Injury;Travel Lane;White;Female;High Point;Guilford;No;01/01/2003;12/08/2009;Crossing Paths - Other Circumstances;17;Intersection;01/08/2001;01/01/2001 17:12;Sign-Controlled Intersection - Other /;111148;2009;B: Evident Injury;Commercial;20-24;22;No;41-45 mph;O: No Injury;White;Male;Pickup;No;No;Daylight;Urban (>70% Developed);5 lanes;2;Straight - Grade;NC Route;Dry;Two-Way, Not Divided;None;Four-Way Intersection;Smooth Asphalt;Piedmont;Urban;40 - 45  MPH;Stop Sign;Clear;No;35.984833, -80.006874
510;511;No;60-69;68;No;With Traffic;B: Evident Injury;Travel Lane;White;Male;Asheville;Buncombe;No;01/01/2007;30/08/2009;Motorist Left Turn / Merge;12;Intersection;01/08/2001;01/01/2001 12:32;Motorist Left Turn - Opposite Direction;111212;2009;B: Evident Injury;Commercial;0-19;19;No;36-40 mph;O: No Injury;White;Male;Passenger Car;No;No;Daylight;Urban (>70% Developed);2 lanes;2;Straight - Level;Local Street;Dry;Two-Way, Not Divided;None;No Special Feature;Smooth Asphalt;Mountains;Urban;40 - 45  MPH;Stop Sign;Clear;No;35.60858, -82.577194
512;513;Yes;40-49;46;No;With Traffic;C: Possible Injury;Travel Lane;White;Male;Monroe;Union;No;NA;31/08/2009;Motorist Overtaking Bicyclist;6;Non-Intersection;01/08/2001;01/01/2001 06:31;Motorist Overtaking - Other /;311239;2009;C: Possible Injury;Commercial;70+;NA;No;26-30 mph;O: No Injury;White;Male;Pickup;No;No;Dark - Lighted Roadway;Mixed (30% To 70% Developed);4 lanes;2;Straight - Level;US Route;Wet;Two-Way, Not Divided;None;No Special Feature;Smooth Asphalt;Piedmont;Urban;30 - 35  MPH;No Control Present;Rain;No;34.988758, -80.5491
514;515;No;10-juin;7;No;Not Applicable;C: Possible Injury;Travel Lane;White;Female;Greensboro;Guilford;No;01/01/2003;15/07/2009;Non-Roadway;18;Non-Roadway;01/07/2001;01/01/2001 18:17;Non-Roadway;410910;2009;C: Possible Injury;Residential;40-49;44;No;0-5 mph;O: No Injury;Native American;Male;NA;No;Yes;Daylight;Urban (>70% Developed);NA;2;Straight - Level;Public Vehicular Area;Dry;Two-Way, Not Divided;None;No Special Feature;Smooth Asphalt;Piedmont;Urban;20 - 25  MPH;No Control Present;Clear;No;36.00946, -79.788315
525;526;Yes;30-39;36;No;Facing Traffic;C: Possible Injury;Sidewalk / Crosswalk / Driveway Crossing;White;Male;Fayetteville;Cumberland;No;01/01/2002;15/09/2009;Motorist Failed to Yield - Sign-Controlled Intersection;15;Intersection;01/09/2001;01/01/2001 15:00;Motorist Drive Out - Sign-Controlled Intersection;132141;2009;C: Possible Injury;Commercial;40-49;41;No;0-5 mph;O: No Injury;White;Female;Sport Utility;No;No;Daylight;Urban (>70% Developed);2 lanes;2;Straight - Level;Local Street;Dry;Two-Way, Divided, Unprotected Median;None;T-Intersection;Coarse Asphalt;Coastal;Urban;5 - 15 MPH;Stop Sign;Clear;No;35.068718, -78.96613
535;536;No;16-19;18;No;Not Applicable;B: Evident Injury;Sidewalk / Crosswalk / Driveway Crossing;White;Male;Black Mountain;Buncombe;No;01/01/2004;10/09/2009;Other /  - Insufficient Details;15;Non-Intersection;01/09/2001;01/01/2001 15:52;Approach Paths;333970;2009;B: Evident Injury;Commercial;40-49;42;No;NA;O: No Injury;White;Male;Pickup;No;Yes;Daylight;Mixed (30% To 70% Developed);4 lanes;2;Straight - Grade;NC Route;Dry;Two-Way, Not Divided;None;Four-Way Intersection;Smooth Asphalt;Mountains;Urban;30 - 35  MPH;Stop And Go Signal;Cloudy;No;35.614765, -82.31901
539;540;Yes;16-19;19;No;Facing Traffic;B: Evident Injury;Travel Lane;White;Male;None - Rural Crash;New Hanover;No;01/01/2005;25/09/2009;Motorist Failed to Yield - Midblock;12;Non-Intersection;01/09/2001;01/01/2001 12:47;Motorist Drive Out - Commercial Driveway / Alley;312322;2009;B: Evident Injury;Commercial;40-49;43;No;0-5 mph;O: No Injury;White;Male;Sport Utility;No;No;Daylight;Mixed (30% To 70% Developed);4 lanes;2;Straight - Level;US Route;Dry;Two-Way, Divided, Unprotected Median;None;Driveway, Public;Coarse Asphalt;Coastal;Rural;40 - 45  MPH;No Control Present;Clear;No;34.15006, -77.90299
542;543;Yes;30-39;38;No;With Traffic;B: Evident Injury;Travel Lane;White;Male;Long View;Catawba;No;01/01/2007;13/09/2009;Motorist Left Turn / Merge;10;Non-Intersection;01/09/2001;01/01/2001 10:49;Motorist Left Turn - Opposite Direction;311212;2009;B: Evident Injury;Residential;70+;NA;No;16-20 mph;O: No Injury;White;Female;Passenger Car;No;No;Daylight;Urban (>70% Developed);2 lanes;2;Straight - Level;Local Street;Dry;Two-Way, Divided, Unprotected Median;None;No Special Feature;Coarse Asphalt;Piedmont;Rural;30 - 35  MPH;No Control Present;Clear;No;35.717358, -81.389496
543;544;No;50-59;50;No;With Traffic;B: Evident Injury;Travel Lane;White;Male;None - Rural Crash;New Hanover;No;NA;14/09/2009;Motorist Failed to Yield - Sign-Controlled Intersection;7;Intersection;01/09/2001;01/01/2001 06:59;Motorist Drive Out - Sign-Controlled Intersection;111141;2009;B: Evident Injury;Institutional;0-19;17;No;0-5 mph;O: No Injury;Other;Female;Passenger Car;No;No;Daylight;Urban (>70% Developed);3 lanes;2;Curve - Level;State Secondary Route;Dry;Two-Way, Not Divided;None;Driveway, Public;Smooth Asphalt;Coastal;Rural;30 - 35  MPH;Stop Sign;Clear;No;34.103592, -77.90374
547;548;Yes;40-49;44;No;With Traffic;O: No Injury;Travel Lane;White;Male;Monroe;Union;No;NA;14/09/2009;Crossing Paths - Other Circumstances;19;Intersection;01/09/2001;01/01/2001 19:24;Sign-Controlled Intersection - Other /;111148;2009;B: Evident Injury;Commercial;20-24;20;No;0-5 mph;B: Evident Injury;White;Male;Passenger Car;No;No;Dusk;Urban (>70% Developed);2 lanes;2;Straight - Level;Public Vehicular Area;Dry;Two-Way, Not Divided;None;Four-Way Intersection;Smooth Asphalt;Piedmont;Urban;5 - 15 MPH;Stop Sign;Clear;No;35.005917, -80.56077
554;555;Yes;20-24;21;No;Facing Traffic;C: Possible Injury;Travel Lane;Other;Female;Nags Head;Dare;No;01/01/2003;01/07/2009;Motorist Failed to Yield - Sign-Controlled Intersection;13;Intersection;01/07/2001;01/01/2001 13:49;Motorist Drive Out - Sign-Controlled Intersection;112141;2009;C: Possible Injury;Commercial;25-29;28;No;0-5 mph;O: No Injury;White;Female;Sport Utility;No;No;Daylight;Mixed (30% To 70% Developed);5 lanes;2;Straight - Level;Local Street;Dry;Two-Way, Divided, Unprotected Median;None;T-Intersection;Coarse Asphalt;Coastal;Rural;50 - 55  MPH;Stop Sign;Clear;No;35.921017, -75.605705
563;564;Yes;16-19;17;No;Not Applicable;B: Evident Injury;Travel Lane;White;Male;None - Rural Crash;Buncombe;No;01/01/2002;22/09/2009;Non-Roadway;13;Non-Roadway;01/09/2001;01/01/2001 13:55;Non-Roadway;410910;2009;B: Evident Injury;Farms, Woods, Pastures;25-29;25;No;NA;O: No Injury;White;Female;Van;No;No;Daylight;Rural (<30% Developed);1 lane;2;Curve - Grade;Public Vehicular Area;Sand, Mud, Dirt, Gravel;Two-Way, Not Divided;None;Driveway, Public;Gravel;Mountains;Rural;NA;No Control Present;Cloudy;No;35.607502, -82.37562
564;565;Yes;15-nov;13;No;With Traffic;C: Possible Injury;Travel Lane;White;Male;Gastonia;Gaston;No;01/01/2002;22/09/2009;Crossing Paths - Other Circumstances;18;Intersection;01/09/2001;01/01/2001 18:04;Crossing Paths - Uncontrolled Intersection;111160;2009;C: Possible Injury;Commercial;30-39;32;No;26-30 mph;O: No Injury;Black;Male;Passenger Car;No;No;Daylight;Urban (>70% Developed);5 lanes;2;Straight - Grade;State Secondary Route;Dry;Two-Way, Not Divided;None;No Special Feature;Smooth Asphalt;Piedmont;Urban;40 - 45  MPH;No Control Present;Clear;No;35.253433, -81.17812
565;566;Yes;30-39;35;No;With Traffic;C: Possible Injury;Travel Lane;White;Male;None - Rural Crash;Columbus;No;01/01/2005;02/10/2009;Motorist Overtaking Bicyclist;19;Non-Intersection;01/10/2001;01/01/2001 19:28;Motorist Overtaking - Undetected Bicyclist;311231;2009;C: Possible Injury;Farms, Woods, Pastures;70+;NA;No;51-55 mph;O: No Injury;White;Male;Pickup;No;No;Dark - Roadway Not Lighted;Rural (<30% Developed);2 lanes;2;Straight - Level;State Secondary Route;Dry;Two-Way, Not Divided;None;No Special Feature;Coarse Asphalt;Coastal;Rural;50 - 55  MPH;No Control Present;Clear;No;34.277805, -78.72908
566;567;Yes;50-59;50;No;Facing Traffic;B: Evident Injury;Travel Lane;White;Male;Mills River;Henderson;No;01/01/2007;04/10/2009;Motorist Overtaking Bicyclist;16;Non-Intersection;01/10/2001;01/01/2001 16:08;Motorist Overtaking - Other /;312239;2009;B: Evident Injury;Residential;40-49;49;No;31-35 mph;O: No Injury;White;Male;Passenger Car;No;No;Daylight;Mixed (30% To 70% Developed);2 lanes;2;Straight - Grade;State Secondary Route;Dry;Two-Way, Not Divided;None;No Special Feature;Coarse Asphalt;Mountains;Urban;30 - 35  MPH;Double Yellow Line, No Passing Zone;Cloudy;No;35.375854, -82.57849
598;599;Yes;40-49;44;Yes;With Traffic;B: Evident Injury;Travel Lane;Hispanic;Male;Charlotte;Mecklenburg;Yes;NA;05/10/2009;Motorist Overtaking Bicyclist;19;Non-Intersection;01/10/2001;01/01/2001 19:36;Motorist Overtaking - Bicyclist Swerved;311235;2009;B: Evident Injury;Commercial;20-24;22;No;31-35 mph;O: No Injury;White;Male;Passenger Car;No;No;Dark - Lighted Roadway;Urban (>70% Developed);6 lanes;2;Straight - Level;Local Street;Wet;Two-Way, Divided, Unprotected Median;None;No Special Feature;Smooth Asphalt;Piedmont;Urban;40 - 45  MPH;No Control Present;Cloudy;No;35.22594, -80.90943
599;600;Yes;30-39;39;No;With Traffic;B: Evident Injury;Travel Lane;White;Male;Midland;Cabarrus;No;01/01/2004;15/10/2009;Motorist Overtaking Bicyclist;6;Non-Intersection;01/10/2001;01/01/2001 06:44;Motorist Overtaking - Other /;311239;2009;B: Evident Injury;Residential;NA;NA;No;51-55 mph;Injury;/Missing;NA;NA;No;Yes;Dark - Roadway Not Lighted;Mixed (30% To 70% Developed);5 lanes;2;Straight - Level;NC Route;Wet;Two-Way, Not Divided;None;No Special Feature;Smooth Asphalt;Piedmont;Rural;50 - 55  MPH;No Control Present;Cloudy;No;35.250446, -80.50819
608;609;Yes;15-nov;14;No;With Traffic;B: Evident Injury;Travel Lane;White;Male;Raleigh;Wake;No;01/01/2007;20/09/2009;Bicyclist Failed to Yield - Sign-Controlled Intersection;15;Intersection;01/09/2001;01/01/2001 15:09;Bicyclist Ride Through - Sign-Controlled Intersection;111144;2009;B: Evident Injury;Residential;50-59;52;No;26-30 mph;O: No Injury;White;Male;Sport Utility;No;No;Daylight;Urban (>70% Developed);2 lanes;2;Straight - Grade;Local Street;Dry;Two-Way, Not Divided;None;No Special Feature;Coarse Asphalt;Piedmont;Urban;30 - 35  MPH;Stop Sign;Clear;No;35.84828, -78.708725
612;613;Yes;60-69;60;No;With Traffic;A: Disabling Injury;Travel Lane;White;Male;None - Rural Crash;Robeson;No;NA;19/10/2009;Motorist Overtaking Bicyclist;7;Non-Intersection;01/10/2001;01/01/2001 07:49;Motorist Overtaking - Other /;311239;2009;A: Disabling Injury;Farms, Woods, Pastures;20-24;24;No;51-55 mph;O: No Injury;Native American;Male;Pickup;No;No;Daylight;Rural (<30% Developed);2 lanes;2;Straight - Level;State Secondary Route;Dry;Two-Way, Not Divided;None;No Special Feature;Coarse Asphalt;Coastal;Rural;50 - 55  MPH;No Control Present;Clear;No;34.816418, -79.201454
615;616;Yes;16-19;19;No;Not Applicable;B: Evident Injury;NA;Black;Male;Raleigh;Wake;No;01/01/2007;27/09/2009;Bicyclist Failed to Yield - Midblock;20;Non-Intersection;01/09/2001;01/01/2001 20:48;Bicyclist Ride Out - Midblock -;393319;2009;B: Evident Injury;Residential;NA;NA;Missing;31-35 mph;Injury;/Missing;NA;Sport Utility;No;Yes;Dark - Lighted Roadway;Mixed (30% To 70% Developed);2 lanes;2;Straight - Level;Local Street;Dry;Two-Way, Not Divided;None;No Special Feature;Smooth Asphalt;Piedmont;Urban;30 - 35  MPH;No Control Present;Clear;No;35.746876, -78.606865
617;618;Yes;25-29;27;No;Facing Traffic;C: Possible Injury;Travel Lane;Black;Male;Rocky Mount;Nash;No;01/01/2003;23/09/2009;Crossing Paths - Other Circumstances;19;Intersection;01/09/2001;01/01/2001 19:21;Signalized Intersection - Other /;112158;2009;C: Possible Injury;Residential;30-39;39;No;6-10 mph;O: No Injury;White;Male;Sport Utility;No;No;Dusk;Urban (>70% Developed);2 lanes;2;Straight - Level;Local Street;Dry;One-Way, Not Divided;None;T-Intersection;Coarse Asphalt;Coastal;Urban;30 - 35  MPH;Stop And Go Signal;Clear;No;35.9427, -77.80186
618;619;No;16-19;18;No;Facing Traffic;O: No Injury;Travel Lane;White;Male;Greenville;Pitt;No;01/01/2003;30/09/2009;Bicyclist Failed to Yield - Signalized Intersection;14;Intersection;01/09/2001;01/01/2001 14:33;Bicyclist Failed to Clear - Multiple Threat;112157;2009;O: No Injury;Commercial;50-59;50;No;0-5 mph;O: No Injury;White;Male;Pickup;No;No;Daylight;Urban (>70% Developed);4 lanes;2;Straight - Level;Local Street;Dry;Two-Way, Not Divided;None;No Special Feature;Smooth Asphalt;Coastal;Urban;30 - 35  MPH;Stop And Go Signal;Clear;No;35.60576, -77.37229
619;620;No;16-19;17;No;Facing Traffic;B: Evident Injury;Sidewalk / Crosswalk / Driveway Crossing;White;Female;Asheville;Buncombe;No;01/01/2002;22/09/2009;Motorist Failed to Yield - Sign-Controlled Intersection;19;Intersection;01/09/2001;01/01/2001 18:59;Motorist Drive Out - Sign-Controlled Intersection;132141;2009;B: Evident Injury;Commercial;NA;NA;Missing;6-10 mph;Injury;/Missing;NA;Pickup;No;Yes;Dusk;Urban (>70% Developed);2 lanes;2;Straight - Level;Public Vehicular Area;Dry;NA;None;T-Intersection;Smooth Asphalt;Mountains;Urban;20 - 25  MPH;Stop Sign;Clear;No;35.630234, -82.553085
621;622;Yes;20-24;20;No;With Traffic;B: Evident Injury;Travel Lane;White;Male;Greensboro;Guilford;No;01/01/2003;07/10/2009;Motorist Left Turn / Merge;18;Intersection;01/10/2001;01/01/2001 18:27;Motorist Left Turn - Opposite Direction;111212;2009;B: Evident Injury;Residential;70+;NA;No;NA;O: No Injury;White;Male;Passenger Car;No;No;Daylight;Urban (>70% Developed);6 lanes;2;Straight - Level;Local Street;Dry;Two-Way, Not Divided;NA;Four-Way Intersection;Smooth Asphalt;Piedmont;Urban;30 - 35  MPH;Stop And Go Signal;Clear;No;36.089096, -79.88451
622;623;Yes;15-nov;15;No;Not Applicable;B: Evident Injury;Driveway / Alley;White;Male;None - Rural Crash;Burke;No;01/01/2006;24/10/2009;Bicyclist Failed to Yield - Midblock;16;Non-Intersection;01/10/2001;01/01/2001 16:17;Bicyclist Ride Out - Residential Driveway;353311;2009;B: Evident Injury;Residential;70+;NA;No;41-45 mph;O: No Injury;White;Female;Pickup;No;No;Daylight;Urban (>70% Developed);2 lanes;2;Straight - Level;State Secondary Route;Dry;Two-Way, Not Divided;None;Driveway, Private;Smooth Asphalt;Mountains;Rural;40 - 45  MPH;No Control Present;Clear;No;35.776196, -81.78591
623;624;Yes;50-59;52;Yes;Facing Traffic;B: Evident Injury;Travel Lane;White;Male;Wilmington;New Hanover;Yes;01/01/2005;09/10/2009;Motorist Failed to Yield - Midblock;18;Non-Intersection;01/10/2001;01/01/2001 18:24;Motorist Drive Out - Residential Driveway;312321;2009;B: Evident Injury;Commercial;30-39;39;No;0-5 mph;O: No Injury;White;Male;Pickup;No;No;Daylight;Urban (>70% Developed);2 lanes;2;Straight - Level;Local Street;Dry;Two-Way, Not Divided;None;Driveway, Private;Smooth Asphalt;Coastal;Urban;30 - 35  MPH;No Control Present;Clear;No;34.237885, -77.88886
628;629;Yes;16-19;17;No;With Traffic;A: Disabling Injury;Travel Lane;Black;Male;None - Rural Crash;Moore;No;01/01/2002;06/10/2009;Bicyclist Failed to Yield - Sign-Controlled Intersection;17;Intersection;01/10/2001;01/01/2001 17:14;Bicyclist Ride Through - Sign-Controlled Intersection;111144;2009;A: Disabling Injury;Farms, Woods, Pastures;40-49;40;No;51-55 mph;C: Possible Injury;Hispanic;Female;Sport Utility;No;No;Daylight;Rural (<30% Developed);2 lanes;2;Straight - Grade;State Secondary Route;Dry;Two-Way, Not Divided;None;T-Intersection;Coarse Asphalt;Piedmont;Rural;50 - 55  MPH;Stop Sign;Cloudy;No;35.309036, -79.3409
637;638;Yes;10-juin;10;No;With Traffic;B: Evident Injury;Travel Lane;White;Male;None - Rural Crash;Haywood;No;01/01/2007;18/10/2009;Crossing Paths - Other Circumstances;15;Intersection;01/10/2001;01/01/2001 15:20;Crossing Paths - Intersection - Other /;111180;2009;B: Evident Injury;Residential;50-59;56;No;26-30 mph;O: No Injury;White;Female;Passenger Car;No;No;Daylight;Mixed (30% To 70% Developed);2 lanes;2;Straight - Grade;State Secondary Route;Dry;Two-Way, Not Divided;None;T-Intersection;Coarse Asphalt;Mountains;Rural;30 - 35  MPH;Double Yellow Line, No Passing Zone;Cloudy;No;35.507526, -83.07668
638;639;Yes;15-nov;14;No;With Traffic;B: Evident Injury;Travel Lane;White;Male;Concord;Cabarrus;No;01/01/2004;22/10/2009;Loss of Control / Turning Error;19;Non-Intersection;01/10/2001;01/01/2001 19:01;Bicyclist Lost Control - Mechanical Problems;311121;2009;B: Evident Injury;Residential;70+;NA;No;31-35 mph;O: No Injury;Black;Female;Passenger Car;No;No;Dusk;Urban (>70% Developed);2 lanes;2;Straight - Grade;Local Street;Dry;Two-Way, Divided, Unprotected Median;None;No Special Feature;Smooth Asphalt;Piedmont;Urban;30 - 35  MPH;Double Yellow Line, No Passing Zone;Clear;No;35.380943, -80.600235
645;646;Yes;25-29;25;No;With Traffic;C: Possible Injury;Travel Lane;Black;Male;Washington;Beaufort;No;NA;26/10/2009;Other / Unusual Circumstances;0;Intersection;01/10/2001;01/01/2001 00:56;Motorist Intentionally Caused;111510;2009;C: Possible Injury;Residential;20-24;20;No;16-20 mph;O: No Injury;Black;Female;Passenger Car;No;No;Dark - Lighted Roadway;Urban (>70% Developed);2 lanes;2;Straight - Level;Local Street;Dry;Two-Way, Not Divided;None;T-Intersection;Coarse Asphalt;Coastal;Urban;30 - 35  MPH;Stop Sign;Clear;No;35.554768, -77.05742