FID;OBJECTID;AmbulanceR;BikeAge_Gr;Bike_Age;Bike_Alc_D;Bike_Dir;Bike_Injur;Bike_Pos;Bike_Race;Bike_Sex;City;County;CrashAlcoh;CrashDay;Crash_Date;Crash_Grp;Crash_Hour;Crash_Loc;Crash_Mont;Crash_Time;Crash_Type;Crash_Ty_1;Crash_Year;Crsh_Sevri;Developmen;DrvrAge_Gr;Drvr_Age;Drvr_Alc_D;Drvr_EstSp;Drvr_Injur;Drvr_Race;Drvr_Sex;Drvr_VehTy;ExcsSpdInd;Hit_Run;Light_Cond;Locality;Num_Lanes;Num_Units;Rd_Charact;Rd_Class;Rd_Conditi;Rd_Config;Rd_Defects;Rd_Feature;Rd_Surface;Region;Rural_Urba;Speed_Limi;Traff_Cntr;Weather;Workzone_I;Location
646;647;No;40-49;45;No;With Traffic;C: Possible Injury;Travel Lane;White;Male;None - Rural Crash;Catawba;No;NA;26/10/2009;Motorist Overtaking Bicyclist;7;Non-Intersection;01/10/2001;01/01/2001 07:44;Motorist Overtaking - Misjudged Space;311232;2009;C: Possible Injury;Residential;70+;NA;No;41-45 mph;O: No Injury;White;Male;Van;No;No;Daylight;Rural (<30% Developed);2 lanes;2;Straight - Level;State Secondary Route;Dry;Two-Way, Not Divided;None;No Special Feature;Smooth Asphalt;Piedmont;Rural;40 - 45  MPH;Double Yellow Line, No Passing Zone;Clear;No;35.78795, -81.26046
648;649;Yes;20-24;22;No;With Traffic;C: Possible Injury;Travel Lane;White;Male;None - Rural Crash;Onslow;No;01/01/2006;07/11/2009;Motorist Overtaking Bicyclist;7;Non-Intersection;01/11/2001;01/01/2001 07:04;Motorist Overtaking - Other /;311239;2009;C: Possible Injury;Institutional;NA;NA;Missing;31-35 mph;Injury;/Missing;NA;NA;No;Yes;Daylight;Rural (<30% Developed);2 lanes;2;Straight - Level;State Secondary Route;Dry;Two-Way, Not Divided;None;No Special Feature;Coarse Asphalt;Coastal;Rural;40 - 45  MPH;No Control Present;Clear;No;34.815254, -77.41206
651;652;No;16-19;19;No;Not Applicable;C: Possible Injury;NA;White;Male;Wilmington;New Hanover;No;01/01/2003;14/10/2009;Bicyclist Failed to Yield - Signalized Intersection;15;Intersection-Related;01/10/2001;01/01/2001 15:15;Bicyclist Ride Out - Signalized  Intersection;293153;2009;C: Possible Injury;Commercial;20-24;23;No;0-5 mph;O: No Injury;Black;Female;Van;No;No;Daylight;Urban (>70% Developed);3 lanes;2;Straight - Level;Local Street;Wet;Two-Way, Divided, Positive Median Barrier;None;No Special Feature;Coarse Asphalt;Coastal;Urban;5 - 15 MPH;Stop And Go Signal;Rain;No;34.20091, -77.88847
654;655;Yes;50-59;50;No;With Traffic;C: Possible Injury;Travel Lane;Black;Male;Kinston;Lenoir;No;01/01/2002;10/11/2009;Bicyclist Failed to Yield - Signalized Intersection;15;Intersection;01/11/2001;01/01/2001 15:43;Bicyclist Ride Through - Signalized Intersection;111155;2009;C: Possible Injury;Commercial;70+;NA;No;0-5 mph;O: No Injury;Black;Female;Passenger Car;No;No;Daylight;Urban (>70% Developed);4 lanes;2;Straight - Level;Local Street;Wet;Two-Way, Not Divided;None;Four-Way Intersection;Smooth Asphalt;Coastal;Urban;20 - 25  MPH;Stop And Go Signal;Rain;No;35.26506, -77.58112
656;657;Yes;30-39;35;No;With Traffic;B: Evident Injury;Travel Lane;White;Male;Fayetteville;Cumberland;No;01/01/2005;30/10/2009;Crossing Paths - Other Circumstances;17;Intersection;01/10/2001;01/01/2001 17:53;Crossing Paths - Intersection - Other /;111180;2009;B: Evident Injury;Farms, Woods, Pastures;30-39;30;No;21-25 mph;O: No Injury;Black;Male;Sport Utility;No;No;Dark - Roadway Not Lighted;Rural (<30% Developed);4 lanes;2;Straight - Level;US Route;Dry;Two-Way, Divided, Unprotected Median;None;No Special Feature;Coarse Asphalt;Coastal;Urban;50 - 55  MPH;Stop And Go Signal;Cloudy;No;34.975136, -78.91043
678;679;Yes;50-59;52;No;With Traffic;A: Disabling Injury;Sidewalk / Crosswalk / Driveway Crossing;White;Female;Greensboro;Guilford;No;01/01/2007;08/11/2009;Motorist Failed to Yield - Midblock;13;Non-Intersection;01/11/2001;01/01/2001 13:49;Motorist Drive Out - Commercial Driveway / Alley;331322;2009;A: Disabling Injury;Commercial;0-19;17;No;0-5 mph;O: No Injury;White;Male;Passenger Car;No;No;Daylight;Urban (>70% Developed);4 lanes;2;Straight - Grade;NA;Dry;Two-Way, Not Divided;None;No Special Feature;Concrete;Piedmont;Urban;30 - 35  MPH;No Control Present;Clear;No;36.088642, -79.832954
679;680;No;20-24;20;No;With Traffic;C: Possible Injury;Travel Lane;White;Male;Wilmington;New Hanover;No;01/01/2003;04/11/2009;Motorist Failed to Yield - Midblock;18;Non-Intersection;01/11/2001;01/01/2001 18:22;Motorist Drive Out - Commercial Driveway / Alley;311322;2009;C: Possible Injury;Commercial;60-69;60;No;6-10 mph;O: No Injury;White;Male;Passenger Car;No;No;Dark - Lighted Roadway;Urban (>70% Developed);2 lanes;2;Straight - Level;Local Street;Dry;Two-Way, Not Divided;None;No Special Feature;Coarse Asphalt;Coastal;Urban;20 - 25  MPH;No Control Present;Clear;No;34.211315, -77.86371
689;690;Yes;50-59;55;No;With Traffic;K: Killed;Travel Lane;White;Male;None - Rural Crash;Guilford;No;01/01/2006;24/10/2009;Loss of Control / Turning Error;17;Non-Intersection;01/10/2001;01/01/2001 17:40;Motorist Lost Control - Other /;311139;2009;K: Killed;Farms, Woods, Pastures;40-49;48;No;46-50 mph;O: No Injury;White;Female;Sport Utility;No;No;Daylight;Rural (<30% Developed);2 lanes;2;Straight - Grade;State Secondary Route;Dry;Two-Way, Not Divided;None;No Special Feature;Smooth Asphalt;Piedmont;Rural;50 - 55  MPH;No Control Present;Clear;No;36.219673, -79.78799
690;691;Yes;20-24;22;No;With Traffic;C: Possible Injury;Travel Lane;White;Male;Raleigh;Wake;No;01/01/2003;21/10/2009;Motorist Left Turn / Merge;19;Non-Intersection;01/10/2001;01/01/2001 19:18;Motorist Left Turn - Opposite Direction;311212;2009;C: Possible Injury;Commercial;30-39;35;No;0-5 mph;O: No Injury;Black;Female;Passenger Car;No;No;Dark - Lighted Roadway;Urban (>70% Developed);5 lanes;2;Straight - Level;Local Street;Dry;Two-Way, Not Divided;None;No Special Feature;Smooth Asphalt;Piedmont;Urban;30 - 35  MPH;No Control Present;Clear;No;35.78462, -78.65868
691;692;Yes;50-59;58;No;With Traffic;C: Possible Injury;Travel Lane;White;Male;None - Rural Crash;Rockingham;No;01/01/2002;01/12/2009;Motorist Left Turn / Merge;13;Non-Intersection;01/12/2001;01/01/2001 13:50;Motorist Left Turn - Opposite Direction;311212;2009;C: Possible Injury;Farms, Woods, Pastures;70+;NA;No;41-45 mph;O: No Injury;White;Male;Pickup;No;No;Daylight;Rural (<30% Developed);2 lanes;2;Straight - Level;State Secondary Route;Dry;Two-Way, Not Divided;None;No Special Feature;Smooth Asphalt;Piedmont;Rural;50 - 55  MPH;Double Yellow Line, No Passing Zone;Clear;No;36.328808, -79.98155
694;695;No;25-29;25;No;Facing Traffic;C: Possible Injury;Sidewalk / Crosswalk / Driveway Crossing;White;Male;Raleigh;Wake;No;01/01/2002;20/10/2009;Motorist Failed to Yield - Signalized Intersection;12;Intersection;01/10/2001;01/01/2001 12:11;Motorist Drive Out - Right Turn on Red;132151;2009;C: Possible Injury;Commercial;40-49;46;No;31-35 mph;O: No Injury;Black;Male;Passenger Car;No;No;Daylight;Urban (>70% Developed);3 lanes;2;Straight - Level;Local Street;Dry;Two-Way, Not Divided;None;T-Intersection;Smooth Asphalt;Piedmont;Urban;30 - 35  MPH;Stop And Go Signal;Clear;No;35.788967, -78.6732
697;698;No;50-59;54;No;Facing Traffic;Injury;Travel Lane;White;Male;Raleigh;Wake;No;01/01/2005;06/11/2009;Parallel Paths - Other Circumstances;17;Intersection;01/11/2001;01/01/2001 17:26;Parallel Paths - Other /;112280;2009;O: No Injury;Commercial;25-29;28;No;6-10 mph;O: No Injury;Hispanic;Female;Passenger Car;No;No;Daylight;Urban (>70% Developed);7 lanes;2;Straight - Hillcrest;Local Street;Dry;Two-Way, Divided, Unprotected Median;None;No Special Feature;Smooth Asphalt;Piedmont;Urban;30 - 35  MPH;Stop And Go Signal;Clear;No;35.786495, -78.58887
707;708;No;10-juin;6;No;Not Applicable;O: No Injury;NA;Black;Male;Fayetteville;Cumberland;No;01/01/2007;22/11/2009;Bicyclist Failed to Yield - Midblock;14;Non-Intersection;01/11/2001;01/01/2001 14:30;Bicyclist Ride Out - Midblock -;393319;2009;O: No Injury;Residential;NA;NA;Missing;21-25 mph;Injury;/Missing;NA;NA;No;Yes;Daylight;Urban (>70% Developed);2 lanes;2;Straight - Grade;Local Street;Dry;Two-Way, Not Divided;None;No Special Feature;Coarse Asphalt;Coastal;Urban;20 - 25  MPH;No Control Present;Cloudy;No;35.040005, -79.02066
709;710;Yes;40-49;47;No;Facing Traffic;B: Evident Injury;Sidewalk / Crosswalk / Driveway Crossing;Black;Male;Wilmington;New Hanover;No;01/01/2006;28/11/2009;Bicyclist Failed to Yield - Signalized Intersection;8;Intersection;01/11/2001;01/01/2001 08:13;Bicyclist Failed to Clear - Multiple Threat;132157;2009;B: Evident Injury;Commercial;30-39;37;No;26-30 mph;O: No Injury;White;Male;Passenger Car;No;No;Daylight;Urban (>70% Developed);3 lanes;2;Straight - Level;US Route;Dry;One-Way, Not Divided;None;Related To Intersection;Coarse Asphalt;Coastal;Urban;30 - 35  MPH;Stop And Go Signal;Clear;No;34.225697, -77.92763
712;713;No;20-24;20;No;Not Applicable;C: Possible Injury;Travel Lane;White;Male;Greensboro;Guilford;No;NA;23/11/2009;Motorist Failed to Yield - Sign-Controlled Intersection;18;Intersection;01/11/2001;01/01/2001 18:15;Motorist Drive Out - Sign-Controlled Intersection;113141;2009;C: Possible Injury;Residential;30-39;37;No;0-5 mph;O: No Injury;White;Female;Passenger Car;No;No;Dark - Roadway Not Lighted;Mixed (30% To 70% Developed);4 lanes;2;Straight - Hillcrest;Local Street;Wet;Two-Way, Divided, Unprotected Median;None;No Special Feature;Grooved Concrete;Piedmont;Urban;30 - 35  MPH;Stop Sign;Rain;No;36.112606, -79.82094
715;716;No;25-29;27;No;With Traffic;B: Evident Injury;Travel Lane;White;Male;Wrightsville Beach;New Hanover;No;01/01/2004;29/10/2009;Bicyclist Overtaking Motorist;16;Non-Intersection;01/10/2001;01/01/2001 16:18;Bicyclist Overtaking - Passing on Right;311241;2009;B: Evident Injury;Residential;60-69;62;No;NA;O: No Injury;White;Male;Passenger Car;No;No;Daylight;Urban (>70% Developed);2 lanes;2;Straight - Level;Local Street;Dry;Two-Way, Not Divided;None;No Special Feature;Coarse Asphalt;Coastal;Rural;20 - 25  MPH;No Control Present;Clear;No;34.22929, -77.78084
732;733;No;15-nov;13;No;Facing Traffic;O: No Injury;Travel Lane;Other;Male;None - Rural Crash;Franklin;No;01/01/2004;26/11/2009;Bicyclist Right Turn / Merge;12;Non-Intersection;01/11/2001;01/01/2001 12:45;Bicyclist Right Turn - Same Direction;312223;2009;O: No Injury;Farms, Woods, Pastures;30-39;30;No;41-45 mph;O: No Injury;White;Male;Sport Utility;No;No;Daylight;Rural (<30% Developed);2 lanes;2;Straight - Grade;State Secondary Route;Dry;Two-Way, Not Divided;None;No Special Feature;Smooth Asphalt;Piedmont;Rural;50 - 55  MPH;Double Yellow Line, No Passing Zone;Clear;No;35.9481, -78.31534
736;737;Yes;50-59;50;No;Not Applicable;B: Evident Injury;NA;Black;Male;Winston-Salem;Forsyth;No;NA;30/11/2009;Bicyclist Failed to Yield - Midblock;6;Non-Intersection;01/11/2001;01/01/2001 06:18;Bicyclist Ride Out - Midblock -;393319;2009;B: Evident Injury;Residential;30-39;38;No;16-20 mph;O: No Injury;Black;Male;Passenger Car;No;No;Dark - Roadway Not Lighted;Urban (>70% Developed);2 lanes;2;Straight - Grade;Local Street;Dry;Two-Way, Not Divided;None;No Special Feature;Smooth Asphalt;Piedmont;Urban;30 - 35  MPH;No Control Present;Cloudy;No;36.12177, -80.251945
750;751;No;40-49;48;No;Not Applicable;C: Possible Injury;Sidewalk / Crosswalk / Driveway Crossing;Other;Male;High Point;Guilford;No;01/01/2003;16/12/2009;Non-Roadway;12;Non-Roadway;01/12/2001;01/01/2001 12:06;Non-Roadway;430910;2009;C: Possible Injury;Commercial;60-69;64;No;0-5 mph;O: No Injury;White;Male;Passenger Car;No;No;Daylight;Urban (>70% Developed);NA;2;Straight - Level;Public Vehicular Area;Dry;Two-Way, Not Divided;None;Driveway, Public;Smooth Asphalt;Piedmont;Urban;NA;No Control Present;Clear;No;35.974514, -80.01816
758;759;Yes;30-39;30;No;With Traffic;B: Evident Injury;Travel Lane;White;Female;Bessemer City;Gaston;No;01/01/2002;22/12/2009;Motorist Overtaking Bicyclist;8;Non-Intersection;01/12/2001;01/01/2001 08:14;Motorist Overtaking - Misjudged Space;311232;2009;B: Evident Injury;Residential;40-49;46;No;31-35 mph;O: No Injury;White;Female;Sport Utility;No;No;Daylight;Urban (>70% Developed);2 lanes;2;Straight - Level;Local Street;Dry;Two-Way, Not Divided;None;No Special Feature;Smooth Asphalt;Piedmont;Urban;40 - 45  MPH;Stop Sign;Clear;No;35.270435, -81.26187
760;761;Yes;25-29;29;No;Not Applicable;C: Possible Injury;NA;White;Male;Hendersonville;Henderson;No;01/01/2002;22/12/2009;Bicyclist Failed to Yield - Signalized Intersection;13;Intersection-Related;01/12/2001;01/01/2001 13:42;Bicyclist Ride Out - Signalized  Intersection;293153;2009;C: Possible Injury;Commercial;70+;NA;No;16-20 mph;O: No Injury;White;Male;Van;No;No;Daylight;Urban (>70% Developed);2 lanes;2;Straight - Level;Local Street;Dry;One-Way, Not Divided;None;Four-Way Intersection;Coarse Asphalt;Mountains;Urban;20 - 25  MPH;Stop And Go Signal;Clear;No;35.311398, -82.46037
771;772;Yes;15-nov;14;No;NA;B: Evident Injury;NA;White;Male;Nags Head;Dare;No;01/01/2005;07/08/2009;Other /  - Insufficient Details;8;Location;01/08/2001;01/01/2001 08:01;Location;999980;2009;B: Evident Injury;Residential;60-69;65;No;36-40 mph;O: No Injury;Black;Male;Pickup;No;No;Daylight;Urban (>70% Developed);2 lanes;4;Straight - Level;NC Route;Dry;Two-Way, Not Divided;None;No Special Feature;Smooth Asphalt;Coastal;Rural;30 - 35  MPH;No Control Present;Clear;No;35.936462, -75.612404
773;774;No;16-19;17;No;With Traffic;O: No Injury;Travel Lane;White;Male;Wilson;Wilson;No;NA;25/05/2009;Head-On;16;Non-Intersection;01/05/2001;01/01/2001 16:55;Head-On - Motorist;311255;2009;C: Possible Injury;Residential;NA;NA;Missing;NA;Injury;/Missing;NA;NA;No;Yes;Daylight;Urban (>70% Developed);2 lanes;2;Straight - Level;Local Street;Dry;Two-Way, Not Divided;None;No Special Feature;Coarse Asphalt;Coastal;Urban;40 - 45  MPH;No Control Present;Clear;No;35.749367, -77.91665
779;780;Yes;50-59;52;No;With Traffic;K: Killed;Travel Lane;Black;Male;None - Rural Crash;Pamlico;No;01/01/2007;01/02/2009;Motorist Overtaking Bicyclist;18;Non-Intersection;01/02/2001;01/01/2001 18:43;Motorist Overtaking - Other /;311239;2009;K: Killed;Farms, Woods, Pastures;30-39;36;No;51-55 mph;C: Possible Injury;Asian;Female;Sport Utility;No;No;Dark - Roadway Not Lighted;Rural (<30% Developed);5 lanes;3;Straight - Level;US Route;Dry;Two-Way, Not Divided;None;No Special Feature;Smooth Asphalt;Coastal;Rural;50 - 55  MPH;No Control Present;Clear;No;35.136646, -76.8617
786;787;Yes;16-19;17;No;Facing Traffic;C: Possible Injury;Travel Lane;Black;Male;Charlotte;Mecklenburg;No;01/01/2006;05/09/2009;Motorist Failed to Yield - Sign-Controlled Intersection;20;Intersection;01/09/2001;01/01/2001 20:23;Motorist Drive Out - Sign-Controlled Intersection;112141;2009;C: Possible Injury;Commercial;NA;NA;Missing;6-10 mph;Injury;/Missing;NA;NA;No;Yes;Dark - Lighted Roadway;Urban (>70% Developed);2 lanes;2;Straight - Level;Local Street;Dry;Two-Way, Divided, Positive Median Barrier;None;T-Intersection;Smooth Asphalt;Piedmont;Urban;5 - 15 MPH;Stop Sign;Clear;No;35.099022, -80.78193
801;802;Yes;50-59;52;No;Facing Traffic;B: Evident Injury;Sidewalk / Crosswalk / Driveway Crossing;White;Female;Greensboro;Guilford;No;NA;27/07/2009;Motorist Failed to Yield - Sign-Controlled Intersection;15;Intersection;01/07/2001;01/01/2001 15:45;Motorist Drive Out - Sign-Controlled Intersection;132141;2009;B: Evident Injury;Residential;25-29;28;No;NA;O: No Injury;Black;Female;Sport Utility;No;No;Daylight;Urban (>70% Developed);4 lanes;2;Straight - Bottom;Local Street;Dry;Two-Way, Divided, Positive Median Barrier;None;T-Intersection;Smooth Asphalt;Piedmont;Urban;30 - 35  MPH;Human Control;Cloudy;No;36.020294, -79.82413
802;803;No;20-24;24;No;Facing Traffic;C: Possible Injury;Travel Lane;Hispanic;Male;Charlotte;Mecklenburg;No;01/01/2005;29/05/2009;Motorist Left Turn / Merge;11;Intersection;01/05/2001;01/01/2001 11:06;Motorist Left Turn - Opposite Direction;112212;2009;C: Possible Injury;Commercial;50-59;55;No;0-5 mph;O: No Injury;Black;Male;Passenger Car;No;No;Daylight;Urban (>70% Developed);5 lanes;2;Straight - Level;Local Street;Dry;Two-Way, Divided, Unprotected Median;None;No Special Feature;Smooth Asphalt;Piedmont;Urban;30 - 35  MPH;Stop And Go Signal;Clear;No;35.152557, -80.87632
809;810;Yes;60-69;60;No;With Traffic;C: Possible Injury;Travel Lane;Black;Male;Charlotte;Mecklenburg;No;NA;09/02/2009;Bicyclist Failed to Yield - Midblock;14;Non-Intersection;01/02/2001;01/01/2001 14:47;Bicyclist Ride Out - Other Midblock;311318;2009;C: Possible Injury;Commercial;60-69;69;No;0-5 mph;O: No Injury;Black;Female;Passenger Car;No;No;Daylight;Urban (>70% Developed);5 lanes;2;Straight - Level;Local Street;Dry;Two-Way, Divided, Unprotected Median;None;Four-Way Intersection;Smooth Asphalt;Piedmont;Urban;30 - 35  MPH;Stop And Go Signal;Clear;No;35.26269, -80.85479
3;4;Yes;15-nov;12;No;With Traffic;B: Evident Injury;Travel Lane;Asian;Male;None - Rural Crash;Mcdowell;No;01/01/2005;15/01/2010;Crossing Paths - Other Circumstances;16;Non-Intersection;NA;01/01/2001 16:49;Crossing Paths - Midblock - Other /;0;2010;B: Evident Injury;Residential;40-49;45;No;36-40 mph;O: No Injury;White;Male;Pickup;No;No;Daylight;Mixed (30% To 70% Developed);2 lanes;2;Straight - Grade;State Secondary Route;Dry;Two-Way, Not Divided;None;No Special Feature;Smooth Asphalt;Mountains;Rural;50 - 55  MPH;No Control Present;Clear;No;35.655247, -81.86706
6;7;Yes;50-59;56;No;With Traffic;A: Disabling Injury;Travel Lane;White;Male;None - Rural Crash;Columbus;No;NA;18/01/2010;Motorist Overtaking Bicyclist;11;Non-Intersection;NA;01/01/2001 11:09;Motorist Overtaking - Undetected Bicyclist;0;2010;A: Disabling Injury;Farms, Woods, Pastures;70+;NA;No;46-50 mph;O: No Injury;White;Female;Passenger Car;No;No;Daylight;Rural (<30% Developed);2 lanes;2;Straight - Level;NC Route;Dry;Two-Way, Not Divided;None;No Special Feature;Smooth Asphalt;Coastal;Rural;50 - 55  MPH;No Control Present;Clear;No;34.03773, -78.64558
22;23;No;16-19;18;No;With Traffic;O: No Injury;Travel Lane;Black;Male;Raleigh;Wake;No;01/01/2003;13/01/2010;Crossing Paths - Other Circumstances;16;Intersection;NA;01/01/2001 16:57;Signalized Intersection - Other /;0;2010;O: No Injury;Commercial;NA;NA;Missing;16-20 mph;Injury;/Missing;NA;NA;No;Yes;Dusk;Mixed (30% To 70% Developed);4 lanes;2;Straight - Grade;Local Street;Dry;Two-Way, Not Divided;None;No Special Feature;Smooth Asphalt;Piedmont;Urban;30 - 35  MPH;Stop And Go Signal;Clear;No;35.761044, -78.613884
40;41;Yes;15-nov;14;No;Facing Traffic;B: Evident Injury;Travel Lane;Black;Female;Fayetteville;Cumberland;No;01/01/2002;16/02/2010;Bicyclist Failed to Yield - Signalized Intersection;16;Intersection;01/02/2001;01/01/2001 16:46;Bicyclist Ride Out - Signalized  Intersection;0;2010;B: Evident Injury;Commercial;60-69;67;No;6-10 mph;O: No Injury;White;Male;Pickup;No;No;Daylight;Urban (>70% Developed);2 lanes;2;Straight - Level;Local Street;Dry;Two-Way, Not Divided;None;Four-Way Intersection;Concrete;Coastal;Urban;20 - 25  MPH;Stop And Go Signal;Clear;No;35.05373, -78.885605
41;42;Yes;20-24;22;No;With Traffic;B: Evident Injury;Travel Lane;White;Male;Raleigh;Wake;No;01/01/2003;20/01/2010;Motorist Failed to Yield - Sign-Controlled Intersection;19;Intersection;NA;01/01/2001 19:12;Motorist Drive Out - Sign-Controlled Intersection;0;2010;B: Evident Injury;Residential;25-29;25;No;11-15 mph;O: No Injury;Black;Female;Passenger Car;No;No;Dark - Lighted Roadway;Urban (>70% Developed);2 lanes;2;Straight - Grade;Local Street;Dry;Two-Way, Divided, Unprotected Median;None;Four-Way Intersection;Smooth Asphalt;Piedmont;Urban;30 - 35  MPH;No Control Present;Clear;No;35.78361, -78.688324
47;48;No;10-juin;9;No;Not Applicable;O: No Injury;Non-Roadway;Black;Male;Durham;Durham;No;01/01/2007;28/02/2010;Non-Roadway;8;Non-Roadway;01/02/2001;01/01/2001 08:48;Non-Roadway;0;2010;O: No Injury;Residential;25-29;25;No;11-15 mph;O: No Injury;Hispanic;Male;Sport Utility;No;No;Daylight;Urban (>70% Developed);1 lane;2;Straight - Level;Private Road, Driveway;Dry;Two-Way, Not Divided;None;No Special Feature;Smooth Asphalt;Piedmont;Urban;20 - 25  MPH;No Control Present;Clear;No;35.998848, -78.86436
63;64;Yes;15-nov;14;No;With Traffic;C: Possible Injury;Travel Lane;White;Female;Reidsville;Rockingham;No;01/01/2006;27/02/2010;Bicyclist Failed to Yield - Sign-Controlled Intersection;16;Intersection;01/02/2001;01/01/2001 16:49;Bicyclist Ride Through - Sign-Controlled Intersection;0;2010;C: Possible Injury;Residential;60-69;67;No;21-25 mph;O: No Injury;White;Female;Passenger Car;No;No;Daylight;Urban (>70% Developed);2 lanes;2;Straight - Grade;Local Street;Dry;Two-Way, Not Divided;None;T-Intersection;Smooth Asphalt;Piedmont;Urban;30 - 35  MPH;Stop Sign;Clear;No;36.34692, -79.67299
67;68;Yes;40-49;47;No;With Traffic;B: Evident Injury;Travel Lane;Black;Male;Wilmington;New Hanover;No;01/01/2003;17/02/2010;Motorist Failed to Yield - Sign-Controlled Intersection;18;Intersection;01/02/2001;01/01/2001 17:59;Motorist Drive Through - Sign-Controlled Intersection;0;2010;B: Evident Injury;Residential;NA;NA;Missing;36-40 mph;Injury;/Missing;NA;NA;No;Yes;Daylight;Urban (>70% Developed);4 lanes;2;Straight - Level;Local Street;Dry;Two-Way, Not Divided;None;Four-Way Intersection;Coarse Asphalt;Coastal;Urban;30 - 35  MPH;Stop Sign;Clear;No;34.219448, -77.94003
68;69;Yes;50-59;53;No;With Traffic;K: Killed;Travel Lane;Black;Male;Red Springs;Robeson;No;01/01/2006;20/02/2010;Motorist Overtaking Bicyclist;17;Non-Intersection;01/02/2001;01/01/2001 17:41;Motorist Overtaking - Undetected Bicyclist;0;2010;K: Killed;Residential;20-24;20;No;31-35 mph;O: No Injury;Native American;Female;Passenger Car;No;No;Daylight;Urban (>70% Developed);2 lanes;2;Straight - Level;Local Street;Dry;Two-Way, Not Divided;None;No Special Feature;Coarse Asphalt;Coastal;Rural;30 - 35  MPH;No Control Present;Clear;No;34.803738, -79.18837
77;78;No;40-49;48;Yes;Not Applicable;O: No Injury;Driveway / Alley;Black;Male;None - Rural Crash;Pitt;Yes;01/01/2005;19/03/2010;Bicyclist Failed to Yield - Midblock;18;Non-Intersection;01/03/2001;01/01/2001 18:14;Bicyclist Ride Out - Residential Driveway;0;2010;O: No Injury;Residential;60-69;68;No;51-55 mph;O: No Injury;White;Female;Passenger Car;No;No;Daylight;Mixed (30% To 70% Developed);2 lanes;2;Curve - Level;NC Route;Dry;Two-Way, Not Divided;None;Driveway, Private;Smooth Asphalt;Coastal;Rural;50 - 55  MPH;Double Yellow Line, No Passing Zone;Clear;No;35.587906, -77.230835
81;82;Yes;25-29;29;Yes;Facing Traffic;C: Possible Injury;Travel Lane;Black;Male;Statesville;Iredell;Yes;01/01/2004;04/03/2010;Motorist Left Turn / Merge;14;Non-Intersection;01/03/2001;01/01/2001 13:59;Motorist Left Turn - Same Direction;0;2010;C: Possible Injury;Residential;NA;NA;Missing;11-15 mph;Injury;/Missing;NA;NA;No;Yes;Daylight;Urban (>70% Developed);2 lanes;2;Straight - Grade;Local Street;Dry;Two-Way, Not Divided;None;No Special Feature;Smooth Asphalt;Piedmont;Urban;30 - 35  MPH;No Control Present;Clear;No;35.78174, -80.88143
86;87;Yes;25-29;28;No;Facing Traffic;B: Evident Injury;Travel Lane;Black;Male;Forest City;Rutherford;No;01/01/2003;10/03/2010;Motorist Left Turn / Merge;15;Non-Intersection;01/03/2001;01/01/2001 15:14;Motorist Left Turn - Same Direction;0;2010;B: Evident Injury;Residential;0-19;17;No;21-25 mph;O: No Injury;Hispanic;Male;Passenger Car;No;No;Daylight;Urban (>70% Developed);2 lanes;2;Straight - Grade;Local Street;Dry;Two-Way, Not Divided;None;No Special Feature;Coarse Asphalt;Mountains;Urban;30 - 35  MPH;No Control Present;Cloudy;No;35.35612, -81.87332
88;89;Yes;15-nov;13;No;With Traffic;B: Evident Injury;Travel Lane;White;Male;None - Rural Crash;Onslow;No;01/01/2005;05/03/2010;Bicyclist Left Turn / Merge;19;Non-Intersection;01/03/2001;01/01/2001 19:13;Bicyclist Left Turn - Same Direction;0;2010;B: Evident Injury;Farms, Woods, Pastures;25-29;25;No;51-55 mph;O: No Injury;White;Male;Pickup;No;No;Dark - Roadway Not Lighted;Rural (<30% Developed);2 lanes;2;Straight - Level;State Secondary Route;Dry;Two-Way, Not Divided;None;No Special Feature;Coarse Asphalt;Coastal;Rural;50 - 55  MPH;Double Yellow Line, No Passing Zone;Clear;No;34.657177, -77.20122
95;96;Yes;NA;NA;Missing;Facing Traffic;Injury;Sidewalk / Crosswalk / Driveway Crossing;/Missing;NA;Raleigh;Wake;No;01/01/2003;17/03/2010;Motorist Failed to Yield - Signalized Intersection;17;Intersection;01/03/2001;01/01/2001 17:43;Motorist Drive Out - Right Turn on Red;0;2010;C: Possible Injury;Commercial;60-69;63;No;0-5 mph;O: No Injury;White;Male;Pickup;No;No;Daylight;Urban (>70% Developed);4 lanes;2;Straight - Level;Local Street;Dry;Two-Way, Divided, Unprotected Median;None;Four-Way Intersection;Smooth Asphalt;Piedmont;Urban;30 - 35  MPH;Stop And Go Signal;Clear;No;35.815186, -78.626144