FID;OBJECTID;AmbulanceR;BikeAge_Gr;Bike_Age;Bike_Alc_D;Bike_Dir;Bike_Injur;Bike_Pos;Bike_Race;Bike_Sex;City;County;CrashAlcoh;CrashDay;Crash_Date;Crash_Grp;Crash_Hour;Crash_Loc;Crash_Mont;Crash_Time;Crash_Type;Crash_Ty_1;Crash_Year;Crsh_Sevri;Developmen;DrvrAge_Gr;Drvr_Age;Drvr_Alc_D;Drvr_EstSp;Drvr_Injur;Drvr_Race;Drvr_Sex;Drvr_VehTy;ExcsSpdInd;Hit_Run;Light_Cond;Locality;Num_Lanes;Num_Units;Rd_Charact;Rd_Class;Rd_Conditi;Rd_Config;Rd_Defects;Rd_Feature;Rd_Surface;Region;Rural_Urba;Speed_Limi;Traff_Cntr;Weather;Workzone_I;Location
102;103;No;50-59;58;No;With Traffic;B: Evident Injury;Travel Lane;Black;Female;None - Rural Crash;Guilford;No;01/01/2006;03/04/2010;Motorist Overtaking Bicyclist;12;Non-Intersection;01/04/2001;01/01/2001 12:02;Motorist Overtaking - Misjudged Space;0;2010;B: Evident Injury;Farms, Woods, Pastures;NA;NA;No;21-25 mph;Injury;/Missing;NA;Tractor/Semi-Trailer;No;Yes;Daylight;Rural (<30% Developed);2 lanes;2;Straight - Level;State Secondary Route;Dry;Two-Way, Not Divided;None;No Special Feature;Smooth Asphalt;Piedmont;Rural;40 - 45  MPH;Double Yellow Line, No Passing Zone;Clear;No;36.059444, -79.71857
115;116;No;15-nov;15;No;With Traffic;Injury;Travel Lane;/Missing;NA;Charlotte;Mecklenburg;No;01/01/2004;01/04/2010;Crossing Paths - Other Circumstances;14;Intersection;01/04/2001;01/01/2001 14:27;Crossing Paths - Intersection - Other /;0;2010;O: No Injury;Commercial;40-49;47;No;0-5 mph;O: No Injury;White;Male;Passenger Car;No;No;Daylight;Rural (<30% Developed);4 lanes;2;Straight - Level;Local Street;Dry;Two-Way, Divided, Positive Median Barrier;None;No Special Feature;Smooth Asphalt;Piedmont;Urban;30 - 35  MPH;Stop And Go Signal;Clear;No;35.11796, -80.85581
120;121;Yes;15-nov;15;No;With Traffic;C: Possible Injury;Sidewalk / Crosswalk / Driveway Crossing;Black;Male;Dunn;Harnett;No;01/01/2003;31/03/2010;Parallel Paths - Other Circumstances;16;Non-Intersection;01/03/2001;01/01/2001 16:52;Parallel Paths - Other /;0;2010;C: Possible Injury;Commercial;50-59;51;No;11-15 mph;O: No Injury;/Missing;Male;Pickup;No;No;Daylight;Urban (>70% Developed);4 lanes;3;Straight - Level;US Route;Dry;Two-Way, Not Divided;None;No Special Feature;Coarse Asphalt;Coastal;Urban;30 - 35  MPH;No Control Present;Clear;No;35.303215, -78.60354
121;122;No;40-49;44;No;With Traffic;B: Evident Injury;Travel Lane;White;Female;Charlotte;Mecklenburg;No;01/01/2004;01/04/2010;Bicyclist Left Turn / Merge;19;Intersection;01/04/2001;01/01/2001 19:41;Bicyclist Left Turn - Same Direction;0;2010;B: Evident Injury;Residential;30-39;36;No;0-5 mph;O: No Injury;White;Female;Sport Utility;No;No;Daylight;Urban (>70% Developed);2 lanes;2;Straight - Level;Local Street;Dry;Two-Way, Not Divided;None;No Special Feature;Smooth Asphalt;Piedmont;Urban;20 - 25  MPH;Stop Sign;Clear;No;35.174107, -80.836494
124;125;No;20-24;21;No;With Traffic;O: No Injury;Travel Lane;White;Male;Boone;Watauga;No;NA;12/04/2010;Bicyclist Overtaking Motorist;7;Non-Intersection;01/04/2001;01/01/2001 07:51;Bicyclist Overtaking - Passing on Left;0;2010;O: No Injury;Institutional;40-49;44;No;11-15 mph;O: No Injury;White;Female;Pickup;No;No;Daylight;Urban (>70% Developed);2 lanes;2;Straight - Hillcrest;Local Street;Dry;One-Way, Not Divided;None;No Special Feature;Coarse Asphalt;Mountains;Urban;20 - 25  MPH;No Control Present;Clear;No;36.210297, -81.6774
129;130;No;20-24;24;No;With Traffic;C: Possible Injury;Travel Lane;Black;Female;Wilmington;New Hanover;No;01/01/2006;03/04/2010;Bicyclist Left Turn / Merge;18;Non-Intersection;01/04/2001;01/01/2001 18:33;Bicyclist Left Turn - Same Direction;0;2010;C: Possible Injury;Commercial;40-49;49;No;41-45 mph;O: No Injury;White;Male;Passenger Car;No;No;Daylight;Urban (>70% Developed);5 lanes;2;Straight - Level;US Route;Dry;Two-Way, Divided, Unprotected Median;None;No Special Feature;Coarse Asphalt;Coastal;Urban;40 - 45  MPH;No Control Present;Clear;No;34.243145, -77.86062
131;132;No;30-39;37;No;With Traffic;C: Possible Injury;Travel Lane;Black;Male;Wilson;Wilson;No;01/01/2002;09/02/2010;Motorist Failed to Yield - Sign-Controlled Intersection;14;Intersection;01/02/2001;01/01/2001 14:29;Motorist Drive Out - Sign-Controlled Intersection;0;2010;C: Possible Injury;Commercial;50-59;53;No;31-35 mph;O: No Injury;White;Male;Sport Utility;No;No;Daylight;Urban (>70% Developed);2 lanes;2;Straight - Level;Local Street;Wet;Two-Way, Not Divided;None;No Special Feature;Coarse Asphalt;Coastal;Urban;30 - 35  MPH;Stop Sign;Rain;No;35.757267, -77.9326
138;139;No;40-49;49;No;With Traffic;O: No Injury;Travel Lane;White;Male;Wrightsville Beach;New Hanover;No;01/01/2003;07/04/2010;Bicyclist Left Turn / Merge;17;Intersection-Related;01/04/2001;01/01/2001 17:09;Bicyclist Left Turn - Opposite Direction;0;2010;C: Possible Injury;Residential;20-24;24;No;21-25 mph;O: No Injury;White;Female;Passenger Car;No;No;Daylight;Urban (>70% Developed);2 lanes;2;Straight - Level;Local Street;Dry;Two-Way, Not Divided;None;No Special Feature;Smooth Asphalt;Coastal;Rural;20 - 25  MPH;No Control Present;Clear;No;34.212627, -77.792496
139;140;Yes;60-69;65;No;With Traffic;C: Possible Injury;Sidewalk / Crosswalk / Driveway Crossing;White;Male;Greensboro;Guilford;No;01/01/2005;16/04/2010;Motorist Right Turn / Merge;12;Intersection;01/04/2001;01/01/2001 12:49;Motorist Right Turn - Same Direction;0;2010;C: Possible Injury;Institutional;20-24;21;No;11-15 mph;O: No Injury;Asian;Female;Passenger Car;No;No;Daylight;Urban (>70% Developed);2 lanes;2;Straight - Level;Local Street;Dry;Two-Way, Divided, Unprotected Median;None;Four-Way Intersection;Smooth Asphalt;Piedmont;Urban;20 - 25  MPH;Stop And Go Signal;Clear;No;36.065292, -79.8128
141;142;Yes;10-juin;10;No;Not Applicable;C: Possible Injury;Non-Roadway;Black;Female;Durham;Durham;No;01/01/2007;18/04/2010;Non-Roadway;16;Non-Roadway;01/04/2001;01/01/2001 16:58;Non-Roadway;0;2010;C: Possible Injury;Commercial;NA;NA;Missing;0-5 mph;Injury;/Missing;NA;Sport Utility;No;Yes;Daylight;Urban (>70% Developed);NA;2;Straight - Level;Public Vehicular Area;Dry;Two-Way, Not Divided;None;No Special Feature;Smooth Asphalt;Piedmont;Urban;20 - 25  MPH;No Control Present;Clear;No;35.89951, -78.89824
143;144;No;50-59;52;No;With Traffic;O: No Injury;Travel Lane;White;Male;Wilson;Wilson;No;01/01/2005;15/01/2010;Bicyclist Left Turn / Merge;12;Non-Intersection;NA;01/01/2001 12:17;Bicyclist Left Turn - Same Direction;0;2010;O: No Injury;Commercial;30-39;32;No;41-45 mph;O: No Injury;White;Female;Passenger Car;No;No;Daylight;Urban (>70% Developed);4 lanes;2;Straight - Hillcrest;Local Street;Dry;Two-Way, Not Divided;None;Bridge;Coarse Asphalt;Coastal;Urban;40 - 45  MPH;No Control Present;Clear;No;35.73216, -77.90005
146;147;Yes;50-59;52;Yes;With Traffic;C: Possible Injury;Travel Lane;Black;Male;Rocky Mount;Edgecombe;Yes;01/01/2007;07/03/2010;Bicyclist Left Turn / Merge;19;Non-Intersection;01/03/2001;01/01/2001 19:36;Bicyclist Left Turn - Same Direction;0;2010;C: Possible Injury;Residential;70+;NA;No;16-20 mph;O: No Injury;Black;Male;Pickup;No;No;Dark - Lighted Roadway;Urban (>70% Developed);4 lanes;2;Straight - Level;Local Street;Dry;Two-Way, Not Divided;None;No Special Feature;Smooth Asphalt;Coastal;Urban;30 - 35  MPH;No Control Present;Clear;No;35.94308, -77.780426
152;153;Yes;16-19;18;No;With Traffic;B: Evident Injury;Travel Lane;Black;Male;Greensboro;Guilford;No;01/01/2005;09/04/2010;Bicyclist Failed to Yield - Sign-Controlled Intersection;16;Intersection;01/04/2001;01/01/2001 16:54;Bicyclist Ride Through - Sign-Controlled Intersection;0;2010;B: Evident Injury;Residential;50-59;50;No;31-35 mph;O: No Injury;White;Female;Passenger Car;No;No;Daylight;Urban (>70% Developed);4 lanes;2;Straight - Level;Local Street;Dry;Two-Way, Divided, Unprotected Median;None;T-Intersection;Smooth Asphalt;Piedmont;Urban;30 - 35  MPH;No Control Present;Clear;No;36.100212, -79.7651
157;158;No;20-24;23;No;With Traffic;C: Possible Injury;Travel Lane;White;Male;Raleigh;Wake;No;01/01/2002;30/03/2010;Loss of Control / Turning Error;8;Intersection;01/03/2001;01/01/2001 08:38;Bicyclist Lost Control - Surface Conditions;0;2010;C: Possible Injury;Commercial;50-59;57;No;11-15 mph;O: No Injury;White;Female;Passenger Car;No;No;Daylight;Urban (>70% Developed);5 lanes;2;Straight - Level;Local Street;Dry;Two-Way, Not Divided;None;No Special Feature;Smooth Asphalt;Piedmont;Urban;30 - 35  MPH;Stop And Go Signal;Clear;No;35.788815, -78.67323
503;504;No;15-nov;15;No;Facing Traffic;O: No Injury;Sidewalk / Crosswalk / Driveway Crossing;Black;Male;Raleigh;Wake;No;01/01/2004;10/07/2008;Motorist Failed to Yield - Midblock;13;Non-Intersection;01/07/2001;01/01/2001 13:27;Motorist Drive Out - Commercial Driveway / Alley;332322;2008;O: No Injury;Commercial;30-39;36;No;0-5 mph;O: No Injury;White;Male;Passenger Car;No;No;Daylight;Urban (>70% Developed);NA;2;Straight - Grade;Public Vehicular Area;Dry;Two-Way, Not Divided;None;Driveway, Private;Concrete;Piedmont;Urban;30 - 35  MPH;Missing;Clear;No;0.0, 0.0
515;516;No;15-nov;12;No;NA;C: Possible Injury;NA;White;Male;Stanley;Gaston;No;01/01/2003;02/07/2008;Other /  - Insufficient Details;18;Intersection;01/07/2001;01/01/2001 18:50;Approach Paths;1990970;2008;C: Possible Injury;Residential;30-39;38;No;6-10 mph;O: No Injury;White;Female;Sport Utility;No;No;Daylight;Urban (>70% Developed);2 lanes;2;Straight - Level;Local Street;Dry;Two-Way, Not Divided;None;T-Intersection;Smooth Asphalt;Piedmont;Rural;30 - 35  MPH;Stop And Go Signal;Clear;No;0.0, 0.0
521;522;Yes;40-49;45;No;With Traffic;A: Disabling Injury;Travel Lane;White;Male;None - Rural Crash;Guilford;No;01/01/2004;17/07/2008;Bicyclist Left Turn / Merge;10;Intersection;01/07/2001;01/01/2001 10:19;Bicyclist Left Turn - Same Direction;111221;2008;A: Disabling Injury;Farms, Woods, Pastures;20-24;23;No;41-45 mph;O: No Injury;Other;Male;Passenger Car;No;No;Daylight;Mixed (30% To 70% Developed);2 lanes;2;Straight - Level;NC Route;Dry;Two-Way, Not Divided;None;T-Intersection;Smooth Asphalt;Piedmont;Rural;40 - 45  MPH;Double Yellow Line, No Passing Zone;Clear;No;0.0, 0.0
89;90;No;60-69;68;No;Facing Traffic;C: Possible Injury;Travel Lane;Black;Male;Ahoskie;Hertford;No;NA;04/02/2008;Motorist Failed to Yield - Sign-Controlled Intersection;13;Intersection;01/02/2001;01/01/2001 13:37;Motorist Drive Through - Sign-Controlled Intersection;112143;2008;C: Possible Injury;Residential;70+;NA;No;6-10 mph;O: No Injury;Black;Female;Passenger Car;No;No;Daylight;Urban (>70% Developed);2 lanes;2;Straight - Level;Local Street;Dry;Two-Way, Not Divided;None;Y-Intersection;Smooth Asphalt;Coastal;Rural;30 - 35  MPH;Stop Sign;Clear;No;0.0, 0.0
91;92;No;30-39;38;Yes;With Traffic;C: Possible Injury;Travel Lane;White;Male;Bayboro;Pamlico;Yes;01/01/2003;09/04/2008;Bicyclist Left Turn / Merge;20;Non-Intersection;01/04/2001;01/01/2001 20:17;Bicyclist Left Turn - Opposite Direction;311222;2008;C: Possible Injury;Farms, Woods, Pastures;60-69;64;No;21-25 mph;O: No Injury;White;Male;Van;No;No;Dark - Roadway Not Lighted;Mixed (30% To 70% Developed);3 lanes;2;Straight - Level;NC Route;Dry;Two-Way, Divided, Unprotected Median;None;No Special Feature;Smooth Asphalt;Coastal;Rural;30 - 35  MPH;No Control Present;Clear;No;0.0, 0.0
92;93;Yes;40-49;45;No;Facing Traffic;B: Evident Injury;Other;White;Male;Cary;Wake;No;01/01/2006;19/04/2008;Motorist Failed to Yield - Sign-Controlled Intersection;9;Intersection;01/04/2001;01/01/2001 08:59;Motorist Drive Out - Sign-Controlled Intersection;182141;2008;B: Evident Injury;Residential;25-29;25;No;0-5 mph;O: No Injury;White;Female;Passenger Car;No;No;Daylight;Urban (>70% Developed);2 lanes;2;Straight - Level;Local Street;Dry;Two-Way, Divided, Unprotected Median;None;T-Intersection;Smooth Asphalt;Piedmont;Urban;20 - 25  MPH;Stop Sign;Clear;Yes;0.0, 0.0
99;100;Yes;60-69;67;No;Facing Traffic;B: Evident Injury;Sidewalk / Crosswalk / Driveway Crossing;White;Male;Hickory;Catawba;No;01/01/2004;07/02/2008;Motorist Failed to Yield - Sign-Controlled Intersection;7;Intersection;01/02/2001;01/01/2001 07:29;Motorist Drive Out - Sign-Controlled Intersection;132141;2008;B: Evident Injury;Commercial;60-69;64;No;0-5 mph;O: No Injury;White;Male;Passenger Car;No;No;Daylight;Urban (>70% Developed);2 lanes;2;Straight - Level;Local Street;Dry;Two-Way, Not Divided;None;No Special Feature;Coarse Asphalt;Piedmont;Urban;30 - 35  MPH;Stop Sign;Clear;No;0.0, 0.0
103;104;Yes;40-49;40;No;Facing Traffic;C: Possible Injury;Sidewalk / Crosswalk / Driveway Crossing;White;Male;Charlotte;Mecklenburg;No;01/01/2002;22/04/2008;Crossing Paths - Other Circumstances;20;Intersection;01/04/2001;01/01/2001 20:37;Signalized Intersection - Other /;132158;2008;C: Possible Injury;Commercial;40-49;40;No;6-10 mph;Injury;/Missing;NA;Sport Utility;No;Yes;Dark - Lighted Roadway;Mixed (30% To 70% Developed);5 lanes;2;Straight - Level;Local Street;Dry;Two-Way, Divided, Positive Median Barrier;None;Four-Way Intersection;Coarse Asphalt;Piedmont;Urban;40 - 45  MPH;Stop And Go Signal;Cloudy;No;0.0, 0.0
107;108;Yes;25-29;29;No;With Traffic;A: Disabling Injury;Travel Lane;White;Male;None - Rural Crash;Brunswick;No;01/01/2004;24/04/2008;Motorist Overtaking Bicyclist;16;Non-Intersection;01/04/2001;01/01/2001 16:28;Motorist Overtaking - Misjudged Space;311232;2008;A: Disabling Injury;Commercial;40-49;48;No;41-45 mph;O: No Injury;White;Male;Pickup;No;No;Daylight;Mixed (30% To 70% Developed);2 lanes;2;Straight - Level;NC Route;Dry;Two-Way, Not Divided;None;No Special Feature;Smooth Asphalt;Coastal;Rural;50 - 55  MPH;Double Yellow Line, No Passing Zone;Clear;No;0.0, 0.0
109;110;Yes;40-49;49;No;With Traffic;C: Possible Injury;Travel Lane;Black;Male;Elizabeth City;Pasquotank;No;01/01/2005;15/02/2008;Bicyclist Left Turn / Merge;14;Intersection;01/02/2001;01/01/2001 14:22;Bicyclist Left Turn - Opposite Direction;111222;2008;C: Possible Injury;Residential;30-39;31;No;6-10 mph;O: No Injury;White;Female;Passenger Car;No;No;Daylight;Urban (>70% Developed);8 lanes;2;Straight - Level;Local Street;Wet;Two-Way, Not Divided;None;No Special Feature;Smooth Asphalt;Coastal;Urban;50 - 55  MPH;Stop And Go Signal;Cloudy;No;0.0, 0.0
113;114;No;30-39;32;No;Facing Traffic;B: Evident Injury;Sidewalk / Crosswalk / Driveway Crossing;White;Male;Wilmington;New Hanover;No;01/01/2006;16/02/2008;Bicyclist Failed to Yield - Signalized Intersection;8;Intersection;01/02/2001;01/01/2001 08:36;Bicyclist Ride Through - Signalized Intersection;132155;2008;B: Evident Injury;Residential;40-49;46;No;0-5 mph;O: No Injury;White;Female;Passenger Car;No;No;Daylight;Urban (>70% Developed);2 lanes;2;Straight - Level;Local Street;Dry;Two-Way, Not Divided;None;Related To Intersection;Smooth Asphalt;Coastal;Urban;30 - 35  MPH;Stop And Go Signal;Clear;No;0.0, 0.0
115;116;Yes;70+;NA;No;Facing Traffic;B: Evident Injury;Travel Lane;White;Male;Graham;Alamance;No;NA;18/02/2008;Motorist Failed to Yield - Signalized Intersection;12;Intersection;01/02/2001;01/01/2001 12:34;Motorist Drive Out - Signalized Intersection;112152;2008;B: Evident Injury;Commercial;25-29;28;No;0-5 mph;O: No Injury;White;Female;Sport Utility;No;No;Daylight;Urban (>70% Developed);5 lanes;2;Straight - Grade;NC Route;Dry;Two-Way, Not Divided;None;On or Off Ramp;Smooth Asphalt;Piedmont;Urban;30 - 35  MPH;Stop And Go Signal;Clear;No;0.0, 0.0
117;118;Yes;40-49;43;No;With Traffic;B: Evident Injury;Travel Lane;White;Male;Wilmington;New Hanover;No;NA;18/02/2008;Motorist Overtaking Bicyclist;6;Non-Intersection;01/02/2001;01/01/2001 06:42;Motorist Overtaking - Undetected Bicyclist;311231;2008;B: Evident Injury;Commercial;40-49;47;No;16-20 mph;O: No Injury;White;Female;Passenger Car;No;No;Dark -  Lighting;Urban (>70% Developed);5 lanes;2;Straight - Level;Local Street;Wet;Two-Way, Divided, Positive Median Barrier;NA;No Special Feature;Coarse Asphalt;Coastal;Urban;40 - 45  MPH;No Control Present;Rain;No;0.0, 0.0
122;123;No;40-49;47;No;NA;B: Evident Injury;NA;Black;Male;Fayetteville;Cumberland;No;01/01/2005;22/02/2008;Other /  - Insufficient Details;15;Intersection-Related;01/02/2001;01/01/2001 15:54;Approach Paths;2990970;2008;B: Evident Injury;Commercial;30-39;39;No;NA;O: No Injury;White;Male;Heavy Truck;No;No;Daylight;Urban (>70% Developed);NA;2;NA;Local Street;Dry;NA;None;No Special Feature;NA;Coastal;Urban;NA;Missing;Cloudy;No;0.0, 0.0
127;128;Yes;15-nov;14;No;With Traffic;C: Possible Injury;Travel Lane;White;Female;None - Rural Crash;Pender;No;01/01/2007;17/02/2008;Motorist Overtaking Bicyclist;11;Non-Intersection;01/02/2001;01/01/2001 11:29;Motorist Overtaking - Misjudged Space;311232;2008;C: Possible Injury;Residential;70+;NA;No;31-35 mph;O: No Injury;White;Male;Passenger Car;No;No;Daylight;Rural (<30% Developed);2 lanes;2;Straight - Level;State Secondary Route;Dry;Two-Way, Not Divided;None;No Special Feature;Smooth Asphalt;Coastal;Rural;40 - 45  MPH;No Control Present;Clear;No;0.0, 0.0
141;142;No;15-nov;15;No;NA;O: No Injury;NA;White;Male;Grantsboro;Pamlico;No;01/01/2007;02/03/2008;Other /  - Insufficient Details;15;Non-Intersection;01/03/2001;01/01/2001 15:39;Approach Paths;3990970;2008;O: No Injury;Commercial;40-49;49;No;16-20 mph;O: No Injury;Black;Female;Passenger Car;No;No;Daylight;Urban (>70% Developed);3 lanes;2;Straight - Level;NC Route;Dry;Two-Way, Not Divided;None;No Special Feature;Coarse Asphalt;Coastal;Rural;40 - 45  MPH;Double Yellow Line, No Passing Zone;Clear;No;0.0, 0.0
148;149;Yes;20-24;24;No;With Traffic;B: Evident Injury;Bike Lane / Paved Shoulder;White;Male;Mooresville;Iredell;No;01/01/2006;01/03/2008;Parallel Paths - Other Circumstances;14;Non-Intersection;01/03/2001;01/01/2001 14:58;Parallel Paths - Other /;321280;2008;B: Evident Injury;Commercial;70+;NA;No;36-40 mph;O: No Injury;White;Female;Light Truck (Mini-Van, Panel);No;No;Daylight;Rural (<30% Developed);2 lanes;2;Straight - Hillcrest;Local Street;Dry;Two-Way, Not Divided;None;No Special Feature;Smooth Asphalt;Piedmont;Urban;40 - 45  MPH;No Control Present;Clear;No;0.0, 0.0
150;151;Yes;60-69;65;No;With Traffic;A: Disabling Injury;Travel Lane;White;Male;Chapel Hill;Orange;No;01/01/2004;06/03/2008;Bicyclist Left Turn / Merge;17;Non-Intersection;01/03/2001;01/01/2001 17:24;Bicyclist Left Turn - Same Direction;311221;2008;A: Disabling Injury;Residential;60-69;65;No;31-35 mph;O: No Injury;White;Female;Passenger Car;No;No;Daylight;Urban (>70% Developed);5 lanes;2;Straight - Level;Local Street;Dry;Two-Way, Not Divided;None;No Special Feature;Smooth Asphalt;Piedmont;Urban;30 - 35  MPH;No Control Present;Clear;No;0.0, 0.0
154;155;Yes;15-nov;13;No;With Traffic;B: Evident Injury;Travel Lane;White;Female;Kitty Hawk;Dare;No;01/01/2006;08/03/2008;Bicyclist Failed to Yield - Signalized Intersection;11;Intersection;01/03/2001;01/01/2001 11:29;Bicyclist Ride Through - Signalized Intersection;111155;2008;B: Evident Injury;Commercial;30-39;31;No;41-45 mph;O: No Injury;White;Male;Pickup;No;No;Daylight;Urban (>70% Developed);5 lanes;2;Straight - Hillcrest;Local Street;Wet;Two-Way, Not Divided;None;Four-Way Intersection;Coarse Asphalt;Coastal;Rural;50 - 55  MPH;Stop And Go Signal;Rain;No;0.0, 0.0
160;161;No;15-nov;15;No;With Traffic;C: Possible Injury;Travel Lane;White;Male;None - Rural Crash;Transylvania;No;01/01/2002;11/03/2008;Bicyclist Left Turn / Merge;17;Non-Intersection;01/03/2001;01/01/2001 17:55;Bicyclist Left Turn - Opposite Direction;311222;2008;C: Possible Injury;Farms, Woods, Pastures;50-59;52;No;41-45 mph;O: No Injury;White;Female;Sport Utility;No;No;Daylight;Rural (<30% Developed);3 lanes;2;Straight - Level;US Route;Dry;Two-Way, Not Divided;None;No Special Feature;Smooth Asphalt;Mountains;Rural;40 - 45  MPH;Double Yellow Line, No Passing Zone;Clear;No;0.0, 0.0
164;165;Yes;16-19;17;No;With Traffic;B: Evident Injury;Travel Lane;Black;Male;Raleigh;Wake;No;01/01/2006;12/01/2008;Bicyclist Failed to Yield - Sign-Controlled Intersection;23;Intersection;NA;01/01/2001 23:24;Bicyclist Ride Through - Sign-Controlled Intersection;111144;2008;B: Evident Injury;Residential;50-59;50;No;21-25 mph;O: No Injury;Black;Female;Passenger Car;No;No;Dark - Lighted Roadway;Urban (>70% Developed);2 lanes;2;Straight - Bottom;Local Street;Dry;Two-Way, Not Divided;None;Four-Way Intersection;Smooth Asphalt;Piedmont;Urban;30 - 35  MPH;Stop Sign;Clear;No;0.0, 0.0
170;171;Yes;0-5;5;No;With Traffic;C: Possible Injury;Travel Lane;Black;Male;Salisbury;Rowan;No;01/01/2005;09/05/2008;Bicyclist Failed to Yield - Sign-Controlled Intersection;18;Intersection;01/05/2001;01/01/2001 18:27;Bicyclist Ride Through - Sign-Controlled Intersection;111144;2008;C: Possible Injury;Residential;50-59;52;No;16-20 mph;O: No Injury;White;Female;Passenger Car;No;No;Daylight;Urban (>70% Developed);2 lanes;2;Straight - Grade;Local Street;Dry;Two-Way, Not Divided;None;T-Intersection;Smooth Asphalt;Piedmont;Urban;20 - 25  MPH;Stop Sign;Clear;No;0.0, 0.0
174;175;Yes;25-29;25;No;With Traffic;C: Possible Injury;Travel Lane;Black;Male;Huntersville;Mecklenburg;No;01/01/2007;16/03/2008;Motorist Overtaking Bicyclist;6;Non-Intersection;01/03/2001;01/01/2001 06:19;Motorist Overtaking - Undetected Bicyclist;311231;2008;C: Possible Injury;Residential;NA;NA;Missing;41-45 mph;Injury;/Missing;NA;NA;No;Yes;Dark - Roadway Not Lighted;Rural (<30% Developed);2 lanes;2;Curve - Level;Local Street;Wet;Two-Way, Divided, Unprotected Median;No Shoulders;No Special Feature;Smooth Asphalt;Piedmont;Urban;40 - 45  MPH;Double Yellow Line, No Passing Zone;Cloudy;No;0.0, 0.0
179;180;Yes;10-juin;7;No;Not Applicable;C: Possible Injury;Sidewalk / Crosswalk / Driveway Crossing;Hispanic;Female;None - Rural Crash;New Hanover;No;01/01/2003;19/03/2008;Bicyclist Failed to Yield - Midblock;7;Non-Intersection;01/03/2001;01/01/2001 07:34;Bicyclist Ride Out - Other Midblock;333318;2008;C: Possible Injury;Institutional;25-29;29;No;0-5 mph;O: No Injury;Native American;Female;Sport Utility;No;No;Daylight;Urban (>70% Developed);2 lanes;2;Straight - Level;State Secondary Route;Dry;Two-Way, Not Divided;None;Other;Smooth Asphalt;Coastal;Rural;30 - 35  MPH;No Control Present;Clear;No;0.0, 0.0
181;182;Yes;15-nov;13;No;NA;B: Evident Injury;NA;Black;Male;Charlotte;Mecklenburg;No;01/01/2005;09/05/2008;Other /  - Insufficient Details;18;Non-Intersection;01/05/2001;01/01/2001 18:46;Approach Paths;3990970;2008;B: Evident Injury;Commercial;30-39;36;No;26-30 mph;O: No Injury;Black;Female;Passenger Car;No;No;Daylight;Urban (>70% Developed);1 lane;2;Straight - Level;Local Street;Dry;Two-Way, Not Divided;None;No Special Feature;Coarse Asphalt;Piedmont;Urban;30 - 35  MPH;No Control Present;Clear;No;0.0, 0.0
182;183;No;25-29;26;No;With Traffic;C: Possible Injury;Travel Lane;White;Male;Chapel Hill;Orange;No;01/01/2007;06/04/2008;Motorist Overtaking Bicyclist;3;Non-Intersection;01/04/2001;01/01/2001 03:19;Motorist Overtaking - Undetected Bicyclist;311231;2008;C: Possible Injury;Commercial;30-39;34;No;36-40 mph;O: No Injury;White;Male;Passenger Car;No;No;Dark - Roadway Not Lighted;Urban (>70% Developed);4 lanes;2;Straight - Level;US Route;Wet;Two-Way, Divided, Unprotected Median;None;No Special Feature;Coarse Asphalt;Piedmont;Urban;40 - 45  MPH;No Control Present;Rain;No;0.0, 0.0
184;185;No;50-59;55;No;With Traffic;C: Possible Injury;Bike Lane / Paved Shoulder;White;Male;Pine Knoll Shores;Carteret;No;01/01/2005;21/03/2008;Motorist Failed to Yield - Midblock;19;Non-Intersection;01/03/2001;01/01/2001 19:14;Motorist Drive Out - Commercial Driveway / Alley;321322;2008;C: Possible Injury;Commercial;30-39;30;No;NA;O: No Injury;White;Female;Passenger Car;No;No;Dusk;Urban (>70% Developed);2 lanes;2;Straight - Level;NC Route;Dry;Two-Way, Not Divided;None;Driveway, Private;Smooth Asphalt;Coastal;Rural;NA;Yield Sign;Clear;No;0.0, 0.0
187;188;Yes;16-19;18;No;With Traffic;C: Possible Injury;Bike Lane / Paved Shoulder;White;Male;Durham;Durham;No;01/01/2003;14/05/2008;Parallel Paths - Other Circumstances;8;Non-Intersection;01/05/2001;01/01/2001 08:49;Bicyclist Ride Out - Parallel Path;321225;2008;C: Possible Injury;Commercial;30-39;38;No;56-60 mph;O: No Injury;Black;Male;Passenger Car;No;No;Daylight;Urban (>70% Developed);7 lanes;2;Straight - Level;Interstate;Dry;Two-Way, Divided, Positive Median Barrier;None;On or Off Ramp;Concrete;Piedmont;Urban;60 - 75 MPH;No Control Present;Clear;No;0.0, 0.0
188;189;Yes;40-49;47;No;NA;B: Evident Injury;NA;Black;Male;Fayetteville;Cumberland;No;01/01/2002;25/03/2008;Other /  - Insufficient Details;7;Non-Intersection;01/03/2001;01/01/2001 06:59;Approach Paths;3990970;2008;B: Evident Injury;Commercial;50-59;58;No;41-45 mph;C: Possible Injury;Black;Female;Sport Utility;No;No;Dawn;Urban (>70% Developed);7 lanes;2;Straight - Level;Local Street;Dry;Two-Way, Divided, Unprotected Median;None;No Special Feature;Coarse Asphalt;Coastal;Urban;40 - 45  MPH;Stop And Go Signal;Clear;No;0.0, 0.0
192;193;Yes;50-59;53;No;With Traffic;B: Evident Injury;Travel Lane;White;Male;Greensboro;Guilford;No;01/01/2003;26/03/2008;Motorist Overtaking Bicyclist;22;Non-Intersection;01/03/2001;01/01/2001 22:28;Motorist Overtaking - Other /;311239;2008;B: Evident Injury;Residential;20-24;23;No;31-35 mph;O: No Injury;White;Female;Sport Utility;No;No;Dark - Lighted Roadway;Urban (>70% Developed);4 lanes;2;Straight - Grade;Local Street;Dry;Two-Way, Not Divided;None;No Special Feature;Coarse Asphalt;Piedmont;Urban;30 - 35  MPH;No Control Present;Clear;No;0.0, 0.0