FID;OBJECTID;AmbulanceR;BikeAge_Gr;Bike_Age;Bike_Alc_D;Bike_Dir;Bike_Injur;Bike_Pos;Bike_Race;Bike_Sex;City;County;CrashAlcoh;CrashDay;Crash_Date;Crash_Grp;Crash_Hour;Crash_Loc;Crash_Mont;Crash_Time;Crash_Type;Crash_Ty_1;Crash_Year;Crsh_Sevri;Developmen;DrvrAge_Gr;Drvr_Age;Drvr_Alc_D;Drvr_EstSp;Drvr_Injur;Drvr_Race;Drvr_Sex;Drvr_VehTy;ExcsSpdInd;Hit_Run;Light_Cond;Locality;Num_Lanes;Num_Units;Rd_Charact;Rd_Class;Rd_Conditi;Rd_Config;Rd_Defects;Rd_Feature;Rd_Surface;Region;Rural_Urba;Speed_Limi;Traff_Cntr;Weather;Workzone_I;Location
399;400;Yes;50-59;55;No;With Traffic;B: Evident Injury;Sidewalk / Crosswalk / Driveway Crossing;White;Male;Durham;Durham;No;01/01/2003;02/07/2008;Motorist Right Turn / Merge;12;Intersection;01/07/2001;01/01/2001 12:31;Motorist Right Turn - Same Direction;131213;2008;B: Evident Injury;Commercial;40-49;47;No;0-5 mph;O: No Injury;Black;Male;Commercial Bus;No;No;Daylight;Urban (>70% Developed);2 lanes;2;Straight - Level;Local Street;Dry;Two-Way, Not Divided;None;No Special Feature;Smooth Asphalt;Piedmont;Urban;20 - 25  MPH;Stop And Go Signal;Clear;No;0.0, 0.0
401;402;No;50-59;59;No;With Traffic;B: Evident Injury;Travel Lane;White;Male;Kannapolis;Cabarrus;No;01/01/2004;15/05/2008;Motorist Failed to Yield - Sign-Controlled Intersection;16;Intersection;01/05/2001;01/01/2001 16:08;Motorist Drive Out - Sign-Controlled Intersection;111141;2008;B: Evident Injury;Commercial;50-59;58;No;11-15 mph;O: No Injury;White;Female;Sport Utility;No;No;Daylight;Urban (>70% Developed);2 lanes;2;Straight - Level;Local Street;Dry;Two-Way, Not Divided;None;Four-Way Intersection;Smooth Asphalt;Piedmont;Urban;30 - 35  MPH;Stop Sign;Clear;No;0.0, 0.0
405;406;No;30-39;36;No;With Traffic;C: Possible Injury;Travel Lane;White;Male;Matthews;Mecklenburg;No;01/01/2002;10/06/2008;Motorist Left Turn / Merge;20;Intersection;01/06/2001;01/01/2001 20:05;Motorist Left Turn - Opposite Direction;111212;2008;C: Possible Injury;Commercial;40-49;46;No;6-10 mph;O: No Injury;White;Female;Sport Utility;No;No;Daylight;Rural (<30% Developed);2 lanes;2;Straight - Level;Local Street;Dry;Two-Way, Not Divided;None;No Special Feature;Smooth Asphalt;Piedmont;Urban;30 - 35  MPH;Stop And Go Signal;Clear;No;0.0, 0.0
409;410;Yes;40-49;49;Yes;With Traffic;A: Disabling Injury;Travel Lane;Black;Male;Kinston;Lenoir;Yes;01/01/2004;10/07/2008;Bicyclist Failed to Yield - Sign-Controlled Intersection;20;Intersection;01/07/2001;01/01/2001 20:21;Bicyclist Ride Out - Sign-Controlled Intersection;111142;2008;A: Disabling Injury;Residential;20-24;21;No;31-35 mph;O: No Injury;Black;Male;Passenger Car;No;No;Dusk;Mixed (30% To 70% Developed);5 lanes;2;Straight - Grade;NC Route;Dry;Two-Way, Divided, Unprotected Median;None;Four-Way Intersection;Coarse Asphalt;Coastal;Urban;30 - 35  MPH;No Control Present;Cloudy;No;0.0, 0.0
413;414;No;30-39;30;No;Facing Traffic;Injury;Sidewalk / Crosswalk / Driveway Crossing;Black;Male;Charlotte;Mecklenburg;No;01/01/2005;11/07/2008;Motorist Failed to Yield - Sign-Controlled Intersection;9;Intersection;01/07/2001;01/01/2001 09:21;Motorist Drive Out - Sign-Controlled Intersection;132141;2008;O: No Injury;Residential;40-49;41;No;0-5 mph;O: No Injury;Black;Male;Passenger Car;No;No;Daylight;Urban (>70% Developed);4 lanes;2;Straight - Level;Local Street;Dry;Two-Way, Not Divided;None;No Special Feature;Smooth Asphalt;Piedmont;Urban;30 - 35  MPH;No Control Present;Cloudy;No;0.0, 0.0
420;421;Yes;10-juin;7;No;With Traffic;B: Evident Injury;Travel Lane;White;Male;Raleigh;Wake;No;01/01/2006;17/05/2008;Bicyclist Failed to Yield - Sign-Controlled Intersection;17;Intersection;01/05/2001;01/01/2001 17:52;Bicyclist Ride Through - Sign-Controlled Intersection;111144;2008;B: Evident Injury;Residential;40-49;43;No;31-35 mph;O: No Injury;Black;Female;Passenger Car;No;No;Daylight;Urban (>70% Developed);2 lanes;2;Curve - Grade;Local Street;Dry;Two-Way, Not Divided;None;Four-Way Intersection;Smooth Asphalt;Piedmont;Urban;30 - 35  MPH;Stop Sign;Clear;No;0.0, 0.0
426;427;No;50-59;59;No;With Traffic;C: Possible Injury;Travel Lane;White;Female;Raleigh;Wake;No;01/01/2007;15/06/2008;Motorist Overtaking Bicyclist;11;Non-Intersection;01/06/2001;01/01/2001 11:10;Motorist Overtaking - Misjudged Space;311232;2008;C: Possible Injury;Residential;25-29;27;No;36-40 mph;O: No Injury;Black;Female;Passenger Car;No;No;Daylight;Mixed (30% To 70% Developed);5 lanes;2;Straight - Level;Local Street;Dry;Two-Way, Divided, Positive Median Barrier;None;No Special Feature;Smooth Asphalt;Piedmont;Urban;40 - 45  MPH;No Control Present;Clear;No;0.0, 0.0
428;429;Yes;40-49;46;No;With Traffic;B: Evident Injury;Sidewalk / Crosswalk / Driveway Crossing;Black;Male;Charlotte;Mecklenburg;No;01/01/2002;15/07/2008;Motorist Right Turn / Merge;17;Non-Intersection;01/07/2001;01/01/2001 17:42;Motorist Right Turn - Same Direction;331213;2008;B: Evident Injury;Residential;20-24;23;No;0-5 mph;O: No Injury;Black;Female;Passenger Car;No;No;Daylight;Urban (>70% Developed);2 lanes;2;Straight - Level;Public Vehicular Area;Dry;Two-Way, Not Divided;None;Driveway, Public;Smooth Asphalt;Piedmont;Urban;5 - 15 MPH;No Control Present;Clear;No;0.0, 0.0
432;433;Yes;20-24;20;No;With Traffic;B: Evident Injury;Travel Lane;White;Male;Asheville;Buncombe;No;01/01/2007;15/06/2008;Motorist Right Turn / Merge;21;Non-Intersection;01/06/2001;01/01/2001 21:39;Motorist Right Turn - Same Direction;311213;2008;B: Evident Injury;Residential;20-24;21;No;0-5 mph;O: No Injury;Black;Male;Passenger Car;No;No;Dark - Lighted Roadway;Urban (>70% Developed);2 lanes;2;Straight - Level;Local Street;Dry;Two-Way, Not Divided;None;No Special Feature;Smooth Asphalt;Mountains;Urban;30 - 35  MPH;No Control Present;Clear;No;0.0, 0.0
437;438;Yes;50-59;56;No;NA;C: Possible Injury;NA;White;Male;Charlotte;Mecklenburg;No;01/01/2005;18/07/2008;Bicyclist Failed to Yield - Midblock;14;Non-Intersection;01/07/2001;01/01/2001 14:10;Bicyclist Ride Out - Midblock -;399319;2008;C: Possible Injury;Commercial;30-39;38;No;0-5 mph;O: No Injury;Black;Female;Passenger Car;No;No;Daylight;Rural (<30% Developed);4 lanes;2;Straight - Level;Local Street;Dry;Two-Way, Not Divided;None;No Special Feature;Smooth Asphalt;Piedmont;Urban;40 - 45  MPH;No Control Present;Clear;No;0.0, 0.0
439;440;No;50-59;51;No;With Traffic;B: Evident Injury;Travel Lane;Black;Male;Lumberton;Robeson;No;01/01/2004;19/06/2008;Bicyclist Left Turn / Merge;18;Non-Intersection;01/06/2001;01/01/2001 18:00;Bicyclist Left Turn - Same Direction;311221;2008;B: Evident Injury;Commercial;30-39;36;No;41-45 mph;O: No Injury;White;Female;Passenger Car;No;No;Daylight;Urban (>70% Developed);5 lanes;2;Straight - Level;NC Route;Dry;Two-Way, Not Divided;None;No Special Feature;Smooth Asphalt;Coastal;Urban;40 - 45  MPH;No Control Present;Clear;No;0.0, 0.0
443;444;Yes;10-juin;10;No;With Traffic;O: No Injury;Travel Lane;Black;Female;Kinston;Lenoir;No;01/01/2002;22/07/2008;Bicyclist Failed to Yield - Sign-Controlled Intersection;7;Intersection;01/07/2001;01/01/2001 07:20;Bicyclist Ride Out - Sign-Controlled Intersection;111142;2008;O: No Injury;Commercial;50-59;57;No;31-35 mph;O: No Injury;White;Female;Pickup;No;No;Daylight;Urban (>70% Developed);4 lanes;2;Straight - Level;Local Street;Dry;Two-Way, Not Divided;None;T-Intersection;Smooth Asphalt;Coastal;Urban;30 - 35  MPH;Stop Sign;Clear;No;0.0, 0.0
447;448;Yes;20-24;21;No;Facing Traffic;C: Possible Injury;Travel Lane;Black;Male;Chadbourn;Columbus;No;01/01/2005;13/06/2008;Motorist Failed to Yield - Midblock;12;Non-Intersection;01/06/2001;01/01/2001 12:19;Motorist Drive Out - Commercial Driveway / Alley;312322;2008;C: Possible Injury;Commercial;50-59;52;No;0-5 mph;O: No Injury;White;Male;Pickup;No;No;Daylight;Urban (>70% Developed);2 lanes;2;Straight - Level;Local Street;Dry;Two-Way, Not Divided;None;No Special Feature;Smooth Asphalt;Coastal;Rural;30 - 35  MPH;Missing;Clear;No;0.0, 0.0
450;451;Yes;10-juin;9;No;With Traffic;Injury;Travel Lane;Black;Female;Charlotte;Mecklenburg;No;01/01/2002;22/07/2008;Loss of Control / Turning Error;20;Intersection;01/07/2001;01/01/2001 20:22;Bicyclist Lost Control - Mechanical Problems;111121;2008;O: No Injury;Residential;30-39;36;No;31-35 mph;O: No Injury;Black;Female;Passenger Car;No;No;Daylight;Urban (>70% Developed);2 lanes;2;Straight - Level;Local Street;Dry;Two-Way, Not Divided;None;No Special Feature;Smooth Asphalt;Piedmont;Urban;30 - 35  MPH;Stop Sign;Cloudy;No;0.0, 0.0
453;454;Yes;50-59;55;No;Facing Traffic;C: Possible Injury;Sidewalk / Crosswalk / Driveway Crossing;Black;Male;Fayetteville;Cumberland;No;NA;23/06/2008;Motorist Failed to Yield - Sign-Controlled Intersection;14;Intersection;01/06/2001;01/01/2001 14:39;Motorist Drive Out - Sign-Controlled Intersection;132141;2008;C: Possible Injury;Commercial;40-49;41;No;0-5 mph;O: No Injury;White;Male;Pickup;No;No;Daylight;Urban (>70% Developed);3 lanes;2;Straight - Level;Local Street;Dry;Two-Way, Not Divided;None;T-Intersection;Smooth Asphalt;Coastal;Urban;30 - 35  MPH;Stop And Go Signal;Clear;No;0.0, 0.0
459;460;Yes;15-nov;12;No;With Traffic;B: Evident Injury;Travel Lane;Black;Male;Winston-Salem;Forsyth;No;01/01/2004;26/06/2008;Bicyclist Left Turn / Merge;11;Non-Intersection;01/06/2001;01/01/2001 11:57;Bicyclist Left Turn - Same Direction;311221;2008;B: Evident Injury;Commercial;70+;NA;No;21-25 mph;O: No Injury;Black;Female;Passenger Car;No;No;Daylight;Urban (>70% Developed);2 lanes;2;Straight - Grade;Local Street;Dry;Two-Way, Not Divided;None;No Special Feature;Smooth Asphalt;Piedmont;Urban;40 - 45  MPH;Double Yellow Line, No Passing Zone;Clear;No;0.0, 0.0
462;463;Yes;30-39;32;No;With Traffic;B: Evident Injury;Travel Lane;White;Female;None - Rural Crash;Chatham;No;01/01/2006;28/06/2008;Other / Unusual Circumstances;16;Non-Intersection;01/06/2001;01/01/2001 16:36;Motorist Intentionally Caused;311510;2008;B: Evident Injury;Farms, Woods, Pastures;30-39;32;No;16-20 mph;Injury;/Missing;NA;NA;No;Yes;Daylight;Rural (<30% Developed);2 lanes;2;Curve - Level;State Secondary Route;Dry;Two-Way, Not Divided;None;No Special Feature;Coarse Asphalt;Piedmont;Rural;50 - 55  MPH;Double Yellow Line, No Passing Zone;Clear;No;0.0, 0.0
465;466;Yes;20-24;23;No;With Traffic;B: Evident Injury;Travel Lane;Hispanic;Male;Bogue;Carteret;No;01/01/2007;29/06/2008;Motorist Failed to Yield - Midblock;14;Non-Intersection;01/06/2001;01/01/2001 14:10;Motorist Drive Out - Commercial Driveway / Alley;311322;2008;B: Evident Injury;Commercial;60-69;61;No;0-5 mph;O: No Injury;White;Female;Sport Utility;No;No;Daylight;Urban (>70% Developed);5 lanes;2;Straight - Level;NC Route;Dry;Two-Way, Not Divided;None;Driveway, Public;Smooth Asphalt;Coastal;Rural;NA;Missing;Cloudy;No;0.0, 0.0
469;470;Yes;40-49;41;No;With Traffic;B: Evident Injury;Travel Lane;White;Male;Matthews;Mecklenburg;No;NA;30/06/2008;Motorist Left Turn / Merge;18;Non-Intersection;01/06/2001;01/01/2001 18:57;Motorist Left Turn - Opposite Direction;311212;2008;B: Evident Injury;Residential;0-19;19;No;0-5 mph;O: No Injury;White;Male;Passenger Car;No;No;Daylight;Mixed (30% To 70% Developed);3 lanes;2;Straight - Level;Local Street;Dry;Two-Way, Not Divided;None;T-Intersection;Smooth Asphalt;Piedmont;Urban;30 - 35  MPH;No Control Present;Clear;No;0.0, 0.0
485;486;Yes;20-24;23;No;Facing Traffic;C: Possible Injury;Sidewalk / Crosswalk / Driveway Crossing;Other;Male;Charlotte;Mecklenburg;No;01/01/2006;02/08/2008;Motorist Failed to Yield - Midblock;15;Non-Intersection;01/08/2001;01/01/2001 15:57;Motorist Drive Out - Commercial Driveway / Alley;332322;2008;C: Possible Injury;Commercial;40-49;48;No;0-5 mph;O: No Injury;Other;Male;Passenger Car;No;No;Daylight;Urban (>70% Developed);2 lanes;2;Straight - Bottom;Local Street;Dry;Two-Way, Not Divided;None;Driveway, Public;Smooth Asphalt;Piedmont;Urban;5 - 15 MPH;No Control Present;Clear;No;0.0, 0.0
493;494;Yes;15-nov;13;No;Not Applicable;B: Evident Injury;Non-Roadway;Black;Male;Boone;Watauga;Yes;NA;07/07/2008;Non-Roadway;21;Non-Roadway;01/07/2001;01/01/2001 21:08;Non-Roadway;460910;2008;B: Evident Injury;Commercial;40-49;48;Yes;16-20 mph;O: No Injury;White;Male;Passenger Car;No;No;Dusk;Urban (>70% Developed);NA;2;Straight - Grade;Public Vehicular Area;Dry;Two-Way, Not Divided;None;No Special Feature;Smooth Asphalt;Mountains;Urban;NA;No Control Present;Clear;No;0.0, 0.0
497;498;No;30-39;32;No;Facing Traffic;C: Possible Injury;Sidewalk / Crosswalk / Driveway Crossing;Black;Male;Greensboro;Guilford;No;01/01/2002;08/07/2008;Motorist Failed to Yield - Sign-Controlled Intersection;21;Intersection;01/07/2001;01/01/2001 21:23;Motorist Drive Out - Sign-Controlled Intersection;132141;2008;C: Possible Injury;Residential;30-39;35;No;0-5 mph;O: No Injury;Black;Male;Pickup;No;No;Dark - Lighted Roadway;Urban (>70% Developed);2 lanes;2;Straight - Level;Local Street;Dry;Two-Way, Not Divided;None;T-Intersection;Smooth Asphalt;Piedmont;Urban;30 - 35  MPH;Stop Sign;Clear;No;0.0, 0.0
499;500;Yes;15-nov;15;No;With Traffic;A: Disabling Injury;Travel Lane;Black;Male;None - Rural Crash;Pasquotank;No;01/01/2007;03/08/2008;Bicyclist Left Turn / Merge;20;Non-Intersection;01/08/2001;01/01/2001 20:04;Bicyclist Left Turn - Same Direction;311221;2008;A: Disabling Injury;Farms, Woods, Pastures;20-24;21;No;41-45 mph;O: No Injury;White;Male;Passenger Car;No;No;Dark - Roadway Not Lighted;Rural (<30% Developed);2 lanes;2;Straight - Level;State Secondary Route;Dry;Two-Way, Not Divided;None;No Special Feature;Coarse Asphalt;Coastal;Rural;40 - 45  MPH;No Control Present;Clear;No;0.0, 0.0
507;508;No;20-24;23;No;With Traffic;B: Evident Injury;Travel Lane;White;Male;Charlotte;Mecklenburg;No;01/01/2006;09/08/2008;Motorist Failed to Yield - Sign-Controlled Intersection;16;Intersection;01/08/2001;01/01/2001 16:29;Motorist Drive Out - Sign-Controlled Intersection;111141;2008;B: Evident Injury;Farms, Woods, Pastures;0-19;18;No;11-15 mph;O: No Injury;White;Female;Passenger Car;No;No;Daylight;Rural (<30% Developed);2 lanes;2;Straight - Level;Local Street;Dry;Two-Way, Not Divided;None;No Special Feature;Smooth Asphalt;Piedmont;Urban;40 - 45  MPH;Stop Sign;Clear;No;0.0, 0.0
510;511;Yes;25-29;25;No;Facing Traffic;B: Evident Injury;Sidewalk / Crosswalk / Driveway Crossing;Black;Male;Charlotte;Mecklenburg;No;01/01/2005;08/08/2008;Bicyclist Failed to Yield - Signalized Intersection;12;Intersection;01/08/2001;01/01/2001 12:21;Bicyclist Ride Through - Signalized Intersection;132155;2008;B: Evident Injury;Commercial;20-24;23;No;0-5 mph;O: No Injury;White;Male;Sport Utility;No;No;Daylight;Urban (>70% Developed);4 lanes;2;Straight - Grade;Local Street;Dry;Two-Way, Divided, Unprotected Median;None;No Special Feature;Smooth Asphalt;Piedmont;Urban;40 - 45  MPH;Missing;Clear;No;0.0, 0.0
513;514;Yes;15-nov;14;No;With Traffic;A: Disabling Injury;Travel Lane;White;Female;None - Rural Crash;Pender;No;01/01/2007;10/08/2008;Bicyclist Left Turn / Merge;0;Non-Intersection;01/08/2001;01/01/2001 00:24;Bicyclist Left Turn - Same Direction;311221;2008;A: Disabling Injury;Farms, Woods, Pastures;20-24;24;No;51-55 mph;O: No Injury;Black;Female;Passenger Car;No;No;Dark - Roadway Not Lighted;Rural (<30% Developed);2 lanes;2;Straight - Level;State Secondary Route;Dry;Two-Way, Not Divided;None;No Special Feature;Coarse Asphalt;Coastal;Rural;50 - 55  MPH;No Control Present;Clear;No;0.0, 0.0
519;520;Yes;16-19;19;No;Facing Traffic;C: Possible Injury;Travel Lane;White;Female;Kill Devil Hills;Dare;No;NA;14/07/2008;Bicyclist Failed to Yield - Signalized Intersection;7;Intersection;01/07/2001;01/01/2001 07:49;Bicyclist Ride Out - Signalized  Intersection;112153;2008;C: Possible Injury;Commercial;50-59;50;No;0-5 mph;O: No Injury;White;Female;Passenger Car;No;No;Daylight;Mixed (30% To 70% Developed);4 lanes;2;Straight - Level;Local Street;Dry;Two-Way, Divided, Positive Median Barrier;None;Four-Way Intersection;Concrete;Coastal;Urban;30 - 35  MPH;Stop And Go Signal;Clear;No;0.0, 0.0
538;539;Yes;15-nov;13;No;With Traffic;B: Evident Injury;Travel Lane;White;Male;None - Rural Crash;Franklin;No;01/01/2007;20/07/2008;Bicyclist Left Turn / Merge;19;Non-Intersection;01/07/2001;01/01/2001 19:48;Bicyclist Left Turn - Same Direction;311221;2008;B: Evident Injury;Farms, Woods, Pastures;0-19;18;No;46-50 mph;O: No Injury;White;Male;Pickup;No;No;Dusk;Rural (<30% Developed);2 lanes;2;Straight - Grade;State Secondary Route;Dry;Two-Way, Not Divided;None;No Special Feature;Coarse Asphalt;Piedmont;Rural;50 - 55  MPH;Double Yellow Line, No Passing Zone;Clear;No;0.0, 0.0
640;641;No;50-59;50;No;With Traffic;B: Evident Injury;Travel Lane;White;Male;None - Rural Crash;Onslow;No;01/01/2003;20/08/2008;Motorist Overtaking Bicyclist;15;Non-Intersection;01/08/2001;01/01/2001 15:19;Motorist Overtaking - Other /;311239;2008;B: Evident Injury;Residential;40-49;46;No;36-40 mph;O: No Injury;White;Female;Van;No;No;Daylight;Mixed (30% To 70% Developed);2 lanes;2;Straight - Level;State Secondary Route;Dry;Two-Way, Not Divided;None;No Special Feature;Smooth Asphalt;Coastal;Rural;40 - 45  MPH;Missing;Clear;No;0.0, 0.0
544;545;No;30-39;36;No;Not Applicable;B: Evident Injury;Travel Lane;White;Male;Whitsett;Guilford;No;01/01/2005;25/07/2008;Non-Roadway;16;Non-Roadway;01/07/2001;01/01/2001 16:49;Non-Roadway;410910;2008;B: Evident Injury;Residential;30-39;39;No;41-45 mph;O: No Injury;Black;Female;Sport Utility;No;No;Daylight;Urban (>70% Developed);1 lane;2;Straight - Level;Public Vehicular Area;Dry;One-Way, Not Divided;None;Traffic Circle/Roundabout;Coarse Asphalt;Piedmont;Rural;5 - 15 MPH;Yield Sign;Clear;No;0.0, 0.0
546;547;Yes;25-29;27;No;Facing Traffic;B: Evident Injury;Travel Lane;Black;Male;Lumberton;Robeson;No;01/01/2006;26/07/2008;Motorist Failed to Yield - Midblock;12;Non-Intersection;01/07/2001;01/01/2001 12:49;Motorist Drive Out - Commercial Driveway / Alley;312322;2008;B: Evident Injury;Commercial;NA;NA;Missing;16-20 mph;Injury;/Missing;NA;NA;No;Yes;Daylight;Urban (>70% Developed);5 lanes;2;Straight - Level;NC Route;Wet;Two-Way, Not Divided;None;No Special Feature;Smooth Asphalt;Coastal;Urban;40 - 45  MPH;Missing;Cloudy;No;0.0, 0.0
555;556;Yes;20-24;22;No;With Traffic;C: Possible Injury;Travel Lane;White;Male;Gastonia;Gaston;No;01/01/2002;29/07/2008;Parallel Paths - Other Circumstances;11;Non-Intersection;01/07/2001;01/01/2001 11:37;Parallel Paths - Other /;311280;2008;C: Possible Injury;Commercial;NA;NA;Missing;26-30 mph;Injury;/Missing;NA;NA;No;Yes;Daylight;Urban (>70% Developed);5 lanes;2;Straight - Grade;Local Street;Dry;Two-Way, Not Divided;None;No Special Feature;Smooth Asphalt;Piedmont;Urban;40 - 45  MPH;No Control Present;Clear;No;0.0, 0.0
568;569;Yes;20-24;22;No;With Traffic;B: Evident Injury;Bike Lane / Paved Shoulder;White;Male;Hudson;Caldwell;No;01/01/2007;27/07/2008;Motorist Overtaking Bicyclist;21;Non-Intersection;01/07/2001;01/01/2001 21:43;Motorist Overtaking - Other /;321239;2008;B: Evident Injury;Commercial;NA;NA;Missing;NA;Injury;/Missing;NA;NA;No;Yes;Dark - Lighted Roadway;Urban (>70% Developed);4 lanes;2;Straight - Level;Local Street;Dry;Two-Way, Divided, Unprotected Median;None;No Special Feature;Smooth Asphalt;Mountains;Rural;50 - 55  MPH;Missing;Clear;No;0.0, 0.0
576;577;Yes;10-juin;9;No;With Traffic;C: Possible Injury;Travel Lane;White;Female;Troutman;Iredell;No;01/01/2004;31/07/2008;Loss of Control / Turning Error;17;Intersection;01/07/2001;01/01/2001 17:14;Bicyclist Lost Control - Mechanical Problems;111121;2008;C: Possible Injury;Institutional;40-49;49;No;21-25 mph;O: No Injury;White;Male;Pickup;No;No;Daylight;Mixed (30% To 70% Developed);2 lanes;2;Straight - Level;Local Street;Wet;Two-Way, Not Divided;None;T-Intersection;Smooth Asphalt;Piedmont;Rural;40 - 45  MPH;No Control Present;Cloudy;No;0.0, 0.0
582;583;Yes;40-49;49;Yes;With Traffic;C: Possible Injury;Travel Lane;Black;Male;None - Rural Crash;Pitt;Yes;01/01/2006;26/07/2008;Motorist Overtaking Bicyclist;20;Non-Intersection;01/07/2001;01/01/2001 20:41;Motorist Overtaking - Bicyclist Swerved;311235;2008;C: Possible Injury;Farms, Woods, Pastures;40-49;48;No;46-50 mph;O: No Injury;White;Female;Sport Utility;No;No;Dusk;Rural (<30% Developed);2 lanes;2;Straight - Level;State Secondary Route;Dry;Two-Way, Not Divided;None;Driveway, Private;Coarse Asphalt;Coastal;Rural;50 - 55  MPH;No Control Present;Clear;No;0.0, 0.0
585;586;No;25-29;25;Yes;With Traffic;C: Possible Injury;Travel Lane;White;Male;Beaufort;Carteret;Yes;NA;18/08/2008;Motorist Overtaking Bicyclist;18;Intersection;01/08/2001;01/01/2001 18:49;Motorist Overtaking - Misjudged Space;111232;2008;C: Possible Injury;Residential;NA;NA;Missing;31-35 mph;Injury;/Missing;NA;Pickup;No;Yes;Daylight;Mixed (30% To 70% Developed);2 lanes;2;Straight - Level;NC Route;Dry;Two-Way, Divided, Unprotected Median;None;No Special Feature;Smooth Asphalt;Coastal;Rural;30 - 35  MPH;No Control Present;Clear;No;0.0, 0.0
588;589;Yes;30-39;36;No;Facing Traffic;O: No Injury;Travel Lane;White;Female;Havelock;Craven;No;01/01/2003;02/07/2008;Motorist Failed to Yield - Sign-Controlled Intersection;10;Intersection;01/07/2001;01/01/2001 10:12;Motorist Drive Out - Sign-Controlled Intersection;112141;2008;B: Evident Injury;Commercial;0-19;16;No;NA;B: Evident Injury;Black;Female;Pedalcycle;No;No;Daylight;Urban (>70% Developed);2 lanes;2;Straight - Level;Local Street;Dry;Two-Way, Not Divided;Other;No Special Feature;Smooth Asphalt;Coastal;Urban;NA;Stop Sign;Clear;No;0.0, 0.0
599;600;Yes;50-59;55;No;With Traffic;B: Evident Injury;Travel Lane;Black;Male;None - Rural Crash;Columbus;No;01/01/2004;07/08/2008;Motorist Overtaking Bicyclist;21;Non-Intersection;01/08/2001;01/01/2001 21:26;Motorist Overtaking - Bicyclist Swerved;311235;2008;B: Evident Injury;Commercial;60-69;63;No;36-40 mph;O: No Injury;White;Male;Pickup;No;No;Dark - Roadway Not Lighted;Mixed (30% To 70% Developed);2 lanes;2;Straight - Level;State Secondary Route;Wet;Two-Way, Not Divided;None;No Special Feature;Coarse Asphalt;Coastal;Rural;50 - 55  MPH;No Control Present;Rain;No;0.0, 0.0
608;609;Yes;15-nov;13;No;With Traffic;B: Evident Injury;Travel Lane;White;Male;None - Rural Crash;Lenoir;No;01/01/2007;10/08/2008;Bicyclist Failed to Yield - Sign-Controlled Intersection;18;Intersection;01/08/2001;01/01/2001 18:29;Bicyclist Ride Through - Sign-Controlled Intersection;111144;2008;B: Evident Injury;Residential;0-19;18;No;31-35 mph;O: No Injury;White;Female;Passenger Car;No;No;Daylight;Mixed (30% To 70% Developed);2 lanes;2;Straight - Level;State Secondary Route;Dry;Two-Way, Not Divided;None;Four-Way Intersection;Coarse Asphalt;Coastal;Rural;30 - 35  MPH;Stop Sign;Clear;No;0.0, 0.0
611;612;Yes;60-69;64;No;With Traffic;B: Evident Injury;Travel Lane;White;Male;None - Rural Crash;Polk;No;NA;11/08/2008;Bicyclist Left Turn / Merge;16;Intersection-Related;01/08/2001;01/01/2001 16:36;Bicyclist Left Turn - Same Direction;211221;2008;B: Evident Injury;Residential;25-29;27;No;51-55 mph;O: No Injury;White;Female;Passenger Car;No;No;Daylight;Mixed (30% To 70% Developed);2 lanes;2;Straight - Level;NC Route;Dry;Two-Way, Not Divided;None;T-Intersection;Smooth Asphalt;Mountains;Rural;50 - 55  MPH;Double Yellow Line, No Passing Zone;Clear;No;0.0, 0.0
612;613;Yes;40-49;48;No;With Traffic;B: Evident Injury;Travel Lane;White;Female;None - Rural Crash;Chatham;No;01/01/2006;30/08/2008;Motorist Failed to Yield - Sign-Controlled Intersection;8;Intersection;01/08/2001;01/01/2001 08:44;Motorist Drive Out - Sign-Controlled Intersection;111141;2008;B: Evident Injury;Farms, Woods, Pastures;70+;NA;No;6-10 mph;O: No Injury;White;Female;Passenger Car;No;No;Daylight;Rural (<30% Developed);2 lanes;2;Straight - Level;State Secondary Route;Dry;Two-Way, Not Divided;None;Four-Way Intersection;Smooth Asphalt;Piedmont;Rural;40 - 45  MPH;Stop Sign;Clear;No;0.0, 0.0
613;614;Yes;40-49;47;No;Facing Traffic;B: Evident Injury;Sidewalk / Crosswalk / Driveway Crossing;Black;Female;Charlotte;Mecklenburg;No;NA;01/09/2008;Motorist Failed to Yield - Sign-Controlled Intersection;17;Intersection;01/09/2001;01/01/2001 17:29;Motorist Drive Out - Sign-Controlled Intersection;132141;2008;B: Evident Injury;Commercial;20-24;24;Missing;0-5 mph;O: No Injury;White;Female;Passenger Car;No;No;Daylight;Urban (>70% Developed);3 lanes;2;Straight - Level;Public Vehicular Area;Dry;Two-Way, Not Divided;None;No Special Feature;Smooth Asphalt;Piedmont;Urban;30 - 35  MPH;Stop Sign;Clear;No;0.0, 0.0
622;623;Yes;16-19;18;No;Facing Traffic;Injury;Travel Lane;Black;Male;Sanford;Lee;No;01/01/2004;14/08/2008;Crossing Paths - Other Circumstances;23;Intersection;01/08/2001;01/01/2001 23:46;Sign-Controlled Intersection - Other /;112148;2008;O: No Injury;Commercial;0-19;18;No;NA;O: No Injury;White;Male;Pedalcycle;No;No;Dark - Lighted Roadway;Mixed (30% To 70% Developed);6 lanes;3;Straight - Level;Local Street;Dry;Two-Way, Not Divided;None;Y-Intersection;Smooth Asphalt;Piedmont;Urban;NA;Stop Sign;Clear;No;0.0, 0.0