FID;OBJECTID;AmbulanceR;BikeAge_Gr;Bike_Age;Bike_Alc_D;Bike_Dir;Bike_Injur;Bike_Pos;Bike_Race;Bike_Sex;City;County;CrashAlcoh;CrashDay;Crash_Date;Crash_Grp;Crash_Hour;Crash_Loc;Crash_Mont;Crash_Time;Crash_Type;Crash_Ty_1;Crash_Year;Crsh_Sevri;Developmen;DrvrAge_Gr;Drvr_Age;Drvr_Alc_D;Drvr_EstSp;Drvr_Injur;Drvr_Race;Drvr_Sex;Drvr_VehTy;ExcsSpdInd;Hit_Run;Light_Cond;Locality;Num_Lanes;Num_Units;Rd_Charact;Rd_Class;Rd_Conditi;Rd_Config;Rd_Defects;Rd_Feature;Rd_Surface;Region;Rural_Urba;Speed_Limi;Traff_Cntr;Weather;Workzone_I;Location
464;465;No;10-juin;6;No;With Traffic;O: No Injury;Travel Lane;Black;Male;Farmville;Pitt;No;01/01/2002;10/07/2012;Bicyclist Failed to Yield - Sign-Controlled Intersection;16;Intersection;01/07/2001;01/01/2001 16:34;Bicyclist Ride Through - Sign-Controlled Intersection;NA;2012;C: Possible Injury;Residential;70;70;No;26-30 mph;O: No Injury;Black;Female;Passenger Car;No;No;Daylight;Urban (>70% Developed);2 lanes;2;Straight - Level;Local Street;Dry;Two-Way, Not Divided;None;No Special Feature;Smooth Asphalt;Coastal;Rural;30 - 35  MPH;Stop Sign;Clear;No;35.58913, -77.5928
476;477;No;50-59;58;No;With Traffic;O: No Injury;Travel Lane;Black;Male;Wilmington;New Hanover;No;NA;02/07/2012;Bicyclist Left Turn / Merge;9;Non-Intersection;01/07/2001;01/01/2001 09:22;Bicyclist Left Turn - Opposite Direction;NA;2012;O: No Injury;Commercial;20-24;22;No;26-30 mph;O: No Injury;Black;Male;Passenger Car;No;No;Daylight;Urban (>70% Developed);2 lanes;2;Straight - Level;Local Street;Dry;Two-Way, Not Divided;None;No Special Feature;Coarse Asphalt;Coastal;Urban;30 - 35  MPH;No Control Present;Clear;No;34.24255, -77.892
479;480;Yes;40-49;41;No;With Traffic;B: Evident Injury;Travel Lane;Black;Male;None - Rural Crash;Mecklenburg;No;01/01/2005;20/07/2012;Motorist Overtaking Bicyclist;5;Intersection;01/07/2001;01/01/2001 05:27;Motorist Overtaking - Other /;NA;2012;B: Evident Injury;Residential;60-69;63;No;26-30 mph;O: No Injury;White;Male;Passenger Car;No;No;Dark - Lighted Roadway;Urban (>70% Developed);4 lanes;2;Straight - Level;Local Street;Dry;Two-Way, Not Divided;None;No Special Feature;Smooth Asphalt;Piedmont;Rural;30 - 35  MPH;No Control Present;Clear;No;35.23639, -80.8306
481;482;Yes;25-29;29;No;Facing Traffic;C: Possible Injury;Sidewalk / Crosswalk / Driveway Crossing;Other;Male;Kitty Hawk;Dare;No;01/01/2004;21/06/2012;Motorist Failed to Yield - Midblock;11;Non-Intersection;01/06/2001;01/01/2001 11:51;Motorist Drive Out - Commercial Driveway / Alley;NA;2012;C: Possible Injury;Commercial;20-24;21;No;0-5 mph;O: No Injury;White;Male;Pickup;No;No;Daylight;Urban (>70% Developed);5 lanes;2;Straight - Level;US Route;Dry;Two-Way, Divided, Unprotected Median;None;No Special Feature;Smooth Asphalt;Coastal;Rural;50 - 55  MPH;No Control Present;Clear;No;36.06598, -75.6933
491;492;Yes;50-59;58;No;With Traffic;B: Evident Injury;Travel Lane;White;Male;Pine Knoll Shores;Carteret;No;01/01/2002;24/07/2012;Motorist Left Turn / Merge;7;Intersection;01/07/2001;01/01/2001 07:32;Motorist Left Turn - Opposite Direction;NA;2012;B: Evident Injury;Residential;60-69;61;No;11-15 mph;O: No Injury;White;Male;Pickup;No;No;Daylight;Urban (>70% Developed);2 lanes;2;Straight - Level;Local Street;Dry;Two-Way, Not Divided;None;T-Intersection;Smooth Asphalt;Coastal;Rural;40 - 45  MPH;Stop And Go Signal;Clear;No;34.69526, -76.8218
507;508;Yes;60-69;60;No;Facing Traffic;C: Possible Injury;Travel Lane;Black;Male;Ayden;Pitt;No;01/01/2007;24/06/2012;Backing Vehicle;21;Non-Intersection;01/06/2001;01/01/2001 21:50;Backing Vehicle;NA;2012;C: Possible Injury;Residential;50-59;55;No;16-20 mph;O: No Injury;Black;Male;Passenger Car;No;No;Dark - Lighted Roadway;Urban (>70% Developed);2 lanes;2;Straight - Level;Local Street;Dry;Two-Way, Not Divided;None;No Special Feature;Smooth Asphalt;Coastal;Rural;20 - 25  MPH;No Control Present;Clear;No;35.46561, -77.4205
514;515;Yes;15-nov;14;No;With Traffic;C: Possible Injury;Travel Lane;Black;Male;None - Rural Crash;Forsyth;No;01/01/2005;27/07/2012;Motorist Overtaking Bicyclist;0;Non-Intersection;01/07/2001;01/01/2001 00:19;Motorist Overtaking - Misjudged Space;NA;2012;C: Possible Injury;Farms, Woods, Pastures;NA;NA;Missing;51-55 mph;Injury;/Missing;NA;Passenger Car;No;Yes;Dark - Roadway Not Lighted;Rural (<30% Developed);2 lanes;2;Straight - Bottom;US Route;Dry;Two-Way, Not Divided;None;Related To Intersection;Smooth Asphalt;Piedmont;Rural;50 - 55  MPH;Double Yellow Line, No Passing Zone;Clear;No;36.14221, -80.1602
515;516;No;50-59;59;No;With Traffic;B: Evident Injury;Travel Lane;Black;Male;Wilmington;New Hanover;No;01/01/2002;17/07/2012;Motorist Left Turn / Merge;7;Intersection;01/07/2001;01/01/2001 07:09;Motorist Left Turn - Opposite Direction;NA;2012;B: Evident Injury;Commercial;40-49;41;No;11-15 mph;O: No Injury;White;Female;Passenger Car;No;No;Daylight;Urban (>70% Developed);5 lanes;2;Straight - Level;Local Street;Dry;Two-Way, Not Divided;None;No Special Feature;Smooth Asphalt;Coastal;Urban;20 - 25  MPH;Stop And Go Signal;Clear;No;34.19319, -77.9353
519;520;No;15-nov;15;No;With Traffic;O: No Injury;Travel Lane;White;Female;Mooresville;Iredell;No;01/01/2005;15/06/2012;Bicyclist Overtaking Motorist;11;Intersection;01/06/2001;01/01/2001 11:00;Bicyclist Overtaking - Other /;NA;2012;O: No Injury;Commercial;60-69;67;No;16-20 mph;O: No Injury;White;Male;Sport Utility;No;No;Daylight;Urban (>70% Developed);2 lanes;2;Straight - Grade;Local Street;Dry;Two-Way, Not Divided;None;Four-Way Intersection;Coarse Asphalt;Piedmont;Urban;30 - 35  MPH;Stop And Go Signal;Clear;No;35.58585, -80.8038
522;523;Yes;50-59;54;No;Facing Traffic;C: Possible Injury;Travel Lane;White;Male;Cary;Wake;No;01/01/2003;18/07/2012;Motorist Failed to Yield - Sign-Controlled Intersection;21;Intersection;01/07/2001;01/01/2001 21:09;Motorist Drive Out - Sign-Controlled Intersection;NA;2012;C: Possible Injury;Commercial;50-59;54;No;0-5 mph;O: No Injury;Black;Male;Pickup;No;No;Dark - Lighted Roadway;Urban (>70% Developed);5 lanes;2;Straight - Level;State Secondary Route;Dry;Two-Way, Not Divided;None;T-Intersection;Smooth Asphalt;Piedmont;Urban;30 - 35  MPH;Stop Sign;Clear;No;35.74078, -78.7799
524;525;Yes;15-nov;12;No;NA;B: Evident Injury;NA;Black;Male;Alamance;Alamance;No;01/01/2003;25/07/2012;Bicyclist Failed to Yield - Midblock;22;Non-Intersection;01/07/2001;01/01/2001 22:32;Bicyclist Ride Out - Midblock -;NA;2012;B: Evident Injury;Commercial;70;70;No;31-35 mph;O: No Injury;White;Male;Passenger Car;No;No;Daylight;Urban (>70% Developed);3 lanes;2;Straight - Level;US Route;Dry;One-Way, Not Divided;None;No Special Feature;Smooth Asphalt;Piedmont;Rural;30 - 35  MPH;Stop And Go Signal;Clear;No;36.09849, -79.4344
529;530;No;15-nov;15;No;With Traffic;C: Possible Injury;Travel Lane;White;Male;None - Rural Crash;Mitchell;No;01/01/2003;01/08/2012;Motorist Overtaking Bicyclist;20;Non-Intersection;01/08/2001;01/01/2001 19:59;Motorist Overtaking - Other /;NA;2012;C: Possible Injury;Farms, Woods, Pastures;50-59;54;No;41-45 mph;O: No Injury;White;Female;Passenger Car;No;Yes;Dusk;Rural (<30% Developed);2 lanes;2;Straight - Level;NC Route;Dry;Two-Way, Not Divided;None;No Special Feature;Smooth Asphalt;Mountains;Rural;40 - 45  MPH;Double Yellow Line, No Passing Zone;Clear;No;36.10968, -82.196
531;532;Yes;10-juin;7;No;With Traffic;C: Possible Injury;Travel Lane;Black;Male;Durham;Durham;No;01/01/2007;05/08/2012;Bicyclist Failed to Yield - Sign-Controlled Intersection;19;Intersection;01/08/2001;01/01/2001 19:29;Bicyclist Ride Through - Sign-Controlled Intersection;NA;2012;C: Possible Injury;Residential;25-29;25;No;16-20 mph;O: No Injury;Asian;Female;Passenger Car;No;No;Daylight;Urban (>70% Developed);4 lanes;2;Straight - Level;Local Street;Dry;Two-Way, Divided, Unprotected Median;None;No Special Feature;Coarse Asphalt;Piedmont;Urban;20 - 25  MPH;Stop Sign;Clear;No;35.96253, -78.9654
534;535;Yes;30-39;31;No;Facing Traffic;B: Evident Injury;Travel Lane;Black;Male;Rocky Mount;Nash;No;NA;02/07/2012;Crossing Paths - Other Circumstances;8;Intersection;01/07/2001;01/01/2001 08:15;Signalized Intersection - Other /;NA;2012;B: Evident Injury;Commercial;NA;NA;Missing;31-35 mph;Injury;/Missing;NA;NA;No;Yes;Daylight;Urban (>70% Developed);4 lanes;2;Straight - Level;Local Street;Dry;Two-Way, Not Divided;None;Four-Way Intersection;Coarse Asphalt;Coastal;Urban;30 - 35  MPH;Stop And Go Signal;Clear;No;35.933, -77.8106
536;537;No;20-24;22;No;Facing Traffic;B: Evident Injury;Travel Lane;White;Female;Kitty Hawk;Dare;No;01/01/2005;06/07/2012;Head-On;22;Intersection-Related;01/07/2001;01/01/2001 22:02;Head-On - Bicyclist;NA;2012;B: Evident Injury;Commercial;60-69;69;No;11-15 mph;O: No Injury;White;Male;Pickup;No;No;Dark - Roadway Not Lighted;Urban (>70% Developed);NA;2;Straight - Level;Public Vehicular Area;Dry;Two-Way, Divided, Unprotected Median;None;Driveway, Public;Coarse Asphalt;Coastal;Rural;5 - 15 MPH;Stop And Go Signal;Clear;No;36.09871, -75.7202
558;559;Yes;60-69;65;No;Facing Traffic;C: Possible Injury;Travel Lane;White;Male;Sanford;Lee;No;01/01/2007;29/07/2012;Crossing Paths - Other Circumstances;18;Intersection;01/07/2001;01/01/2001 18:12;Signalized Intersection - Other /;NA;2012;C: Possible Injury;Commercial;40-49;42;No;6-10 mph;O: No Injury;White;Male;Pickup;No;No;Daylight;Urban (>70% Developed);5 lanes;2;Straight - Hillcrest;Local Street;Dry;Two-Way, Not Divided;None;Related To Intersection;Coarse Asphalt;Piedmont;Urban;30 - 35  MPH;Stop And Go Signal;Clear;No;35.46613, -79.159
560;561;Yes;50-59;51;Yes;With Traffic;C: Possible Injury;Travel Lane;Black;Male;None - Rural Crash;Cumberland;Yes;NA;13/08/2012;Motorist Overtaking Bicyclist;20;Non-Intersection;01/08/2001;01/01/2001 20:20;Motorist Overtaking - Other /;NA;2012;C: Possible Injury;Residential;0-19;18;No;46-50 mph;O: No Injury;White;Male;Pickup;No;No;Dusk;Mixed (30% To 70% Developed);2 lanes;2;Straight - Level;NC Route;Dry;Two-Way, Not Divided;None;No Special Feature;Coarse Asphalt;Coastal;Rural;50 - 55  MPH;Double Yellow Line, No Passing Zone;Clear;No;34.95009, -78.7521
567;568;Yes;25-29;29;No;With Traffic;C: Possible Injury;Sidewalk / Crosswalk / Driveway Crossing;White;Male;Durham;Durham;No;01/01/2004;16/08/2012;Motorist Left Turn / Merge;14;Intersection;01/08/2001;01/01/2001 14:17;Motorist Left Turn - Opposite Direction;NA;2012;C: Possible Injury;Residential;40-49;48;No;6-10 mph;O: No Injury;White;Female;Passenger Car;No;No;Daylight;Urban (>70% Developed);3 lanes;2;Straight - Level;Local Street;Dry;Two-Way, Not Divided;None;No Special Feature;Coarse Asphalt;Piedmont;Urban;30 - 35  MPH;Stop And Go Signal;Clear;No;36.01718, -78.9216
568;569;No;20-24;20;No;With Traffic;C: Possible Injury;Travel Lane;Black;Male;Charlotte;Mecklenburg;No;01/01/2005;17/08/2012;Loss of Control / Turning Error;11;Intersection;01/08/2001;01/01/2001 11:22;Bicyclist Lost Control - Mechanical Problems;NA;2012;C: Possible Injury;Commercial;60-69;64;No;0-5 mph;O: No Injury;Black;Male;Pickup;No;No;Daylight;Urban (>70% Developed);4 lanes;2;Straight - Level;Local Street;Dry;Two-Way, Divided, Unprotected Median;None;No Special Feature;Smooth Asphalt;Piedmont;Urban;30 - 35  MPH;Stop Sign;Clear;No;35.23598, -80.7737
571;572;Yes;15-nov;13;No;With Traffic;C: Possible Injury;Travel Lane;Black;Male;Greenville;Pitt;No;01/01/2005;17/08/2012;Bicyclist Failed to Yield - Sign-Controlled Intersection;22;Intersection;01/08/2001;01/01/2001 22:01;Bicyclist Ride Through - Sign-Controlled Intersection;NA;2012;C: Possible Injury;Residential;30-39;38;No;0-5 mph;O: No Injury;White;Male;Police;No;No;Dark - Lighted Roadway;Urban (>70% Developed);2 lanes;2;Straight - Level;Local Street;Dry;Two-Way, Not Divided;None;Four-Way Intersection;Coarse Asphalt;Coastal;Urban;30 - 35  MPH;Stop Sign;Clear;No;35.60951, -77.3907
580;581;Yes;20-24;20;No;With Traffic;K: Killed;Travel Lane;White;Male;Kill Devil Hills;Dare;Yes;01/01/2002;07/08/2012;Motorist Overtaking Bicyclist;1;Non-Intersection;01/08/2001;01/01/2001 01:54;Motorist Overtaking - Other /;NA;2012;K: Killed;Commercial;20-24;23;Yes;41-45 mph;O: No Injury;White;Male;Sport Utility;No;No;Dark - Lighted Roadway;Urban (>70% Developed);3 lanes;2;Straight - Level;NC Route;Wet;Two-Way, Not Divided;None;No Special Feature;Coarse Asphalt;Coastal;Urban;30 - 35  MPH;No Control Present;Cloudy;No;35.99874, -75.6481
586;587;No;40-49;49;No;With Traffic;O: No Injury;Sidewalk / Crosswalk / Driveway Crossing;White;Male;Durham;Durham;No;01/01/2005;03/08/2012;Motorist Failed to Yield - Midblock;17;Non-Intersection;01/08/2001;01/01/2001 17:55;Motorist Drive Out - Commercial Driveway / Alley;NA;2012;O: No Injury;Commercial;30-39;37;No;0-5 mph;O: No Injury;White;Male;Passenger Car;No;No;Daylight;Urban (>70% Developed);3 lanes;2;Straight - Level;Local Street;Dry;One-Way, Not Divided;None;Driveway, Public;Smooth Asphalt;Piedmont;Urban;20 - 25  MPH;No Control Present;Clear;No;35.99466, -78.9009
587;588;Yes;40-49;49;No;Facing Traffic;C: Possible Injury;Sidewalk / Crosswalk / Driveway Crossing;White;Male;Wilmington;New Hanover;No;01/01/2006;18/08/2012;Motorist Failed to Yield - Signalized Intersection;13;Intersection;01/08/2001;01/01/2001 13:26;Motorist Drive Out - Right Turn on Red;NA;2012;C: Possible Injury;Commercial;20-24;20;No;6-10 mph;O: No Injury;White;Male;Passenger Car;No;No;Daylight;Urban (>70% Developed);3 lanes;2;Straight - Level;Local Street;Dry;Two-Way, Not Divided;None;T-Intersection;Smooth Asphalt;Coastal;Urban;30 - 35  MPH;Stop And Go Signal;Clear;No;34.25615, -77.8259
596;597;No;30-39;35;No;Facing Traffic;O: No Injury;Sidewalk / Crosswalk / Driveway Crossing;Black;Male;Durham;Durham;No;01/01/2005;24/08/2012;Motorist Failed to Yield - Midblock;11;Non-Intersection;01/08/2001;01/01/2001 11:10;Motorist Drive Out - Commercial Driveway / Alley;NA;2012;O: No Injury;Residential;50-59;51;No;0-5 mph;O: No Injury;White;Female;Passenger Car;No;No;Daylight;Urban (>70% Developed);2 lanes;2;Straight - Level;Public Vehicular Area;Dry;Two-Way, Not Divided;None;Driveway, Public;Coarse Asphalt;Piedmont;Urban;5 - 15 MPH;No Control Present;Clear;No;35.96548, -78.9568
598;599;Yes;40-49;40;No;With Traffic;C: Possible Injury;Bike Lane / Paved Shoulder;Native American;Male;None - Rural Crash;Robeson;No;01/01/2005;24/08/2012;Motorist Overtaking Bicyclist;17;Non-Intersection;01/08/2001;01/01/2001 17:02;Motorist Overtaking - Other /;NA;2012;C: Possible Injury;Farms, Woods, Pastures;NA;NA;No;51-55 mph;Injury;/Missing;NA;NA;No;Yes;Daylight;Rural (<30% Developed);2 lanes;2;Straight - Level;State Secondary Route;Wet;Two-Way, Not Divided;None;No Special Feature;Coarse Asphalt;Coastal;Rural;50 - 55  MPH;No Control Present;Cloudy;No;34.73176, -79.2363
603;604;Yes;40-49;43;Yes;Not Applicable;A: Disabling Injury;Bike Lane / Paved Shoulder;Hispanic;Male;Raleigh;Wake;Yes;NA;27/08/2012;Bicyclist Failed to Yield - Midblock;19;Non-Intersection;01/08/2001;01/01/2001 19:19;Bicyclist Ride Out - Other Midblock;NA;2012;A: Disabling Injury;Residential;25-29;28;No;31-35 mph;O: No Injury;Black;Male;Passenger Car;No;No;Daylight;Urban (>70% Developed);2 lanes;2;Straight - Level;Local Street;Dry;Two-Way, Divided, Unprotected Median;None;No Special Feature;Smooth Asphalt;Piedmont;Urban;30 - 35  MPH;No Control Present;Clear;No;35.78207, -78.6938
608;609;Yes;25-29;26;No;Not Applicable;O: No Injury;Non-Roadway;Black;Male;Winterville;Pitt;No;01/01/2002;21/08/2012;Non-Roadway;14;Non-Roadway;01/08/2001;01/01/2001 14:56;Non-Roadway;NA;2012;O: No Injury;Commercial;70;70;No;0-5 mph;O: No Injury;White;Female;Passenger Car;No;No;Daylight;Urban (>70% Developed);NA;2;Straight - Level;Public Vehicular Area;Dry;Two-Way, Not Divided;None;No Special Feature;Smooth Asphalt;Coastal;Urban;5 - 15 MPH;No Control Present;Cloudy;No;35.5611, -77.4079
612;613;Yes;70;0;No;With Traffic;B: Evident Injury;Bike Lane / Paved Shoulder;White;Male;Wilson;Wilson;No;01/01/2004;09/08/2012;Motorist Failed to Yield - Sign-Controlled Intersection;19;Intersection;01/08/2001;01/01/2001 19:40;Motorist Drive Out - Sign-Controlled Intersection;NA;2012;B: Evident Injury;Residential;0-19;17;No;11-15 mph;O: No Injury;White;Female;Passenger Car;No;No;Dusk;Urban (>70% Developed);2 lanes;2;Straight - Level;Local Street;Dry;Two-Way, Divided, Unprotected Median;None;No Special Feature;Coarse Asphalt;Coastal;Urban;30 - 35  MPH;Stop Sign;Clear;No;35.74398, -77.9434
614;615;Yes;25-29;27;No;With Traffic;C: Possible Injury;Travel Lane;Black;Female;Wendell;Wake;No;01/01/2003;29/08/2012;Backing Vehicle;11;Intersection-Related;01/08/2001;01/01/2001 11:39;Backing Vehicle;NA;2012;C: Possible Injury;Residential;40-49;42;No;0-5 mph;O: No Injury;Hispanic;Male;Sport Utility;No;No;Daylight;Urban (>70% Developed);2 lanes;2;Straight - Level;Local Street;Dry;Two-Way, Not Divided;None;No Special Feature;Coarse Asphalt;Piedmont;Urban;30 - 35  MPH;Stop Sign;Clear;No;35.77011, -78.3644
617;618;Yes;40-49;41;No;With Traffic;C: Possible Injury;Travel Lane;White;Male;Greensboro;Guilford;No;01/01/2002;24/04/2012;Motorist Overtaking Bicyclist;16;Intersection-Related;01/04/2001;01/01/2001 16:45;Motorist Overtaking - Misjudged Space;NA;2012;C: Possible Injury;Residential;NA;NA;No;16-20 mph;Injury;/Missing;NA;School Bus;No;No;Daylight;Urban (>70% Developed);2 lanes;2;Straight - Level;Local Street;Dry;Two-Way, Not Divided;None;No Special Feature;Smooth Asphalt;Piedmont;Urban;30 - 35  MPH;No Control Present;Clear;No;36.12518, -79.7601
623;624;Yes;40-49;46;No;With Traffic;B: Evident Injury;Travel Lane;Black;Male;Raleigh;Wake;No;01/01/2002;14/08/2012;Bicyclist Left Turn / Merge;23;Non-Intersection;01/08/2001;01/01/2001 23:55;Bicyclist Left Turn - Same Direction;NA;2012;B: Evident Injury;Commercial;NA;NA;Missing;31-35 mph;Injury;/Missing;NA;Pickup;No;Yes;Dark - Lighted Roadway;Urban (>70% Developed);3 lanes;2;Straight - Grade;Local Street;Dry;Two-Way, Not Divided;None;No Special Feature;Smooth Asphalt;Piedmont;Urban;30 - 35  MPH;No Control Present;Clear;No;35.75605, -78.6313
627;628;No;15-nov;14;No;Facing Traffic;B: Evident Injury;Sidewalk / Crosswalk / Driveway Crossing;Black;Male;Madison;Rockingham;No;01/01/2002;10/07/2012;Motorist Failed to Yield - Midblock;8;Non-Intersection;01/07/2001;01/01/2001 08:43;Motorist Drive Out - Commercial Driveway / Alley;NA;2012;B: Evident Injury;Commercial;60-69;64;No;0-5 mph;O: No Injury;White;Male;Single Unit Truck (2-Axle, 6-Tire);No;No;Daylight;Urban (>70% Developed);2 lanes;2;Straight - Level;Local Street;Dry;Two-Way, Not Divided;None;Other;Smooth Asphalt;Piedmont;Rural;30 - 35  MPH;Stop Sign;Cloudy;No;36.39069, -79.9681
641;642;Yes;15-nov;14;No;With Traffic;B: Evident Injury;Travel Lane;Black;Male;Rocky Mount;Nash;No;01/01/2003;15/08/2012;Bicyclist Failed to Yield - Sign-Controlled Intersection;19;Intersection-Related;01/08/2001;01/01/2001 19:44;Bicyclist Ride Through - Sign-Controlled Intersection;NA;2012;B: Evident Injury;Residential;50-59;58;No;31-35 mph;O: No Injury;Black;Male;Truck/Trailer;No;No;Daylight;Urban (>70% Developed);2 lanes;2;Curve - Grade;Local Street;Dry;One-Way, Not Divided;None;T-Intersection;Smooth Asphalt;Coastal;Urban;30 - 35  MPH;Stop Sign;Clear;No;35.94899, -77.8178
644;645;No;30-39;33;No;Not Applicable;O: No Injury;Non-Roadway;Black;Female;Rocky Mount;Edgecombe;No;01/01/2005;17/08/2012;Bicyclist Failed to Yield - Sign-Controlled Intersection;17;Intersection;01/08/2001;01/01/2001 17:46;Bicyclist Ride Through - Sign-Controlled Intersection;NA;2012;O: No Injury;Residential;20-24;20;No;31-35 mph;O: No Injury;Black;Female;Passenger Car;No;No;Daylight;Urban (>70% Developed);2 lanes;2;Straight - Level;Local Street;Dry;Two-Way, Not Divided;None;Four-Way Intersection;Smooth Asphalt;Coastal;Urban;30 - 35  MPH;No Control Present;Clear;No;35.9268, -77.7882
654;655;Yes;30-39;33;No;Facing Traffic;C: Possible Injury;Sidewalk / Crosswalk / Driveway Crossing;Black;Male;Raleigh;Wake;No;01/01/2005;07/09/2012;Motorist Failed to Yield - Sign-Controlled Intersection;12;Intersection;01/09/2001;01/01/2001 12:23;Motorist Drive Out - Sign-Controlled Intersection;NA;2012;C: Possible Injury;Commercial;50-59;53;No;6-10 mph;O: No Injury;White;Female;Passenger Car;No;No;Daylight;Urban (>70% Developed);2 lanes;2;Straight - Level;Local Street;Dry;Two-Way, Not Divided;None;T-Intersection;Smooth Asphalt;Piedmont;Urban;20 - 25  MPH;Stop Sign;Clear;No;35.78083, -78.6937
662;663;Yes;16-19;19;No;With Traffic;B: Evident Injury;Travel Lane;White;Male;Greenville;Pitt;No;01/01/2002;11/09/2012;Motorist Overtaking Bicyclist;14;Intersection-Related;01/09/2001;01/01/2001 14:08;Motorist Overtaking - Bicyclist Swerved;NA;2012;B: Evident Injury;Residential;30-39;34;No;36-40 mph;O: No Injury;White;Female;Sport Utility;No;No;Daylight;Urban (>70% Developed);5 lanes;2;Straight - Level;State Secondary Route;Dry;Two-Way, Not Divided;None;No Special Feature;Coarse Asphalt;Coastal;Urban;40 - 45  MPH;No Control Present;Clear;No;35.59369, -77.3776
677;678;Yes;15-nov;11;No;Not Applicable;C: Possible Injury;Non-Roadway;Black;Male;Greenville;Pitt;No;NA;03/09/2012;Non-Roadway;17;Non-Roadway;01/09/2001;01/01/2001 17:19;Non-Roadway;NA;2012;C: Possible Injury;Residential;20-24;23;No;11-15 mph;O: No Injury;Black;Female;Passenger Car;No;No;Daylight;Urban (>70% Developed);2 lanes;2;Curve - Bottom;Public Vehicular Area;Dry;Two-Way, Not Divided;None;No Special Feature;Coarse Asphalt;Coastal;Urban;20 - 25  MPH;No Control Present;Clear;No;35.61875, -77.4191
678;679;No;25-29;25;No;Not Applicable;C: Possible Injury;Travel Lane;White;Male;Fayetteville;Cumberland;No;01/01/2005;07/09/2012;Bicyclist Failed to Yield - Sign-Controlled Intersection;16;Intersection;01/09/2001;01/01/2001 16:44;Bicyclist Ride Through - Sign-Controlled Intersection;NA;2012;C: Possible Injury;Commercial;0-19;19;No;6-10 mph;O: No Injury;Black;Male;Passenger Car;No;No;Daylight;Urban (>70% Developed);2 lanes;2;Straight - Level;Local Street;Dry;Two-Way, Not Divided;None;No Special Feature;Coarse Asphalt;Coastal;Urban;5 - 15 MPH;Stop Sign;Clear;No;35.06414, -79.0139
681;682;Yes;50-59;54;No;With Traffic;C: Possible Injury;Bike Lane / Paved Shoulder;Black;Male;Smithfield;Johnston;No;01/01/2003;12/09/2012;Motorist Left Turn / Merge;11;Non-Intersection;01/09/2001;01/01/2001 11:57;Motorist Left Turn - Same Direction;NA;2012;C: Possible Injury;Commercial;60-69;65;No;6-10 mph;O: No Injury;White;Male;Sport Utility;No;No;Daylight;Urban (>70% Developed);3 lanes;2;Straight - Level;US Route;Dry;Two-Way, Not Divided;None;No Special Feature;Coarse Asphalt;Coastal;Urban;40 - 45  MPH;No Control Present;Clear;No;35.49447, -78.3563
693;694;Yes;25-29;28;No;With Traffic;C: Possible Injury;Travel Lane;White;Female;Durham;Durham;No;01/01/2007;23/09/2012;Motorist Left Turn / Merge;9;Intersection;01/09/2001;01/01/2001 09:42;Motorist Left Turn - Opposite Direction;NA;2012;C: Possible Injury;Commercial;40-49;49;No;6-10 mph;O: No Injury;Black;Female;Passenger Car;No;No;Daylight;Urban (>70% Developed);2 lanes;2;Curve - Grade;Local Street;Dry;Two-Way, Not Divided;None;T-Intersection;Smooth Asphalt;Piedmont;Urban;30 - 35  MPH;Stop And Go Signal;Clear;No;35.99152, -78.9406
694;695;Yes;20-24;21;No;Facing Traffic;C: Possible Injury;Sidewalk / Crosswalk / Driveway Crossing;White;Male;Wilmington;New Hanover;No;01/01/2005;14/09/2012;Head-On;15;Non-Intersection;01/09/2001;01/01/2001 15:01;Head-On - Bicyclist;NA;2012;C: Possible Injury;Commercial;50-59;51;No;0-5 mph;O: No Injury;White;Female;Sport Utility;No;No;Daylight;Urban (>70% Developed);6 lanes;2;Straight - Grade;US Route;Dry;Two-Way, Not Divided;None;No Special Feature;Smooth Asphalt;Coastal;Urban;40 - 45  MPH;No Control Present;Clear;No;34.20792, -77.8873
695;696;Yes;25-29;26;No;Facing Traffic;C: Possible Injury;Sidewalk / Crosswalk / Driveway Crossing;White;Male;Greenville;Pitt;No;01/01/2005;21/09/2012;Crossing Paths - Other Circumstances;14;Intersection-Related;01/09/2001;01/01/2001 14:37;Crossing Paths - Intersection - Other /;NA;2012;C: Possible Injury;Commercial;0-19;18;No;0-5 mph;O: No Injury;White;Female;Passenger Car;No;No;Daylight;Urban (>70% Developed);4 lanes;2;Straight - Level;Local Street;Dry;Two-Way, Divided, Unprotected Median;None;Four-Way Intersection;Coarse Asphalt;Coastal;Urban;20 - 25  MPH;Stop And Go Signal;Clear;No;35.61113, -77.3729
699;700;Yes;25-29;29;No;Facing Traffic;B: Evident Injury;Travel Lane;White;Female;Raleigh;Wake;No;01/01/2005;21/09/2012;Motorist Left Turn / Merge;6;Non-Intersection;01/09/2001;01/01/2001 06:18;Motorist Left Turn - Opposite Direction;NA;2012;B: Evident Injury;Commercial;40-49;44;No;6-10 mph;O: No Injury;Other;Male;Taxicab;No;No;Dusk;Urban (>70% Developed);5 lanes;2;Straight - Grade;Local Street;Dry;Two-Way, Not Divided;None;No Special Feature;Coarse Asphalt;Piedmont;Urban;30 - 35  MPH;No Control Present;Clear;No;35.7883, -78.6418