FID;OBJECTID;AmbulanceR;BikeAge_Gr;Bike_Age;Bike_Alc_D;Bike_Dir;Bike_Injur;Bike_Pos;Bike_Race;Bike_Sex;City;County;CrashAlcoh;CrashDay;Crash_Date;Crash_Grp;Crash_Hour;Crash_Loc;Crash_Mont;Crash_Time;Crash_Type;Crash_Ty_1;Crash_Year;Crsh_Sevri;Developmen;DrvrAge_Gr;Drvr_Age;Drvr_Alc_D;Drvr_EstSp;Drvr_Injur;Drvr_Race;Drvr_Sex;Drvr_VehTy;ExcsSpdInd;Hit_Run;Light_Cond;Locality;Num_Lanes;Num_Units;Rd_Charact;Rd_Class;Rd_Conditi;Rd_Config;Rd_Defects;Rd_Feature;Rd_Surface;Region;Rural_Urba;Speed_Limi;Traff_Cntr;Weather;Workzone_I;Location
716;717;Yes;20-24;24;No;With Traffic;C: Possible Injury;Travel Lane;White;Female;Raleigh;Wake;No;01/01/2005;21/09/2012;Motorist Left Turn / Merge;20;Intersection;01/09/2001;01/01/2001 20:11;Motorist Left Turn - Opposite Direction;NA;2012;C: Possible Injury;Residential;20-24;22;No;0-5 mph;O: No Injury;Black;Male;Passenger Car;No;No;Dark - Lighted Roadway;Urban (>70% Developed);7 lanes;2;Straight - Level;Local Street;Dry;Two-Way, Not Divided;None;T-Intersection;Smooth Asphalt;Piedmont;Urban;30 - 35  MPH;No Control Present;Clear;No;35.79451, -78.6936
718;719;Yes;50-59;58;Yes;Not Applicable;B: Evident Injury;Non-Roadway;Black;Male;Durham;Durham;Yes;01/01/2007;30/09/2012;Non-Roadway;16;Non-Roadway;01/09/2001;01/01/2001 16:04;Non-Roadway;NA;2012;B: Evident Injury;Commercial;NA;NA;Missing;0-5 mph;Injury;/Missing;NA;Passenger Car;No;Yes;Daylight;Urban (>70% Developed);2 lanes;2;Straight - Level;Public Vehicular Area;Dry;Two-Way, Not Divided;None;No Special Feature;Coarse Asphalt;Piedmont;Urban;5 - 15 MPH;No Control Present;Clear;No;35.99038, -78.928
719;720;Yes;15-nov;14;No;Facing Traffic;C: Possible Injury;Travel Lane;Black;Male;Wilson;Wilson;No;01/01/2002;11/09/2012;Bicyclist Failed to Yield - Sign-Controlled Intersection;16;Intersection;01/09/2001;01/01/2001 16:10;Bicyclist Ride Through - Sign-Controlled Intersection;NA;2012;C: Possible Injury;Residential;40-49;47;No;21-25 mph;O: No Injury;Black;Female;Passenger Car;No;No;Daylight;Urban (>70% Developed);2 lanes;2;Straight - Level;Local Street;Dry;Two-Way, Not Divided;None;No Special Feature;Coarse Asphalt;Coastal;Urban;30 - 35  MPH;Stop Sign;Clear;No;35.71983, -77.898
732;733;Yes;16-19;18;No;With Traffic;C: Possible Injury;Travel Lane;White;Male;Gastonia;Gaston;No;01/01/2006;15/09/2012;Bicyclist Failed to Yield - Sign-Controlled Intersection;13;Intersection;01/09/2001;01/01/2001 13:01;Bicyclist Ride Through - Sign-Controlled Intersection;NA;2012;C: Possible Injury;Residential;25-29;29;No;31-35 mph;O: No Injury;Black;Male;Passenger Car;No;No;Daylight;Urban (>70% Developed);3 lanes;2;Straight - Level;Local Street;Dry;Two-Way, Not Divided;None;T-Intersection;Smooth Asphalt;Piedmont;Urban;30 - 35  MPH;Double Yellow Line, No Passing Zone;Clear;No;35.25512, -81.2081
735;736;Yes;20-24;24;No;With Traffic;B: Evident Injury;Bike Lane / Paved Shoulder;White;Male;None - Rural Crash;Rutherford;No;NA;01/10/2012;Motorist Overtaking Bicyclist;11;Non-Intersection;01/10/2001;01/01/2001 11:46;Motorist Overtaking - Other /;NA;2012;B: Evident Injury;Farms, Woods, Pastures;30-39;37;No;56-60 mph;O: No Injury;White;Male;Tractor/Semi-Trailer;No;No;Daylight;Rural (<30% Developed);4 lanes;2;Straight - Level;US Route;Wet;Two-Way, Divided, Positive Median Barrier;None;No Special Feature;Coarse Asphalt;Mountains;Rural;60 - 75 MPH;No Control Present;Rain;No;35.3095, -81.9457
741;742;No;40-49;42;No;With Traffic;Injury;Travel Lane;White;Male;Asheville;Buncombe;No;01/01/2004;20/09/2012;Motorist Left Turn / Merge;13;Intersection;01/09/2001;01/01/2001 13:01;Motorist Left Turn - Opposite Direction;NA;2012;O: No Injury;Commercial;30-39;31;No;0-5 mph;O: No Injury;White;Male;Pickup;No;No;Daylight;Urban (>70% Developed);2 lanes;2;Straight - Level;Local Street;Dry;Two-Way, Not Divided;None;Driveway, Private;Smooth Asphalt;Mountains;Urban;30 - 35  MPH;No Control Present;Clear;No;35.57001, -82.5456
748;749;No;40-49;46;No;With Traffic;C: Possible Injury;Travel Lane;White;Male;Apex;Wake;No;01/01/2007;07/10/2012;Motorist Overtaking Bicyclist;13;Non-Intersection;01/10/2001;01/01/2001 13:14;Motorist Overtaking - Other /;NA;2012;C: Possible Injury;Farms, Woods, Pastures;NA;NA;Missing;31-35 mph;Injury;/Missing;NA;Passenger Car;No;Yes;Daylight;Rural (<30% Developed);2 lanes;2;Straight - Level;Local Street;Wet;Two-Way, Not Divided;None;No Special Feature;Coarse Asphalt;Piedmont;Urban;40 - 45  MPH;No Control Present;Cloudy;No;35.75797, -78.8864
750;751;Yes;16-19;19;No;Not Applicable;C: Possible Injury;Multi-use Path;White;Male;Raleigh;Wake;No;01/01/2003;26/09/2012;Bicyclist Failed to Yield - Midblock;12;Non-Intersection;01/09/2001;01/01/2001 12:24;Bicyclist Ride Out - Other Midblock;NA;2012;C: Possible Injury;Institutional;25-29;27;No;0-5 mph;O: No Injury;White;Female;Passenger Car;No;No;Daylight;Urban (>70% Developed);2 lanes;2;Straight - Grade;Local Street;Dry;Two-Way, Not Divided;None;Other;Coarse Asphalt;Piedmont;Urban;20 - 25  MPH;No Control Present;Clear;No;35.78771, -78.6746
756;757;Yes;16-19;19;No;Not Applicable;C: Possible Injury;Sidewalk / Crosswalk / Driveway Crossing;Black;Male;Charlotte;Mecklenburg;No;01/01/2003;10/10/2012;Non-Roadway;9;Non-Roadway;01/10/2001;01/01/2001 08:59;Non-Roadway;NA;2012;C: Possible Injury;Commercial;40-49;44;No;0-5 mph;O: No Injury;White;Male;Light Truck (Mini-Van, Panel);No;No;Daylight;Urban (>70% Developed);2 lanes;2;Straight - Level;Private Road, Driveway;Dry;Two-Way, Not Divided;None;Driveway, Private;Other;Piedmont;Urban;5 - 15 MPH;No Control Present;Clear;No;35.22799, -80.8381
762;763;No;15-nov;12;No;With Traffic;C: Possible Injury;Travel Lane;Black;Male;Charlotte;Mecklenburg;No;01/01/2006;13/10/2012;Motorist Overtaking Bicyclist;17;Non-Intersection;01/10/2001;01/01/2001 17:14;Motorist Overtaking - Other /;NA;2012;C: Possible Injury;Farms, Woods, Pastures;70;70;No;6-10 mph;O: No Injury;White;Male;Passenger Car;No;No;Daylight;Rural (<30% Developed);2 lanes;2;Straight - Level;Local Street;Dry;Two-Way, Not Divided;None;No Special Feature;Smooth Asphalt;Piedmont;Urban;40 - 45  MPH;No Control Present;Clear;No;35.254, -80.7077
763;764;Yes;50-59;51;No;With Traffic;B: Evident Injury;Travel Lane;White;Male;None - Rural Crash;Moore;No;01/01/2006;13/10/2012;Motorist Overtaking Bicyclist;17;Non-Intersection;01/10/2001;01/01/2001 17:27;Motorist Overtaking - Other /;NA;2012;B: Evident Injury;Commercial;NA;NA;Missing;NA;Injury;/Missing;NA;Sport Utility;No;Yes;Daylight;Rural (<30% Developed);2 lanes;2;Straight - Grade;US Route;Dry;Two-Way, Not Divided;None;No Special Feature;Smooth Asphalt;Piedmont;Rural;NA;Double Yellow Line, No Passing Zone;Clear;No;35.30195, -79.2515
768;769;Yes;16-19;16;No;Facing Traffic;C: Possible Injury;Travel Lane;Black;Male;Fayetteville;Cumberland;No;01/01/2005;28/09/2012;Head-On;18;Intersection-Related;01/09/2001;01/01/2001 18:24;Head-On - Bicyclist;NA;2012;C: Possible Injury;Commercial;30-39;34;No;31-35 mph;O: No Injury;White;Male;Motorcycle;No;No;Daylight;Urban (>70% Developed);2 lanes;2;Straight - Level;Local Street;Dry;Two-Way, Not Divided;None;No Special Feature;Coarse Asphalt;Coastal;Urban;40 - 45  MPH;No Control Present;Clear;No;35.03582, -78.8402
777;778;Yes;16-19;17;No;Facing Traffic;B: Evident Injury;Sidewalk / Crosswalk / Driveway Crossing;White;Male;Raleigh;Wake;No;01/01/2006;13/10/2012;Motorist Failed to Yield - Signalized Intersection;12;Intersection;01/10/2001;01/01/2001 12:32;Motorist Drive Out - Right Turn on Red;NA;2012;B: Evident Injury;Commercial;20-24;22;No;0-5 mph;O: No Injury;White;Female;Sport Utility;No;No;Daylight;Urban (>70% Developed);3 lanes;2;Straight - Level;Local Street;Dry;Two-Way, Not Divided;None;T-Intersection;Smooth Asphalt;Piedmont;Urban;40 - 45  MPH;Stop And Go Signal;Clear;No;35.87953, -78.6252
779;780;Yes;30-39;35;Yes;With Traffic;C: Possible Injury;Travel Lane;White;Male;Goldsboro;Wayne;Yes;01/01/2006;06/10/2012;Motorist Overtaking Bicyclist;1;Intersection;01/10/2001;01/01/2001 01:14;Motorist Overtaking - Bicyclist Swerved;NA;2012;C: Possible Injury;Residential;40-49;47;No;31-35 mph;O: No Injury;Black;Male;Passenger Car;No;No;Dark - Lighted Roadway;Urban (>70% Developed);5 lanes;2;Straight - Level;Local Street;Dry;Two-Way, Not Divided;None;T-Intersection;Coarse Asphalt;Coastal;Urban;40 - 45  MPH;No Control Present;Clear;No;35.38438, -77.9266
783;784;Yes;30-39;31;No;Not Applicable;B: Evident Injury;Sidewalk / Crosswalk / Driveway Crossing;White;Male;Jacksonville;Onslow;No;01/01/2003;26/09/2012;Bicyclist Failed to Yield - Midblock;15;Non-Intersection;01/09/2001;01/01/2001 15:23;Bicyclist Ride Out - Other Midblock;NA;2012;B: Evident Injury;Residential;40-49;48;No;31-35 mph;O: No Injury;Other;Female;Passenger Car;No;No;Daylight;Urban (>70% Developed);4 lanes;2;Straight - Level;Local Street;Dry;Two-Way, Divided, Unprotected Median;None;No Special Feature;Smooth Asphalt;Coastal;Urban;30 - 35  MPH;Other;Clear;No;34.76049, -77.4011
785;786;Yes;16-19;19;No;With Traffic;B: Evident Injury;Travel Lane;White;Male;Rockwell;Rowan;No;01/01/2005;05/10/2012;Motorist Overtaking Bicyclist;18;Non-Intersection;01/10/2001;01/01/2001 18:04;Motorist Overtaking - Bicyclist Swerved;NA;2012;B: Evident Injury;Commercial;40-49;48;No;26-30 mph;B: Evident Injury;White;Male;Motorcycle;No;No;Daylight;Urban (>70% Developed);3 lanes;2;Curve - Level;US Route;Dry;Two-Way, Not Divided;None;No Special Feature;Smooth Asphalt;Piedmont;Rural;30 - 35  MPH;No Control Present;Clear;No;35.55568, -80.4136
786;787;Yes;30-39;32;No;Not Applicable;B: Evident Injury;Non-Roadway;White;Male;Gastonia;Gaston;No;01/01/2005;28/09/2012;Crossing Paths - Other Circumstances;21;Intersection-Related;01/09/2001;01/01/2001 21:20;Crossing Paths - Uncontrolled Intersection;NA;2012;B: Evident Injury;Residential;NA;NA;Missing;6-10 mph;Injury;/Missing;NA;NA;No;Yes;Dark - Lighted Roadway;Urban (>70% Developed);2 lanes;2;Straight - Level;Local Street;Dry;Two-Way, Not Divided;None;No Special Feature;Coarse Asphalt;Piedmont;Urban;30 - 35  MPH;No Control Present;Clear;No;35.26307, -81.2055
792;793;Yes;40-49;46;Yes;With Traffic;C: Possible Injury;Travel Lane;Black;Male;Kinston;Lenoir;Yes;01/01/2002;16/10/2012;Motorist Failed to Yield - Sign-Controlled Intersection;21;Intersection;01/10/2001;01/01/2001 21:48;Motorist Drive Out - Sign-Controlled Intersection;NA;2012;C: Possible Injury;Residential;40-49;40;No;0-5 mph;O: No Injury;Black;Male;Sport Utility;No;No;Dark - Lighted Roadway;Urban (>70% Developed);4 lanes;2;Straight - Level;Local Street;Dry;Two-Way, Not Divided;None;Four-Way Intersection;Coarse Asphalt;Coastal;Urban;30 - 35  MPH;Stop Sign;Clear;No;35.26508, -77.5666
801;802;Yes;25-29;25;Yes;With Traffic;B: Evident Injury;Travel Lane;White;Female;Raleigh;Wake;Yes;01/01/2005;19/10/2012;Head-On;18;Non-Intersection;01/10/2001;01/01/2001 18:46;Head-On - Motorist;NA;2012;B: Evident Injury;Residential;NA;NA;Missing;21-25 mph;Injury;/Missing;NA;Passenger Car;No;Yes;Dusk;Urban (>70% Developed);2 lanes;2;Straight - Level;Local Street;Dry;Two-Way, Not Divided;None;No Special Feature;Smooth Asphalt;Piedmont;Urban;20 - 25  MPH;No Control Present;Clear;No;35.83068, -78.5941
811;812;Yes;20-24;22;No;With Traffic;C: Possible Injury;Travel Lane;White;Female;Durham;Durham;No;01/01/2006;01/09/2012;Motorist Left Turn / Merge;11;Non-Intersection;01/09/2001;01/01/2001 11:00;Motorist Left Turn - Opposite Direction;NA;2012;C: Possible Injury;Commercial;30-39;31;No;11-15 mph;O: No Injury;Black;Male;Passenger Car;No;No;Daylight;Urban (>70% Developed);2 lanes;2;Straight - Level;Local Street;Dry;Two-Way, Not Divided;None;No Special Feature;Smooth Asphalt;Piedmont;Urban;30 - 35  MPH;No Control Present;Clear;No;35.99966, -78.9015
814;815;No;25-29;25;No;Not Applicable;O: No Injury;Non-Roadway;White;Male;Raleigh;Wake;No;01/01/2005;19/10/2012;Non-Roadway;15;Non-Roadway;01/10/2001;01/01/2001 15:49;Non-Roadway;NA;2012;O: No Injury;Commercial;40-49;48;No;0-5 mph;O: No Injury;Black;Female;Passenger Car;No;No;Daylight;Urban (>70% Developed);NA;2;Straight - Grade;Public Vehicular Area;Dry;Two-Way, Not Divided;None;Driveway, Public;Coarse Asphalt;Piedmont;Urban;5 - 15 MPH;No Control Present;Clear;No;35.83843, -78.6129
828;829;No;25-29;27;No;With Traffic;C: Possible Injury;Travel Lane;White;Male;Durham;Durham;No;01/01/2004;18/10/2012;Motorist Failed to Yield - Sign-Controlled Intersection;7;Intersection;01/10/2001;01/01/2001 07:29;Motorist Drive Out - Sign-Controlled Intersection;NA;2012;C: Possible Injury;Residential;25-29;26;No;0-5 mph;O: No Injury;White;Female;Passenger Car;No;No;Daylight;Urban (>70% Developed);2 lanes;2;Straight - Level;Local Street;Dry;Two-Way, Not Divided;None;No Special Feature;Smooth Asphalt;Piedmont;Urban;30 - 35  MPH;Stop Sign;Cloudy;No;35.9968, -78.9143
829;830;Yes;40-49;40;No;With Traffic;K: Killed;Travel Lane;Black;Male;None - Rural Crash;Bertie;No;01/01/2002;16/10/2012;Motorist Overtaking Bicyclist;17;Non-Intersection;01/10/2001;01/01/2001 17:26;Motorist Overtaking - Other /;NA;2012;K: Killed;Farms, Woods, Pastures;25-29;28;No;61-65 mph;O: No Injury;White;Male;Pickup;No;No;Daylight;Rural (<30% Developed);4 lanes;2;Straight - Level;US Route;Dry;Two-Way, Divided, Unprotected Median;None;No Special Feature;Coarse Asphalt;Coastal;Rural;50 - 55  MPH;No Control Present;Clear;No;35.88306, -77.0256
840;841;Yes;50-59;53;No;With Traffic;A: Disabling Injury;Travel Lane;Black;Male;None - Rural Crash;Person;No;01/01/2006;03/11/2012;Motorist Overtaking Bicyclist;19;Non-Intersection;01/11/2001;01/01/2001 19:16;Motorist Overtaking - Other /;NA;2012;A: Disabling Injury;Farms, Woods, Pastures;NA;NA;Missing;41-45 mph;Injury;/Missing;NA;NA;No;Yes;Dark - Roadway Not Lighted;Rural (<30% Developed);2 lanes;2;Curve - Grade;State Secondary Route;Dry;Two-Way, Not Divided;None;No Special Feature;Smooth Asphalt;Piedmont;Rural;40 - 45  MPH;Double Yellow Line, No Passing Zone;Clear;No;36.45796, -79.0062
845;846;Yes;15-nov;11;No;With Traffic;C: Possible Injury;Travel Lane;Black;Male;Charlotte;Mecklenburg;No;NA;05/11/2012;Bicyclist Failed to Yield - Sign-Controlled Intersection;16;Intersection;01/11/2001;01/01/2001 16:34;Bicyclist Ride Through - Sign-Controlled Intersection;NA;2012;C: Possible Injury;Residential;30-39;38;No;16-20 mph;C: Possible Injury;White;Female;Passenger Car;No;No;Daylight;Urban (>70% Developed);2 lanes;2;Straight - Level;Local Street;Dry;Two-Way, Not Divided;None;No Special Feature;Smooth Asphalt;Piedmont;Urban;20 - 25  MPH;No Control Present;Clear;No;35.22987, -80.8134
846;847;Yes;60-69;61;Yes;With Traffic;K: Killed;Travel Lane;Black;Male;None - Rural Crash;Duplin;Yes;01/01/2002;09/10/2012;Motorist Overtaking Bicyclist;19;Non-Intersection;01/10/2001;01/01/2001 19:01;Motorist Overtaking - Undetected Bicyclist;NA;2012;K: Killed;Farms, Woods, Pastures;30-39;35;Yes;51-55 mph;O: No Injury;White;Male;NA;No;Yes;Dawn;Rural (<30% Developed);2 lanes;2;Straight - Level;NC Route;Wet;Two-Way, Not Divided;None;No Special Feature;Coarse Asphalt;Coastal;Rural;50 - 55  MPH;No Control Present;Rain;No;34.80977, -77.9433
854;855;Yes;25-29;25;No;With Traffic;O: No Injury;Bike Lane / Paved Shoulder;White;Male;Raleigh;Wake;No;01/01/2005;02/11/2012;Parking / Bus-Related;15;Intersection-Related;01/11/2001;01/01/2001 15:09;Motorist Drive In / Out - Parking;NA;2012;O: No Injury;Commercial;30-39;39;No;16-20 mph;O: No Injury;White;Male;Passenger Car;No;No;Daylight;Urban (>70% Developed);2 lanes;2;Straight - Level;Local Street;Dry;Two-Way, Divided, Unprotected Median;None;No Special Feature;Smooth Asphalt;Piedmont;Urban;20 - 25  MPH;No Control Present;Clear;No;35.78551, -78.6607
856;857;Yes;25-29;28;No;With Traffic;C: Possible Injury;Travel Lane;White;Male;Raleigh;Wake;No;01/01/2006;03/11/2012;Motorist Left Turn / Merge;13;Intersection;01/11/2001;01/01/2001 13:50;Motorist Left Turn - Opposite Direction;NA;2012;C: Possible Injury;Commercial;0-19;17;No;16-20 mph;O: No Injury;White;Female;Sport Utility;No;No;Daylight;Mixed (30% To 70% Developed);3 lanes;2;Straight - Level;Local Street;Dry;Two-Way, Not Divided;None;Four-Way Intersection;Coarse Asphalt;Piedmont;Urban;30 - 35  MPH;Stop And Go Signal;Clear;No;35.78864, -78.651
523;524;Yes;16-19;17;No;With Traffic;B: Evident Injury;Travel Lane;Black;Male;Garland;Sampson;No;01/01/2006;19/07/2008;Bicyclist Left Turn / Merge;21;Non-Intersection;01/07/2001;01/01/2001 21:58;Bicyclist Left Turn - Same Direction;311221;2008;B: Evident Injury;Residential;50-59;57;No;31-35 mph;O: No Injury;White;Female;Passenger Car;No;No;Dark - Roadway Not Lighted;Urban (>70% Developed);2 lanes;2;Straight - Level;NC Route;Dry;Two-Way, Not Divided;None;T-Intersection;Coarse Asphalt;Coastal;Rural;30 - 35  MPH;Double Yellow Line, No Passing Zone;Clear;No;0.0, 0.0
525;526;Yes;40-49;44;Yes;With Traffic;K: Killed;Travel Lane;Hispanic;Male;Charlotte;Mecklenburg;Yes;01/01/2005;08/08/2008;Bicyclist Failed to Yield - Sign-Controlled Intersection;23;Intersection;01/08/2001;01/01/2001 23:05;Bicyclist Ride Out - Sign-Controlled Intersection;111142;2008;K: Killed;Commercial;20-24;24;Yes;31-35 mph;O: No Injury;Black;Male;Passenger Car;No;No;Dark - Lighted Roadway;Urban (>70% Developed);4 lanes;2;Straight - Level;Local Street;Dry;Two-Way, Divided, Unprotected Median;None;T-Intersection;Coarse Asphalt;Piedmont;Urban;30 - 35  MPH;No Control Present;Clear;No;0.0, 0.0
527;528;Yes;50-59;54;No;With Traffic;B: Evident Injury;Travel Lane;White;Male;Charlotte;Mecklenburg;No;01/01/2005;15/08/2008;Motorist Overtaking Bicyclist;19;Non-Intersection;01/08/2001;01/01/2001 19:03;Motorist Overtaking - Undetected Bicyclist;311231;2008;B: Evident Injury;Farms, Woods, Pastures;30-39;38;No;36-40 mph;O: No Injury;Black;Male;Passenger Car;No;No;Daylight;Rural (<30% Developed);2 lanes;2;Straight - Level;Local Street;Dry;Two-Way, Not Divided;None;No Special Feature;Coarse Asphalt;Piedmont;Urban;40 - 45  MPH;No Control Present;Cloudy;No;0.0, 0.0
533;534;No;50-59;59;No;With Traffic;B: Evident Injury;Travel Lane;Black;Male;Wilmington;New Hanover;No;01/01/2004;17/07/2008;Motorist Left Turn / Merge;20;Intersection;01/07/2001;01/01/2001 20:51;Motorist Left Turn - Opposite Direction;111212;2008;B: Evident Injury;Commercial;0-19;18;No;31-35 mph;O: No Injury;White;Male;Pickup;No;No;Dark - Roadway Not Lighted;Urban (>70% Developed);6 lanes;2;Straight - Level;Local Street;Dry;Two-Way, Not Divided;None;Four-Way Intersection;Coarse Asphalt;Coastal;Urban;40 - 45  MPH;Stop Sign;Clear;No;0.0, 0.0
543;544;Yes;60-69;67;No;With Traffic;B: Evident Injury;Travel Lane;White;Male;Winston-Salem;Forsyth;No;01/01/2007;20/07/2008;Motorist Failed to Yield - Sign-Controlled Intersection;15;Intersection;01/07/2001;01/01/2001 15:23;Motorist Drive Out - Sign-Controlled Intersection;111141;2008;B: Evident Injury;Residential;NA;NA;Missing;26-30 mph;Injury;/Missing;NA;Sport Utility;No;Yes;Daylight;Urban (>70% Developed);NA;2;Straight - Level;Local Street;Dry;Two-Way, Not Divided;None;Four-Way Intersection;Smooth Asphalt;Piedmont;Urban;30 - 35  MPH;Stop Sign;Clear;No;0.0, 0.0
547;548;No;30-39;34;No;With Traffic;O: No Injury;Travel Lane;Black;Male;Fayetteville;Cumberland;No;01/01/2005;20/06/2008;Motorist Failed to Yield - Sign-Controlled Intersection;15;Intersection;01/06/2001;01/01/2001 15:51;Motorist Drive Out - Sign-Controlled Intersection;111141;2008;O: No Injury;Commercial;0-19;16;No;0-5 mph;O: No Injury;White;Female;Sport Utility;No;No;Daylight;Urban (>70% Developed);4 lanes;2;Straight - Level;Local Street;Dry;Two-Way, Divided, Unprotected Median;None;T-Intersection;Coarse Asphalt;Coastal;Urban;20 - 25  MPH;Stop Sign;Clear;No;0.0, 0.0
549;550;Yes;60-69;64;No;With Traffic;B: Evident Injury;Travel Lane;White;Female;Sunset Beach;Brunswick;No;01/01/2004;24/07/2008;Motorist Left Turn / Merge;8;Non-Intersection;01/07/2001;01/01/2001 08:29;Motorist Left Turn - Opposite Direction;311212;2008;B: Evident Injury;Residential;50-59;57;No;0-5 mph;O: No Injury;White;Female;Van;No;No;Daylight;Rural (<30% Developed);2 lanes;2;Straight - Level;Local Street;Wet;Two-Way, Not Divided;None;No Special Feature;Coarse Asphalt;Coastal;Rural;30 - 35  MPH;Missing;Cloudy;No;0.0, 0.0
552;553;Yes;25-29;26;No;Facing Traffic;C: Possible Injury;Sidewalk / Crosswalk / Driveway Crossing;Hispanic;Male;Charlotte;Mecklenburg;No;01/01/2003;20/08/2008;Motorist Failed to Yield - Sign-Controlled Intersection;14;Intersection;01/08/2001;01/01/2001 14:12;Motorist Drive Out - Sign-Controlled Intersection;132141;2008;C: Possible Injury;Residential;70+;NA;No;0-5 mph;O: No Injury;White;Female;Passenger Car;No;No;Daylight;Urban (>70% Developed);2 lanes;2;Curve - Bottom;Local Street;Dry;Two-Way, Not Divided;None;T-Intersection;Smooth Asphalt;Piedmont;Urban;20 - 25  MPH;Stop Sign;Clear;No;0.0, 0.0
556;557;Yes;50-59;52;Yes;Facing Traffic;C: Possible Injury;Travel Lane;White;Male;None - Rural Crash;New Hanover;Yes;01/01/2003;23/07/2008;Motorist Failed to Yield - Midblock;17;Non-Intersection;01/07/2001;01/01/2001 17:46;Motorist Drive Out - Residential Driveway;312321;2008;C: Possible Injury;Commercial;40-49;40;Yes;0-5 mph;O: No Injury;White;Male;Sport Utility;No;No;Daylight;Mixed (30% To 70% Developed);5 lanes;2;Straight - Level;US Route;Dry;Two-Way, Divided, Unprotected Median;None;Driveway, Private;Coarse Asphalt;Coastal;Rural;50 - 55  MPH;Missing;Cloudy;No;0.0, 0.0
559;560;Yes;60-69;62;No;With Traffic;C: Possible Injury;Travel Lane;White;Male;None - Rural Crash;Rutherford;No;01/01/2005;25/07/2008;Bicyclist Left Turn / Merge;8;Intersection;01/07/2001;01/01/2001 08:29;Bicyclist Left Turn - Same Direction;111221;2008;C: Possible Injury;Residential;60-69;68;No;41-45 mph;O: No Injury;White;Female;Van;No;No;Daylight;Mixed (30% To 70% Developed);2 lanes;2;Straight - Grade;US Route;Dry;Two-Way, Not Divided;None;T-Intersection;Smooth Asphalt;Mountains;Rural;40 - 45  MPH;Missing;Clear;No;0.0, 0.0
567;568;Yes;30-39;34;No;With Traffic;B: Evident Injury;Travel Lane;White;Male;None - Rural Crash;Moore;No;01/01/2006;23/08/2008;Motorist Overtaking Bicyclist;19;Non-Intersection;01/08/2001;01/01/2001 19:44;Motorist Overtaking - Other /;311239;2008;B: Evident Injury;Farms, Woods, Pastures;30-39;36;No;51-55 mph;O: No Injury;White;Male;Pickup;No;No;Dusk;Rural (<30% Developed);2 lanes;2;Straight - Level;NC Route;Dry;Two-Way, Not Divided;None;No Special Feature;Smooth Asphalt;Piedmont;Rural;50 - 55  MPH;Double Yellow Line, No Passing Zone;Cloudy;No;0.0, 0.0
577;578;Yes;10-juin;10;No;With Traffic;B: Evident Injury;Travel Lane;Black;Male;Greensboro;Guilford;No;01/01/2006;19/07/2008;Loss of Control / Turning Error;17;Intersection;01/07/2001;01/01/2001 17:48;Bicyclist Lost Control - Oversteering, Improper Braking, Speed;111122;2008;B: Evident Injury;Residential;20-24;24;No;16-20 mph;O: No Injury;Black;Female;Passenger Car;No;No;Daylight;Urban (>70% Developed);1 lane;2;Straight - Level;Local Street;Dry;Two-Way, Not Divided;None;T-Intersection;Smooth Asphalt;Piedmont;Urban;30 - 35  MPH;Stop Sign;Cloudy;No;0.0, 0.0
603;604;Yes;60-69;63;No;Facing Traffic;C: Possible Injury;Sidewalk / Crosswalk / Driveway Crossing;Black;Male;Smithfield;Johnston;No;01/01/2006;09/08/2008;Motorist Failed to Yield - Signalized Intersection;12;Intersection;01/08/2001;01/01/2001 12:50;Motorist Drive Out - Right Turn on Red;132151;2008;C: Possible Injury;Commercial;50-59;58;No;0-5 mph;O: No Injury;White;Male;Passenger Car;No;No;Daylight;Urban (>70% Developed);5 lanes;2;Straight - Level;Local Street;Dry;Two-Way, Not Divided;None;No Special Feature;Coarse Asphalt;Coastal;Urban;30 - 35  MPH;Stop And Go Signal;Clear;No;0.0, 0.0
605;606;Yes;20-24;20;No;With Traffic;B: Evident Injury;Travel Lane;White;Female;Asheville;Buncombe;No;01/01/2005;08/08/2008;Motorist Right Turn / Merge;13;Intersection;01/08/2001;01/01/2001 13:37;Motorist Right Turn - Same Direction;111213;2008;B: Evident Injury;Commercial;NA;NA;No;NA;Injury;/Missing;NA;Pickup;No;Yes;Daylight;Urban (>70% Developed);5 lanes;2;Straight - Grade;Local Street;Dry;Two-Way, Not Divided;NA;Related To Intersection;Smooth Asphalt;Mountains;Urban;30 - 35  MPH;No Control Present;Clear;No;0.0, 0.0
610;611;No;50-59;54;No;With Traffic;B: Evident Injury;Travel Lane;White;Male;None - Rural Crash;Davie;No;01/01/2007;10/08/2008;Motorist Overtaking Bicyclist;11;Non-Intersection;01/08/2001;01/01/2001 11:49;Motorist Overtaking - Misjudged Space;311232;2008;B: Evident Injury;Commercial;50-59;59;No;16-20 mph;O: No Injury;White;Female;Passenger Car;No;No;Daylight;Mixed (30% To 70% Developed);4 lanes;3;Straight - Level;US Route;Dry;Two-Way, Not Divided;None;On or Off Ramp;Coarse Asphalt;Piedmont;Rural;40 - 45  MPH;Double Yellow Line, No Passing Zone;Clear;No;0.0, 0.0
614;615;Yes;16-19;18;No;With Traffic;A: Disabling Injury;Travel Lane;White;Male;None - Rural Crash;Burke;No;01/01/2004;31/07/2008;Motorist Overtaking Bicyclist;21;Non-Intersection;01/07/2001;01/01/2001 21:29;Motorist Overtaking - Other /;311239;2008;A: Disabling Injury;Residential;NA;NA;Missing;41-45 mph;Injury;/Missing;NA;NA;No;Yes;Dark - Roadway Not Lighted;Mixed (30% To 70% Developed);2 lanes;2;Straight - Level;State Secondary Route;Wet;Two-Way, Not Divided;None;No Special Feature;Smooth Asphalt;Mountains;Rural;40 - 45  MPH;Double Yellow Line, No Passing Zone;Cloudy;No;0.0, 0.0