FID;OBJECTID;AmbulanceR;BikeAge_Gr;Bike_Age;Bike_Alc_D;Bike_Dir;Bike_Injur;Bike_Pos;Bike_Race;Bike_Sex;City;County;CrashAlcoh;CrashDay;Crash_Date;Crash_Grp;Crash_Hour;Crash_Loc;Crash_Mont;Crash_Time;Crash_Type;Crash_Ty_1;Crash_Year;Crsh_Sevri;Developmen;DrvrAge_Gr;Drvr_Age;Drvr_Alc_D;Drvr_EstSp;Drvr_Injur;Drvr_Race;Drvr_Sex;Drvr_VehTy;ExcsSpdInd;Hit_Run;Light_Cond;Locality;Num_Lanes;Num_Units;Rd_Charact;Rd_Class;Rd_Conditi;Rd_Config;Rd_Defects;Rd_Feature;Rd_Surface;Region;Rural_Urba;Speed_Limi;Traff_Cntr;Weather;Workzone_I;Location
633;634;No;30-39;30;No;Facing Traffic;O: No Injury;Sidewalk / Crosswalk / Driveway Crossing;Black;Male;Rocky Mount;Nash;No;01/01/2005;08/08/2008;Motorist Failed to Yield - Sign-Controlled Intersection;14;Intersection;01/08/2001;01/01/2001 14:20;Motorist Drive Out - Sign-Controlled Intersection;132141;2008;O: No Injury;Commercial;50-59;51;No;0-5 mph;O: No Injury;Black;Female;Sport Utility;No;No;Daylight;Urban (>70% Developed);3 lanes;2;Straight - Level;Local Street;Dry;One-Way, Not Divided;None;Driveway, Public;Coarse Asphalt;Coastal;Urban;30 - 35  MPH;Stop Sign;Clear;No;0.0, 0.0
635;636;Yes;15-nov;11;No;Not Applicable;B: Evident Injury;Non-Roadway;White;Male;Hickory;Catawba;No;01/01/2002;12/08/2008;Non-Roadway;19;Non-Roadway;01/08/2001;01/01/2001 19:29;Non-Roadway;460910;2008;B: Evident Injury;Residential;NA;NA;Missing;0-5 mph;Injury;/Missing;NA;NA;No;Yes;Daylight;Urban (>70% Developed);2 lanes;2;Straight - Level;Public Vehicular Area;Dry;Two-Way, Not Divided;None;No Special Feature;Coarse Asphalt;Piedmont;Urban;NA;Missing;Clear;No;0.0, 0.0
638;639;No;40-49;45;No;With Traffic;O: No Injury;Travel Lane;White;Male;None - Rural Crash;Davidson;No;NA;18/08/2008;Motorist Overtaking Bicyclist;13;Non-Intersection;01/08/2001;01/01/2001 13:44;Motorist Overtaking - Bicyclist Swerved;311235;2008;B: Evident Injury;Farms, Woods, Pastures;20-24;20;No;NA;B: Evident Injury;White;Male;Pedalcycle;No;No;Daylight;Rural (<30% Developed);2 lanes;2;Straight - Grade;State Secondary Route;Dry;Two-Way, Not Divided;None;No Special Feature;Smooth Asphalt;Piedmont;Rural;NA;Double Yellow Line, No Passing Zone;Clear;No;0.0, 0.0
646;647;No;40-49;48;No;With Traffic;C: Possible Injury;Travel Lane;White;Female;Charlotte;Mecklenburg;No;01/01/2004;04/09/2008;Motorist Left Turn / Merge;17;Intersection;01/09/2001;01/01/2001 16:59;Motorist Left Turn - Opposite Direction;111212;2008;C: Possible Injury;Commercial;NA;NA;Missing;NA;Injury;/Missing;NA;Passenger Car;No;Yes;Daylight;Urban (>70% Developed);4 lanes;2;Straight - Level;Local Street;Dry;Two-Way, Not Divided;None;Four-Way Intersection;Smooth Asphalt;Piedmont;Urban;NA;Stop And Go Signal;Clear;No;0.0, 0.0
647;648;Yes;40-49;48;No;With Traffic;B: Evident Injury;Travel Lane;Black;Male;Concord;Cabarrus;No;01/01/2005;22/08/2008;Loss of Control / Turning Error;23;Intersection;01/08/2001;01/01/2001 23:06;Motorist Turning Error - Right Turn;111112;2008;B: Evident Injury;Residential;NA;NA;No;6-10 mph;Injury;/Missing;NA;Pickup;No;Yes;Dark - Lighted Roadway;Urban (>70% Developed);2 lanes;2;Straight - Hillcrest;Local Street;Dry;Two-Way, Not Divided;None;T-Intersection;Smooth Asphalt;Piedmont;Urban;30 - 35  MPH;Stop Sign;Clear;No;0.0, 0.0
649;650;No;30-39;35;No;NA;B: Evident Injury;NA;Black;Female;Fayetteville;Cumberland;No;01/01/2005;22/08/2008;Loss of Control / Turning Error;18;Intersection-Related;01/08/2001;01/01/2001 18:14;Bicyclist Lost Control - Mechanical Problems;299121;2008;B: Evident Injury;Commercial;50-59;57;No;6-10 mph;O: No Injury;Black;Female;Sport Utility;No;No;Daylight;Urban (>70% Developed);1 lane;2;Straight - Grade;Local Street;Dry;Two-Way, Not Divided;None;Four-Way Intersection;Coarse Asphalt;Coastal;Urban;30 - 35  MPH;Stop Sign;Cloudy;No;0.0, 0.0
653;654;Yes;40-49;40;Yes;With Traffic;B: Evident Injury;Travel Lane;White;Male;Charlotte;Mecklenburg;Yes;01/01/2007;14/09/2008;Crossing Paths - Other Circumstances;13;Intersection;01/09/2001;01/01/2001 13:33;Signalized Intersection - Other /;111158;2008;B: Evident Injury;Commercial;20-24;24;No;51-55 mph;O: No Injury;White;Female;Passenger Car;No;No;Daylight;Urban (>70% Developed);4 lanes;2;Straight - Level;Local Street;Dry;Two-Way, Divided, Unprotected Median;None;Four-Way Intersection;Smooth Asphalt;Piedmont;Urban;50 - 55  MPH;Stop And Go Signal;Clear;No;0.0, 0.0
661;662;Yes;50-59;53;Yes;Facing Traffic;C: Possible Injury;Other;White;Female;Asheboro;Randolph;Yes;NA;25/08/2008;Motorist Failed to Yield - Midblock;13;Non-Intersection;01/08/2001;01/01/2001 13:27;Motorist Drive Out - Commercial Driveway / Alley;382322;2008;C: Possible Injury;Commercial;50-59;55;No;0-5 mph;O: No Injury;White;Male;Pickup;No;No;Daylight;Urban (>70% Developed);NA;2;Straight - Grade;Public Vehicular Area;Dry;Two-Way, Not Divided;None;Driveway, Public;Smooth Asphalt;Piedmont;Urban;NA;No Control Present;Cloudy;No;0.0, 0.0
665;666;Yes;20-24;21;No;With Traffic;B: Evident Injury;Travel Lane;White;Male;Blowing Rock;Watauga;No;01/01/2006;23/08/2008;Motorist Left Turn / Merge;18;Non-Intersection;01/08/2001;01/01/2001 18:33;Motorist Left Turn - Opposite Direction;311212;2008;B: Evident Injury;Residential;25-29;25;No;6-10 mph;O: No Injury;White;Male;Sport Utility;No;No;Daylight;Urban (>70% Developed);2 lanes;2;Straight - Grade;Local Street;Dry;Two-Way, Not Divided;None;No Special Feature;Coarse Asphalt;Mountains;Rural;20 - 25  MPH;No Control Present;Cloudy;No;0.0, 0.0
670;671;No;30-39;35;No;With Traffic;O: No Injury;Travel Lane;White;Male;Rocky Mount;Nash;No;01/01/2007;13/07/2008;Loss of Control / Turning Error;12;Intersection;01/07/2001;01/01/2001 12:09;Motorist Turning Error - Left Turn;111111;2008;O: No Injury;Residential;NA;NA;Missing;0-5 mph;Injury;/Missing;NA;NA;No;Yes;Dark -  Lighting;Urban (>70% Developed);2 lanes;2;Straight - Level;Local Street;Dry;Two-Way, Not Divided;None;No Special Feature;Smooth Asphalt;Coastal;Urban;30 - 35  MPH;Stop Sign;Clear;No;0.0, 0.0
671;672;Yes;16-19;16;No;Facing Traffic;C: Possible Injury;Travel Lane;Black;Male;Raleigh;Wake;No;01/01/2002;24/06/2008;Motorist Failed to Yield - Sign-Controlled Intersection;21;Intersection;01/06/2001;01/01/2001 21:05;Motorist Drive Out - Sign-Controlled Intersection;112141;2008;C: Possible Injury;Residential;20-24;21;No;0-5 mph;O: No Injury;White;Male;Sport Utility;No;No;Dark - Lighted Roadway;Urban (>70% Developed);2 lanes;2;Straight - Level;Local Street;Dry;Two-Way, Divided, Unprotected Median;None;No Special Feature;Smooth Asphalt;Piedmont;Urban;30 - 35  MPH;Stop Sign;Clear;No;0.0, 0.0
680;681;Yes;15-nov;14;No;Facing Traffic;C: Possible Injury;Sidewalk / Crosswalk / Driveway Crossing;Black;Male;High Point;Guilford;No;01/01/2007;31/08/2008;Loss of Control / Turning Error;18;Intersection;01/08/2001;01/01/2001 18:19;Bicyclist Lost Control - Other /;132129;2008;C: Possible Injury;Commercial;70+;NA;No;0-5 mph;O: No Injury;White;Male;Van;No;No;Daylight;Urban (>70% Developed);5 lanes;2;Straight - Level;Public Vehicular Area;Dry;Two-Way, Not Divided;None;Related To Intersection;Smooth Asphalt;Piedmont;Urban;30 - 35  MPH;Stop And Go Signal;Clear;No;0.0, 0.0
683;684;No;16-19;16;No;Facing Traffic;C: Possible Injury;Sidewalk / Crosswalk / Driveway Crossing;White;Male;Greensboro;Guilford;No;01/01/2002;02/09/2008;Motorist Failed to Yield - Signalized Intersection;18;Intersection;01/09/2001;01/01/2001 18:37;Motorist Drive Out - Right Turn on Red;132151;2008;C: Possible Injury;Residential;50-59;53;No;NA;O: No Injury;White;Female;Van;No;No;Daylight;Urban (>70% Developed);5 lanes;2;Straight - Level;Local Street;Dry;Two-Way, Divided, Unprotected Median;None;Four-Way Intersection;Smooth Asphalt;Piedmont;Urban;30 - 35  MPH;Stop And Go Signal;Clear;No;0.0, 0.0
685;686;Yes;40-49;45;No;With Traffic;A: Disabling Injury;Travel Lane;White;Male;None - Rural Crash;Lincoln;No;NA;22/09/2008;Motorist Overtaking Bicyclist;17;Non-Intersection;01/09/2001;01/01/2001 17:49;Motorist Overtaking - Other /;311239;2008;A: Disabling Injury;Farms, Woods, Pastures;30-39;37;No;51-55 mph;O: No Injury;White;Male;Passenger Car;No;No;Daylight;Rural (<30% Developed);2 lanes;2;Straight - Grade;State Secondary Route;Dry;Two-Way, Not Divided;None;No Special Feature;Coarse Asphalt;Piedmont;Rural;50 - 55  MPH;Double Yellow Line, No Passing Zone;Clear;No;0.0, 0.0
686;687;Yes;30-39;37;No;With Traffic;B: Evident Injury;Travel Lane;Black;Female;None - Rural Crash;Duplin;Yes;01/01/2004;21/08/2008;Head-On;22;Non-Intersection;01/08/2001;01/01/2001 22:34;Head-On - Bicyclist;311250;2008;K: Killed;Farms, Woods, Pastures;50-59;57;Yes;NA;K: Killed;Black;Male;Pedalcycle;No;No;Dark - Roadway Not Lighted;Rural (<30% Developed);2 lanes;2;Straight - Level;NC Route;Dry;Two-Way, Not Divided;None;No Special Feature;Coarse Asphalt;Coastal;Rural;NA;No Control Present;Clear;No;0.0, 0.0
691;692;No;40-49;44;No;Facing Traffic;C: Possible Injury;Sidewalk / Crosswalk / Driveway Crossing;Black;Male;Asheville;Buncombe;No;01/01/2007;31/08/2008;Motorist Failed to Yield - Midblock;13;Non-Intersection;01/08/2001;01/01/2001 13:36;Motorist Drive Out - Commercial Driveway / Alley;332322;2008;C: Possible Injury;Commercial;60-69;61;No;0-5 mph;O: No Injury;White;Female;Passenger Car;No;No;Daylight;Urban (>70% Developed);NA;2;Straight - Grade;Public Vehicular Area;Dry;Two-Way, Divided, Positive Median Barrier;None;No Special Feature;Concrete;Mountains;Urban;5 - 15 MPH;No Control Present;Clear;No;0.0, 0.0
697;698;Yes;40-49;47;No;With Traffic;B: Evident Injury;Bike Lane / Paved Shoulder;White;Male;Durham;Durham;No;NA;15/09/2008;Motorist Right Turn / Merge;8;Intersection;01/09/2001;01/01/2001 08:13;Motorist Right Turn - Same Direction;121213;2008;B: Evident Injury;Commercial;30-39;32;No;0-5 mph;O: No Injury;Black;Female;Sport Utility;No;No;Daylight;Urban (>70% Developed);3 lanes;2;Straight - Level;Local Street;Dry;Two-Way, Not Divided;None;No Special Feature;Smooth Asphalt;Piedmont;Urban;40 - 45  MPH;Stop And Go Signal;Clear;No;0.0, 0.0
702;703;Yes;40-49;40;Yes;With Traffic;B: Evident Injury;Travel Lane;Black;Male;Wilmington;New Hanover;Yes;01/01/2006;06/09/2008;Loss of Control / Turning Error;21;Intersection;01/09/2001;01/01/2001 21:38;Motorist Turning Error - Left Turn;111111;2008;B: Evident Injury;Residential;25-29;26;Yes;11-15 mph;O: No Injury;White;Female;Passenger Car;No;No;Daylight;Urban (>70% Developed);4 lanes;2;Straight - Level;Local Street;Dry;Two-Way, Not Divided;None;Four-Way Intersection;Smooth Asphalt;Coastal;Urban;30 - 35  MPH;Flashing Stop And Go Signal;Clear;No;0.0, 0.0
707;708;Yes;15-nov;13;No;Facing Traffic;C: Possible Injury;Travel Lane;White;Male;Charlotte;Mecklenburg;No;01/01/2007;14/09/2008;Loss of Control / Turning Error;13;Intersection;01/09/2001;01/01/2001 13:16;Bicyclist Turning Error - Left Turn;112114;2008;C: Possible Injury;Residential;40-49;45;No;16-20 mph;O: No Injury;White;Female;Passenger Car;No;No;Daylight;Urban (>70% Developed);2 lanes;2;Curve - Hillcrest;Local Street;Dry;Two-Way, Not Divided;None;T-Intersection;Smooth Asphalt;Piedmont;Urban;30 - 35  MPH;Stop Sign;Clear;No;0.0, 0.0
712;713;Yes;30-39;33;No;With Traffic;B: Evident Injury;Travel Lane;White;Male;Boone;Watauga;No;01/01/2002;09/09/2008;Motorist Left Turn / Merge;9;Non-Intersection;01/09/2001;01/01/2001 09:56;Motorist Left Turn - Opposite Direction;311212;2008;B: Evident Injury;Institutional;20-24;21;No;11-15 mph;O: No Injury;White;Male;Pickup;No;No;Daylight;Urban (>70% Developed);NA;2;NA;Local Street;Dry;NA;None;No Special Feature;NA;Mountains;Urban;20 - 25  MPH;Missing;Cloudy;No;0.0, 0.0
724;725;Yes;30-39;33;No;Facing Traffic;B: Evident Injury;Sidewalk / Crosswalk / Driveway Crossing;White;Male;Chapel Hill;Orange;No;01/01/2005;12/09/2008;Crossing Paths - Other Circumstances;20;Intersection;01/09/2001;01/01/2001 20:38;Signalized Intersection - Other /;132158;2008;B: Evident Injury;Residential;30-39;31;No;NA;O: No Injury;White;Female;Passenger Car;No;No;Dark - Roadway Not Lighted;Urban (>70% Developed);5 lanes;2;Straight - Level;Local Street;Water (Standing, Moving);Two-Way, Divided, Unprotected Median;None;Four-Way Intersection;Smooth Asphalt;Piedmont;Urban;30 - 35  MPH;Stop And Go Signal;Rain;No;0.0, 0.0
726;727;Yes;50-59;51;No;With Traffic;B: Evident Injury;Travel Lane;Black;Male;Lexington;Davidson;No;01/01/2006;13/09/2008;Motorist Overtaking Bicyclist;19;Non-Intersection;01/09/2001;01/01/2001 19:01;Motorist Overtaking - Undetected Bicyclist;311231;2008;B: Evident Injury;Residential;20-24;23;No;31-35 mph;O: No Injury;Black;Female;Passenger Car;No;No;Dusk;Mixed (30% To 70% Developed);2 lanes;2;Straight - Level;Local Street;Dry;Two-Way, Not Divided;None;No Special Feature;Coarse Asphalt;Piedmont;Urban;30 - 35  MPH;No Control Present;Clear;No;0.0, 0.0
727;728;Yes;50-59;55;No;Facing Traffic;C: Possible Injury;Travel Lane;Black;Male;Lumberton;Robeson;No;01/01/2002;16/09/2008;Motorist Failed to Yield - Sign-Controlled Intersection;14;Intersection;01/09/2001;01/01/2001 14:09;Motorist Drive Out - Sign-Controlled Intersection;112141;2008;C: Possible Injury;Residential;20-24;24;No;0-5 mph;O: No Injury;Hispanic;Male;Passenger Car;No;No;Daylight;Mixed (30% To 70% Developed);2 lanes;2;Straight - Level;Local Street;Dry;Two-Way, Not Divided;None;T-Intersection;Coarse Asphalt;Coastal;Urban;30 - 35  MPH;Stop Sign;Cloudy;No;0.0, 0.0
729;730;Yes;16-19;17;No;Facing Traffic;B: Evident Injury;Travel Lane;Black;Male;Garner;Wake;No;01/01/2002;09/09/2008;Crossing Paths - Other Circumstances;19;Intersection;01/09/2001;01/01/2001 19:14;Sign-Controlled Intersection - Other /;112148;2008;B: Evident Injury;Residential;NA;NA;Missing;NA;Injury;/Missing;NA;NA;No;Yes;Daylight;Urban (>70% Developed);2 lanes;2;Straight - Level;Local Street;Wet;Two-Way, Not Divided;None;Four-Way Intersection;Concrete;Piedmont;Urban;20 - 25  MPH;Stop Sign;Rain;No;0.0, 0.0
737;738;Yes;40-49;48;No;With Traffic;O: No Injury;Travel Lane;Black;Female;Statesville;Iredell;No;01/01/2006;20/09/2008;Bicyclist Failed to Yield - Sign-Controlled Intersection;16;Intersection;01/09/2001;01/01/2001 16:14;Bicyclist Ride Through - Sign-Controlled Intersection;111144;2008;B: Evident Injury;Residential;20-24;20;No;NA;B: Evident Injury;Hispanic;Male;Pedalcycle;No;No;Daylight;Urban (>70% Developed);2 lanes;2;Straight - Hillcrest;Local Street;Dry;Two-Way, Not Divided;None;No Special Feature;Coarse Asphalt;Piedmont;Urban;NA;Stop Sign;Clear;No;0.0, 0.0
741;742;Yes;16-19;19;No;With Traffic;O: No Injury;Travel Lane;White;Male;None - Rural Crash;Rowan;No;01/01/2005;26/09/2008;Motorist Overtaking Bicyclist;23;Non-Intersection;01/09/2001;01/01/2001 23:10;Motorist Overtaking - Other /;311239;2008;C: Possible Injury;Farms, Woods, Pastures;20-24;24;No;NA;C: Possible Injury;White;Male;Pedalcycle;No;No;Dark - Roadway Not Lighted;Rural (<30% Developed);2 lanes;2;Straight - Level;US Route;Wet;Two-Way, Not Divided;None;No Special Feature;Smooth Asphalt;Piedmont;Rural;NA;Double Yellow Line, No Passing Zone;Rain;No;0.0, 0.0
742;743;No;15-nov;12;No;Not Applicable;C: Possible Injury;Travel Lane;White;Female;Jacksonville;Onslow;No;01/01/2006;13/09/2008;Bicyclist Failed to Yield - Midblock;13;Non-Intersection;01/09/2001;01/01/2001 13:57;Bicyclist Ride Out - Other Midblock;313318;2008;C: Possible Injury;Commercial;NA;NA;Missing;0-5 mph;Injury;/Missing;NA;NA;No;Yes;Daylight;Urban (>70% Developed);5 lanes;2;Straight - Level;Local Street;Dry;Two-Way, Divided, Unprotected Median;None;No Special Feature;Smooth Asphalt;Coastal;Urban;40 - 45  MPH;No Control Present;Clear;No;0.0, 0.0
751;752;Yes;40-49;46;No;With Traffic;C: Possible Injury;Travel Lane;Black;Male;None - Rural Crash;Lee;No;01/01/2003;24/09/2008;Motorist Overtaking Bicyclist;17;Non-Intersection;01/09/2001;01/01/2001 17:29;Motorist Overtaking - Undetected Bicyclist;311231;2008;C: Possible Injury;Farms, Woods, Pastures;50-59;53;No;31-35 mph;O: No Injury;White;Female;Sport Utility;No;No;Daylight;Rural (<30% Developed);2 lanes;2;Straight - Level;State Secondary Route;Dry;Two-Way, Not Divided;None;No Special Feature;Smooth Asphalt;Piedmont;Rural;50 - 55  MPH;Missing;Cloudy;No;0.0, 0.0
753;754;Yes;NA;NA;No;With Traffic;B: Evident Injury;Travel Lane;Black;Male;Greensboro;Guilford;No;NA;15/09/2008;Motorist Overtaking Bicyclist;21;Non-Intersection;01/09/2001;01/01/2001 21:12;Motorist Overtaking - Undetected Bicyclist;311231;2008;B: Evident Injury;Residential;25-29;25;No;21-25 mph;O: No Injury;White;Female;Passenger Car;No;No;Dusk;Urban (>70% Developed);4 lanes;2;Straight - Grade;Local Street;Dry;Two-Way, Not Divided;None;No Special Feature;Smooth Asphalt;Piedmont;Urban;30 - 35  MPH;Stop Sign;Clear;No;0.0, 0.0
763;764;Yes;15-nov;11;No;With Traffic;B: Evident Injury;Travel Lane;Black;Male;High Point;Guilford;No;01/01/2002;30/09/2008;Bicyclist Failed to Yield - Sign-Controlled Intersection;16;Intersection;01/09/2001;01/01/2001 16:15;Bicyclist Ride Out - Sign-Controlled Intersection;111142;2008;B: Evident Injury;Residential;30-39;39;No;31-35 mph;O: No Injury;White;Female;Pickup;No;No;Daylight;Urban (>70% Developed);2 lanes;2;Straight - Level;Local Street;Dry;Two-Way, Not Divided;None;Related To Intersection;Smooth Asphalt;Piedmont;Urban;30 - 35  MPH;Yield Sign;Clear;No;0.0, 0.0
767;768;No;16-19;16;No;With Traffic;C: Possible Injury;Travel Lane;Black;Male;Statesville;Iredell;No;01/01/2006;04/10/2008;Motorist Overtaking Bicyclist;20;Non-Intersection;01/10/2001;01/01/2001 20:02;Motorist Overtaking - Undetected Bicyclist;311231;2008;C: Possible Injury;Institutional;60-69;65;No;26-30 mph;O: No Injury;White;Male;Van;No;No;Dark - Lighted Roadway;Urban (>70% Developed);2 lanes;2;Straight - Level;Local Street;Dry;Two-Way, Not Divided;None;No Special Feature;Smooth Asphalt;Piedmont;Urban;30 - 35  MPH;No Control Present;Clear;No;0.0, 0.0
773;774;Yes;50-59;53;No;With Traffic;C: Possible Injury;Travel Lane;Black;Male;Charlotte;Mecklenburg;No;01/01/2002;14/10/2008;Motorist Overtaking Bicyclist;5;Non-Intersection;01/10/2001;01/01/2001 05:00;Motorist Overtaking - Undetected Bicyclist;311231;2008;C: Possible Injury;Residential;50-59;50;No;26-30 mph;O: No Injury;White;Male;Passenger Car;No;No;Dark - Roadway Not Lighted;Mixed (30% To 70% Developed);2 lanes;2;Straight - Level;Local Street;Dry;Two-Way, Not Divided;None;No Special Feature;Smooth Asphalt;Piedmont;Urban;40 - 45  MPH;No Control Present;Clear;No;0.0, 0.0
775;776;No;16-19;16;No;Facing Traffic;C: Possible Injury;Travel Lane;Black;Male;Goldsboro;Wayne;No;01/01/2003;01/10/2008;Motorist Failed to Yield - Sign-Controlled Intersection;20;Intersection;01/10/2001;01/01/2001 19:59;Motorist Drive Out - Sign-Controlled Intersection;112141;2008;C: Possible Injury;Residential;20-24;24;No;6-10 mph;O: No Injury;White;Male;Pickup;No;No;Dark - Lighted Roadway;Urban (>70% Developed);3 lanes;2;Straight - Level;Local Street;Dry;Two-Way, Not Divided;None;T-Intersection;Coarse Asphalt;Coastal;Urban;40 - 45  MPH;Stop Sign;Clear;No;0.0, 0.0
776;777;No;15-nov;13;No;NA;O: No Injury;NA;White;Female;Kings Mountain;Cleveland;No;01/01/2007;28/09/2008;Other /  - Insufficient Details;9;Location;01/09/2001;01/01/2001 09:22;Location;999980;2008;O: No Injury;Residential;NA;NA;Missing;NA;Injury;/Missing;NA;NA;No;Yes;Daylight;Mixed (30% To 70% Developed);4 lanes;2;Straight - Level;Local Street;Dry;Two-Way, Divided, Unprotected Median;None;Four-Way Intersection;Smooth Asphalt;Mountains;Urban;30 - 35  MPH;Stop And Go Signal;Clear;No;0.0, 0.0
777;778;Yes;15-nov;11;No;With Traffic;B: Evident Injury;Sidewalk / Crosswalk / Driveway Crossing;White;Male;Winston-Salem;Forsyth;No;01/01/2005;03/10/2008;Crossing Paths - Other Circumstances;18;Intersection;01/10/2001;01/01/2001 18:27;Signalized Intersection - Other /;131158;2008;B: Evident Injury;Commercial;40-49;47;No;31-35 mph;O: No Injury;White;Male;Pickup;No;No;Daylight;Urban (>70% Developed);4 lanes;2;Straight - Level;Local Street;Dry;Two-Way, Divided, Unprotected Median;None;Four-Way Intersection;Smooth Asphalt;Piedmont;Urban;30 - 35  MPH;Stop And Go Signal;Clear;No;0.0, 0.0
783;784;No;40-49;46;No;Facing Traffic;C: Possible Injury;Sidewalk / Crosswalk / Driveway Crossing;Black;Male;Charlotte;Mecklenburg;No;01/01/2004;16/10/2008;Motorist Failed to Yield - Sign-Controlled Intersection;17;Intersection;01/10/2001;01/01/2001 17:11;Motorist Drive Out - Sign-Controlled Intersection;132141;2008;C: Possible Injury;Commercial;30-39;30;No;0-5 mph;O: No Injury;Black;Female;Passenger Car;No;No;Daylight;Urban (>70% Developed);2 lanes;2;Straight - Level;Local Street;Dry;Two-Way, Not Divided;None;T-Intersection;Smooth Asphalt;Piedmont;Urban;20 - 25  MPH;Stop Sign;Clear;No;0.0, 0.0
792;793;Yes;40-49;47;No;With Traffic;C: Possible Injury;Travel Lane;Black;Male;Charlotte;Mecklenburg;No;01/01/2002;07/10/2008;Crossing Paths - Other Circumstances;16;Intersection;01/10/2001;01/01/2001 15:59;Sign-Controlled Intersection - Other /;111148;2008;C: Possible Injury;Commercial;20-24;22;No;16-20 mph;O: No Injury;White;Female;Passenger Car;No;No;Daylight;Urban (>70% Developed);2 lanes;2;Straight - Level;Local Street;Dry;Two-Way, Not Divided;None;No Special Feature;Smooth Asphalt;Piedmont;Urban;30 - 35  MPH;Stop Sign;Clear;No;0.0, 0.0
807;808;Yes;60-69;62;No;With Traffic;K: Killed;Travel Lane;White;Male;Wilmington;New Hanover;No;01/01/2004;16/10/2008;Motorist Right Turn / Merge;9;Non-Intersection;01/10/2001;01/01/2001 09:21;Motorist Right Turn - Same Direction;311213;2008;K: Killed;Commercial;40-49;49;No;31-35 mph;O: No Injury;White;Female;Passenger Car;No;No;Daylight;Urban (>70% Developed);NA;2;Straight - Level;Local Street;Dry;Two-Way, Divided, Unprotected Median;None;No Special Feature;Smooth Asphalt;Coastal;Urban;40 - 45  MPH;Missing;Clear;No;0.0, 0.0
809;810;Yes;50-59;51;No;Facing Traffic;Injury;Sidewalk / Crosswalk / Driveway Crossing;/Missing;NA;Fayetteville;Cumberland;No;NA;20/10/2008;Motorist Failed to Yield - Midblock;15;Non-Intersection;01/10/2001;01/01/2001 15:04;Motorist Drive Out - Commercial Driveway / Alley;332322;2008;O: No Injury;Commercial;30-39;36;No;6-10 mph;O: No Injury;Black;Female;Pickup;No;No;Daylight;Urban (>70% Developed);NA;2;Straight - Level;Public Vehicular Area;Dry;NA;None;Driveway, Private;Coarse Asphalt;Coastal;Urban;5 - 15 MPH;No Control Present;Clear;No;0.0, 0.0
812;813;No;60-69;64;No;With Traffic;B: Evident Injury;Travel Lane;White;Male;Shallotte;Brunswick;No;NA;20/10/2008;Motorist Right Turn / Merge;15;Non-Intersection;01/10/2001;01/01/2001 14:59;Motorist Right Turn - Same Direction;311213;2008;B: Evident Injury;Residential;40-49;47;No;NA;O: No Injury;White;Male;Pickup;No;No;Daylight;Mixed (30% To 70% Developed);3 lanes;2;Straight - Level;Local Street;Dry;Two-Way, Not Divided;None;No Special Feature;Coarse Asphalt;Coastal;Rural;NA;No Control Present;Clear;No;0.0, 0.0
814;815;No;20-24;23;No;With Traffic;C: Possible Injury;Sidewalk / Crosswalk / Driveway Crossing;White;Female;Raleigh;Wake;No;01/01/2007;24/08/2008;Motorist Right Turn / Merge;16;Non-Intersection;01/08/2001;01/01/2001 16:33;Motorist Right Turn - Same Direction;331213;2008;C: Possible Injury;Commercial;0-19;19;No;0-5 mph;O: No Injury;White;Male;Pickup;No;No;Daylight;Urban (>70% Developed);4 lanes;2;Straight - Level;Local Street;Dry;Two-Way, Not Divided;None;No Special Feature;Coarse Asphalt;Piedmont;Urban;30 - 35  MPH;No Control Present;Clear;No;0.0, 0.0
823;824;Yes;50-59;51;No;With Traffic;B: Evident Injury;Travel Lane;Black;Female;Norwood;Stanly;No;01/01/2004;18/09/2008;Bicyclist Failed to Yield - Sign-Controlled Intersection;1;Intersection;01/09/2001;01/01/2001 01:08;Bicyclist Ride Out - Sign-Controlled Intersection;111142;2008;B: Evident Injury;Residential;30-39;36;No;31-35 mph;O: No Injury;White;Male;Heavy Truck;No;No;Dark - Lighted Roadway;Mixed (30% To 70% Developed);3 lanes;2;Straight - Grade;Local Street;Dry;Two-Way, Not Divided;None;T-Intersection;Coarse Asphalt;Piedmont;Rural;30 - 35  MPH;Stop Sign;Clear;No;0.0, 0.0
831;832;Yes;25-29;29;No;Facing Traffic;C: Possible Injury;Sidewalk / Crosswalk / Driveway Crossing;Hispanic;Female;Charlotte;Mecklenburg;No;01/01/2003;05/11/2008;Motorist Failed to Yield - Midblock;12;Non-Intersection;01/11/2001;01/01/2001 12:27;Motorist Drive Out - Commercial Driveway / Alley;332322;2008;C: Possible Injury;Commercial;0-19;17;No;0-5 mph;O: No Injury;White;Female;Passenger Car;No;No;Daylight;Urban (>70% Developed);NA;2;Straight - Level;Local Street;Dry;Two-Way, Not Divided;None;No Special Feature;Smooth Asphalt;Piedmont;Urban;5 - 15 MPH;No Control Present;Clear;No;0.0, 0.0
833;834;Yes;25-29;26;Yes;Facing Traffic;B: Evident Injury;Travel Lane;White;Male;None - Rural Crash;Currituck;Yes;01/01/2004;16/10/2008;Bicyclist Right Turn / Merge;20;Non-Intersection;01/10/2001;01/01/2001 20:42;Bicyclist Right Turn - Opposite Direction;312224;2008;B: Evident Injury;Farms, Woods, Pastures;20-24;21;No;51-55 mph;O: No Injury;White;Male;Passenger Car;No;No;Dark - Roadway Not Lighted;Rural (<30% Developed);5 lanes;2;Curve - Level;US Route;Dry;Two-Way, Not Divided;None;No Special Feature;Coarse Asphalt;Coastal;Rural;50 - 55  MPH;Missing;Clear;No;0.0, 0.0