FID;OBJECTID;AmbulanceR;BikeAge_Gr;Bike_Age;Bike_Alc_D;Bike_Dir;Bike_Injur;Bike_Pos;Bike_Race;Bike_Sex;City;County;CrashAlcoh;CrashDay;Crash_Date;Crash_Grp;Crash_Hour;Crash_Loc;Crash_Mont;Crash_Time;Crash_Type;Crash_Ty_1;Crash_Year;Crsh_Sevri;Developmen;DrvrAge_Gr;Drvr_Age;Drvr_Alc_D;Drvr_EstSp;Drvr_Injur;Drvr_Race;Drvr_Sex;Drvr_VehTy;ExcsSpdInd;Hit_Run;Light_Cond;Locality;Num_Lanes;Num_Units;Rd_Charact;Rd_Class;Rd_Conditi;Rd_Config;Rd_Defects;Rd_Feature;Rd_Surface;Region;Rural_Urba;Speed_Limi;Traff_Cntr;Weather;Workzone_I;Location
835;836;No;25-29;27;No;With Traffic;O: No Injury;Travel Lane;White;Male;None - Rural Crash;Davidson;No;01/01/2006;25/10/2008;Motorist Right Turn / Merge;14;Non-Intersection;01/10/2001;01/01/2001 14:27;Motorist Right Turn - Same Direction;311213;2008;O: No Injury;Residential;20-24;20;No;0-5 mph;O: No Injury;White;Male;Passenger Car;No;No;Dark - Roadway Not Lighted;Rural (<30% Developed);2 lanes;2;Curve - Grade;State Secondary Route;Dry;Two-Way, Not Divided;None;Driveway, Private;Smooth Asphalt;Piedmont;Rural;20 - 25  MPH;No Control Present;Clear;No;0.0, 0.0
841;842;No;40-49;49;No;With Traffic;B: Evident Injury;Travel Lane;White;Male;Marvin;Union;No;01/01/2006;25/10/2008;Motorist Overtaking Bicyclist;17;Non-Intersection;01/10/2001;01/01/2001 17:04;Motorist Overtaking - Other /;311239;2008;B: Evident Injury;Institutional;30-39;37;No;56-60 mph;O: No Injury;White;Male;Passenger Car;No;No;Daylight;Mixed (30% To 70% Developed);2 lanes;2;Straight - Grade;State Secondary Route;Dry;Two-Way, Not Divided;None;No Special Feature;Smooth Asphalt;Piedmont;Rural;40 - 45  MPH;Double Yellow Line, No Passing Zone;Clear;No;0.0, 0.0
848;849;Yes;15-nov;14;No;With Traffic;B: Evident Injury;Travel Lane;Black;Female;Wilmington;New Hanover;No;01/01/2003;22/10/2008;Motorist Overtaking Bicyclist;21;Non-Intersection;01/10/2001;01/01/2001 20:59;Motorist Overtaking - Other /;311239;2008;B: Evident Injury;Residential;NA;NA;Missing;36-40 mph;Injury;/Missing;NA;NA;No;Yes;Dark - Lighted Roadway;Urban (>70% Developed);2 lanes;2;Straight - Level;Local Street;Dry;Two-Way, Not Divided;None;No Special Feature;Coarse Asphalt;Coastal;Urban;20 - 25  MPH;No Control Present;Clear;No;0.0, 0.0
160;161;Yes;30-39;34;No;With Traffic;A: Disabling Injury;Travel Lane;White;Female;None - Rural Crash;Wayne;No;01/01/2005;09/04/2010;Motorist Overtaking Bicyclist;19;Non-Intersection;01/04/2001;01/01/2001 19:26;Motorist Overtaking - Other /;0;2010;A: Disabling Injury;Farms, Woods, Pastures;30-39;32;No;51-55 mph;O: No Injury;White;Male;Sport Utility;No;No;Daylight;Rural (<30% Developed);2 lanes;2;Straight - Level;State Secondary Route;Dry;Two-Way, Not Divided;None;No Special Feature;Coarse Asphalt;Coastal;Rural;50 - 55  MPH;No Control Present;Clear;No;35.40876, -78.122
162;163;Yes;40-49;40;Yes;Not Applicable;B: Evident Injury;Travel Lane;Black;Female;Wilson;Wilson;Yes;01/01/2005;02/04/2010;Crossing Paths - Other Circumstances;16;Intersection-Related;01/04/2001;01/01/2001 16:27;Crossing Paths - Uncontrolled Intersection;0;2010;B: Evident Injury;Residential;50-59;50;No;11-15 mph;O: No Injury;Black;Male;Van;No;No;Daylight;Urban (>70% Developed);2 lanes;2;Straight - Level;Local Street;Dry;Two-Way, Not Divided;None;No Special Feature;Coarse Asphalt;Coastal;Urban;30 - 35  MPH;No Control Present;Clear;No;35.7093, -77.92154
166;167;No;20-24;21;No;Facing Traffic;B: Evident Injury;Travel Lane;Black;Male;Warsaw;Duplin;No;NA;19/04/2010;Head-On;20;Non-Intersection;01/04/2001;01/01/2001 19:59;Head-On - Bicyclist;0;2010;B: Evident Injury;Residential;NA;NA;Missing;31-35 mph;Injury;/Missing;NA;Passenger Car;No;Yes;Daylight;Rural (<30% Developed);2 lanes;2;Straight - Level;Local Street;Dry;Two-Way, Not Divided;None;No Special Feature;Coarse Asphalt;Coastal;Rural;30 - 35  MPH;No Control Present;Clear;No;35.00399, -78.08487
171;172;Yes;50-59;59;No;With Traffic;B: Evident Injury;Travel Lane;White;Female;Charlotte;Mecklenburg;No;01/01/2002;13/04/2010;Motorist Overtaking Bicyclist;13;Non-Intersection;01/04/2001;01/01/2001 13:15;Motorist Overtaking - Bicyclist Swerved;0;2010;B: Evident Injury;Residential;30-39;36;No;36-40 mph;O: No Injury;Black;Female;Sport Utility;No;No;Daylight;Urban (>70% Developed);4 lanes;2;Straight - Level;Local Street;Dry;Two-Way, Not Divided;None;No Special Feature;Smooth Asphalt;Piedmont;Urban;40 - 45  MPH;No Control Present;Clear;No;35.16861, -80.79537
849;850;Yes;40-49;46;No;With Traffic;C: Possible Injury;Travel Lane;White;Female;None - Rural Crash;Carteret;No;01/01/2004;13/11/2008;Motorist Overtaking Bicyclist;18;Non-Intersection;01/11/2001;01/01/2001 18:25;Motorist Overtaking - Misjudged Space;311232;2008;C: Possible Injury;Farms, Woods, Pastures;25-29;26;No;51-55 mph;O: No Injury;White;Female;Pickup;No;No;Dark - Roadway Not Lighted;Rural (<30% Developed);4 lanes;2;Straight - Level;US Route;Wet;Two-Way, Divided, Unprotected Median;None;No Special Feature;Coarse Asphalt;Coastal;Rural;50 - 55  MPH;No Control Present;Cloudy;No;0.0, 0.0
857;858;Yes;50-59;53;No;With Traffic;B: Evident Injury;Travel Lane;White;Male;None - Rural Crash;Montgomery;No;01/01/2005;31/10/2008;Motorist Overtaking Bicyclist;19;Non-Intersection;01/10/2001;01/01/2001 19:06;Motorist Overtaking - Undetected Bicyclist;311231;2008;B: Evident Injury;Farms, Woods, Pastures;40-49;46;No;51-55 mph;O: No Injury;White;Male;Sport Utility;No;No;Dark - Roadway Not Lighted;Rural (<30% Developed);2 lanes;2;Straight - Level;US Route;Dry;Two-Way, Not Divided;None;No Special Feature;Coarse Asphalt;Piedmont;Rural;50 - 55  MPH;Double Yellow Line, No Passing Zone;Clear;No;0.0, 0.0
861;862;No;25-29;25;No;With Traffic;C: Possible Injury;Sidewalk / Crosswalk / Driveway Crossing;White;Male;Greensboro;Guilford;No;01/01/2007;12/10/2008;Motorist Failed to Yield - Midblock;16;Non-Intersection;01/10/2001;01/01/2001 16:35;Motorist Drive Out - Commercial Driveway / Alley;331322;2008;C: Possible Injury;Commercial;30-39;33;No;0-5 mph;O: No Injury;Black;Female;Sport Utility;No;No;Daylight;Urban (>70% Developed);5 lanes;2;Straight - Level;Local Street;Dry;Two-Way, Not Divided;None;No Special Feature;Smooth Asphalt;Piedmont;Urban;30 - 35  MPH;No Control Present;Clear;No;0.0, 0.0
862;863;Yes;25-29;27;No;Not Applicable;C: Possible Injury;Non-Roadway;Black;Male;Rocky Mount;Nash;No;01/01/2006;11/10/2008;Other / Unusual Circumstances;13;Non-Intersection;01/10/2001;01/01/2001 13:45;Motorist Intentionally Caused;363510;2008;C: Possible Injury;Commercial;30-39;32;No;6-10 mph;O: No Injury;Black;Male;Passenger Car;No;No;Daylight;Urban (>70% Developed);2 lanes;2;Straight - Level;Local Street;Dry;Two-Way, Not Divided;None;No Special Feature;Smooth Asphalt;Coastal;Urban;30 - 35  MPH;No Control Present;Clear;No;0.0, 0.0
864;865;No;20-24;23;No;Facing Traffic;C: Possible Injury;Travel Lane;Black;Male;Rocky Mount;Edgecombe;No;01/01/2004;02/10/2008;Motorist Failed to Yield - Sign-Controlled Intersection;20;Intersection;01/10/2001;01/01/2001 20:05;Motorist Drive Out - Sign-Controlled Intersection;112141;2008;C: Possible Injury;Residential;NA;NA;Missing;0-5 mph;Injury;/Missing;NA;NA;No;Yes;Dark - Lighted Roadway;Urban (>70% Developed);2 lanes;2;Straight - Level;Local Street;Dry;Two-Way, Not Divided;None;Four-Way Intersection;Smooth Asphalt;Coastal;Urban;30 - 35  MPH;Flashing Signal With Stop Sign;Clear;No;0.0, 0.0
881;882;No;16-19;18;No;Facing Traffic;O: No Injury;Sidewalk / Crosswalk / Driveway Crossing;White;Male;Wilmington;New Hanover;No;01/01/2006;08/11/2008;Motorist Right Turn / Merge;18;Intersection;01/11/2001;01/01/2001 18:16;Motorist Right Turn - Opposite Direction;132214;2008;O: No Injury;Commercial;20-24;24;No;11-15 mph;O: No Injury;White;Female;Passenger Car;No;No;Daylight;Urban (>70% Developed);3 lanes;2;Straight - Level;Local Street;Dry;Two-Way, Not Divided;None;No Special Feature;Coarse Asphalt;Coastal;Urban;40 - 45  MPH;Stop And Go Signal;Clear;No;0.0, 0.0
890;891;Yes;25-29;25;No;With Traffic;C: Possible Injury;Travel Lane;White;Female;Durham;Durham;No;01/01/2002;02/12/2008;Bicyclist Left Turn / Merge;16;Non-Intersection;01/12/2001;01/01/2001 16:39;Bicyclist Left Turn - Same Direction;311221;2008;C: Possible Injury;Commercial;40-49;48;No;31-35 mph;O: No Injury;White;Male;Passenger Car;No;No;Daylight;Urban (>70% Developed);5 lanes;2;Straight - Level;Local Street;Dry;Two-Way, Not Divided;None;No Special Feature;Concrete;Piedmont;Urban;30 - 35  MPH;No Control Present;Clear;No;0.0, 0.0
894;895;Yes;30-39;37;Yes;With Traffic;K: Killed;Travel Lane;White;Female;None - Rural Crash;Richmond;Yes;01/01/2003;12/11/2008;Motorist Overtaking Bicyclist;17;Non-Intersection;01/11/2001;01/01/2001 17:49;Motorist Overtaking - Other /;311239;2008;K: Killed;Residential;20-24;20;No;41-45 mph;O: No Injury;White;Male;Passenger Car;No;No;Dark - Roadway Not Lighted;Mixed (30% To 70% Developed);2 lanes;2;Straight - Grade;State Secondary Route;Dry;Two-Way, Not Divided;None;No Special Feature;Smooth Asphalt;Piedmont;Rural;40 - 45  MPH;Double Yellow Line, No Passing Zone;Cloudy;No;0.0, 0.0
895;896;No;20-24;24;No;With Traffic;O: No Injury;Sidewalk / Crosswalk / Driveway Crossing;White;Male;Asheville;Buncombe;No;01/01/2003;12/11/2008;Motorist Right Turn / Merge;14;Non-Intersection;01/11/2001;01/01/2001 14:15;Motorist Right Turn - Same Direction;331213;2008;O: No Injury;Commercial;NA;NA;No;21-25 mph;O: No Injury;White;Female;Passenger Car;No;No;Daylight;Urban (>70% Developed);4 lanes;2;Straight - Level;Local Street;Dry;Two-Way, Not Divided;None;Driveway, Public;Smooth Asphalt;Mountains;Urban;30 - 35  MPH;No Control Present;Clear;No;0.0, 0.0
899;900;Yes;50-59;53;No;With Traffic;A: Disabling Injury;Travel Lane;Native American;Male;None - Rural Crash;Robeson;No;01/01/2005;05/12/2008;Motorist Left Turn / Merge;22;Intersection;01/12/2001;01/01/2001 22:19;Motorist Left Turn - Opposite Direction;111212;2008;A: Disabling Injury;Farms, Woods, Pastures;NA;NA;No;31-35 mph;Injury;/Missing;NA;Light Truck (Mini-Van, Panel);No;Yes;Dark - Roadway Not Lighted;Rural (<30% Developed);2 lanes;2;Straight - Level;State Secondary Route;Dry;Two-Way, Not Divided;None;T-Intersection;Coarse Asphalt;Coastal;Rural;50 - 55  MPH;Double Yellow Line, No Passing Zone;Clear;No;0.0, 0.0
904;905;Yes;40-49;47;No;Facing Traffic;B: Evident Injury;Bike Lane / Paved Shoulder;Hispanic;Female;Leland;Brunswick;No;01/01/2007;16/11/2008;Motorist Failed to Yield - Midblock;16;Non-Intersection;01/11/2001;01/01/2001 16:49;Motorist Drive Out - Commercial Driveway / Alley;322322;2008;B: Evident Injury;Farms, Woods, Pastures;50-59;56;No;0-5 mph;O: No Injury;White;Male;Pickup;No;No;Daylight;Urban (>70% Developed);5 lanes;2;Straight - Level;Local Street;NA;Two-Way, Not Divided;None;Driveway, Public;Coarse Asphalt;Coastal;Rural;40 - 45  MPH;No Control Present;Clear;No;0.0, 0.0
907;908;No;60-69;60;No;With Traffic;O: No Injury;Travel Lane;White;Male;Goldsboro;Wayne;No;01/01/2004;13/11/2008;Crossing Paths - Other Circumstances;15;Intersection;01/11/2001;01/01/2001 15:09;Crossing Paths - Intersection - Other /;111180;2008;O: No Injury;Residential;0-19;18;No;36-40 mph;O: No Injury;Black;Female;Passenger Car;No;No;Daylight;Urban (>70% Developed);2 lanes;2;Straight - Level;Local Street;Wet;Two-Way, Not Divided;None;No Special Feature;Coarse Asphalt;Coastal;Urban;40 - 45  MPH;Missing;Rain;No;0.0, 0.0
909;910;Yes;15-nov;14;No;NA;C: Possible Injury;NA;Black;Male;Durham;Durham;No;01/01/2002;09/12/2008;Other /  - Insufficient Details;9;Intersection;01/12/2001;01/01/2001 09:11;Approach Paths;1990970;2008;C: Possible Injury;Commercial;40-49;43;No;31-35 mph;O: No Injury;Black;Male;Passenger Car;No;No;Daylight;Urban (>70% Developed);2 lanes;2;Straight - Grade;Local Street;Dry;Two-Way, Divided, Unprotected Median;None;No Special Feature;Coarse Asphalt;Piedmont;Urban;30 - 35  MPH;No Control Present;Cloudy;No;0.0, 0.0
917;918;Yes;10-juin;9;No;Not Applicable;Injury;NA;Black;Male;Raleigh;Wake;No;NA;03/11/2008;Crossing Paths - Other Circumstances;17;Intersection-Related;01/11/2001;01/01/2001 17:06;Crossing Paths - Uncontrolled Intersection;293160;2008;O: No Injury;Commercial;30-39;31;No;NA;O: No Injury;Black;Male;Passenger Car;No;No;Dark - Roadway Not Lighted;Urban (>70% Developed);7 lanes;2;Straight - Grade;Local Street;Dry;Two-Way, Divided, Unprotected Median;None;No Special Feature;Smooth Asphalt;Piedmont;Urban;NA;Missing;Cloudy;No;0.0, 0.0
918;919;Yes;20-24;20;No;With Traffic;C: Possible Injury;Travel Lane;Hispanic;Male;Winston-Salem;Forsyth;No;01/01/2003;19/11/2008;Motorist Overtaking Bicyclist;8;Non-Intersection;01/11/2001;01/01/2001 08:19;Motorist Overtaking - Other /;311239;2008;C: Possible Injury;Commercial;30-39;39;No;26-30 mph;O: No Injury;White;Male;Single Unit Truck (3 Or More Axles);No;No;Daylight;Urban (>70% Developed);2 lanes;3;Straight - Level;Local Street;Dry;Two-Way, Not Divided;None;No Special Feature;Smooth Asphalt;Piedmont;Urban;30 - 35  MPH;No Control Present;Clear;No;0.0, 0.0
921;922;Yes;30-39;35;No;With Traffic;B: Evident Injury;Bike Lane / Paved Shoulder;White;Male;Smithfield;Johnston;No;NA;01/12/2008;Bicyclist Left Turn / Merge;7;Non-Intersection;01/12/2001;01/01/2001 07:26;Bicyclist Left Turn - Same Direction;321221;2008;B: Evident Injury;Commercial;40-49;43;No;26-30 mph;O: No Injury;Black;Male;Van;No;No;Daylight;Urban (>70% Developed);4 lanes;2;Straight - Level;Local Street;Dry;Two-Way, Divided, Unprotected Median;None;Bridge;Coarse Asphalt;Coastal;Urban;40 - 45  MPH;No Control Present;Clear;No;0.0, 0.0
922;923;No;30-39;39;No;Facing Traffic;C: Possible Injury;Sidewalk / Crosswalk / Driveway Crossing;Black;Male;High Point;Guilford;No;NA;01/12/2008;Motorist Failed to Yield - Midblock;16;Non-Intersection;01/12/2001;01/01/2001 16:19;Motorist Drive Out - Commercial Driveway / Alley;332322;2008;C: Possible Injury;Institutional;40-49;49;No;6-10 mph;O: No Injury;White;Male;Pickup;No;No;Daylight;Urban (>70% Developed);5 lanes;2;Straight - Level;Public Vehicular Area;Dry;Two-Way, Not Divided;None;Driveway, Public;Smooth Asphalt;Piedmont;Urban;NA;No Control Present;Cloudy;No;0.0, 0.0
924;925;Yes;60-69;61;No;With Traffic;O: No Injury;Travel Lane;White;Male;None - Rural Crash;Rowan;No;01/01/2005;28/11/2008;Motorist Left Turn / Merge;12;Intersection;01/11/2001;01/01/2001 12:11;Motorist Left Turn - Opposite Direction;111212;2008;A: Disabling Injury;Farms, Woods, Pastures;60-69;60;No;NA;A: Disabling Injury;White;Male;Pedalcycle;No;No;Daylight;Rural (<30% Developed);2 lanes;2;Straight - Level;State Secondary Route;Dry;Two-Way, Not Divided;None;T-Intersection;Smooth Asphalt;Piedmont;Rural;NA;Double Yellow Line, No Passing Zone;Clear;No;0.0, 0.0
928;929;Yes;25-29;29;No;Facing Traffic;C: Possible Injury;Travel Lane;Black;Male;Rocky Mount;Nash;No;01/01/2004;06/11/2008;Backing Vehicle;13;Intersection;01/11/2001;01/01/2001 13:35;Backing Vehicle;112600;2008;C: Possible Injury;Residential;50-59;51;No;0-5 mph;O: No Injury;White;Male;Passenger Car;No;No;Daylight;Urban (>70% Developed);2 lanes;2;Straight - Level;Local Street;Dry;Two-Way, Not Divided;None;No Special Feature;Smooth Asphalt;Coastal;Urban;30 - 35  MPH;Stop Sign;Clear;No;0.0, 0.0
934;935;No;25-29;25;No;With Traffic;B: Evident Injury;Travel Lane;White;Male;Raleigh;Wake;No;01/01/2004;04/09/2008;Motorist Left Turn / Merge;18;Intersection;01/09/2001;01/01/2001 18:08;Motorist Left Turn - Opposite Direction;111212;2008;B: Evident Injury;Commercial;70+;NA;No;16-20 mph;O: No Injury;White;Female;Passenger Car;No;No;Daylight;Urban (>70% Developed);2 lanes;2;Straight - Level;Local Street;Dry;Two-Way, Not Divided;None;Four-Way Intersection;Smooth Asphalt;Piedmont;Urban;30 - 35  MPH;Stop And Go Signal;Clear;No;0.0, 0.0
944;945;Yes;10-juin;9;No;Not Applicable;B: Evident Injury;Driveway / Alley;White;Female;Greensboro;Guilford;No;01/01/2007;09/11/2008;Bicyclist Failed to Yield - Midblock;17;Non-Intersection;01/11/2001;01/01/2001 17:35;Bicyclist Ride Out - Residential Driveway;353311;2008;B: Evident Injury;Residential;50-59;54;No;16-20 mph;O: No Injury;White;Female;Passenger Car;No;No;Dark - Roadway Not Lighted;Mixed (30% To 70% Developed);2 lanes;3;Straight - Grade;Local Street;Dry;Two-Way, Not Divided;None;No Special Feature;Smooth Asphalt;Piedmont;Urban;20 - 25  MPH;Missing;Clear;No;0.0, 0.0
947;948;No;15-nov;14;No;Not Applicable;C: Possible Injury;Non-Roadway;White;Female;None - Rural Crash;Caldwell;No;01/01/2002;30/12/2008;Non-Roadway;14;Non-Roadway;01/12/2001;01/01/2001 14:49;Non-Roadway;460910;2008;C: Possible Injury;Residential;NA;NA;Missing;0-5 mph;Injury;/Missing;NA;Passenger Car;No;No;Daylight;Mixed (30% To 70% Developed);NA;2;Straight - Grade;Private Road, Driveway;Dry;Two-Way, Not Divided;None;Driveway, Private;Gravel;Mountains;Rural;NA;No Control Present;Clear;No;0.0, 0.0
948;949;Yes;30-39;35;No;With Traffic;B: Evident Injury;Travel Lane;White;Male;Raleigh;Wake;Yes;01/01/2003;30/07/2008;Motorist Failed to Yield - Sign-Controlled Intersection;23;Intersection;01/07/2001;01/01/2001 22:59;Motorist Drive Out - Sign-Controlled Intersection;111141;2008;B: Evident Injury;Residential;25-29;26;Yes;0-5 mph;O: No Injury;White;Male;NA;No;Yes;Dark - Lighted Roadway;Mixed (30% To 70% Developed);2 lanes;2;Straight - Level;Local Street;Dry;Two-Way, Divided, Unprotected Median;None;No Special Feature;Smooth Asphalt;Piedmont;Urban;40 - 45  MPH;Stop Sign;Clear;No;0.0, 0.0
950;951;Yes;15-nov;15;No;NA;B: Evident Injury;Travel Lane;Black;Male;Pinetops;Edgecombe;No;01/01/2004;26/06/2008;Loss of Control / Turning Error;17;Intersection;01/06/2001;01/01/2001 17:36;Bicyclist Lost Control - Mechanical Problems;119121;2008;B: Evident Injury;Residential;25-29;28;No;16-20 mph;O: No Injury;White;Female;Sport Utility;No;No;Daylight;Urban (>70% Developed);5 lanes;2;Straight - Level;Local Street;Dry;Two-Way, Not Divided;None;No Special Feature;Smooth Asphalt;Coastal;Rural;20 - 25  MPH;No Control Present;Clear;No;0.0, 0.0
962;963;Yes;50-59;51;No;With Traffic;C: Possible Injury;Bike Lane / Paved Shoulder;Black;Male;None - Rural Crash;Sampson;No;NA;15/12/2008;Motorist Overtaking Bicyclist;12;Non-Intersection;01/12/2001;01/01/2001 12:29;Motorist Overtaking - Other /;321239;2008;C: Possible Injury;Farms, Woods, Pastures;30-39;33;No;51-55 mph;O: No Injury;White;Male;Pickup;No;No;Daylight;Rural (<30% Developed);2 lanes;2;Straight - Level;US Route;Dry;Two-Way, Not Divided;None;No Special Feature;Coarse Asphalt;Coastal;Rural;50 - 55  MPH;No Control Present;Clear;No;0.0, 0.0
968;969;Yes;20-24;22;No;Facing Traffic;C: Possible Injury;Travel Lane;White;Male;None - Rural Crash;Brunswick;No;01/01/2004;18/12/2008;Head-On;13;Non-Intersection;01/12/2001;01/01/2001 13:48;Head-On - Bicyclist;312250;2008;C: Possible Injury;Residential;50-59;58;No;51-55 mph;O: No Injury;White;Male;Passenger Car;No;No;Daylight;Mixed (30% To 70% Developed);2 lanes;2;Straight - Level;NC Route;Dry;Two-Way, Not Divided;None;No Special Feature;Smooth Asphalt;Coastal;Rural;50 - 55  MPH;Missing;Clear;No;0.0, 0.0
970;971;No;10-juin;8;No;Not Applicable;C: Possible Injury;Driveway / Alley;White;Male;Chapel Hill;Orange;No;01/01/2005;19/12/2008;Bicyclist Failed to Yield - Midblock;15;Non-Intersection;01/12/2001;01/01/2001 15:41;Bicyclist Ride Out - Residential Driveway;353311;2008;C: Possible Injury;Residential;40-49;48;No;16-20 mph;O: No Injury;White;Female;Passenger Car;No;No;Daylight;Urban (>70% Developed);2 lanes;2;Straight - Hillcrest;Local Street;Dry;Two-Way, Not Divided;None;No Special Feature;Smooth Asphalt;Piedmont;Urban;20 - 25  MPH;Missing;Clear;No;0.0, 0.0
972;973;No;25-29;27;No;With Traffic;C: Possible Injury;Sidewalk / Crosswalk / Driveway Crossing;White;Female;Chapel Hill;Orange;No;01/01/2002;16/12/2008;Crossing Paths - Other Circumstances;18;Intersection;01/12/2001;01/01/2001 18:06;Signalized Intersection - Other /;131158;2008;C: Possible Injury;Commercial;20-24;21;No;0-5 mph;O: No Injury;White;Female;Passenger Car;No;No;Dark - Lighted Roadway;Urban (>70% Developed);NA;2;Straight - Level;Public Vehicular Area;Wet;Two-Way, Not Divided;None;No Special Feature;Smooth Asphalt;Piedmont;Urban;5 - 15 MPH;Stop And Go Signal;Cloudy;No;0.0, 0.0
978;979;Yes;25-29;25;No;Facing Traffic;C: Possible Injury;Sidewalk / Crosswalk / Driveway Crossing;Black;Male;Raleigh;Wake;No;01/01/2007;02/11/2008;Motorist Failed to Yield - Sign-Controlled Intersection;16;Intersection;01/11/2001;01/01/2001 16:47;Motorist Drive Out - Sign-Controlled Intersection;132141;2008;C: Possible Injury;Commercial;50-59;50;No;0-5 mph;O: No Injury;Black;Male;Passenger Car;No;No;Daylight;Urban (>70% Developed);3 lanes;2;Straight - Level;Local Street;Dry;Two-Way, Divided, Positive Median Barrier;None;No Special Feature;Smooth Asphalt;Piedmont;Urban;40 - 45  MPH;Stop Sign;Clear;No;0.0, 0.0
984;985;No;40-49;43;No;With Traffic;B: Evident Injury;Travel Lane;White;Male;Raleigh;Wake;No;01/01/2004;16/10/2008;Motorist Overtaking Bicyclist;8;Non-Intersection;01/10/2001;01/01/2001 08:27;Motorist Overtaking - Undetected Bicyclist;311231;2008;B: Evident Injury;Commercial;20-24;24;No;31-35 mph;O: No Injury;White;Male;Passenger Car;No;No;Daylight;Urban (>70% Developed);4 lanes;2;Straight - Level;Local Street;Dry;Two-Way, Not Divided;None;No Special Feature;Smooth Asphalt;Piedmont;Urban;30 - 35  MPH;Missing;Clear;No;0.0, 0.0
988;989;Yes;20-24;20;Yes;Facing Traffic;B: Evident Injury;Travel Lane;Black;Male;None - Rural Crash;Pasquotank;Yes;01/01/2002;30/12/2008;Head-On;17;Non-Intersection;01/12/2001;01/01/2001 17:54;Head-On - Bicyclist;312250;2008;B: Evident Injury;Farms, Woods, Pastures;60-69;67;No;41-45 mph;O: No Injury;Black;Female;Passenger Car;No;No;Dark - Roadway Not Lighted;Rural (<30% Developed);2 lanes;2;Straight - Level;State Secondary Route;Dry;Two-Way, Not Divided;None;No Special Feature;Coarse Asphalt;Coastal;Rural;40 - 45  MPH;Double Yellow Line, No Passing Zone;Clear;No;0.0, 0.0
990;991;Yes;15-nov;12;No;Facing Traffic;C: Possible Injury;Travel Lane;Black;Male;Raleigh;Wake;No;01/01/2005;26/12/2008;Head-On;16;Non-Intersection;01/12/2001;01/01/2001 16:45;Head-On - Bicyclist;312250;2008;C: Possible Injury;Residential;NA;NA;No;0-5 mph;Injury;/Missing;NA;NA;No;Yes;Daylight;Urban (>70% Developed);2 lanes;2;Straight - Level;Local Street;Dry;Two-Way, Not Divided;None;No Special Feature;Concrete;Piedmont;Urban;5 - 15 MPH;No Control Present;Rain;No;0.0, 0.0
994;995;Yes;16-19;18;No;With Traffic;B: Evident Injury;Other;White;Male;Mooresville;Iredell;No;01/01/2003;09/01/2008;Parallel Paths - Other Circumstances;14;Non-Intersection;NA;01/01/2001 14:56;Bicyclist Ride Out - Parallel Path;381225;2008;B: Evident Injury;Commercial;50-59;51;No;41-45 mph;O: No Injury;White;Male;Passenger Car;No;No;Daylight;Urban (>70% Developed);2 lanes;2;Straight - Level;NC Route;Dry;Two-Way, Not Divided;None;No Special Feature;Coarse Asphalt;Piedmont;Urban;40 - 45  MPH;No Control Present;Clear;No;0.0, 0.0
520;521;Yes;15-nov;13;No;Not Applicable;B: Evident Injury;Driveway / Alley;White;Male;Oak Island;Brunswick;Yes;01/01/2002;26/06/2012;Crossing Paths - Other Circumstances;19;Intersection-Related;01/06/2001;01/01/2001 19:39;Crossing Paths - Uncontrolled Intersection;NA;2012;B: Evident Injury;Residential;30-39;36;Yes;16-20 mph;O: No Injury;White;Male;Pickup;No;Yes;Daylight;Urban (>70% Developed);2 lanes;2;Straight - Level;Local Street;Dry;Two-Way, Not Divided;None;No Special Feature;Smooth Asphalt;Coastal;Urban;20 - 25  MPH;No Control Present;Clear;No;33.90354, -78.0774
523;524;Yes;40-49;43;No;NA;C: Possible Injury;NA;White;Male;Greenville;Pitt;No;01/01/2005;27/07/2012;Bicyclist Failed to Yield - Sign-Controlled Intersection;18;Intersection-Related;01/07/2001;01/01/2001 18:32;Bicyclist Ride Through - Sign-Controlled Intersection;NA;2012;C: Possible Injury;Residential;20-24;22;No;41-45 mph;O: No Injury;Black;Female;Sport Utility;No;No;Daylight;Urban (>70% Developed);5 lanes;2;Straight - Level;Local Street;Dry;Two-Way, Not Divided;None;Other;Smooth Asphalt;Coastal;Urban;40 - 45  MPH;Other;Clear;No;35.60272, -77.354
532;533;Yes;16-19;17;No;Facing Traffic;Injury;Bike Lane / Paved Shoulder;White;Male;Duck;Dare;No;01/01/2004;26/07/2012;Crossing Paths - Other Circumstances;19;Intersection;01/07/2001;01/01/2001 19:42;Crossing Paths - Uncontrolled Intersection;NA;2012;O: No Injury;Commercial;20-24;22;No;0-5 mph;O: No Injury;White;Male;Passenger Car;No;No;Daylight;Urban (>70% Developed);NA;2;Straight - Level;NC Route;Dry;Two-Way, Not Divided;None;No Special Feature;Smooth Asphalt;Coastal;Rural;5 - 15 MPH;No Control Present;Clear;No;36.16627, -75.7539
542;543;Yes;50-59;57;No;With Traffic;A: Disabling Injury;Travel Lane;Black;Male;None - Rural Crash;Pender;No;01/01/2007;29/07/2012;Motorist Overtaking Bicyclist;15;Non-Intersection;01/07/2001;01/01/2001 15:29;Motorist Overtaking - Bicyclist Swerved;NA;2012;A: Disabling Injury;Farms, Woods, Pastures;40-49;43;No;51-55 mph;O: No Injury;White;Male;Sport Utility;No;No;Daylight;Rural (<30% Developed);2 lanes;2;Straight - Level;State Secondary Route;Dry;Two-Way, Not Divided;None;No Special Feature;Coarse Asphalt;Coastal;Rural;50 - 55  MPH;Double Yellow Line, No Passing Zone;Clear;No;34.50173, -78.0564