FID;OBJECTID;AmbulanceR;BikeAge_Gr;Bike_Age;Bike_Alc_D;Bike_Dir;Bike_Injur;Bike_Pos;Bike_Race;Bike_Sex;City;County;CrashAlcoh;CrashDay;Crash_Date;Crash_Grp;Crash_Hour;Crash_Loc;Crash_Mont;Crash_Time;Crash_Type;Crash_Ty_1;Crash_Year;Crsh_Sevri;Developmen;DrvrAge_Gr;Drvr_Age;Drvr_Alc_D;Drvr_EstSp;Drvr_Injur;Drvr_Race;Drvr_Sex;Drvr_VehTy;ExcsSpdInd;Hit_Run;Light_Cond;Locality;Num_Lanes;Num_Units;Rd_Charact;Rd_Class;Rd_Conditi;Rd_Config;Rd_Defects;Rd_Feature;Rd_Surface;Region;Rural_Urba;Speed_Limi;Traff_Cntr;Weather;Workzone_I;Location
548;549;Yes;50-59;58;No;With Traffic;B: Evident Injury;Travel Lane;Black;Male;Hendersonville;Henderson;No;01/01/2004;05/07/2012;Bicyclist Failed to Yield - Sign-Controlled Intersection;23;Intersection;01/07/2001;01/01/2001 23:31;Bicyclist Ride Through - Sign-Controlled Intersection;NA;2012;B: Evident Injury;Residential;0-19;19;No;16-20 mph;O: No Injury;White;Male;Sport Utility;No;No;Dark - Lighted Roadway;Urban (>70% Developed);2 lanes;2;Straight - Level;Local Street;Dry;Two-Way, Not Divided;None;No Special Feature;Coarse Asphalt;Mountains;Urban;20 - 25  MPH;Stop Sign;Clear;No;35.31911, -82.4722
550;551;Yes;50-59;51;No;With Traffic;C: Possible Injury;Travel Lane;Black;Male;High Point;Guilford;No;NA;30/07/2012;Motorist Failed to Yield - Sign-Controlled Intersection;17;Intersection;01/07/2001;01/01/2001 17:25;Motorist Drive Out - Sign-Controlled Intersection;NA;2012;C: Possible Injury;Commercial;30-39;30;No;11-15 mph;O: No Injury;Black;Female;Passenger Car;No;No;Daylight;Urban (>70% Developed);5 lanes;2;Straight - Level;NC Route;Dry;Two-Way, Not Divided;None;T-Intersection;Smooth Asphalt;Piedmont;Urban;30 - 35  MPH;Stop Sign;Clear;No;35.96442, -80.0116
557;558;Yes;30-39;30;No;Facing Traffic;C: Possible Injury;Travel Lane;Black;Male;Sanford;Lee;No;01/01/2002;31/07/2012;Crossing Paths - Other Circumstances;14;Intersection;01/07/2001;01/01/2001 14:21;Crossing Paths - Uncontrolled Intersection;NA;2012;C: Possible Injury;Commercial;60-69;69;No;0-5 mph;O: No Injury;White;Female;Passenger Car;No;No;Daylight;Urban (>70% Developed);2 lanes;2;Straight - Hillcrest;Local Street;Dry;Two-Way, Divided, Unprotected Median;None;No Special Feature;Smooth Asphalt;Piedmont;Urban;30 - 35  MPH;Flashing Signal Without Stop Sign;Clear;No;35.47164, -79.1743
572;573;Yes;30-39;32;No;With Traffic;B: Evident Injury;Travel Lane;White;Female;Wilmington;New Hanover;No;01/01/2006;11/08/2012;Motorist Left Turn / Merge;13;Intersection;01/08/2001;01/01/2001 13:31;Motorist Left Turn - Opposite Direction;NA;2012;B: Evident Injury;Commercial;25-29;29;No;0-5 mph;O: No Injury;White;Male;Sport Utility;No;No;Daylight;Urban (>70% Developed);5 lanes;2;Straight - Level;Local Street;Wet;One-Way, Not Divided;None;No Special Feature;Coarse Asphalt;Coastal;Urban;40 - 45  MPH;No Control Present;Rain;No;34.18459, -77.9305
573;574;No;50-59;52;No;Facing Traffic;C: Possible Injury;Sidewalk / Crosswalk / Driveway Crossing;White;Male;High Point;Guilford;No;NA;06/08/2012;Motorist Failed to Yield - Sign-Controlled Intersection;10;Intersection;01/08/2001;01/01/2001 10:24;Motorist Drive Out - Sign-Controlled Intersection;NA;2012;C: Possible Injury;Residential;20-24;22;No;6-10 mph;O: No Injury;White;Male;Sport Utility;No;No;Daylight;Urban (>70% Developed);4 lanes;2;Straight - Grade;Local Street;Dry;Two-Way, Divided, Unprotected Median;None;T-Intersection;Smooth Asphalt;Piedmont;Urban;40 - 45  MPH;Stop Sign;Clear;No;35.99374, -80.015
583;584;Yes;15-nov;11;No;With Traffic;B: Evident Injury;Travel Lane;Black;Male;Greensboro;Guilford;No;01/01/2005;17/08/2012;Bicyclist Failed to Yield - Sign-Controlled Intersection;12;Intersection;01/08/2001;01/01/2001 12:14;Bicyclist Ride Through - Sign-Controlled Intersection;NA;2012;B: Evident Injury;Residential;50-59;56;No;26-30 mph;O: No Injury;Black;Male;Passenger Car;No;No;Daylight;Urban (>70% Developed);1 lane;2;Straight - Grade;Local Street;Dry;Two-Way, Not Divided;None;Four-Way Intersection;Smooth Asphalt;Piedmont;Urban;30 - 35  MPH;Stop Sign;Clear;No;36.04376, -79.804
585;586;Yes;20-24;20;No;Facing Traffic;C: Possible Injury;Sidewalk / Crosswalk / Driveway Crossing;Black;Male;Greensboro;Guilford;No;01/01/2003;22/08/2012;Motorist Failed to Yield - Signalized Intersection;12;Intersection;01/08/2001;01/01/2001 12:53;Motorist Drive Out - Right Turn on Red;NA;2012;C: Possible Injury;Commercial;20-24;22;No;0-5 mph;O: No Injury;Black;Male;Sport Utility;No;No;Daylight;Urban (>70% Developed);2 lanes;2;Straight - Level;Local Street;Dry;Two-Way, Not Divided;None;Four-Way Intersection;Smooth Asphalt;Piedmont;Urban;20 - 25  MPH;Stop And Go Signal;Cloudy;No;36.07018, -79.7916
588;589;No;15-nov;14;No;With Traffic;O: No Injury;Bike Lane / Paved Shoulder;Black;Male;Mint Hill;Mecklenburg;No;01/01/2005;17/08/2012;Bicyclist Left Turn / Merge;14;Non-Intersection;01/08/2001;01/01/2001 14:57;Bicyclist Left Turn - Same Direction;NA;2012;O: No Injury;Residential;0-19;18;No;21-25 mph;O: No Injury;Hispanic;Male;Pickup;No;No;Daylight;Urban (>70% Developed);2 lanes;2;Straight - Level;State Secondary Route;Dry;Two-Way, Not Divided;None;No Special Feature;Smooth Asphalt;Piedmont;Urban;20 - 25  MPH;No Control Present;Clear;No;35.20285, -80.6852
590;591;Yes;40-49;44;Yes;With Traffic;K: Killed;Travel Lane;Black;Male;Raleigh;Wake;Yes;NA;20/08/2012;Motorist Overtaking Bicyclist;3;Non-Intersection;01/08/2001;01/01/2001 03:35;Motorist Overtaking - Other /;NA;2012;K: Killed;Residential;30-39;33;No;61-65 mph;O: No Injury;Black;Male;Single Unit Truck (2-Axle, 6-Tire);No;No;Dark - Roadway Not Lighted;Urban (>70% Developed);6 lanes;2;Curve - Level;Interstate;Wet;Two-Way, Divided, Positive Median Barrier;None;No Special Feature;Smooth Asphalt;Piedmont;Urban;60 - 75 MPH;No Control Present;Cloudy;No;35.75698, -78.7217
594;595;Yes;20-24;21;No;Facing Traffic;C: Possible Injury;Sidewalk / Crosswalk / Driveway Crossing;Black;Male;Greensboro;Guilford;No;01/01/2004;23/08/2012;Motorist Failed to Yield - Signalized Intersection;20;Intersection;01/08/2001;01/01/2001 20:58;Motorist Drive Out - Right Turn on Red;NA;2012;C: Possible Injury;Residential;25-29;25;No;0-5 mph;O: No Injury;White;Male;Passenger Car;No;No;Dark - Lighted Roadway;Urban (>70% Developed);8 lanes;2;Straight - Level;Local Street;Dry;Two-Way, Divided, Unprotected Median;None;Four-Way Intersection;Coarse Asphalt;Piedmont;Urban;40 - 45  MPH;Stop And Go Signal;Clear;No;36.05084, -79.8441
599;600;Yes;30-39;32;No;Facing Traffic;C: Possible Injury;Travel Lane;White;Male;Greensboro;Guilford;No;01/01/2004;23/08/2012;Crossing Paths - Other Circumstances;21;Intersection;01/08/2001;01/01/2001 21:09;Signalized Intersection - Other /;NA;2012;C: Possible Injury;Commercial;NA;NA;No;6-10 mph;O: No Injury;/Missing;NA;Passenger Car;No;Yes;Dark - Lighted Roadway;Urban (>70% Developed);5 lanes;2;Straight - Level;Local Street;Dry;Two-Way, Not Divided;None;No Special Feature;Smooth Asphalt;Piedmont;Urban;30 - 35  MPH;Stop And Go Signal;Clear;No;36.07669, -79.8977
601;602;Yes;50-59;51;Yes;With Traffic;C: Possible Injury;Travel Lane;White;Male;None - Rural Crash;Buncombe;Yes;01/01/2002;07/08/2012;Motorist Overtaking Bicyclist;17;Non-Intersection;01/08/2001;01/01/2001 17:27;Motorist Overtaking - Other /;NA;2012;C: Possible Injury;Commercial;NA;NA;Missing;NA;Injury;/Missing;NA;NA;No;Yes;Daylight;Urban (>70% Developed);2 lanes;2;Straight - Grade;Local Street;Dry;Two-Way, Divided, Unprotected Median;None;No Special Feature;Smooth Asphalt;Mountains;Rural;30 - 35  MPH;No Control Present;Cloudy;No;35.58689, -82.5641
604;605;No;30-39;35;No;Facing Traffic;O: No Injury;Travel Lane;White;Male;Fayetteville;Cumberland;No;01/01/2005;17/08/2012;Head-On;23;Non-Intersection;01/08/2001;01/01/2001 23:46;Head-On - Bicyclist;NA;2012;O: No Injury;Commercial;NA;NA;Missing;NA;Injury;/Missing;NA;NA;No;Yes;Dark - Lighted Roadway;Urban (>70% Developed);2 lanes;2;Straight - Level;Local Street;Dry;Two-Way, Not Divided;None;No Special Feature;Coarse Asphalt;Coastal;Urban;30 - 35  MPH;No Control Present;Cloudy;No;35.01486, -78.8973
606;607;No;50-59;51;No;With Traffic;C: Possible Injury;Travel Lane;White;Male;None - Rural Crash;Dare;No;NA;27/08/2012;Motorist Overtaking Bicyclist;9;Non-Intersection;01/08/2001;01/01/2001 09:14;Motorist Overtaking - Other /;NA;2012;C: Possible Injury;Commercial;40-49;41;No;31-35 mph;O: No Injury;White;Male;Pickup;No;No;Daylight;Urban (>70% Developed);2 lanes;2;Curve - Level;NC Route;Dry;Two-Way, Not Divided;None;Driveway, Public;Coarse Asphalt;Coastal;Rural;30 - 35  MPH;Double Yellow Line, No Passing Zone;Clear;No;35.26596, -75.5201
607;608;No;30-39;32;No;Facing Traffic;O: No Injury;Travel Lane;White;Male;Charlotte;Mecklenburg;No;01/01/2002;28/08/2012;Bicyclist Failed to Yield - Signalized Intersection;15;Intersection;01/08/2001;01/01/2001 15:44;Bicyclist Ride Through - Signalized Intersection;NA;2012;O: No Injury;Commercial;40-49;47;No;21-25 mph;O: No Injury;White;Male;Passenger Car;No;No;Daylight;Urban (>70% Developed);2 lanes;2;Straight - Level;Local Street;Dry;One-Way, Not Divided;None;Four-Way Intersection;Smooth Asphalt;Piedmont;Urban;20 - 25  MPH;Stop And Go Signal;Cloudy;No;35.2305, -80.8428
613;614;No;NA;0;Missing;Facing Traffic;Injury;Travel Lane;/Missing;NA;Wilson;Wilson;No;01/01/2006;18/08/2012;Motorist Failed to Yield - Sign-Controlled Intersection;13;Intersection-Related;01/08/2001;01/01/2001 13:55;Motorist Drive Out - Sign-Controlled Intersection;NA;2012;O: No Injury;Commercial;60-69;69;No;0-5 mph;O: No Injury;Black;Male;Passenger Car;No;No;Daylight;Urban (>70% Developed);2 lanes;2;Straight - Level;Local Street;Dry;Two-Way, Not Divided;None;No Special Feature;Smooth Asphalt;Coastal;Urban;30 - 35  MPH;Stop Sign;Clear;No;35.71727, -77.9217
616;617;Yes;50-59;50;No;Facing Traffic;B: Evident Injury;Sidewalk / Crosswalk / Driveway Crossing;Black;Male;Raleigh;Wake;No;01/01/2007;26/08/2012;Motorist Failed to Yield - Midblock;19;Non-Intersection;01/08/2001;01/01/2001 19:51;Motorist Drive Out - Commercial Driveway / Alley;NA;2012;B: Evident Injury;Commercial;40-49;47;No;0-5 mph;O: No Injury;White;Male;Sport Utility;No;No;Daylight;Urban (>70% Developed);6 lanes;2;Straight - Level;Local Street;Dry;Two-Way, Not Divided;None;No Special Feature;Smooth Asphalt;Piedmont;Urban;30 - 35  MPH;Stop Sign;Clear;No;35.84074, -78.6429
622;623;Yes;20-24;21;No;With Traffic;B: Evident Injury;Travel Lane;White;Male;Asheville;Buncombe;No;01/01/2003;22/08/2012;Loss of Control / Turning Error;23;Intersection;01/08/2001;01/01/2001 23:25;Bicyclist Lost Control - Other /;NA;2012;B: Evident Injury;Commercial;60-69;62;No;16-20 mph;O: No Injury;White;Male;Sport Utility;No;No;Dark - Lighted Roadway;Urban (>70% Developed);3 lanes;2;Straight - Grade;Local Street;Wet;Two-Way, Not Divided;None;Four-Way Intersection;Smooth Asphalt;Mountains;Urban;30 - 35  MPH;Stop And Go Signal;Rain;No;35.59117, -82.559
625;626;Yes;10-juin;9;No;Not Applicable;B: Evident Injury;Non-Roadway;Black;Male;Kannapolis;Rowan;No;01/01/2007;26/08/2012;Loss of Control / Turning Error;9;Non-Intersection;01/08/2001;01/01/2001 09:50;Bicyclist Lost Control - Mechanical Problems;NA;2012;B: Evident Injury;Residential;70;70;No;6-10 mph;O: No Injury;White;Female;Passenger Car;No;No;Daylight;Urban (>70% Developed);2 lanes;2;Straight - Level;State Secondary Route;Dry;Two-Way, Not Divided;None;No Special Feature;Smooth Asphalt;Piedmont;Urban;40 - 45  MPH;No Control Present;Clear;No;35.50868, -80.5901
628;629;No;40-49;47;No;With Traffic;C: Possible Injury;Travel Lane;White;Female;Raleigh;Wake;No;01/01/2005;24/08/2012;Motorist Overtaking Bicyclist;5;Non-Intersection;01/08/2001;01/01/2001 05:26;Motorist Overtaking - Misjudged Space;NA;2012;C: Possible Injury;Residential;30-39;35;No;36-40 mph;O: No Injury;White;Male;Sport Utility;No;No;Dark - Lighted Roadway;Urban (>70% Developed);5 lanes;2;Straight - Hillcrest;Local Street;Dry;Two-Way, Not Divided;None;No Special Feature;Coarse Asphalt;Piedmont;Urban;40 - 45  MPH;No Control Present;Clear;No;35.87319, -78.6857
646;647;Yes;15-nov;14;No;Not Applicable;B: Evident Injury;Non-Roadway;Black;Male;Rocky Mount;Nash;No;01/01/2003;22/08/2012;Motorist Left Turn / Merge;12;Intersection;01/08/2001;01/01/2001 12:20;Motorist Left Turn - Opposite Direction;NA;2012;B: Evident Injury;Commercial;30-39;39;No;11-15 mph;O: No Injury;White;Male;Passenger Car;No;No;Daylight;Urban (>70% Developed);3 lanes;2;Straight - Level;Local Street;Dry;Two-Way, Divided, Unprotected Median;None;T-Intersection;Smooth Asphalt;Coastal;Urban;30 - 35  MPH;Stop Sign;Clear;No;35.93196, -77.8118
647;648;No;0-5;5;No;With Traffic;Injury;Travel Lane;/Missing;Male;Laurinburg;Scotland;No;01/01/2006;25/08/2012;Motorist Overtaking Bicyclist;18;Intersection-Related;01/08/2001;01/01/2001 18:16;Motorist Overtaking - Other /;NA;2012;C: Possible Injury;Residential;50-59;59;No;41-45 mph;C: Possible Injury;Black;Female;Passenger Car;No;No;Daylight;Urban (>70% Developed);2 lanes;2;Straight - Level;Local Street;Dry;Two-Way, Not Divided;None;No Special Feature;Coarse Asphalt;Coastal;Urban;30 - 35  MPH;No Control Present;Clear;No;34.7671, -79.4624
649;650;Yes;25-29;27;No;With Traffic;B: Evident Injury;Travel Lane;White;Female;None - Rural Crash;Moore;No;01/01/2005;31/08/2012;Motorist Overtaking Bicyclist;6;Non-Intersection;01/08/2001;01/01/2001 06:20;Motorist Overtaking - Misjudged Space;NA;2012;B: Evident Injury;Farms, Woods, Pastures;NA;NA;Missing;41-45 mph;Injury;/Missing;NA;Passenger Car;No;Yes;Daylight;Rural (<30% Developed);2 lanes;2;Straight - Level;State Secondary Route;Dry;Two-Way, Divided, Unprotected Median;None;No Special Feature;Coarse Asphalt;Piedmont;Rural;40 - 45  MPH;No Control Present;Clear;No;35.17528, -79.3521
651;652;Yes;60-69;68;No;With Traffic;B: Evident Injury;Travel Lane;White;Male;Lewisville;Forsyth;No;01/01/2002;28/08/2012;Loss of Control / Turning Error;6;Intersection-Related;01/08/2001;01/01/2001 06:08;Motorist Turning Error - Left Turn;NA;2012;B: Evident Injury;Commercial;40-49;45;No;11-15 mph;O: No Injury;White;Male;Passenger Car;No;No;Dawn;Urban (>70% Developed);2 lanes;2;Straight - Level;Local Street;Dry;Two-Way, Not Divided;None;T-Intersection;Smooth Asphalt;Piedmont;Urban;30 - 35  MPH;Stop And Go Signal;Clear;No;36.09867, -80.4164
660;661;No;40-49;48;No;Facing Traffic;O: No Injury;Sidewalk / Crosswalk / Driveway Crossing;White;Male;Greenville;Pitt;No;01/01/2002;14/08/2012;Motorist Failed to Yield - Midblock;18;Non-Intersection;01/08/2001;01/01/2001 18:41;Motorist Drive Out - Commercial Driveway / Alley;NA;2012;O: No Injury;Commercial;40-49;41;No;0-5 mph;O: No Injury;Black;Male;Passenger Car;No;No;Daylight;Urban (>70% Developed);3 lanes;2;Straight - Level;Local Street;Dry;Two-Way, Divided, Unprotected Median;None;No Special Feature;Coarse Asphalt;Coastal;Urban;5 - 15 MPH;Stop And Go Signal;Clear;No;35.57168, -77.4031
680;681;Yes;40-49;49;No;With Traffic;C: Possible Injury;Travel Lane;White;Male;None - Rural Crash;Durham;No;01/01/2003;19/09/2012;Loss of Control / Turning Error;9;Intersection;01/09/2001;01/01/2001 09:57;Motorist Turning Error - Left Turn;NA;2012;C: Possible Injury;Farms, Woods, Pastures;25-29;29;No;21-25 mph;O: No Injury;Black;Female;Passenger Car;No;No;Daylight;Rural (<30% Developed);3 lanes;2;Straight - Level;State Secondary Route;Dry;Two-Way, Not Divided;None;No Special Feature;Coarse Asphalt;Piedmont;Rural;40 - 45  MPH;Stop And Go Signal;Clear;No;35.92972, -78.9894
682;683;Yes;50-59;52;No;With Traffic;C: Possible Injury;Travel Lane;White;Male;Charlotte;Mecklenburg;No;01/01/2003;12/09/2012;Motorist Left Turn / Merge;14;Intersection;01/09/2001;01/01/2001 14:37;Motorist Left Turn - Opposite Direction;NA;2012;C: Possible Injury;Residential;50-59;53;No;16-20 mph;O: No Injury;White;Female;Passenger Car;No;No;Daylight;Urban (>70% Developed);4 lanes;2;Straight - Level;Local Street;Dry;Two-Way, Divided, Positive Median Barrier;None;No Special Feature;Coarse Asphalt;Piedmont;Urban;30 - 35  MPH;No Control Present;Clear;No;35.19488, -80.8278
684;685;Yes;40-49;44;No;With Traffic;C: Possible Injury;Travel Lane;Hispanic;Male;Mooresville;Iredell;No;01/01/2004;06/09/2012;Motorist Overtaking Bicyclist;19;Non-Intersection;01/09/2001;01/01/2001 19:55;Motorist Overtaking - Other /;NA;2012;C: Possible Injury;Commercial;40-49;47;No;36-40 mph;O: No Injury;White;Male;Passenger Car;No;No;Dusk;Urban (>70% Developed);2 lanes;2;Curve - Grade;Local Street;Dry;Two-Way, Not Divided;None;No Special Feature;Smooth Asphalt;Piedmont;Urban;40 - 45  MPH;No Control Present;Clear;No;35.60472, -80.8629
687;688;Yes;16-19;19;Yes;With Traffic;C: Possible Injury;Travel Lane;Black;Male;Garner;Wake;Yes;01/01/2006;25/08/2012;Backing Vehicle;23;Non-Intersection;01/08/2001;01/01/2001 23:27;Backing Vehicle;NA;2012;C: Possible Injury;Residential;50-59;52;No;0-5 mph;O: No Injury;White;Male;Passenger Car;No;No;Dark - Roadway Not Lighted;Urban (>70% Developed);2 lanes;2;Straight - Level;Local Street;Dry;Two-Way, Not Divided;None;No Special Feature;Coarse Asphalt;Piedmont;Urban;20 - 25  MPH;Double Yellow Line, No Passing Zone;Clear;No;35.71464, -78.6155
696;697;No;20-24;20;No;Facing Traffic;B: Evident Injury;Sidewalk / Crosswalk / Driveway Crossing;White;Female;Wilmington;New Hanover;No;01/01/2004;13/09/2012;Motorist Failed to Yield - Midblock;12;Non-Intersection;01/09/2001;01/01/2001 12:20;Motorist Drive Out - Commercial Driveway / Alley;NA;2012;B: Evident Injury;Industrial;25-29;27;No;0-5 mph;O: No Injury;White;Male;Passenger Car;No;No;Daylight;Urban (>70% Developed);3 lanes;2;Straight - Level;Local Street;Dry;Two-Way, Not Divided;None;No Special Feature;Coarse Asphalt;Coastal;Urban;40 - 45  MPH;No Control Present;Clear;No;34.23159, -77.8796
702;703;Yes;0-5;3;No;With Traffic;C: Possible Injury;Travel Lane;White;Male;None - Rural Crash;Gaston;No;01/01/2007;23/09/2012;Backing Vehicle;10;Non-Intersection;01/09/2001;01/01/2001 10:39;Backing Vehicle;NA;2012;C: Possible Injury;Residential;0-19;17;No;0-5 mph;O: No Injury;White;Female;Passenger Car;No;No;Daylight;Mixed (30% To 70% Developed);2 lanes;2;Straight - Level;Private Road, Driveway;Dry;Two-Way, Not Divided;None;No Special Feature;Coarse Asphalt;Piedmont;Rural;5 - 15 MPH;No Control Present;Clear;No;35.33301, -81.109
704;705;Yes;10-juin;9;No;Not Applicable;C: Possible Injury;Non-Roadway;Black;Male;Durham;Durham;No;01/01/2002;25/09/2012;Bicyclist Failed to Yield - Midblock;18;Non-Intersection;01/09/2001;01/01/2001 18:52;Bicyclist Ride Out - Other Midblock;NA;2012;C: Possible Injury;Residential;20-24;23;No;21-25 mph;O: No Injury;Black;Male;Passenger Car;No;No;Daylight;Urban (>70% Developed);2 lanes;2;Straight - Level;Local Street;Dry;Two-Way, Not Divided;None;No Special Feature;Smooth Asphalt;Piedmont;Urban;30 - 35  MPH;No Control Present;Clear;No;35.99355, -78.8876
715;716;Yes;30-39;33;No;With Traffic;C: Possible Injury;Travel Lane;White;Female;Chapel Hill;Orange;No;01/01/2007;23/09/2012;Motorist Left Turn / Merge;10;Non-Intersection;01/09/2001;01/01/2001 10:49;Motorist Left Turn - Opposite Direction;NA;2012;C: Possible Injury;Commercial;70;70;No;6-10 mph;O: No Injury;White;Female;Passenger Car;No;No;Daylight;Urban (>70% Developed);3 lanes;2;Straight - Level;Local Street;Dry;Two-Way, Not Divided;None;T-Intersection;Coarse Asphalt;Piedmont;Urban;20 - 25  MPH;No Control Present;Clear;No;35.93037, -79.0252
720;721;Yes;50-59;56;No;NA;C: Possible Injury;Travel Lane;Black;Male;Greenville;Pitt;No;01/01/2007;30/09/2012;Bicyclist Failed to Yield - Midblock;14;Non-Intersection;01/09/2001;01/01/2001 14:47;Multiple Threat - Midblock;NA;2012;C: Possible Injury;Commercial;0-19;17;No;31-35 mph;O: No Injury;White;Female;Passenger Car;No;No;Daylight;Urban (>70% Developed);6 lanes;2;Straight - Level;Local Street;Dry;Two-Way, Divided, Unprotected Median;None;No Special Feature;Coarse Asphalt;Coastal;Urban;40 - 45  MPH;No Control Present;Clear;No;35.5779, -77.3808
722;723;Yes;15-nov;15;No;With Traffic;B: Evident Injury;Travel Lane;Black;Male;Wilson;Wilson;No;01/01/2005;14/09/2012;Crossing Paths - Other Circumstances;18;Intersection;01/09/2001;01/01/2001 18:46;Signalized Intersection - Other /;NA;2012;B: Evident Injury;Residential;60-69;63;No;41-45 mph;O: No Injury;White;Male;Pickup;No;No;Daylight;Urban (>70% Developed);5 lanes;2;Straight - Level;Local Street;Dry;Two-Way, Not Divided;None;Four-Way Intersection;Coarse Asphalt;Coastal;Urban;40 - 45  MPH;Stop And Go Signal;Clear;No;35.70983, -77.9439
727;728;No;25-29;29;No;With Traffic;C: Possible Injury;Bike Lane / Paved Shoulder;White;Female;Carrboro;Orange;No;01/01/2005;21/09/2012;Motorist Right Turn / Merge;17;Non-Intersection;01/09/2001;01/01/2001 17:57;Motorist Right Turn - Same Direction;NA;2012;C: Possible Injury;Commercial;0-19;16;No;0-5 mph;O: No Injury;White;Male;Pickup;No;No;Daylight;Urban (>70% Developed);2 lanes;2;Straight - Level;Local Street;Dry;Two-Way, Not Divided;None;No Special Feature;Coarse Asphalt;Piedmont;Urban;20 - 25  MPH;No Control Present;Clear;No;35.91014, -79.0732
744;745;Yes;25-29;29;No;With Traffic;C: Possible Injury;Travel Lane;White;Male;Raleigh;Wake;No;01/01/2003;03/10/2012;Motorist Failed to Yield - Sign-Controlled Intersection;20;Intersection;01/10/2001;01/01/2001 20:33;Motorist Drive Through - Sign-Controlled Intersection;NA;2012;C: Possible Injury;Commercial;0-19;19;No;6-10 mph;O: No Injury;White;Male;Passenger Car;No;No;Dark - Lighted Roadway;Urban (>70% Developed);1 lane;2;Curve - Level;Local Street;Dry;One-Way, Not Divided;None;Traffic Circle/Roundabout;Smooth Asphalt;Piedmont;Urban;5 - 15 MPH;Yield Sign;Clear;No;35.78597, -78.6625
752;753;No;16-19;18;No;With Traffic;C: Possible Injury;Sidewalk / Crosswalk / Driveway Crossing;White;Male;Greensboro;Guilford;No;01/01/2005;21/09/2012;Motorist Left Turn / Merge;10;Intersection;01/09/2001;01/01/2001 10:55;Motorist Left Turn - Opposite Direction;NA;2012;C: Possible Injury;Institutional;70;70;No;NA;O: No Injury;White;Male;Commercial Bus;No;No;Daylight;Urban (>70% Developed);2 lanes;2;Straight - Grade;Local Street;Dry;Two-Way, Not Divided;None;No Special Feature;Smooth Asphalt;Piedmont;Urban;30 - 35  MPH;No Control Present;Clear;No;36.06317, -79.8154
753;754;Yes;25-29;25;No;With Traffic;B: Evident Injury;Travel Lane;White;Male;Greensboro;Guilford;No;01/01/2002;02/10/2012;Bicyclist Failed to Yield - Signalized Intersection;19;Intersection;01/10/2001;01/01/2001 19:55;Bicyclist Ride Through - Signalized Intersection;NA;2012;B: Evident Injury;Institutional;20-24;20;No;11-15 mph;O: No Injury;Black;Female;Passenger Car;No;No;Dark - Lighted Roadway;Urban (>70% Developed);2 lanes;2;Straight - Level;Local Street;Dry;Two-Way, Divided, Positive Median Barrier;None;Four-Way Intersection;Smooth Asphalt;Piedmont;Urban;30 - 35  MPH;Stop And Go Signal;Clear;No;36.06533, -79.8127
761;762;Yes;10-juin;6;No;With Traffic;B: Evident Injury;Travel Lane;Hispanic;Male;Burlington;Alamance;No;01/01/2006;06/10/2012;Bicyclist Failed to Yield - Sign-Controlled Intersection;20;Intersection;01/10/2001;01/01/2001 20:13;Bicyclist Ride Through - Sign-Controlled Intersection;NA;2012;B: Evident Injury;Residential;0-19;19;No;26-30 mph;O: No Injury;Hispanic;Male;Passenger Car;No;No;Daylight;Urban (>70% Developed);2 lanes;2;Straight - Level;Local Street;Dry;Two-Way, Not Divided;None;Four-Way Intersection;Coarse Asphalt;Piedmont;Urban;30 - 35  MPH;Stop Sign;Clear;No;36.09573, -79.4001
764;765;Yes;60-69;64;No;Not Applicable;B: Evident Injury;Non-Roadway;White;Male;Kernersville;Forsyth;No;01/01/2005;05/10/2012;Motorist Left Turn / Merge;16;Intersection;01/10/2001;01/01/2001 16:32;Motorist Left Turn - Opposite Direction;NA;2012;B: Evident Injury;Commercial;50-59;53;No;21-25 mph;O: No Injury;White;Female;Passenger Car;No;No;Daylight;Urban (>70% Developed);5 lanes;2;Straight - Level;NC Route;Dry;Two-Way, Divided, Unprotected Median;None;T-Intersection;Smooth Asphalt;Piedmont;Urban;40 - 45  MPH;Stop Sign;Clear;No;36.0953, -80.0612
765;766;Yes;16-19;18;No;Facing Traffic;B: Evident Injury;NA;Black;Female;Wilmington;New Hanover;No;01/01/2003;26/09/2012;Bicyclist Failed to Yield - Signalized Intersection;16;Intersection-Related;01/09/2001;01/01/2001 16:44;Bicyclist Ride Out - Signalized  Intersection;NA;2012;B: Evident Injury;Commercial;20-24;21;No;41-45 mph;O: No Injury;White;Female;Passenger Car;No;No;Daylight;Urban (>70% Developed);9 or more lanes;2;Straight - Level;Local Street;Dry;Two-Way, Not Divided;Other;No Special Feature;Concrete;Coastal;Urban;40 - 45  MPH;Stop And Go Signal;Clear;No;34.23075, -77.8771
767;768;Yes;20-24;22;No;With Traffic;C: Possible Injury;Travel Lane;Other;Male;Greensboro;Guilford;No;01/01/2006;22/09/2012;Motorist Left Turn / Merge;1;Intersection;01/09/2001;01/01/2001 01:05;Motorist Left Turn - Opposite Direction;NA;2012;C: Possible Injury;Residential;0-19;19;No;36-40 mph;O: No Injury;White;Female;Passenger Car;No;No;Dark - Roadway Not Lighted;Urban (>70% Developed);2 lanes;2;Straight - Level;Local Street;Dry;Two-Way, Divided, Unprotected Median;None;Four-Way Intersection;Smooth Asphalt;Piedmont;Urban;30 - 35  MPH;Stop And Go Signal;Clear;No;36.06865, -79.8232