FID;OBJECTID;AmbulanceR;BikeAge_Gr;Bike_Age;Bike_Alc_D;Bike_Dir;Bike_Injur;Bike_Pos;Bike_Race;Bike_Sex;City;County;CrashAlcoh;CrashDay;Crash_Date;Crash_Grp;Crash_Hour;Crash_Loc;Crash_Mont;Crash_Time;Crash_Type;Crash_Ty_1;Crash_Year;Crsh_Sevri;Developmen;DrvrAge_Gr;Drvr_Age;Drvr_Alc_D;Drvr_EstSp;Drvr_Injur;Drvr_Race;Drvr_Sex;Drvr_VehTy;ExcsSpdInd;Hit_Run;Light_Cond;Locality;Num_Lanes;Num_Units;Rd_Charact;Rd_Class;Rd_Conditi;Rd_Config;Rd_Defects;Rd_Feature;Rd_Surface;Region;Rural_Urba;Speed_Limi;Traff_Cntr;Weather;Workzone_I;Location
772;773;No;NA;0;No;With Traffic;Injury;Travel Lane;/Missing;NA;Wilmington;New Hanover;No;01/01/2004;27/09/2012;Motorist Overtaking Bicyclist;15;Intersection;01/09/2001;01/01/2001 15:25;Motorist Overtaking - Other /;NA;2012;Injury;Residential;NA;NA;No;41-45 mph;Injury;/Missing;NA;NA;No;Yes;Daylight;Urban (>70% Developed);5 lanes;2;Straight - Level;Local Street;Dry;Two-Way, Not Divided;None;No Special Feature;Coarse Asphalt;Coastal;Urban;40 - 45  MPH;Stop And Go Signal;Clear;No;34.23195, -77.8875
773;774;Yes;20-24;23;No;Facing Traffic;B: Evident Injury;Sidewalk / Crosswalk / Driveway Crossing;Black;Male;Wilmington;New Hanover;No;01/01/2005;28/09/2012;Motorist Failed to Yield - Sign-Controlled Intersection;7;Intersection;01/09/2001;01/01/2001 07:37;Motorist Drive Out - Sign-Controlled Intersection;NA;2012;B: Evident Injury;Residential;0-19;18;No;21-25 mph;O: No Injury;White;Female;Passenger Car;No;No;Daylight;Urban (>70% Developed);2 lanes;2;Straight - Level;Local Street;Dry;Two-Way, Not Divided;Other;Related To Intersection;Smooth Asphalt;Coastal;Urban;20 - 25  MPH;Stop Sign;Clear;No;34.22557, -77.9057
782;783;Yes;50-59;50;Yes;With Traffic;K: Killed;Travel Lane;Native American;Male;None - Rural Crash;Robeson;Yes;01/01/2004;11/10/2012;Motorist Overtaking Bicyclist;20;Non-Intersection;01/10/2001;01/01/2001 20:22;Motorist Overtaking - Other /;NA;2012;K: Killed;Farms, Woods, Pastures;50-59;56;No;46-50 mph;O: No Injury;Black;Male;Van;No;No;Dark - Roadway Not Lighted;Rural (<30% Developed);2 lanes;2;Straight - Level;NC Route;Dry;Two-Way, Not Divided;None;No Special Feature;Coarse Asphalt;Coastal;Rural;50 - 55  MPH;No Control Present;Clear;No;34.53142, -79.0976
789;790;Yes;40-49;44;No;With Traffic;B: Evident Injury;Travel Lane;White;Female;Apex;Wake;No;01/01/2003;17/10/2012;Motorist Overtaking Bicyclist;16;Intersection-Related;01/10/2001;01/01/2001 16:49;Motorist Overtaking - Misjudged Space;NA;2012;B: Evident Injury;Commercial;30-39;37;No;16-20 mph;O: No Injury;White;Male;Pickup;No;No;Daylight;Urban (>70% Developed);4 lanes;2;Straight - Level;State Secondary Route;Dry;Two-Way, Not Divided;None;No Special Feature;Smooth Asphalt;Piedmont;Urban;30 - 35  MPH;Stop And Go Signal;Clear;No;35.72924, -78.8395
795;796;Yes;20-24;24;No;With Traffic;B: Evident Injury;Bike Lane / Paved Shoulder;White;Male;None - Rural Crash;Cumberland;No;01/01/2005;19/10/2012;Motorist Overtaking Bicyclist;13;Non-Intersection;01/10/2001;01/01/2001 13:41;Motorist Overtaking - Other /;NA;2012;B: Evident Injury;Commercial;NA;NA;No;41-45 mph;Injury;/Missing;NA;NA;No;Yes;Dark - Roadway Not Lighted;Mixed (30% To 70% Developed);2 lanes;2;Straight - Level;State Secondary Route;Dry;Two-Way, Not Divided;None;No Special Feature;Smooth Asphalt;Coastal;Rural;40 - 45  MPH;Double Yellow Line, No Passing Zone;Clear;No;35.00589, -78.9214
800;801;No;NA;0;Missing;Facing Traffic;Injury;Sidewalk / Crosswalk / Driveway Crossing;/Missing;NA;Fayetteville;Cumberland;No;01/01/2006;06/10/2012;Motorist Failed to Yield - Signalized Intersection;18;Intersection;01/10/2001;01/01/2001 18:52;Motorist Drive Out - Right Turn on Red;NA;2012;O: No Injury;Commercial;40-49;45;No;0-5 mph;O: No Injury;White;Male;Passenger Car;No;No;Dark - Lighted Roadway;Urban (>70% Developed);6 lanes;2;Straight - Grade;Local Street;Dry;Two-Way, Not Divided;None;Four-Way Intersection;Coarse Asphalt;Coastal;Urban;30 - 35  MPH;Stop And Go Signal;Clear;No;35.08819, -78.9268
802;803;No;30-39;34;No;With Traffic;C: Possible Injury;Travel Lane;Black;Male;Raleigh;Wake;No;01/01/2006;20/10/2012;Bicyclist Failed to Yield - Signalized Intersection;15;Intersection;01/10/2001;01/01/2001 15:54;Bicyclist Ride Through - Signalized Intersection;NA;2012;C: Possible Injury;Commercial;20-24;21;No;16-20 mph;O: No Injury;White;Male;Passenger Car;No;No;Daylight;Urban (>70% Developed);5 lanes;2;Straight - Level;Local Street;Dry;Two-Way, Divided, Unprotected Median;None;Four-Way Intersection;Smooth Asphalt;Piedmont;Urban;30 - 35  MPH;Stop And Go Signal;Clear;No;35.83942, -78.6424
206;207;No;NA;NA;Missing;Facing Traffic;Injury;Sidewalk / Crosswalk / Driveway Crossing;/Missing;NA;Durham;Durham;No;01/01/2002;10/05/2011;Crossing Paths - Other Circumstances;14;Intersection;01/05/2001;01/01/2001 14:06;Crossing Paths - Intersection - Other /;132180;2011;O: No Injury;Residential;60-69;66;No;0-5 mph;O: No Injury;Black;Female;Passenger Car;No;No;Daylight;Urban (>70% Developed);2 lanes;2;Straight - Level;Local Street;Dry;Two-Way, Not Divided;None;No Special Feature;Smooth Asphalt;Piedmont;Urban;20 - 25  MPH;Stop Sign;Clear;No;36.02413, -78.918
218;219;Yes;10-juin;7;No;With Traffic;C: Possible Injury;NA;Black;Female;Wilmington;New Hanover;No;01/01/2004;21/04/2011;Motorist Right Turn / Merge;14;Non-Intersection;01/04/2001;01/01/2001 14:14;Motorist Right Turn - Same Direction;391213;2011;C: Possible Injury;Residential;40-49;41;No;0-5 mph;O: No Injury;Black;Female;Sport Utility;No;No;Daylight;Urban (>70% Developed);2 lanes;2;Straight - Level;Local Street;Dry;One-Way, Not Divided;None;No Special Feature;Coarse Asphalt;Coastal;Urban;20 - 25  MPH;No Control Present;Clear;No;34.24898, -77.9078
223;224;Yes;10-juin;8;No;Not Applicable;B: Evident Injury;Travel Lane;Black;Male;Charlotte;Mecklenburg;No;01/01/2007;08/05/2011;Bicyclist Failed to Yield - Sign-Controlled Intersection;14;Intersection-Related;01/05/2001;01/01/2001 14:32;Bicyclist Ride Through - Sign-Controlled Intersection;213144;2011;B: Evident Injury;Residential;0-19;19;No;16-20 mph;O: No Injury;Black;Male;Passenger Car;No;No;Daylight;Urban (>70% Developed);2 lanes;2;Straight - Level;Local Street;Dry;Two-Way, Not Divided;None;No Special Feature;Smooth Asphalt;Piedmont;Urban;20 - 25  MPH;Stop Sign;Clear;No;35.24216, -80.8018
226;227;Yes;15-nov;12;No;Facing Traffic;C: Possible Injury;Travel Lane;Black;Male;Washington;Beaufort;No;01/01/2002;03/05/2011;Crossing Paths - Other Circumstances;19;Intersection;01/05/2001;01/01/2001 19:03;Crossing Paths - Intersection - Other /;112180;2011;C: Possible Injury;Residential;70+;NA;No;16-20 mph;O: No Injury;White;Female;Passenger Car;No;No;Daylight;Urban (>70% Developed);2 lanes;2;Straight - Level;Local Street;Dry;One-Way, Not Divided;None;Four-Way Intersection;Coarse Asphalt;Coastal;Urban;20 - 25  MPH;No Control Present;Clear;No;35.54143, -77.0536
227;228;No;20-24;20;No;Facing Traffic;B: Evident Injury;Sidewalk / Crosswalk / Driveway Crossing;White;Female;Boone;Watauga;No;01/01/2005;06/05/2011;Motorist Failed to Yield - Midblock;16;Non-Intersection;01/05/2001;01/01/2001 16:18;Motorist Drive Out - Commercial Driveway / Alley;332322;2011;B: Evident Injury;Commercial;40-49;49;No;0-5 mph;O: No Injury;White;Male;Sport Utility;No;No;Daylight;Mixed (30% To 70% Developed);5 lanes;2;Straight - Level;US Route;Dry;Two-Way, Not Divided;None;Driveway, Private;Smooth Asphalt;Mountains;Urban;30 - 35  MPH;No Control Present;Clear;No;36.20357, -81.6663
229;230;No;25-29;28;No;With Traffic;B: Evident Injury;Travel Lane;White;Male;Charlotte;Mecklenburg;No;01/01/2003;11/05/2011;Motorist Right Turn / Merge;19;Intersection;01/05/2001;01/01/2001 19:35;Motorist Right Turn - Same Direction;111213;2011;B: Evident Injury;Residential;60-69;65;No;31-35 mph;O: No Injury;Black;Female;Pickup;No;No;Daylight;Urban (>70% Developed);2 lanes;2;Straight - Level;Local Street;Dry;Two-Way, Not Divided;None;No Special Feature;Smooth Asphalt;Piedmont;Urban;30 - 35  MPH;No Control Present;Clear;No;35.2553, -80.8739
232;233;Yes;50-59;52;No;With Traffic;C: Possible Injury;Travel Lane;Black;Male;Charlotte;Mecklenburg;No;01/01/2005;06/05/2011;Motorist Overtaking Bicyclist;1;Intersection-Related;01/05/2001;01/01/2001 01:18;Motorist Overtaking - Undetected Bicyclist;211231;2011;C: Possible Injury;Residential;30-39;33;No;21-25 mph;O: No Injury;Black;Female;Passenger Car;No;No;Dawn;Urban (>70% Developed);4 lanes;2;Straight - Level;Local Street;Water (Standing, Moving);Two-Way, Not Divided;None;No Special Feature;Smooth Asphalt;Piedmont;Urban;30 - 35  MPH;No Control Present;Clear;No;35.25384, -80.856
235;236;No;25-29;26;No;With Traffic;O: No Injury;Travel Lane;White;Male;None - Rural Crash;Wayne;No;01/01/2005;20/05/2011;Loss of Control / Turning Error;8;Intersection;01/05/2001;01/01/2001 08:01;Motorist Turning Error - Left Turn;111111;2011;O: No Injury;Commercial;30-39;32;No;16-20 mph;O: No Injury;Black;Male;Passenger Car;No;No;Daylight;Rural (<30% Developed);2 lanes;2;Straight - Level;State Secondary Route;Dry;Two-Way, Not Divided;None;T-Intersection;Coarse Asphalt;Coastal;Rural;40 - 45  MPH;Stop And Go Signal;Clear;No;35.34141, -78.0014
238;239;Yes;30-39;33;No;With Traffic;B: Evident Injury;Bike Lane / Paved Shoulder;White;Male;Durham;Durham;No;01/01/2007;22/05/2011;Motorist Failed to Yield - Midblock;12;Non-Intersection;01/05/2001;01/01/2001 12:06;Motorist Drive Out - Other Midblock;321328;2011;B: Evident Injury;Commercial;30-39;39;No;11-15 mph;O: No Injury;Black;Male;Sport Utility;No;No;Daylight;Urban (>70% Developed);NA;2;Straight - Level;Public Vehicular Area;Dry;Two-Way, Not Divided;None;Driveway, Public;Smooth Asphalt;Piedmont;Urban;5 - 15 MPH;No Control Present;Clear;No;35.93377, -78.8882
245;246;Yes;40-49;43;No;With Traffic;B: Evident Injury;Travel Lane;Hispanic;Male;None - Rural Crash;Durham;No;01/01/2007;08/05/2011;Motorist Overtaking Bicyclist;21;Non-Intersection;01/05/2001;01/01/2001 20:59;Motorist Overtaking - Other /;311239;2011;B: Evident Injury;Commercial;0-19;17;No;31-35 mph;O: No Injury;White;Male;Passenger Car;No;No;Dark - Lighted Roadway;Urban (>70% Developed);4 lanes;2;Straight - Grade;NC Route;Dry;Two-Way, Not Divided;None;No Special Feature;Smooth Asphalt;Piedmont;Rural;40 - 45  MPH;No Control Present;Clear;No;35.98379, -78.8311
247;248;Yes;50-59;50;No;Not Applicable;B: Evident Injury;Non-Roadway;White;Male;None - Rural Crash;New Hanover;No;01/01/2003;25/05/2011;Non-Roadway;15;Non-Roadway;01/05/2001;01/01/2001 15:07;Non-Roadway;460910;2011;B: Evident Injury;Commercial;NA;NA;Missing;0-5 mph;Injury;/Missing;NA;Sport Utility;No;No;Daylight;Urban (>70% Developed);2 lanes;2;Straight - Level;Public Vehicular Area;Dry;Two-Way, Not Divided;None;Driveway, Public;Coarse Asphalt;Coastal;Rural;NA;No Control Present;Clear;No;34.28775, -77.9217
253;254;Yes;20-24;21;No;With Traffic;C: Possible Injury;Travel Lane;White;Male;None - Rural Crash;Watauga;No;01/01/2006;28/05/2011;Head-On;16;Non-Intersection;01/05/2001;01/01/2001 16:43;Head-On - Bicyclist;311250;2011;C: Possible Injury;Farms, Woods, Pastures;30-39;35;No;21-25 mph;O: No Injury;White;Male;Pickup;No;No;Daylight;Rural (<30% Developed);2 lanes;2;Curve - Grade;State Secondary Route;Dry;Two-Way, Not Divided;None;No Special Feature;Coarse Asphalt;Mountains;Rural;50 - 55  MPH;No Control Present;Clear;No;36.2106, -81.6987
267;268;Yes;16-19;18;No;Facing Traffic;C: Possible Injury;Travel Lane;White;Male;Asheville;Buncombe;No;01/01/2007;22/05/2011;Loss of Control / Turning Error;12;Intersection;01/05/2001;01/01/2001 12:36;Bicyclist Lost Control - Mechanical Problems;112121;2011;C: Possible Injury;Residential;60-69;68;No;31-35 mph;O: No Injury;White;Female;Passenger Car;No;No;Daylight;Urban (>70% Developed);4 lanes;2;Straight - Level;Local Street;Dry;Two-Way, Not Divided;None;Four-Way Intersection;Smooth Asphalt;Mountains;Urban;30 - 35  MPH;Flashing Stop And Go Signal;Clear;No;35.57176, -82.5826
268;269;Yes;40-49;41;No;With Traffic;B: Evident Injury;Travel Lane;White;Male;None - Rural Crash;Yadkin;No;01/01/2002;24/05/2011;Motorist Left Turn / Merge;18;Intersection;01/05/2001;01/01/2001 18:53;Motorist Left Turn - Opposite Direction;111212;2011;B: Evident Injury;Residential;20-24;22;No;0-5 mph;O: No Injury;White;Female;Passenger Car;No;No;Daylight;Rural (<30% Developed);2 lanes;2;Straight - Level;State Secondary Route;Dry;Two-Way, Not Divided;None;T-Intersection;Smooth Asphalt;Mountains;Rural;50 - 55  MPH;Double Yellow Line, No Passing Zone;Clear;No;36.06393, -80.6083
269;270;Yes;50-59;51;Yes;Not Applicable;K: Killed;NA;Black;Female;Lumberton;Robeson;Yes;01/01/2005;03/06/2011;Bicyclist Failed to Yield - Midblock;23;Non-Intersection;01/06/2001;01/01/2001 23:28;Bicyclist Ride Out - Midblock -;393319;2011;K: Killed;Commercial;50-59;53;No;46-50 mph;O: No Injury;Black;Male;Pickup;No;No;Dark - Roadway Not Lighted;Mixed (30% To 70% Developed);3 lanes;2;Straight - Level;NC Route;Dry;Two-Way, Not Divided;None;No Special Feature;Smooth Asphalt;Coastal;Urban;50 - 55  MPH;No Control Present;Clear;No;34.59009, -79.0429
276;277;Yes;50-59;52;No;With Traffic;B: Evident Injury;Travel Lane;White;Male;None - Rural Crash;New Hanover;No;01/01/2006;04/06/2011;Motorist Left Turn / Merge;20;Intersection;01/06/2001;01/01/2001 20:24;Motorist Left Turn - Opposite Direction;111212;2011;B: Evident Injury;Residential;70+;NA;No;11-15 mph;O: No Injury;White;Male;Passenger Car;No;No;Dusk;Mixed (30% To 70% Developed);2 lanes;2;Straight - Level;State Secondary Route;Dry;Two-Way, Not Divided;None;Y-Intersection;Coarse Asphalt;Coastal;Rural;30 - 35  MPH;Double Yellow Line, No Passing Zone;Clear;No;34.26759, -77.8131
298;299;Yes;16-19;19;No;With Traffic;C: Possible Injury;Travel Lane;Black;Male;None - Rural Crash;Randolph;No;01/01/2007;12/06/2011;Motorist Overtaking Bicyclist;1;Non-Intersection;01/06/2001;01/01/2001 01:13;Motorist Overtaking - Other /;311239;2011;C: Possible Injury;Farms, Woods, Pastures;NA;NA;Missing;NA;Injury;/Missing;NA;Passenger Car;No;Yes;Dark -  Lighting;Rural (<30% Developed);2 lanes;2;Straight - Level;US Route;Dry;Two-Way, Not Divided;None;Driveway, Public;Smooth Asphalt;Piedmont;Rural;NA;Double Yellow Line, No Passing Zone;Clear;No;35.88503, -79.8056
303;304;Yes;40-49;45;No;Facing Traffic;C: Possible Injury;Sidewalk / Crosswalk / Driveway Crossing;Black;Male;Mooresville;Iredell;No;01/01/2005;27/05/2011;Motorist Failed to Yield - Sign-Controlled Intersection;12;Intersection;01/05/2001;01/01/2001 11:59;Motorist Drive Out - Sign-Controlled Intersection;132141;2011;C: Possible Injury;Residential;40-49;42;No;0-5 mph;O: No Injury;White;Female;Passenger Car;No;No;Daylight;Urban (>70% Developed);3 lanes;2;Straight - Level;NC Route;Dry;Two-Way, Divided, Unprotected Median;None;Four-Way Intersection;Coarse Asphalt;Piedmont;Urban;30 - 35  MPH;Stop Sign;Clear;No;35.58823, -80.7976
311;312;No;50-59;55;No;Not Applicable;B: Evident Injury;Non-Roadway;White;Male;Hendersonville;Henderson;No;01/01/2002;03/05/2011;Non-Roadway;12;Non-Roadway;01/05/2001;01/01/2001 11:59;Non-Roadway;460910;2011;B: Evident Injury;Institutional;NA;NA;Missing;6-10 mph;Injury;/Missing;NA;NA;No;Yes;Daylight;Urban (>70% Developed);2 lanes;2;Straight - Level;Public Vehicular Area;Dry;Two-Way, Not Divided;None;Driveway, Public;Coarse Asphalt;Mountains;Urban;20 - 25  MPH;No Control Present;Cloudy;No;35.29291, -82.4278
316;317;No;20-24;20;No;Not Applicable;C: Possible Injury;Non-Roadway;Black;Male;Charlotte;Mecklenburg;No;01/01/2007;29/05/2011;Bicyclist Failed to Yield - Midblock;18;Non-Intersection;01/05/2001;01/01/2001 18:14;Bicyclist Ride Out - Other Midblock;363318;2011;C: Possible Injury;Commercial;0-19;18;No;31-35 mph;O: No Injury;White;Female;Passenger Car;No;No;Daylight;Urban (>70% Developed);2 lanes;2;Straight - Level;Local Street;Dry;Two-Way, Divided, Unprotected Median;None;No Special Feature;Smooth Asphalt;Piedmont;Urban;30 - 35  MPH;Stop And Go Signal;Clear;No;35.17422, -80.8789
318;319;Yes;25-29;28;No;With Traffic;B: Evident Injury;Travel Lane;White;Male;None - Rural Crash;Wake;No;01/01/2006;18/06/2011;Motorist Overtaking Bicyclist;6;Non-Intersection;01/06/2001;01/01/2001 06:08;Motorist Overtaking - Misjudged Space;311232;2011;B: Evident Injury;Residential;NA;NA;No;31-35 mph;Injury;/Missing;NA;Passenger Car;No;Yes;Daylight;Rural (<30% Developed);2 lanes;2;Straight - Level;State Secondary Route;Dry;Two-Way, Not Divided;None;No Special Feature;Coarse Asphalt;Piedmont;Rural;40 - 45  MPH;Double Yellow Line, No Passing Zone;Clear;No;35.63023, -78.7529
327;328;No;16-19;19;No;Facing Traffic;O: No Injury;Sidewalk / Crosswalk / Driveway Crossing;Black;Female;Mooresville;Iredell;No;01/01/2005;03/06/2011;Motorist Left Turn / Merge;14;Intersection;01/06/2001;01/01/2001 14:57;Motorist Left Turn - Same Direction;132211;2011;B: Evident Injury;Commercial;40-49;44;No;31-35 mph;B: Evident Injury;White;Male;Van;No;No;Daylight;Urban (>70% Developed);2 lanes;2;Straight - Level;Local Street;Dry;Two-Way, Not Divided;None;No Special Feature;Smooth Asphalt;Piedmont;Urban;30 - 35  MPH;Stop Sign;Clear;No;35.58619, -80.8193
333;334;No;15-nov;12;No;Not Applicable;C: Possible Injury;Non-Roadway;Black;Male;Monroe;Union;No;01/01/2004;02/06/2011;Non-Roadway;19;Non-Roadway;01/06/2001;01/01/2001 19:55;Non-Roadway;460910;2011;C: Possible Injury;Residential;NA;NA;Missing;0-5 mph;Injury;/Missing;NA;Pickup;No;Yes;Daylight;Urban (>70% Developed);2 lanes;2;Straight - Level;Public Vehicular Area;NA;NA;None;No Special Feature;Sand;Piedmont;Urban;20 - 25  MPH;No Control Present;Other;No;34.99028, -80.5404
337;338;Yes;20-24;23;No;Facing Traffic;B: Evident Injury;Travel Lane;Hispanic;Male;Garner;Wake;No;NA;20/06/2011;Motorist Failed to Yield - Sign-Controlled Intersection;13;Intersection;01/06/2001;01/01/2001 13:01;Motorist Drive Out - Sign-Controlled Intersection;112141;2011;B: Evident Injury;Commercial;30-39;37;No;0-5 mph;O: No Injury;White;Male;Pickup;No;No;Daylight;Urban (>70% Developed);2 lanes;2;Straight - Level;Local Street;Dry;Two-Way, Not Divided;None;T-Intersection;Smooth Asphalt;Piedmont;Urban;30 - 35  MPH;Stop Sign;Clear;No;35.72624, -78.6262
339;340;No;16-19;17;No;Facing Traffic;B: Evident Injury;Bike Lane / Paved Shoulder;Hispanic;Male;Fayetteville;Cumberland;No;01/01/2002;31/05/2011;Motorist Failed to Yield - Sign-Controlled Intersection;20;Intersection;01/05/2001;01/01/2001 20:05;Motorist Drive Out - Sign-Controlled Intersection;122141;2011;B: Evident Injury;Residential;30-39;38;No;6-10 mph;O: No Injury;Hispanic;Female;Van;No;No;Daylight;Urban (>70% Developed);2 lanes;2;Straight - Level;Local Street;Dry;Two-Way, Not Divided;None;No Special Feature;Coarse Asphalt;Coastal;Urban;20 - 25  MPH;Stop Sign;Clear;No;35.00725, -78.9998
343;344;Yes;15-nov;14;No;Facing Traffic;C: Possible Injury;Sidewalk / Crosswalk / Driveway Crossing;Black;Male;Cary;Wake;No;NA;20/06/2011;Motorist Failed to Yield - Sign-Controlled Intersection;16;Intersection;01/06/2001;01/01/2001 16:51;Motorist Drive Out - Sign-Controlled Intersection;132141;2011;C: Possible Injury;Residential;60-69;63;No;0-5 mph;O: No Injury;Black;Male;Passenger Car;No;No;Daylight;Urban (>70% Developed);2 lanes;2;Straight - Level;Local Street;Dry;Two-Way, Divided, Unprotected Median;None;No Special Feature;Smooth Asphalt;Piedmont;Urban;20 - 25  MPH;Stop Sign;Clear;No;35.72018, -78.7867
344;345;Yes;16-19;18;No;Not Applicable;B: Evident Injury;Travel Lane;White;Male;None - Rural Crash;Buncombe;No;01/01/2002;21/06/2011;Crossing Paths - Other Circumstances;13;Intersection;01/06/2001;01/01/2001 13:57;Crossing Paths - Uncontrolled Intersection;113160;2011;B: Evident Injury;Commercial;70+;NA;No;16-20 mph;C: Possible Injury;White;Male;Passenger Car;No;No;Daylight;Mixed (30% To 70% Developed);2 lanes;2;Straight - Grade;State Secondary Route;Dry;Two-Way, Not Divided;None;Driveway, Public;Smooth Asphalt;Mountains;Rural;30 - 35  MPH;Double Yellow Line, No Passing Zone;Cloudy;No;35.59355, -82.5563
347;348;Yes;25-29;26;No;Facing Traffic;C: Possible Injury;Sidewalk / Crosswalk / Driveway Crossing;White;Female;Charlotte;Mecklenburg;No;01/01/2003;08/06/2011;Motorist Failed to Yield - Sign-Controlled Intersection;11;Intersection;01/06/2001;01/01/2001 11:58;Motorist Drive Out - Sign-Controlled Intersection;132141;2011;C: Possible Injury;Commercial;40-49;49;No;NA;O: No Injury;White;Female;Passenger Car;No;No;Daylight;Urban (>70% Developed);2 lanes;2;Straight - Level;Local Street;Dry;Two-Way, Not Divided;None;T-Intersection;Smooth Asphalt;Piedmont;Urban;20 - 25  MPH;Stop Sign;Clear;No;35.19973, -80.8256
349;350;No;50-59;56;No;With Traffic;C: Possible Injury;Travel Lane;White;Female;None - Rural Crash;Davidson;No;NA;20/06/2011;Motorist Overtaking Bicyclist;10;Non-Intersection;01/06/2001;01/01/2001 10:13;Motorist Overtaking - Misjudged Space;311232;2011;C: Possible Injury;Farms, Woods, Pastures;60-69;62;No;21-25 mph;O: No Injury;White;Female;Passenger Car;No;No;Daylight;Mixed (30% To 70% Developed);2 lanes;2;Straight - Level;State Secondary Route;Dry;Two-Way, Not Divided;None;No Special Feature;Smooth Asphalt;Piedmont;Rural;50 - 55  MPH;Double Yellow Line, No Passing Zone;Clear;No;35.96823, -80.0927
350;351;Yes;16-19;18;No;With Traffic;A: Disabling Injury;Travel Lane;White;Male;Asheville;Buncombe;Yes;01/01/2006;28/05/2011;Motorist Overtaking Bicyclist;23;Non-Intersection;01/05/2001;01/01/2001 23:26;Motorist Overtaking - Undetected Bicyclist;311231;2011;A: Disabling Injury;Commercial;40-49;47;Yes;NA;O: No Injury;White;Male;Passenger Car;No;No;Dark - Lighted Roadway;Urban (>70% Developed);4 lanes;2;Straight - Level;Interstate;Dry;Two-Way, Divided, Unprotected Median;None;End Or Beginning-Divided Highway;Concrete;Mountains;Urban;50 - 55  MPH;Other;Clear;No;35.56482, -82.4997
351;352;Yes;15-nov;12;No;With Traffic;B: Evident Injury;Travel Lane;Black;Male;Washington;Beaufort;No;01/01/2002;07/06/2011;Loss of Control / Turning Error;21;Intersection;01/06/2001;01/01/2001 21:19;Bicyclist Lost Control - Mechanical Problems;111121;2011;B: Evident Injury;Residential;0-19;19;No;31-35 mph;O: No Injury;Black;Male;Passenger Car;No;No;Dark - Lighted Roadway;Urban (>70% Developed);2 lanes;2;Straight - Level;Local Street;Dry;Two-Way, Not Divided;None;Four-Way Intersection;Coarse Asphalt;Coastal;Urban;30 - 35  MPH;Stop Sign;Clear;No;35.54418, -77.0369
353;354;No;20-24;24;No;With Traffic;O: No Injury;Travel Lane;White;Male;Pinehurst;Moore;No;01/01/2002;07/06/2011;Motorist Left Turn / Merge;7;Intersection;01/06/2001;01/01/2001 07:28;Motorist Left Turn - Opposite Direction;111212;2011;O: No Injury;Commercial;0-19;19;No;21-25 mph;O: No Injury;White;Female;Passenger Car;No;No;Daylight;Urban (>70% Developed);4 lanes;2;Straight - Level;Local Street;Dry;Two-Way, Divided, Unprotected Median;None;No Special Feature;Smooth Asphalt;Piedmont;Urban;40 - 45  MPH;Yield Sign;Clear;No;35.20315, -79.4458
357;358;Yes;60-69;60;No;With Traffic;B: Evident Injury;Bike Lane / Paved Shoulder;White;Male;None - Rural Crash;Wilkes;No;01/01/2003;29/06/2011;Loss of Control / Turning Error;9;Non-Intersection;01/06/2001;01/01/2001 09:29;Motorist Lost Control - Other /;321139;2011;B: Evident Injury;Farms, Woods, Pastures;60-69;61;No;46-50 mph;O: No Injury;White;Male;Van;No;No;Daylight;Rural (<30% Developed);4 lanes;2;Straight - Grade;US Route;Dry;Two-Way, Divided, Unprotected Median;None;No Special Feature;Smooth Asphalt;Mountains;Rural;50 - 55  MPH;No Control Present;Clear;No;36.14567, -81.2748
373;374;No;40-49;40;Yes;With Traffic;B: Evident Injury;Travel Lane;Hispanic;Male;Charlotte;Mecklenburg;Yes;01/01/2006;11/06/2011;Loss of Control / Turning Error;13;Non-Intersection;01/06/2001;01/01/2001 13:33;Bicylist Lost Control - Alcohol / Drug Impairment;311123;2011;B: Evident Injury;Residential;25-29;29;No;16-20 mph;O: No Injury;Hispanic;Male;Pickup;No;No;Daylight;Urban (>70% Developed);2 lanes;2;Straight - Hillcrest;Local Street;Dry;Two-Way, Not Divided;None;No Special Feature;Smooth Asphalt;Piedmont;Urban;30 - 35  MPH;No Control Present;Clear;No;35.32981, -80.8259
374;375;Yes;15-nov;14;No;With Traffic;B: Evident Injury;Travel Lane;Black;Female;None - Rural Crash;Pasquotank;No;01/01/2007;12/06/2011;Motorist Overtaking Bicyclist;19;Non-Intersection;01/06/2001;01/01/2001 19:08;Motorist Overtaking - Other /;311239;2011;B: Evident Injury;Farms, Woods, Pastures;NA;NA;Missing;46-50 mph;Injury;/Missing;NA;NA;No;Yes;Daylight;Rural (<30% Developed);2 lanes;2;Straight - Level;State Secondary Route;Dry;Two-Way, Not Divided;None;Bridge;Smooth Asphalt;Coastal;Rural;30 - 35  MPH;Double Yellow Line, No Passing Zone;Clear;No;36.22022, -76.2764