FID;OBJECTID;AmbulanceR;BikeAge_Gr;Bike_Age;Bike_Alc_D;Bike_Dir;Bike_Injur;Bike_Pos;Bike_Race;Bike_Sex;City;County;CrashAlcoh;CrashDay;Crash_Date;Crash_Grp;Crash_Hour;Crash_Loc;Crash_Mont;Crash_Time;Crash_Type;Crash_Ty_1;Crash_Year;Crsh_Sevri;Developmen;DrvrAge_Gr;Drvr_Age;Drvr_Alc_D;Drvr_EstSp;Drvr_Injur;Drvr_Race;Drvr_Sex;Drvr_VehTy;ExcsSpdInd;Hit_Run;Light_Cond;Locality;Num_Lanes;Num_Units;Rd_Charact;Rd_Class;Rd_Conditi;Rd_Config;Rd_Defects;Rd_Feature;Rd_Surface;Region;Rural_Urba;Speed_Limi;Traff_Cntr;Weather;Workzone_I;Location
379;380;Yes;15-nov;11;No;With Traffic;C: Possible Injury;Sidewalk / Crosswalk / Driveway Crossing;Black;Male;Charlotte;Mecklenburg;No;NA;13/06/2011;Motorist Failed to Yield - Midblock;13;Non-Intersection;01/06/2001;01/01/2001 13:02;Motorist Drive Out - Commercial Driveway / Alley;331322;2011;C: Possible Injury;Commercial;50-59;54;No;0-5 mph;O: No Injury;White;Male;Pickup;No;No;Daylight;Urban (>70% Developed);2 lanes;2;Straight - Grade;Local Street;Dry;Two-Way, Divided, Unprotected Median;None;Other;Smooth Asphalt;Piedmont;Urban;20 - 25  MPH;No Control Present;Clear;No;35.23212, -80.8272
391;392;No;40-49;46;No;With Traffic;B: Evident Injury;Bike Lane / Paved Shoulder;White;Male;Charlotte;Mecklenburg;No;01/01/2005;17/06/2011;Motorist Right Turn / Merge;11;Non-Intersection;01/06/2001;01/01/2001 11:39;Motorist Right Turn - Same Direction;321213;2011;B: Evident Injury;Commercial;40-49;47;No;0-5 mph;O: No Injury;White;Female;Passenger Car;No;No;Daylight;Mixed (30% To 70% Developed);4 lanes;2;Straight - Level;Local Street;Dry;Two-Way, Divided, Positive Median Barrier;None;No Special Feature;Coarse Asphalt;Piedmont;Urban;40 - 45  MPH;Stop And Go Signal;Clear;No;35.32917, -80.7518
394;395;No;16-19;16;No;Not Applicable;C: Possible Injury;Sidewalk / Crosswalk / Driveway Crossing;White;Male;Garner;Wake;No;01/01/2002;05/07/2011;Non-Roadway;17;Non-Roadway;01/07/2001;01/01/2001 17:22;Non-Roadway;430910;2011;C: Possible Injury;Commercial;30-39;33;No;0-5 mph;O: No Injury;White;Female;Passenger Car;No;No;Daylight;Urban (>70% Developed);NA;2;Straight - Grade;Public Vehicular Area;Dry;Two-Way, Not Divided;None;Driveway, Public;Coarse Asphalt;Piedmont;Urban;30 - 35  MPH;No Control Present;Cloudy;No;35.69427, -78.6159
396;397;Yes;16-19;17;Yes;With Traffic;C: Possible Injury;Travel Lane;Hispanic;Male;None - Rural Crash;Cleveland;Yes;NA;11/07/2011;Bicyclist Failed to Yield - Sign-Controlled Intersection;21;Intersection;01/07/2001;01/01/2001 21:13;Bicyclist Ride Through - Sign-Controlled Intersection;111144;2011;C: Possible Injury;Farms, Woods, Pastures;30-39;36;No;51-55 mph;O: No Injury;White;Male;Passenger Car;No;No;Dark - Roadway Not Lighted;Rural (<30% Developed);2 lanes;2;Straight - Level;NC Route;Dry;Two-Way, Not Divided;None;T-Intersection;Coarse Asphalt;Mountains;Rural;50 - 55  MPH;Stop Sign;Clear;No;35.41905, -81.6441
398;399;Yes;25-29;28;No;With Traffic;C: Possible Injury;Travel Lane;White;Male;Wrightsville Beach;New Hanover;No;01/01/2006;25/06/2011;Bicyclist Overtaking Motorist;8;Non-Intersection;01/06/2001;01/01/2001 08:37;Bicyclist Overtaking - Passing on Right;311241;2011;C: Possible Injury;Residential;60-69;63;No;21-25 mph;O: No Injury;White;Female;Passenger Car;No;No;Daylight;Urban (>70% Developed);NA;2;Straight - Level;Public Vehicular Area;Dry;Two-Way, Not Divided;None;Driveway, Public;Concrete;Coastal;Rural;20 - 25  MPH;Stop Sign;Clear;No;34.22707, -77.7826
401;402;No;20-24;20;No;With Traffic;B: Evident Injury;Travel Lane;White;Male;Asheville;Buncombe;No;01/01/2002;12/07/2011;Motorist Failed to Yield - Sign-Controlled Intersection;15;Intersection;01/07/2001;01/01/2001 15:49;Motorist Drive Out - Sign-Controlled Intersection;111141;2011;B: Evident Injury;Institutional;70+;NA;No;0-5 mph;O: No Injury;White;Male;Passenger Car;No;No;Daylight;Urban (>70% Developed);2 lanes;2;Curve - Grade;Local Street;Dry;Two-Way, Not Divided;None;T-Intersection;Smooth Asphalt;Mountains;Urban;20 - 25  MPH;Stop Sign;Clear;No;35.57397, -82.5541
403;404;Yes;10-juin;9;No;With Traffic;B: Evident Injury;Travel Lane;Hispanic;Female;Gastonia;Gaston;No;01/01/2007;19/06/2011;Bicyclist Failed to Yield - Sign-Controlled Intersection;17;Intersection;01/06/2001;01/01/2001 17:47;Bicyclist Ride Out - Sign-Controlled Intersection;111142;2011;B: Evident Injury;Residential;20-24;24;No;31-35 mph;O: No Injury;White;Male;Sport Utility;No;No;Daylight;Urban (>70% Developed);2 lanes;2;Straight - Level;Local Street;Dry;Two-Way, Not Divided;None;T-Intersection;Smooth Asphalt;Piedmont;Urban;30 - 35  MPH;No Control Present;Clear;No;35.24811, -81.2254
407;408;No;30-39;36;Yes;With Traffic;B: Evident Injury;Travel Lane;White;Male;Carolina Beach;New Hanover;Yes;01/01/2006;04/06/2011;Bicyclist Left Turn / Merge;18;Intersection-Related;01/06/2001;01/01/2001 18:05;Bicyclist Left Turn - Same Direction;211221;2011;B: Evident Injury;Residential;60-69;60;No;0-5 mph;O: No Injury;White;Female;Passenger Car;No;No;Dawn;Urban (>70% Developed);2 lanes;2;Straight - Level;Local Street;Dry;Two-Way, Divided, Positive Median Barrier;None;T-Intersection;Coarse Asphalt;Coastal;Urban;20 - 25  MPH;Stop Sign;Clear;No;34.02403, -77.8967
408;409;Yes;16-19;17;No;Facing Traffic;C: Possible Injury;Travel Lane;White;Male;Raleigh;Wake;No;NA;11/07/2011;Loss of Control / Turning Error;15;Non-Intersection;01/07/2001;01/01/2001 15:58;Bicyclist Lost Control - Other /;312129;2011;C: Possible Injury;Commercial;30-39;38;No;0-5 mph;O: No Injury;Black;Female;Van;No;No;Daylight;Urban (>70% Developed);NA;2;Straight - Level;Public Vehicular Area;Dry;Two-Way, Divided, Unprotected Median;None;Driveway, Public;Coarse Asphalt;Piedmont;Urban;5 - 15 MPH;No Control Present;Clear;No;35.9181, -78.7433
409;410;No;16-19;16;No;With Traffic;B: Evident Injury;Travel Lane;White;Female;Raleigh;Wake;No;NA;04/07/2011;Bicyclist Failed to Yield - Signalized Intersection;16;Intersection;01/07/2001;01/01/2001 16:14;Bicyclist Ride Through - Signalized Intersection;111155;2011;B: Evident Injury;Residential;30-39;30;No;26-30 mph;O: No Injury;White;Female;Passenger Car;No;No;Daylight;Urban (>70% Developed);2 lanes;2;Straight - Level;Local Street;Dry;Two-Way, Not Divided;None;Four-Way Intersection;Coarse Asphalt;Piedmont;Urban;30 - 35  MPH;Stop And Go Signal;Clear;No;35.79422, -78.6729
412;413;No;40-49;48;Yes;With Traffic;O: No Injury;Travel Lane;Black;Male;None - Rural Crash;Pitt;Yes;01/01/2004;14/07/2011;Motorist Overtaking Bicyclist;21;Non-Intersection;01/07/2001;01/01/2001 21:40;Motorist Overtaking - Undetected Bicyclist;311231;2011;O: No Injury;Farms, Woods, Pastures;30-39;37;No;41-45 mph;O: No Injury;Black;Female;Passenger Car;No;No;Dark - Roadway Not Lighted;Rural (<30% Developed);2 lanes;2;Straight - Level;State Secondary Route;Dry;Two-Way, Not Divided;None;No Special Feature;Coarse Asphalt;Coastal;Rural;40 - 45  MPH;No Control Present;Clear;No;35.6716, -77.3655
269;270;Yes;70+;NA;No;Facing Traffic;C: Possible Injury;Sidewalk / Crosswalk / Driveway Crossing;White;Male;Raleigh;Wake;No;NA;30/04/2007;Motorist Failed to Yield - Sign-Controlled Intersection;9;Intersection;01/04/2001;01/01/2001 09:20;Motorist Drive Out - Sign-Controlled Intersection;132141;2007;C: Possible Injury;Residential;40-49;43;No;NA;O: No Injury;Other;Male;Sport Utility;No;No;Daylight;Urban (>70% Developed);5 lanes;2;Straight - Level;Local Street;Dry;Two-Way, Not Divided;None;T-Intersection;Smooth Asphalt;Piedmont;Urban;40 - 45  MPH;Stop Sign;Clear;No;35.894333, -78.63542
278;279;Yes;50-59;54;No;With Traffic;B: Evident Injury;Travel Lane;White;Male;None - Rural Crash;Brunswick;No;01/01/2005;04/05/2007;Motorist Overtaking Bicyclist;22;Non-Intersection;01/05/2001;01/01/2001 22:16;Motorist Overtaking - Undetected Bicyclist;311231;2007;B: Evident Injury;Residential;0-19;16;No;41-45 mph;O: No Injury;Black;Female;Pickup;No;No;Dark - Roadway Not Lighted;Rural (<30% Developed);2 lanes;2;Straight - Level;State Secondary Route;Dry;Two-Way, Not Divided;None;No Special Feature;Coarse Asphalt;Coastal;Rural;40 - 45  MPH;No Control Present;Clear;No;34.246723, -78.05682
281;282;Yes;30-39;39;No;With Traffic;B: Evident Injury;Travel Lane;White;Male;Charlotte;Mecklenburg;No;01/01/2002;31/07/2007;Motorist Left Turn / Merge;6;Intersection;01/07/2001;01/01/2001 06:15;Motorist Left Turn - Opposite Direction;111212;2007;B: Evident Injury;Residential;50-59;51;No;26-30 mph;O: No Injury;Black;Female;Passenger Car;No;No;Dawn;Urban (>70% Developed);4 lanes;2;Straight - Level;Local Street;Dry;Two-Way, Not Divided;None;No Special Feature;Smooth Asphalt;Piedmont;Urban;30 - 35  MPH;No Control Present;Cloudy;No;35.135437, -80.83899
283;284;Yes;15-nov;12;No;NA;B: Evident Injury;Travel Lane;Black;Male;Chapel Hill;Orange;No;01/01/2006;05/05/2007;Bicyclist Failed to Yield - Sign-Controlled Intersection;16;Intersection;01/05/2001;01/01/2001 16:03;Bicyclist Ride Through - Sign-Controlled Intersection;119144;2007;B: Evident Injury;Residential;20-24;22;No;21-25 mph;O: No Injury;White;Male;Passenger Car;No;No;Daylight;Urban (>70% Developed);2 lanes;2;Straight - Grade;Local Street;Dry;Two-Way, Not Divided;None;T-Intersection;Smooth Asphalt;Piedmont;Urban;20 - 25  MPH;Stop Sign;Cloudy;No;35.918255, -79.058975
284;285;Yes;10-juin;8;No;With Traffic;B: Evident Injury;Travel Lane;Black;Female;Charlotte;Mecklenburg;No;NA;06/08/2007;Bicyclist Failed to Yield - Sign-Controlled Intersection;20;Intersection;01/08/2001;01/01/2001 20:57;Bicyclist Ride Through - Sign-Controlled Intersection;111144;2007;B: Evident Injury;Residential;60-69;67;No;16-20 mph;O: No Injury;Black;Male;Passenger Car;No;No;Dark - Lighted Roadway;Urban (>70% Developed);2 lanes;2;Straight - Bottom;Local Street;Dry;Two-Way, Not Divided;None;No Special Feature;Smooth Asphalt;Piedmont;Urban;20 - 25  MPH;Stop Sign;Clear;No;35.242996, -80.87635
285;286;Yes;50-59;52;No;With Traffic;C: Possible Injury;Travel Lane;White;Male;None - Rural Crash;Gaston;No;NA;07/05/2007;Motorist Overtaking Bicyclist;20;Non-Intersection;01/05/2001;01/01/2001 20:05;Motorist Overtaking - Misjudged Space;311232;2007;C: Possible Injury;Commercial;70+;NA;No;41-45 mph;O: No Injury;White;Male;Passenger Car;No;No;Daylight;Mixed (30% To 70% Developed);2 lanes;2;Curve - Level;NC Route;Dry;Two-Way, Not Divided;None;No Special Feature;Smooth Asphalt;Piedmont;Rural;40 - 45  MPH;Double Yellow Line, No Passing Zone;Clear;No;35.19683, -81.15235
290;291;Yes;10-juin;6;No;NA;A: Disabling Injury;Travel Lane;Black;Male;Winston-Salem;Forsyth;No;01/01/2002;08/05/2007;Other /  - Insufficient Details;17;Non-Intersection;01/05/2001;01/01/2001 17:05;Approach Paths;319970;2007;A: Disabling Injury;Residential;0-19;18;No;36-40 mph;O: No Injury;Black;Female;Passenger Car;Yes;Yes;Daylight;Urban (>70% Developed);2 lanes;2;Straight - Level;Local Street;Dry;Two-Way, Not Divided;None;No Special Feature;Smooth Asphalt;Piedmont;Urban;30 - 35  MPH;No Control Present;Clear;No;36.061554, -80.32381
293;294;Yes;10-juin;8;No;With Traffic;B: Evident Injury;Bike Lane / Paved Shoulder;White;Male;None - Rural Crash;Moore;No;01/01/2004;10/05/2007;Motorist Overtaking Bicyclist;20;Intersection;01/05/2001;01/01/2001 20:33;Motorist Overtaking - Bicyclist Swerved;121235;2007;B: Evident Injury;Residential;25-29;29;No;46-50 mph;O: No Injury;White;Male;Passenger Car;No;No;Dusk;Mixed (30% To 70% Developed);2 lanes;2;Straight - Level;State Secondary Route;Dry;Two-Way, Not Divided;None;Driveway, Private;Smooth Asphalt;Piedmont;Rural;50 - 55  MPH;Double Yellow Line, No Passing Zone;Clear;No;35.292057, -79.3359
296;297;No;16-19;18;No;With Traffic;C: Possible Injury;Sidewalk / Crosswalk / Driveway Crossing;Black;Male;Salisbury;Rowan;No;01/01/2005;03/08/2007;Motorist Right Turn / Merge;17;Intersection;01/08/2001;01/01/2001 17:02;Motorist Right Turn - Same Direction;131213;2007;C: Possible Injury;Commercial;20-24;21;No;11-15 mph;O: No Injury;White;Male;Pickup;No;No;Daylight;Urban (>70% Developed);2 lanes;2;Straight - Level;Local Street;Dry;Two-Way, Not Divided;None;No Special Feature;Coarse Asphalt;Piedmont;Urban;20 - 25  MPH;No Control Present;Clear;No;35.665035, -80.45466
298;299;Yes;20-24;24;No;With Traffic;B: Evident Injury;Travel Lane;Hispanic;Male;Monroe;Union;No;01/01/2004;09/08/2007;Motorist Left Turn / Merge;23;Intersection;01/08/2001;01/01/2001 23:33;Motorist Left Turn - Opposite Direction;111212;2007;B: Evident Injury;Commercial;40-49;43;No;16-20 mph;O: No Injury;White;Female;Passenger Car;No;No;Dark - Lighted Roadway;Mixed (30% To 70% Developed);2 lanes;2;Straight - Level;Local Street;Dry;Two-Way, Not Divided;None;T-Intersection;Smooth Asphalt;Piedmont;Urban;40 - 45  MPH;No Control Present;Clear;No;35.003513, -80.57293
299;300;Yes;15-nov;13;No;With Traffic;C: Possible Injury;Travel Lane;White;Male;None - Rural Crash;Pender;No;01/01/2005;11/05/2007;Bicyclist Left Turn / Merge;16;Intersection;01/05/2001;01/01/2001 16:24;Bicyclist Left Turn - Opposite Direction;111222;2007;C: Possible Injury;Residential;20-24;20;No;41-45 mph;O: No Injury;White;Male;Passenger Car;No;No;Daylight;Mixed (30% To 70% Developed);2 lanes;2;Straight - Level;State Secondary Route;Dry;Two-Way, Not Divided;None;Four-Way Intersection;Smooth Asphalt;Coastal;Rural;40 - 45  MPH;No Control Present;Clear;No;34.396053, -77.6546
302;303;Yes;20-24;21;No;Facing Traffic;A: Disabling Injury;Sidewalk / Crosswalk / Driveway Crossing;White;Male;High Point;Guilford;No;01/01/2005;11/05/2007;Crossing Paths - Other Circumstances;22;Intersection;01/05/2001;01/01/2001 22:19;Crossing Paths - Intersection - Other /;132180;2007;A: Disabling Injury;Commercial;20-24;22;No;6-10 mph;O: No Injury;White;Female;Sport Utility;No;No;Dark - Lighted Roadway;Urban (>70% Developed);4 lanes;2;Straight - Level;Local Street;Dry;Two-Way, Not Divided;None;On or Off Ramp;Smooth Asphalt;Piedmont;Urban;30 - 35  MPH;No Control Present;Clear;No;35.935772, -79.992195
313;314;Yes;0-5;5;No;NA;C: Possible Injury;Travel Lane;Hispanic;Male;None - Rural Crash;Henderson;No;01/01/2003;16/05/2007;Non-Roadway;18;Non-Roadway;01/05/2001;01/01/2001 18:29;Non-Roadway;410910;2007;C: Possible Injury;Residential;40-49;48;No;0-5 mph;O: No Injury;Hispanic;Female;Passenger Car;No;No;Daylight;Mixed (30% To 70% Developed);2 lanes;2;Straight - Level;Public Vehicular Area;Dry;Two-Way, Not Divided;None;Driveway, Public;Coarse Asphalt;Mountains;Rural;NA;No Control Present;Clear;No;35.2911, -82.41271
316;317;No;16-19;17;No;Facing Traffic;B: Evident Injury;Sidewalk / Crosswalk / Driveway Crossing;White;Male;Waynesville;Haywood;No;01/01/2003;16/05/2007;Motorist Failed to Yield - Signalized Intersection;13;Intersection;01/05/2001;01/01/2001 13:14;Motorist Drive Out - Right Turn on Red;132151;2007;B: Evident Injury;Commercial;70+;NA;No;NA;O: No Injury;/Missing;Male;Passenger Car;No;No;Daylight;Urban (>70% Developed);2 lanes;2;Straight - Level;Local Street;Dry;Two-Way, Not Divided;None;T-Intersection;Smooth Asphalt;Mountains;Urban;NA;Stop And Go Signal;Cloudy;No;35.500076, -82.98707
318;319;Yes;40-49;45;No;With Traffic;B: Evident Injury;Travel Lane;White;Male;Kernersville;Forsyth;No;01/01/2004;17/05/2007;Motorist Left Turn / Merge;16;Non-Intersection;01/05/2001;01/01/2001 16:47;Motorist Left Turn - Opposite Direction;311212;2007;B: Evident Injury;Commercial;30-39;31;No;0-5 mph;O: No Injury;White;Female;Passenger Car;No;No;Daylight;Urban (>70% Developed);3 lanes;2;Straight - Level;Local Street;Dry;Two-Way, Divided, Unprotected Median;None;T-Intersection;Coarse Asphalt;Piedmont;Urban;30 - 35  MPH;No Control Present;Clear;No;36.126545, -80.067566
324;325;Yes;15-nov;13;No;Facing Traffic;C: Possible Injury;Travel Lane;White;Female;Kill Devil Hills;Dare;No;01/01/2006;19/05/2007;Motorist Failed to Yield - Sign-Controlled Intersection;16;Intersection;01/05/2001;01/01/2001 16:11;Motorist Drive Out - Sign-Controlled Intersection;112141;2007;C: Possible Injury;Commercial;20-24;24;No;0-5 mph;O: No Injury;White;Male;Pickup;No;No;Daylight;Urban (>70% Developed);2 lanes;2;Straight - Level;Local Street;Dry;Two-Way, Divided, Unprotected Median;None;T-Intersection;Coarse Asphalt;Coastal;Urban;20 - 25  MPH;Stop Sign;Clear;No;36.01028, -75.658806
325;326;Yes;16-19;18;No;Not Applicable;C: Possible Injury;Non-Roadway;Black;Female;High Point;Guilford;No;01/01/2006;19/05/2007;Bicyclist Failed to Yield - Midblock;19;Non-Intersection;01/05/2001;01/01/2001 19:35;Bicyclist Ride Out - Other Midblock;363318;2007;C: Possible Injury;Residential;0-19;16;No;11-15 mph;O: No Injury;Black;Female;Passenger Car;No;No;Daylight;Urban (>70% Developed);2 lanes;2;Straight - Level;Local Street;Dry;Two-Way, Not Divided;None;No Special Feature;Smooth Asphalt;Piedmont;Urban;20 - 25  MPH;No Control Present;Clear;No;35.94435, -79.99211
339;340;Yes;15-nov;15;No;With Traffic;C: Possible Injury;Travel Lane;White;Male;None - Rural Crash;Guilford;No;01/01/2003;23/05/2007;Motorist Overtaking Bicyclist;19;Intersection;01/05/2001;01/01/2001 19:19;Motorist Overtaking - Bicyclist Swerved;111235;2007;C: Possible Injury;Residential;20-24;20;No;41-45 mph;O: No Injury;White;Female;Passenger Car;No;No;Daylight;Mixed (30% To 70% Developed);2 lanes;2;Straight - Grade;NC Route;Dry;Two-Way, Not Divided;None;T-Intersection;Coarse Asphalt;Piedmont;Rural;40 - 45  MPH;Double Yellow Line, No Passing Zone;Clear;No;35.92175, -79.931404
342;343;Yes;25-29;25;No;Facing Traffic;O: No Injury;Travel Lane;Black;Male;Cary;Wake;No;01/01/2003;22/08/2007;Crossing Paths - Other Circumstances;16;Intersection;01/08/2001;01/01/2001 16:49;Crossing Paths - Intersection - Other /;112180;2007;O: No Injury;Commercial;40-49;49;No;6-10 mph;O: No Injury;White;Female;Light Truck (Mini-Van, Panel);No;No;Daylight;Urban (>70% Developed);2 lanes;2;Straight - Level;Local Street;Dry;Two-Way, Not Divided;None;T-Intersection;Smooth Asphalt;Piedmont;Urban;5 - 15 MPH;No Control Present;Clear;No;35.786594, -78.781265
353;354;Yes;25-29;29;No;Facing Traffic;A: Disabling Injury;Travel Lane;Black;Male;Charlotte;Mecklenburg;No;01/01/2006;26/05/2007;Head-On;1;Non-Intersection;01/05/2001;01/01/2001 01:22;Head-On - Bicyclist;312250;2007;A: Disabling Injury;Commercial;NA;NA;Missing;21-25 mph;Injury;/Missing;NA;NA;No;Yes;Dark - Lighted Roadway;Urban (>70% Developed);3 lanes;2;Straight - Level;Local Street;Dry;One-Way, Not Divided;None;No Special Feature;Smooth Asphalt;Piedmont;Urban;30 - 35  MPH;No Control Present;Clear;No;35.230537, -80.844795
356;357;Yes;10-juin;8;No;NA;B: Evident Injury;Travel Lane;Black;Male;High Point;Guilford;No;01/01/2007;29/04/2007;Bicyclist Failed to Yield - Sign-Controlled Intersection;19;Intersection;01/04/2001;01/01/2001 19:38;Bicyclist Ride Through - Sign-Controlled Intersection;119144;2007;B: Evident Injury;Residential;50-59;55;No;21-25 mph;O: No Injury;Black;Female;Passenger Car;No;No;Daylight;Mixed (30% To 70% Developed);2 lanes;2;Straight - Hillcrest;Local Street;Dry;Two-Way, Not Divided;None;No Special Feature;Coarse Asphalt;Piedmont;Urban;20 - 25  MPH;Stop Sign;Clear;No;35.958134, -79.99489
365;366;No;20-24;23;No;Facing Traffic;C: Possible Injury;Travel Lane;White;Female;Wilmington;New Hanover;No;01/01/2002;29/05/2007;Bicyclist Failed to Yield - Signalized Intersection;14;Intersection;01/05/2001;01/01/2001 14:42;Bicyclist Ride Through - Signalized Intersection;112155;2007;C: Possible Injury;Residential;60-69;67;No;6-10 mph;O: No Injury;White;Female;Passenger Car;No;No;Daylight;Urban (>70% Developed);3 lanes;2;Straight - Level;Local Street;Dry;Two-Way, Not Divided;None;Driveway, Public;Smooth Asphalt;Coastal;Urban;30 - 35  MPH;Stop And Go Signal;Clear;No;34.23159, -77.87963
366;367;No;NA;NA;Missing;NA;Injury;Non-Roadway;/Missing;NA;Raleigh;Wake;No;01/01/2003;30/05/2007;Non-Roadway;21;Non-Roadway;01/05/2001;01/01/2001 21:41;Non-Roadway;460910;2007;Injury;Residential;NA;NA;Missing;NA;Injury;/Missing;NA;Passenger Car;No;No;Dusk;Urban (>70% Developed);2 lanes;2;Curve - Grade;Local Street;Dry;Two-Way, Not Divided;None;Driveway, Public;Coarse Asphalt;Piedmont;Urban;5 - 15 MPH;No Control Present;Clear;No;35.882755, -78.56039
370;371;Yes;30-39;33;No;NA;B: Evident Injury;NA;White;Male;Smithfield;Johnston;No;01/01/2002;29/05/2007;Other /  - Insufficient Details;17;Location;01/05/2001;01/01/2001 17:00;Location;999980;2007;B: Evident Injury;Commercial;50-59;56;No;0-5 mph;O: No Injury;White;Male;Pickup;No;Yes;Daylight;Urban (>70% Developed);4 lanes;2;Straight - Level;US Route;Dry;Two-Way, Not Divided;None;No Special Feature;Coarse Asphalt;Coastal;Urban;20 - 25  MPH;Stop And Go Signal;Clear;No;35.5119, -78.3478
373;374;No;16-19;16;No;With Traffic;C: Possible Injury;Travel Lane;Black;Female;Charlotte;Mecklenburg;No;01/01/2007;02/09/2007;Motorist Overtaking Bicyclist;20;Non-Intersection;01/09/2001;01/01/2001 20:03;Motorist Overtaking - Misjudged Space;311232;2007;C: Possible Injury;Commercial;NA;NA;Missing;NA;Injury;/Missing;NA;NA;No;Yes;Daylight;Mixed (30% To 70% Developed);2 lanes;2;Straight - Level;Local Street;Dry;Two-Way, Not Divided;None;No Special Feature;Concrete;Piedmont;Urban;NA;No Control Present;Clear;No;35.25503, -80.89756
382;383;No;10-juin;10;No;With Traffic;O: No Injury;Bike Lane / Paved Shoulder;Black;Male;Durham;Durham;No;01/01/2006;08/09/2007;Bicyclist Left Turn / Merge;19;Non-Intersection;01/09/2001;01/01/2001 19:26;Bicyclist Left Turn - Same Direction;321221;2007;O: No Injury;Residential;30-39;35;No;0-5 mph;O: No Injury;Black;Female;Passenger Car;No;No;Daylight;Urban (>70% Developed);2 lanes;2;Straight - Level;Local Street;Dry;Two-Way, Not Divided;None;No Special Feature;Smooth Asphalt;Piedmont;Urban;5 - 15 MPH;No Control Present;Clear;No;35.987988, -78.826965
385;386;Yes;60-69;66;No;Not Applicable;C: Possible Injury;NA;White;Male;Fayetteville;Cumberland;No;01/01/2002;05/06/2007;Bicyclist Failed to Yield - Midblock;20;Non-Intersection;01/06/2001;01/01/2001 20:19;Bicyclist Ride Out - Midblock -;393319;2007;C: Possible Injury;Commercial;30-39;39;No;36-40 mph;O: No Injury;Black;Female;Passenger Car;No;No;Dark - Lighted Roadway;Urban (>70% Developed);3 lanes;2;Straight - Level;Local Street;Dry;Two-Way, Divided, Unprotected Median;None;No Special Feature;Coarse Asphalt;Coastal;Urban;40 - 45  MPH;No Control Present;Clear;No;35.029808, -78.933716
387;388;No;10-juin;7;No;With Traffic;B: Evident Injury;Travel Lane;White;Male;Hickory;Catawba;No;01/01/2002;05/06/2007;Bicyclist Failed to Yield - Sign-Controlled Intersection;20;Intersection;01/06/2001;01/01/2001 20:02;Bicyclist Ride Through - Sign-Controlled Intersection;111144;2007;B: Evident Injury;Residential;70+;NA;No;21-25 mph;O: No Injury;White;Female;Passenger Car;No;No;Daylight;Urban (>70% Developed);2 lanes;2;Straight - Level;Local Street;Dry;Two-Way, Not Divided;None;Four-Way Intersection;Smooth Asphalt;Piedmont;Urban;20 - 25  MPH;Stop Sign;Clear;No;35.737984, -81.35198
389;390;Yes;16-19;19;No;With Traffic;C: Possible Injury;Travel Lane;Black;Male;Charlotte;Mecklenburg;No;01/01/2003;01/08/2007;Motorist Overtaking Bicyclist;19;Non-Intersection;01/08/2001;01/01/2001 19:16;Motorist Overtaking - Other /;311239;2007;C: Possible Injury;Residential;NA;NA;Missing;NA;Injury;/Missing;NA;NA;No;Yes;Dusk;Urban (>70% Developed);2 lanes;2;Curve - Level;Local Street;Dry;Two-Way, Not Divided;None;No Special Feature;Smooth Asphalt;Piedmont;Urban;NA;No Control Present;Clear;No;35.242146, -80.88327
394;395;Yes;30-39;32;Yes;With Traffic;B: Evident Injury;Travel Lane;White;Female;Asheville;Buncombe;Yes;01/01/2004;07/06/2007;Motorist Left Turn / Merge;1;Intersection;01/06/2001;01/01/2001 01:54;Motorist Left Turn - Opposite Direction;111212;2007;B: Evident Injury;Commercial;25-29;26;No;16-20 mph;O: No Injury;White;Male;Passenger Car;No;No;Dark - Lighted Roadway;Urban (>70% Developed);3 lanes;2;Curve - Grade;Interstate;Dry;Two-Way, Not Divided;None;On or Off Ramp;Smooth Asphalt;Mountains;Urban;30 - 35  MPH;Stop And Go Signal;Clear;No;35.59895, -82.553505
395;396;Yes;25-29;26;No;With Traffic;B: Evident Injury;Travel Lane;White;Male;Asheville;Buncombe;No;01/01/2005;08/06/2007;Bicyclist Overtaking Motorist;13;Non-Intersection;01/06/2001;01/01/2001 13:10;Bicyclist Overtaking - Passing on Left;311242;2007;B: Evident Injury;Commercial;60-69;60;No;6-10 mph;O: No Injury;White;Female;Passenger Car;No;No;Daylight;Urban (>70% Developed);2 lanes;2;Straight - Level;Local Street;Dry;Two-Way, Not Divided;None;T-Intersection;Coarse Asphalt;Mountains;Urban;20 - 25  MPH;Double Yellow Line, No Passing Zone;Clear;No;35.584328, -82.56653
416;417;No;25-29;29;No;With Traffic;C: Possible Injury;Travel Lane;White;Female;Durham;Durham;No;NA;17/09/2007;Motorist Left Turn / Merge;19;Intersection;01/09/2001;01/01/2001 19:14;Motorist Left Turn - Opposite Direction;111212;2007;C: Possible Injury;Residential;20-24;23;No;26-30 mph;O: No Injury;Hispanic;Female;Passenger Car;No;No;Dusk;Urban (>70% Developed);2 lanes;2;Straight - Grade;Local Street;Dry;Two-Way, Not Divided;None;Four-Way Intersection;Smooth Asphalt;Piedmont;Urban;30 - 35  MPH;Stop Sign;Clear;No;35.996624, -78.921196