FID;OBJECTID;AmbulanceR;BikeAge_Gr;Bike_Age;Bike_Alc_D;Bike_Dir;Bike_Injur;Bike_Pos;Bike_Race;Bike_Sex;City;County;CrashAlcoh;CrashDay;Crash_Date;Crash_Grp;Crash_Hour;Crash_Loc;Crash_Mont;Crash_Time;Crash_Type;Crash_Ty_1;Crash_Year;Crsh_Sevri;Developmen;DrvrAge_Gr;Drvr_Age;Drvr_Alc_D;Drvr_EstSp;Drvr_Injur;Drvr_Race;Drvr_Sex;Drvr_VehTy;ExcsSpdInd;Hit_Run;Light_Cond;Locality;Num_Lanes;Num_Units;Rd_Charact;Rd_Class;Rd_Conditi;Rd_Config;Rd_Defects;Rd_Feature;Rd_Surface;Region;Rural_Urba;Speed_Limi;Traff_Cntr;Weather;Workzone_I;Location
419;420;Yes;10-juin;9;No;NA;C: Possible Injury;Non-Roadway;Black;Male;Greensboro;Guilford;No;01/01/2002;12/06/2007;Non-Roadway;17;Non-Roadway;01/06/2001;01/01/2001 17:43;Non-Roadway;460910;2007;C: Possible Injury;Residential;20-24;24;No;NA;O: No Injury;Black;Female;Passenger Car;No;No;Daylight;Urban (>70% Developed);2 lanes;2;Straight - Level;Local Street;Dry;Two-Way, Not Divided;None;No Special Feature;Smooth Asphalt;Piedmont;Urban;NA;No Control Present;Clear;No;36.08717, -79.75323
433;434;Yes;70+;NA;No;Facing Traffic;B: Evident Injury;Bike Lane / Paved Shoulder;White;Female;None - Rural Crash;Hyde;No;NA;18/06/2007;Motorist Failed to Yield - Midblock;13;Non-Intersection;01/06/2001;01/01/2001 13:56;Motorist Drive Out - Commercial Driveway / Alley;322322;2007;B: Evident Injury;Commercial;25-29;29;No;0-5 mph;O: No Injury;White;Male;Pickup;No;No;Daylight;Urban (>70% Developed);2 lanes;2;Straight - Level;NC Route;Sand, Mud, Dirt, Gravel;Two-Way, Not Divided;None;Driveway, Public;Gravel;Coastal;Rural;5 - 15 MPH;Double Yellow Line, No Passing Zone;Clear;No;35.10717, -75.97264
438;439;Yes;10-juin;7;No;Not Applicable;B: Evident Injury;Driveway / Alley;Black;Female;Roanoke Rapids;Halifax;No;01/01/2004;21/06/2007;Bicyclist Failed to Yield - Midblock;19;Non-Intersection;01/06/2001;01/01/2001 19:30;Bicyclist Ride Out - Commercial Driveway / Alley;353312;2007;B: Evident Injury;Commercial;25-29;28;No;16-20 mph;O: No Injury;Black;Male;Passenger Car;No;No;Daylight;Urban (>70% Developed);2 lanes;2;Straight - Level;Local Street;Dry;Two-Way, Not Divided;None;Alley Intersection;Concrete;Coastal;Urban;20 - 25  MPH;No Control Present;Clear;No;36.46802, -77.65189
446;447;Yes;16-19;17;No;With Traffic;A: Disabling Injury;Travel Lane;Hispanic;Male;None - Rural Crash;Wilson;No;01/01/2005;22/06/2007;Bicyclist Left Turn / Merge;12;Non-Intersection;01/06/2001;01/01/2001 12:11;Bicyclist Left Turn - Same Direction;311221;2007;A: Disabling Injury;Farms, Woods, Pastures;30-39;34;No;41-45 mph;O: No Injury;Black;Male;Passenger Car;No;No;Daylight;Rural (<30% Developed);1 lane;2;Straight - Level;State Secondary Route;Dry;One-Way, Not Divided;None;No Special Feature;Coarse Asphalt;Coastal;Rural;50 - 55  MPH;No Control Present;Clear;No;35.825718, -77.856865
447;448;No;20-24;22;No;With Traffic;O: No Injury;Travel Lane;White;Male;None - Rural Crash;Iredell;No;01/01/2006;23/06/2007;Motorist Overtaking Bicyclist;21;Non-Intersection;01/06/2001;01/01/2001 21:09;Motorist Overtaking - Undetected Bicyclist;311231;2007;O: No Injury;Farms, Woods, Pastures;50-59;50;No;51-55 mph;O: No Injury;White;Female;Van;No;No;Dark - Roadway Not Lighted;Rural (<30% Developed);2 lanes;2;Straight - Level;State Secondary Route;Dry;Two-Way, Not Divided;None;No Special Feature;Coarse Asphalt;Piedmont;Rural;50 - 55  MPH;Double Yellow Line, No Passing Zone;Clear;No;35.659843, -80.80211
449;450;Yes;40-49;46;No;With Traffic;B: Evident Injury;Sidewalk / Crosswalk / Driveway Crossing;Black;Male;Charlotte;Mecklenburg;No;01/01/2003;26/09/2007;Motorist Failed to Yield - Sign-Controlled Intersection;19;Intersection;01/09/2001;01/01/2001 19:55;Motorist Drive Out - Sign-Controlled Intersection;131141;2007;B: Evident Injury;Residential;50-59;56;No;26-30 mph;O: No Injury;Black;Male;Passenger Car;No;No;Dark - Lighted Roadway;Urban (>70% Developed);2 lanes;2;Straight - Level;Local Street;Dry;Two-Way, Not Divided;None;No Special Feature;Concrete;Piedmont;Urban;20 - 25  MPH;No Control Present;Clear;No;35.209763, -80.874054
456;457;Yes;20-24;23;No;With Traffic;B: Evident Injury;Travel Lane;Hispanic;Male;Wilson;Wilson;No;01/01/2007;24/06/2007;Motorist Failed to Yield - Signalized Intersection;12;Intersection;01/06/2001;01/01/2001 12:29;Motorist Drive Out - Right Turn on Red;111151;2007;B: Evident Injury;Commercial;70+;NA;No;0-5 mph;O: No Injury;Black;Male;Taxicab;No;No;Daylight;Urban (>70% Developed);3 lanes;2;Straight - Level;Local Street;Dry;Two-Way, Not Divided;None;Four-Way Intersection;Coarse Asphalt;Coastal;Urban;30 - 35  MPH;Stop And Go Signal;Clear;No;35.724144, -77.91144
458;459;No;15-nov;12;No;With Traffic;B: Evident Injury;Travel Lane;Black;Female;Raleigh;Wake;No;NA;25/06/2007;Bicyclist Failed to Yield - Sign-Controlled Intersection;15;Intersection;01/06/2001;01/01/2001 15:41;Bicyclist Ride Out - Sign-Controlled Intersection;111142;2007;B: Evident Injury;Residential;20-24;21;No;31-35 mph;O: No Injury;Black;Female;Passenger Car;No;No;Daylight;Urban (>70% Developed);8 lanes;2;Straight - Level;Local Street;Dry;Two-Way, Not Divided;None;Four-Way Intersection;Concrete;Piedmont;Urban;30 - 35  MPH;Stop Sign;Clear;No;35.78253, -78.62061
461;462;Yes;16-19;16;No;With Traffic;B: Evident Injury;Travel Lane;White;Male;None - Rural Crash;Onslow;No;01/01/2002;26/06/2007;Bicyclist Left Turn / Merge;17;Non-Intersection;01/06/2001;01/01/2001 17:14;Bicyclist Left Turn - Opposite Direction;311222;2007;B: Evident Injury;Farms, Woods, Pastures;20-24;23;No;41-45 mph;O: No Injury;White;Male;Pickup;No;No;Daylight;Rural (<30% Developed);2 lanes;2;Straight - Level;NC Route;Dry;Two-Way, Not Divided;None;No Special Feature;Smooth Asphalt;Coastal;Rural;50 - 55  MPH;No Control Present;Clear;No;34.698425, -77.23439
466;467;Yes;40-49;49;No;With Traffic;K: Killed;Travel Lane;White;Female;Raleigh;Wake;No;NA;25/06/2007;Motorist Failed to Yield - Sign-Controlled Intersection;16;Intersection;01/06/2001;01/01/2001 16:53;Motorist Drive Out - Sign-Controlled Intersection;111141;2007;K: Killed;Residential;60-69;65;No;0-5 mph;O: No Injury;White;Female;Passenger Car;No;No;Daylight;Urban (>70% Developed);2 lanes;2;Straight - Grade;Local Street;Dry;Two-Way, Not Divided;None;T-Intersection;Coarse Asphalt;Piedmont;Urban;30 - 35  MPH;Stop Sign;Clear;No;35.773453, -78.73626
472;473;Yes;15-nov;13;No;Not Applicable;B: Evident Injury;Non-Roadway;White;Male;Wilmington;New Hanover;No;01/01/2003;27/06/2007;Bicyclist Failed to Yield - Midblock;12;Non-Intersection;01/06/2001;01/01/2001 12:50;Bicyclist Ride Out - Commercial Driveway / Alley;363312;2007;B: Evident Injury;Commercial;20-24;20;No;16-20 mph;O: No Injury;White;Female;Passenger Car;No;No;Daylight;Urban (>70% Developed);5 lanes;2;Straight - Level;Local Street;Dry;Two-Way, Not Divided;None;No Special Feature;Coarse Asphalt;Coastal;Urban;40 - 45  MPH;No Control Present;Clear;No;34.26139, -77.830086
476;477;No;15-nov;14;No;NA;B: Evident Injury;Non-Roadway;Black;Male;Burlington;Alamance;No;01/01/2005;29/06/2007;Non-Roadway;14;Non-Roadway;01/06/2001;01/01/2001 14:36;Non-Roadway;460910;2007;B: Evident Injury;Commercial;30-39;35;No;6-10 mph;O: No Injury;White;Female;Passenger Car;No;No;Daylight;Urban (>70% Developed);NA;2;Straight - Level;Public Vehicular Area;Dry;One-Way, Not Divided;None;No Special Feature;Smooth Asphalt;Piedmont;Urban;NA;No Control Present;Clear;No;36.091724, -79.390274
481;482;Yes;30-39;37;No;With Traffic;B: Evident Injury;Travel Lane;White;Male;Huntersville;Mecklenburg;No;01/01/2003;22/08/2007;Loss of Control / Turning Error;7;Non-Intersection;01/08/2001;01/01/2001 07:43;Bicyclist Lost Control - Mechanical Problems;311121;2007;B: Evident Injury;Commercial;50-59;58;No;6-10 mph;O: No Injury;White;Male;Single Unit Truck (3 Or More Axles);No;No;Daylight;Urban (>70% Developed);2 lanes;2;Straight - Level;Local Street;Dry;Two-Way, Not Divided;None;Four-Way Intersection;Smooth Asphalt;Piedmont;Urban;20 - 25  MPH;Stop And Go Signal;Clear;No;35.410664, -80.842896
485;486;No;60-69;63;No;With Traffic;B: Evident Injury;Travel Lane;White;Male;Eden;Rockingham;No;01/01/2002;28/08/2007;Other / Unusual Circumstances;14;Non-Intersection;01/08/2001;01/01/2001 14:40;Unusual Circumstances;311800;2007;B: Evident Injury;Commercial;60-69;67;No;41-45 mph;O: No Injury;White;Male;Single Unit Truck (2-Axle, 6-Tire);No;No;Daylight;Urban (>70% Developed);2 lanes;2;Straight - Grade;Local Street;Dry;Two-Way, Not Divided;None;No Special Feature;Smooth Asphalt;Piedmont;Urban;40 - 45  MPH;No Control Present;Cloudy;No;36.516785, -79.74948
496;497;Yes;20-24;20;No;Facing Traffic;B: Evident Injury;Travel Lane;White;Female;Kill Devil Hills;Dare;No;NA;02/07/2007;Motorist Failed to Yield - Midblock;11;Non-Intersection;01/07/2001;01/01/2001 11:47;Motorist Drive Out - Commercial Driveway / Alley;312322;2007;B: Evident Injury;Commercial;40-49;49;No;0-5 mph;O: No Injury;Asian;Male;Passenger Car;No;No;Daylight;Urban (>70% Developed);5 lanes;2;Straight - Level;US Route;Dry;Two-Way, Not Divided;None;No Special Feature;Coarse Asphalt;Coastal;Urban;NA;No Control Present;Clear;No;35.99272, -75.6485
10;11;Yes;50-59;58;No;With Traffic;K: Killed;Travel Lane;White;Male;Charlotte;Mecklenburg;No;01/01/2005;08/02/2008;Motorist Left Turn / Merge;15;Intersection;01/02/2001;01/01/2001 15:51;Motorist Left Turn - Opposite Direction;111212;2008;K: Killed;Commercial;50-59;50;No;21-25 mph;O: No Injury;Black;Female;Passenger Car;No;No;Daylight;Urban (>70% Developed);3 lanes;2;Curve - Hillcrest;Local Street;Dry;Two-Way, Divided, Positive Median Barrier;None;Four-Way Intersection;Smooth Asphalt;Piedmont;Urban;30 - 35  MPH;Stop And Go Signal;Clear;No;0.0, 0.0
35;36;Yes;25-29;29;No;With Traffic;B: Evident Injury;Travel Lane;White;Male;Charlotte;Mecklenburg;No;01/01/2003;02/04/2008;Loss of Control / Turning Error;10;Intersection-Related;01/04/2001;01/01/2001 10:27;Motorist Lost Control - Other /;211139;2008;B: Evident Injury;Residential;0-19;19;No;6-10 mph;O: No Injury;White;Male;Passenger Car;No;No;Daylight;Mixed (30% To 70% Developed);2 lanes;3;Straight - Level;Local Street;Dry;Two-Way, Not Divided;None;T-Intersection;Smooth Asphalt;Piedmont;Urban;40 - 45  MPH;Stop Sign;Clear;No;0.0, 0.0
37;38;No;10-juin;10;No;With Traffic;C: Possible Injury;Travel Lane;Black;Male;Gastonia;Gaston;No;01/01/2003;09/01/2008;Bicyclist Failed to Yield - Sign-Controlled Intersection;16;Intersection;NA;01/01/2001 16:05;Bicyclist Ride Through - Sign-Controlled Intersection;111144;2008;C: Possible Injury;Residential;30-39;33;No;16-20 mph;O: No Injury;White;Male;Pickup;No;No;Daylight;Urban (>70% Developed);2 lanes;2;Straight - Level;Local Street;Dry;Two-Way, Not Divided;None;Four-Way Intersection;Coarse Asphalt;Piedmont;Urban;20 - 25  MPH;Stop Sign;Clear;No;0.0, 0.0
42;43;No;10-juin;8;No;With Traffic;O: No Injury;Travel Lane;Black;Male;Durham;Durham;No;01/01/2004;03/04/2008;Bicyclist Failed to Yield - Sign-Controlled Intersection;17;Intersection;01/04/2001;01/01/2001 17:28;Bicyclist Ride Out - Sign-Controlled Intersection;111142;2008;O: No Injury;Residential;70+;NA;No;31-35 mph;O: No Injury;Black;Female;Passenger Car;No;No;Daylight;Urban (>70% Developed);2 lanes;2;Straight - Level;Local Street;Wet;Two-Way, Divided, Unprotected Median;None;Four-Way Intersection;Smooth Asphalt;Piedmont;Urban;30 - 35  MPH;Stop Sign;Rain;No;0.0, 0.0
50;51;Yes;40-49;44;No;With Traffic;C: Possible Injury;Travel Lane;White;Male;Wilmington;New Hanover;No;01/01/2002;15/01/2008;Bicyclist Overtaking Motorist;23;Intersection-Related;NA;01/01/2001 23:21;Bicyclist Overtaking - Parked Vehicle;211243;2008;C: Possible Injury;Commercial;NA;NA;Missing;0-5 mph;Injury;/Missing;NA;Passenger Car;No;No;Dark - Lighted Roadway;Urban (>70% Developed);2 lanes;2;Straight - Hillcrest;Local Street;Dry;Two-Way, Not Divided;None;No Special Feature;Coarse Asphalt;Coastal;Urban;20 - 25  MPH;Missing;Clear;No;0.0, 0.0
51;52;Yes;16-19;18;No;With Traffic;O: No Injury;Sidewalk / Crosswalk / Driveway Crossing;Black;Male;Pembroke;Robeson;No;01/01/2004;03/04/2008;Crossing Paths - Other Circumstances;16;Intersection;01/04/2001;01/01/2001 16:38;Crossing Paths - Uncontrolled Intersection;131160;2008;O: No Injury;Residential;40-49;43;No;26-30 mph;O: No Injury;Native American;Female;Passenger Car;No;No;Daylight;Urban (>70% Developed);4 lanes;2;Straight - Level;Local Street;Wet;Two-Way, Not Divided;None;No Special Feature;Smooth Asphalt;Coastal;Rural;30 - 35  MPH;No Control Present;Clear;No;0.0, 0.0
54;55;Yes;40-49;40;No;With Traffic;B: Evident Injury;Bike Lane / Paved Shoulder;Black;Male;Fayetteville;Cumberland;No;NA;21/01/2008;Motorist Overtaking Bicyclist;14;Non-Intersection;NA;01/01/2001 14:44;Motorist Overtaking - Other /;321239;2008;B: Evident Injury;Commercial;60-69;64;No;41-45 mph;O: No Injury;White;Male;Sport Utility;No;No;Daylight;Urban (>70% Developed);4 lanes;2;Curve - Hillcrest;Local Street;Dry;Two-Way, Divided, Unprotected Median;None;No Special Feature;Smooth Asphalt;Coastal;Urban;50 - 55  MPH;No Control Present;Clear;No;0.0, 0.0
61;62;Yes;50-59;53;No;With Traffic;B: Evident Injury;Travel Lane;White;Male;None - Rural Crash;Cleveland;No;01/01/2006;12/04/2008;Motorist Overtaking Bicyclist;10;Non-Intersection;01/04/2001;01/01/2001 10:48;Motorist Overtaking - Misjudged Space;311232;2008;B: Evident Injury;Farms, Woods, Pastures;50-59;50;No;41-45 mph;O: No Injury;White;Male;Pickup;No;No;Daylight;Rural (<30% Developed);2 lanes;2;Straight - Level;NC Route;Wet;Two-Way, Not Divided;None;No Special Feature;Smooth Asphalt;Mountains;Rural;50 - 55  MPH;No Control Present;Rain;No;0.0, 0.0
77;78;Yes;50-59;50;Yes;With Traffic;C: Possible Injury;Travel Lane;White;Male;None - Rural Crash;Vance;Yes;01/01/2005;01/02/2008;Motorist Overtaking Bicyclist;18;Non-Intersection;01/02/2001;01/01/2001 18:14;Motorist Overtaking - Bicyclist Swerved;311235;2008;C: Possible Injury;Residential;60-69;62;No;51-55 mph;O: No Injury;White;Male;Pickup;No;No;Dark - Roadway Not Lighted;Mixed (30% To 70% Developed);2 lanes;2;Straight - Level;State Secondary Route;Dry;Two-Way, Not Divided;None;No Special Feature;Smooth Asphalt;Piedmont;Rural;50 - 55  MPH;Missing;Clear;No;0.0, 0.0
78;79;No;30-39;33;No;With Traffic;O: No Injury;Travel Lane;White;Male;Charlotte;Mecklenburg;No;01/01/2003;16/04/2008;Motorist Overtaking Bicyclist;16;Non-Intersection;01/04/2001;01/01/2001 16:22;Motorist Overtaking - Other /;311239;2008;O: No Injury;Residential;NA;NA;Missing;21-25 mph;Injury;/Missing;NA;Passenger Car;No;Yes;Daylight;Urban (>70% Developed);2 lanes;2;Straight - Level;Local Street;Dry;Two-Way, Not Divided;None;No Special Feature;Smooth Asphalt;Piedmont;Urban;20 - 25  MPH;No Control Present;Clear;No;0.0, 0.0
82;83;Yes;30-39;30;Yes;With Traffic;B: Evident Injury;Travel Lane;White;Male;Carrboro;Orange;Yes;01/01/2005;01/02/2008;Motorist Left Turn / Merge;22;Intersection;01/02/2001;01/01/2001 22:46;Motorist Left Turn - Opposite Direction;111212;2008;B: Evident Injury;Residential;40-49;43;No;16-20 mph;O: No Injury;Asian;Male;Passenger Car;No;No;Dark - Lighted Roadway;Urban (>70% Developed);3 lanes;2;Straight - Level;Local Street;Dry;Two-Way, Not Divided;None;T-Intersection;Coarse Asphalt;Piedmont;Urban;20 - 25  MPH;Stop Sign;Clear;No;0.0, 0.0
84;85;No;10-juin;8;No;Not Applicable;O: No Injury;Other;Black;Male;Chadbourn;Columbus;No;01/01/2006;02/02/2008;Bicyclist Failed to Yield - Midblock;14;Non-Intersection;01/02/2001;01/01/2001 14:19;Bicyclist Ride Out - Other Midblock;383318;2008;O: No Injury;Institutional;0-19;19;No;6-10 mph;O: No Injury;Black;Male;Pickup;No;No;Daylight;Urban (>70% Developed);2 lanes;2;Straight - Level;Local Street;Dry;Two-Way, Not Divided;None;No Special Feature;Smooth Asphalt;Coastal;Rural;20 - 25  MPH;No Control Present;Clear;No;0.0, 0.0
86;87;No;15-nov;13;No;With Traffic;O: No Injury;Travel Lane;White;Male;None - Rural Crash;New Hanover;No;NA;04/02/2008;Bicyclist Failed to Yield - Sign-Controlled Intersection;10;Intersection;01/02/2001;01/01/2001 10:45;Bicyclist Ride Through - Sign-Controlled Intersection;111144;2008;O: No Injury;Residential;50-59;56;No;16-20 mph;O: No Injury;White;Female;Sport Utility;No;No;NA;Rural (<30% Developed);2 lanes;2;Straight - Level;State Secondary Route;NA;Two-Way, Not Divided;NA;Four-Way Intersection;Smooth Asphalt;Coastal;Rural;30 - 35  MPH;Stop Sign;Other;No;0.0, 0.0
112;113;No;30-39;37;No;With Traffic;O: No Injury;Sidewalk / Crosswalk / Driveway Crossing;Black;Male;Charlotte;Mecklenburg;No;01/01/2003;16/04/2008;Motorist Right Turn / Merge;19;Intersection;01/04/2001;01/01/2001 19:01;Motorist Right Turn - Same Direction;131213;2008;O: No Injury;Commercial;NA;NA;No;NA;Injury;Black;Male;Passenger Car;No;Yes;Daylight;Mixed (30% To 70% Developed);2 lanes;2;Straight - Level;Local Street;Dry;Two-Way, Divided, Positive Median Barrier;None;No Special Feature;Smooth Asphalt;Piedmont;Urban;NA;Stop And Go Signal;Clear;No;0.0, 0.0
118;119;Yes;25-29;26;No;With Traffic;B: Evident Injury;Travel Lane;Black;Male;Durham;Durham;No;01/01/2002;19/02/2008;Motorist Overtaking Bicyclist;19;Non-Intersection;01/02/2001;01/01/2001 19:14;Motorist Overtaking - Other /;311239;2008;B: Evident Injury;Residential;NA;NA;Missing;41-45 mph;Injury;/Missing;NA;NA;No;Yes;Dark - Roadway Not Lighted;Mixed (30% To 70% Developed);2 lanes;2;Straight - Level;State Secondary Route;Dry;Two-Way, Not Divided;None;No Special Feature;Smooth Asphalt;Piedmont;Urban;40 - 45  MPH;Double Yellow Line, No Passing Zone;Clear;No;0.0, 0.0
119;120;No;10-juin;10;No;With Traffic;O: No Injury;Bike Lane / Paved Shoulder;White;Male;None - Rural Crash;Brunswick;No;01/01/2002;19/02/2008;Bicyclist Left Turn / Merge;18;Non-Intersection;01/02/2001;01/01/2001 18:14;Bicyclist Left Turn - Same Direction;321221;2008;O: No Injury;Farms, Woods, Pastures;60-69;62;No;NA;O: No Injury;White;Female;Passenger Car;No;No;Daylight;Rural (<30% Developed);2 lanes;2;Straight - Level;State Secondary Route;Dry;Two-Way, Not Divided;None;No Special Feature;Coarse Asphalt;Coastal;Rural;NA;Missing;Clear;No;0.0, 0.0
137;138;No;16-19;19;No;With Traffic;C: Possible Injury;Travel Lane;White;Male;Goldsboro;Wayne;No;01/01/2006;01/03/2008;Bicyclist Overtaking Motorist;15;Intersection;01/03/2001;01/01/2001 15:23;Bicyclist Overtaking - Passing on Right;111241;2008;C: Possible Injury;Commercial;60-69;61;No;0-5 mph;O: No Injury;White;Female;Passenger Car;No;No;Daylight;Urban (>70% Developed);4 lanes;2;Straight - Level;Local Street;Dry;Two-Way, Divided, Unprotected Median;None;On or Off Ramp;Smooth Asphalt;Coastal;Urban;30 - 35  MPH;Stop And Go Signal;Clear;No;0.0, 0.0
138;139;Yes;25-29;25;No;Facing Traffic;C: Possible Injury;Sidewalk / Crosswalk / Driveway Crossing;Black;Male;Greensboro;Guilford;No;01/01/2007;02/03/2008;Bicyclist Failed to Yield - Signalized Intersection;13;Intersection;01/03/2001;01/01/2001 13:48;Bicyclist Ride Through - Signalized Intersection;132155;2008;C: Possible Injury;Commercial;20-24;21;No;11-15 mph;O: No Injury;Black;Female;Passenger Car;No;No;Daylight;Urban (>70% Developed);3 lanes;2;Straight - Level;Local Street;Dry;Two-Way, Not Divided;None;Four-Way Intersection;Smooth Asphalt;Piedmont;Urban;30 - 35  MPH;Stop And Go Signal;Clear;No;0.0, 0.0
139;140;No;10-juin;9;No;Not Applicable;B: Evident Injury;Non-Roadway;Black;Male;Burlington;Alamance;No;NA;03/03/2008;Non-Roadway;16;Non-Roadway;01/03/2001;01/01/2001 16:19;Non-Roadway;460910;2008;B: Evident Injury;Residential;40-49;43;No;0-5 mph;O: No Injury;Black;Male;Passenger Car;No;No;Daylight;Urban (>70% Developed);NA;2;Straight - Level;Public Vehicular Area;Dry;Two-Way, Not Divided;None;Driveway, Public;Coarse Asphalt;Piedmont;Urban;5 - 15 MPH;No Control Present;Clear;No;0.0, 0.0
142;143;Yes;16-19;18;No;With Traffic;C: Possible Injury;Travel Lane;White;Female;None - Rural Crash;Forsyth;No;NA;03/03/2008;Bicyclist Left Turn / Merge;14;Non-Intersection;01/03/2001;01/01/2001 13:59;Bicyclist Left Turn - Same Direction;311221;2008;C: Possible Injury;Residential;30-39;35;No;46-50 mph;O: No Injury;White;Male;Passenger Car;No;No;Daylight;Mixed (30% To 70% Developed);2 lanes;2;Straight - Level;State Secondary Route;Dry;Two-Way, Not Divided;None;No Special Feature;Smooth Asphalt;Piedmont;Rural;40 - 45  MPH;Double Yellow Line, No Passing Zone;Clear;No;0.0, 0.0
147;148;No;25-29;28;No;Facing Traffic;B: Evident Injury;Sidewalk / Crosswalk / Driveway Crossing;White;Male;Greensboro;Guilford;No;01/01/2003;05/03/2008;Motorist Failed to Yield - Sign-Controlled Intersection;17;Intersection;01/03/2001;01/01/2001 17:55;Motorist Drive Out - Sign-Controlled Intersection;132141;2008;B: Evident Injury;Commercial;NA;NA;Missing;NA;Injury;/Missing;NA;NA;No;Yes;Daylight;Urban (>70% Developed);3 lanes;2;Straight - Level;Public Vehicular Area;Dry;Two-Way, Not Divided;None;No Special Feature;Coarse Asphalt;Piedmont;Urban;NA;Stop Sign;Clear;No;0.0, 0.0
149;150;No;70+;NA;No;With Traffic;C: Possible Injury;Travel Lane;White;Male;None - Rural Crash;Guilford;No;01/01/2004;06/03/2008;Motorist Overtaking Bicyclist;13;Non-Intersection;01/03/2001;01/01/2001 13:29;Motorist Overtaking - Misjudged Space;311232;2008;C: Possible Injury;Farms, Woods, Pastures;50-59;55;No;36-40 mph;O: No Injury;White;Male;Sport Utility;No;No;Daylight;Rural (<30% Developed);2 lanes;2;Straight - Grade;State Secondary Route;Dry;Two-Way, Not Divided;None;No Special Feature;Coarse Asphalt;Piedmont;Rural;40 - 45  MPH;Double Yellow Line, No Passing Zone;Clear;No;0.0, 0.0
159;160;Yes;15-nov;12;No;Facing Traffic;B: Evident Injury;Sidewalk / Crosswalk / Driveway Crossing;White;Male;Chapel Hill;Orange;No;01/01/2002;11/03/2008;Motorist Failed to Yield - Sign-Controlled Intersection;15;Intersection;01/03/2001;01/01/2001 15:23;Motorist Drive Out - Sign-Controlled Intersection;132141;2008;B: Evident Injury;Residential;40-49;49;No;0-5 mph;O: No Injury;White;Male;Passenger Car;No;No;Daylight;Urban (>70% Developed);2 lanes;2;Straight - Bottom;Local Street;Dry;Two-Way, Not Divided;None;T-Intersection;Smooth Asphalt;Piedmont;Urban;20 - 25  MPH;Stop Sign;Clear;No;0.0, 0.0
162;163;Yes;60-69;60;No;With Traffic;O: No Injury;NA;White;Male;Asheville;Buncombe;No;01/01/2003;05/03/2008;Loss of Control / Turning Error;8;Non-Intersection;01/03/2001;01/01/2001 08:26;Motorist Lost Control - Other /;391139;2008;B: Evident Injury;Commercial;40-49;45;No;41-45 mph;B: Evident Injury;White;Male;Pickup;No;No;Daylight;Urban (>70% Developed);2 lanes;3;Straight - Level;US Route;Dry;Two-Way, Not Divided;None;No Special Feature;Coarse Asphalt;Mountains;Urban;40 - 45  MPH;Double Yellow Line, No Passing Zone;Cloudy;No;0.0, 0.0
163;164;No;40-49;49;No;Facing Traffic;B: Evident Injury;Sidewalk / Crosswalk / Driveway Crossing;White;Male;Winston-Salem;Forsyth;No;01/01/2004;06/03/2008;Motorist Failed to Yield - Sign-Controlled Intersection;7;Intersection;01/03/2001;01/01/2001 07:46;Motorist Drive Out - Sign-Controlled Intersection;132141;2008;B: Evident Injury;Residential;40-49;45;No;6-10 mph;O: No Injury;White;Female;Sport Utility;No;No;Daylight;Urban (>70% Developed);2 lanes;2;Straight - Level;Local Street;Dry;Two-Way, Not Divided;None;T-Intersection;Smooth Asphalt;Piedmont;Urban;30 - 35  MPH;Stop Sign;Clear;No;0.0, 0.0
166;167;No;10-juin;10;No;Facing Traffic;B: Evident Injury;Sidewalk / Crosswalk / Driveway Crossing;White;Female;Charlotte;Mecklenburg;No;01/01/2005;09/05/2008;Motorist Failed to Yield - Signalized Intersection;15;Intersection;01/05/2001;01/01/2001 15:54;Motorist Drive Out - Right Turn on Red;132151;2008;B: Evident Injury;Commercial;25-29;28;No;0-5 mph;O: No Injury;White;Male;Passenger Car;No;No;Daylight;Urban (>70% Developed);2 lanes;2;Straight - Grade;Local Street;Dry;Two-Way, Divided, Positive Median Barrier;Other;Four-Way Intersection;Coarse Asphalt;Piedmont;Urban;30 - 35  MPH;Stop And Go Signal;Clear;No;0.0, 0.0
168;169;Yes;40-49;42;No;Facing Traffic;A: Disabling Injury;Bike Lane / Paved Shoulder;Hispanic;Male;Raleigh;Wake;No;01/01/2002;11/03/2008;Parallel Paths - Other Circumstances;7;Intersection;01/03/2001;01/01/2001 07:28;Bicyclist Ride Out - Parallel Path;122225;2008;A: Disabling Injury;Commercial;40-49;41;No;31-35 mph;C: Possible Injury;White;Female;Passenger Car;No;No;Daylight;Urban (>70% Developed);1 lane;2;Curve - Level;Local Street;Dry;One-Way, Not Divided;None;On or Off Ramp;Smooth Asphalt;Piedmont;Urban;30 - 35  MPH;No Control Present;Clear;No;0.0, 0.0
183;184;Yes;10-juin;8;No;Not Applicable;A: Disabling Injury;Driveway / Alley;White;Male;None - Rural Crash;Person;No;01/01/2004;20/03/2008;Bicyclist Failed to Yield - Midblock;18;Non-Intersection;01/03/2001;01/01/2001 18:35;Bicyclist Ride Out - Residential Driveway;353311;2008;A: Disabling Injury;Residential;40-49;42;No;31-35 mph;O: No Injury;White;Female;Sport Utility;No;No;Daylight;Mixed (30% To 70% Developed);2 lanes;2;Straight - Level;State Secondary Route;Dry;Two-Way, Not Divided;None;Driveway, Private;Smooth Asphalt;Piedmont;Rural;30 - 35  MPH;Double Yellow Line, No Passing Zone;Clear;No;0.0, 0.0