FID;OBJECTID;AmbulanceR;BikeAge_Gr;Bike_Age;Bike_Alc_D;Bike_Dir;Bike_Injur;Bike_Pos;Bike_Race;Bike_Sex;City;County;CrashAlcoh;CrashDay;Crash_Date;Crash_Grp;Crash_Hour;Crash_Loc;Crash_Mont;Crash_Time;Crash_Type;Crash_Ty_1;Crash_Year;Crsh_Sevri;Developmen;DrvrAge_Gr;Drvr_Age;Drvr_Alc_D;Drvr_EstSp;Drvr_Injur;Drvr_Race;Drvr_Sex;Drvr_VehTy;ExcsSpdInd;Hit_Run;Light_Cond;Locality;Num_Lanes;Num_Units;Rd_Charact;Rd_Class;Rd_Conditi;Rd_Config;Rd_Defects;Rd_Feature;Rd_Surface;Region;Rural_Urba;Speed_Limi;Traff_Cntr;Weather;Workzone_I;Location
185;186;Yes;15-nov;14;No;Not Applicable;B: Evident Injury;Non-Roadway;White;Male;Elizabeth City;Pasquotank;No;01/01/2006;22/03/2008;Bicyclist Failed to Yield - Midblock;14;Non-Intersection;01/03/2001;01/01/2001 14:30;Bicyclist Ride Out - Other Midblock;363318;2008;B: Evident Injury;Commercial;0-19;18;No;31-35 mph;O: No Injury;White;Male;Passenger Car;No;No;Daylight;Urban (>70% Developed);5 lanes;2;Straight - Level;Local Street;Dry;Two-Way, Not Divided;None;No Special Feature;Smooth Asphalt;Coastal;Urban;30 - 35  MPH;No Control Present;Clear;No;0.0, 0.0
190;191;Yes;25-29;29;Yes;With Traffic;B: Evident Injury;Bike Lane / Paved Shoulder;Hispanic;Male;Oxford;Granville;Yes;NA;04/02/2008;Motorist Overtaking Bicyclist;16;Non-Intersection;01/02/2001;01/01/2001 16:52;Motorist Overtaking - Misjudged Space;321232;2008;B: Evident Injury;Commercial;NA;NA;Missing;NA;Injury;/Missing;NA;NA;No;Yes;Daylight;Urban (>70% Developed);2 lanes;2;Straight - Grade;Local Street;Dry;Two-Way, Not Divided;None;No Special Feature;Smooth Asphalt;Piedmont;Urban;NA;Missing;Clear;No;0.0, 0.0
198;199;No;15-nov;14;No;Facing Traffic;C: Possible Injury;Sidewalk / Crosswalk / Driveway Crossing;Black;Male;Raleigh;Wake;No;01/01/2004;27/03/2008;Motorist Failed to Yield - Midblock;18;Non-Intersection;01/03/2001;01/01/2001 18:44;Motorist Drive Out - Commercial Driveway / Alley;332322;2008;C: Possible Injury;Residential;NA;NA;Missing;NA;Injury;/Missing;NA;NA;No;Yes;Daylight;Urban (>70% Developed);NA;2;Straight - Level;Public Vehicular Area;Dry;Two-Way, Not Divided;None;Driveway, Public;Smooth Asphalt;Piedmont;Urban;30 - 35  MPH;Missing;Clear;No;0.0, 0.0
200;201;Yes;15-nov;14;No;Facing Traffic;C: Possible Injury;Travel Lane;White;Male;Gastonia;Gaston;No;01/01/2005;28/03/2008;Motorist Failed to Yield - Sign-Controlled Intersection;15;Intersection;01/03/2001;01/01/2001 15:14;Motorist Drive Out - Sign-Controlled Intersection;112141;2008;C: Possible Injury;Residential;40-49;42;No;0-5 mph;O: No Injury;Black;Male;Sport Utility;No;No;Daylight;Urban (>70% Developed);5 lanes;2;Straight - Grade;Local Street;Dry;Two-Way, Not Divided;None;Four-Way Intersection;Smooth Asphalt;Piedmont;Urban;30 - 35  MPH;Stop Sign;Clear;No;0.0, 0.0
214;215;Yes;10-juin;7;No;With Traffic;C: Possible Injury;Travel Lane;Black;Male;Charlotte;Mecklenburg;No;01/01/2004;22/05/2008;Bicyclist Failed to Yield - Sign-Controlled Intersection;19;Intersection;01/05/2001;01/01/2001 19:41;Bicyclist Ride Out - Sign-Controlled Intersection;111142;2008;C: Possible Injury;Residential;50-59;59;No;21-25 mph;O: No Injury;Black;Male;Van;No;No;Daylight;Mixed (30% To 70% Developed);2 lanes;2;Straight - Grade;Local Street;Dry;Two-Way, Not Divided;None;No Special Feature;Smooth Asphalt;Piedmont;Urban;30 - 35  MPH;No Control Present;Clear;No;0.0, 0.0
220;221;No;30-39;30;No;With Traffic;B: Evident Injury;Travel Lane;White;Male;None - Rural Crash;Pitt;No;01/01/2002;08/04/2008;Motorist Overtaking Bicyclist;21;Non-Intersection;01/04/2001;01/01/2001 21:13;Motorist Overtaking - Misjudged Space;311232;2008;B: Evident Injury;Residential;NA;NA;Missing;36-40 mph;Injury;/Missing;NA;NA;No;Yes;Dark - Roadway Not Lighted;Mixed (30% To 70% Developed);2 lanes;2;Straight - Level;State Secondary Route;Dry;Two-Way, Not Divided;None;No Special Feature;Smooth Asphalt;Coastal;Rural;40 - 45  MPH;Missing;Clear;No;0.0, 0.0
225;226;No;30-39;33;No;With Traffic;B: Evident Injury;Travel Lane;White;Male;Asheville;Buncombe;No;01/01/2003;09/04/2008;Motorist Left Turn / Merge;7;Intersection;01/04/2001;01/01/2001 07:50;Motorist Left Turn - Opposite Direction;111212;2008;B: Evident Injury;Commercial;50-59;55;No;16-20 mph;O: No Injury;White;Male;Sport Utility;No;No;Daylight;Urban (>70% Developed);5 lanes;2;Straight - Level;US Route;Dry;Two-Way, Not Divided;None;Four-Way Intersection;Smooth Asphalt;Mountains;Urban;40 - 45  MPH;Stop And Go Signal;Clear;No;0.0, 0.0
230;231;No;10-juin;10;No;With Traffic;B: Evident Injury;Travel Lane;White;Male;Landis;Rowan;No;01/01/2005;11/04/2008;Bicyclist Left Turn / Merge;16;Non-Intersection;01/04/2001;01/01/2001 16:50;Bicyclist Left Turn - Same Direction;311221;2008;B: Evident Injury;Residential;40-49;45;No;41-45 mph;O: No Injury;White;Male;Motorcycle;No;No;Daylight;Rural (<30% Developed);NA;2;NA;Local Street;Dry;NA;None;No Special Feature;NA;Piedmont;Rural;40 - 45  MPH;Missing;Clear;No;0.0, 0.0
235;236;Yes;40-49;42;No;With Traffic;C: Possible Injury;Travel Lane;Black;Male;Durham;Durham;No;01/01/2005;30/05/2008;Parallel Paths - Other Circumstances;23;Intersection;01/05/2001;01/01/2001 23:22;Parallel Paths - Other /;111280;2008;C: Possible Injury;Residential;NA;NA;No;11-15 mph;Injury;/Missing;NA;Passenger Car;No;Yes;Dark - Lighted Roadway;Urban (>70% Developed);2 lanes;2;Straight - Level;Local Street;Dry;Two-Way, Not Divided;None;No Special Feature;Coarse Asphalt;Piedmont;Urban;30 - 35  MPH;Stop Sign;Clear;No;0.0, 0.0
239;240;Yes;15-nov;13;No;NA;C: Possible Injury;Travel Lane;Black;Male;Charlotte;Mecklenburg;No;NA;02/06/2008;Bicyclist Failed to Yield - Midblock;18;Non-Intersection;01/06/2001;01/01/2001 18:07;Multiple Threat - Midblock;319357;2008;C: Possible Injury;Commercial;25-29;29;No;0-5 mph;O: No Injury;White;Female;Passenger Car;No;No;Daylight;Urban (>70% Developed);7 lanes;2;Straight - Level;Local Street;Dry;Two-Way, Divided, Unprotected Median;None;No Special Feature;Smooth Asphalt;Piedmont;Urban;40 - 45  MPH;No Control Present;Clear;No;0.0, 0.0
240;241;No;20-24;21;No;With Traffic;C: Possible Injury;Travel Lane;White;Male;Chapel Hill;Orange;No;01/01/2003;16/04/2008;Motorist Left Turn / Merge;17;Intersection;01/04/2001;01/01/2001 17:27;Motorist Left Turn - Opposite Direction;111212;2008;C: Possible Injury;Institutional;20-24;24;No;NA;O: No Injury;White;Female;Passenger Car;No;No;Daylight;Urban (>70% Developed);2 lanes;2;Straight - Level;Local Street;Dry;Two-Way, Divided, Unprotected Median;None;No Special Feature;Smooth Asphalt;Piedmont;Urban;NA;Missing;Clear;No;0.0, 0.0
244;245;Yes;25-29;28;No;With Traffic;B: Evident Injury;NA;White;Male;Raleigh;Wake;No;01/01/2004;17/04/2008;Motorist Left Turn / Merge;8;Intersection;01/04/2001;01/01/2001 08:45;Motorist Left Turn - Opposite Direction;191212;2008;B: Evident Injury;Commercial;20-24;20;No;6-10 mph;O: No Injury;White;Female;Passenger Car;No;No;Daylight;Urban (>70% Developed);5 lanes;2;Straight - Level;Local Street;Dry;Two-Way, Divided, Unprotected Median;None;Four-Way Intersection;Coarse Asphalt;Piedmont;Urban;30 - 35  MPH;Stop And Go Signal;Clear;No;0.0, 0.0
246;247;No;16-19;16;No;NA;C: Possible Injury;NA;Other;Male;Havelock;Craven;No;01/01/2004;17/04/2008;Other /  - Insufficient Details;14;Location;01/04/2001;01/01/2001 14:54;Location;999980;2008;C: Possible Injury;Residential;NA;NA;Missing;0-5 mph;Injury;/Missing;NA;NA;No;Yes;Daylight;Urban (>70% Developed);2 lanes;2;Straight - Level;Local Street;Dry;Two-Way, Not Divided;None;T-Intersection;Smooth Asphalt;Coastal;Urban;20 - 25  MPH;Missing;Clear;No;0.0, 0.0
248;249;No;20-24;20;No;With Traffic;B: Evident Injury;Travel Lane;Native American;Female;None - Rural Crash;Robeson;No;01/01/2005;23/05/2008;Motorist Overtaking Bicyclist;4;Non-Intersection;01/05/2001;01/01/2001 04:23;Motorist Overtaking - Undetected Bicyclist;311231;2008;B: Evident Injury;Farms, Woods, Pastures;60-69;63;No;51-55 mph;O: No Injury;White;Male;Tractor/Semi-Trailer;No;No;Dark - Roadway Not Lighted;Rural (<30% Developed);2 lanes;2;Straight - Level;NC Route;Dry;Two-Way, Not Divided;None;No Special Feature;Coarse Asphalt;Coastal;Rural;50 - 55  MPH;No Control Present;Clear;No;0.0, 0.0
256;257;Yes;50-59;54;No;With Traffic;B: Evident Injury;Travel Lane;Black;Male;Raleigh;Wake;No;01/01/2003;30/04/2008;Bicyclist Failed to Yield - Sign-Controlled Intersection;17;Intersection;01/04/2001;01/01/2001 17:14;Bicyclist Ride Out - Sign-Controlled Intersection;111142;2008;B: Evident Injury;Commercial;40-49;49;No;41-45 mph;O: No Injury;White;Female;Passenger Car;No;No;Daylight;Urban (>70% Developed);6 lanes;2;Straight - Level;Local Street;Dry;Two-Way, Not Divided;None;No Special Feature;Smooth Asphalt;Piedmont;Urban;40 - 45  MPH;No Control Present;Clear;No;0.0, 0.0
262;263;No;40-49;48;Yes;Facing Traffic;B: Evident Injury;NA;Black;Male;Raleigh;Wake;Yes;01/01/2006;19/04/2008;Bicyclist Failed to Yield - Signalized Intersection;15;Intersection;01/04/2001;01/01/2001 15:33;Bicyclist Ride Out - Signalized  Intersection;192153;2008;B: Evident Injury;Commercial;40-49;45;No;26-30 mph;O: No Injury;Black;Male;Passenger Car;No;No;Daylight;Urban (>70% Developed);6 lanes;2;Straight - Level;Local Street;Dry;Two-Way, Divided, Unprotected Median;None;Four-Way Intersection;Smooth Asphalt;Piedmont;Urban;40 - 45  MPH;Stop And Go Signal;Clear;No;0.0, 0.0
266;267;Yes;30-39;30;No;With Traffic;B: Evident Injury;Sidewalk / Crosswalk / Driveway Crossing;White;Male;Jacksonville;Onslow;No;01/01/2004;24/04/2008;Motorist Failed to Yield - Midblock;16;Non-Intersection;01/04/2001;01/01/2001 16:24;Motorist Drive Out - Commercial Driveway / Alley;331322;2008;B: Evident Injury;Commercial;25-29;26;No;0-5 mph;O: No Injury;Black;Female;Passenger Car;No;No;Daylight;Urban (>70% Developed);NA;2;Straight - Level;Public Vehicular Area;Dry;One-Way, Not Divided;None;No Special Feature;Smooth Asphalt;Coastal;Urban;5 - 15 MPH;Yield Sign;Clear;No;0.0, 0.0
272;273;Yes;15-nov;12;No;Not Applicable;C: Possible Injury;NA;Black;Male;Rocky Mount;Nash;No;01/01/2002;06/05/2008;Bicyclist Failed to Yield - Midblock;17;Non-Intersection;01/05/2001;01/01/2001 17:06;Multiple Threat - Midblock;393357;2008;C: Possible Injury;Commercial;20-24;24;No;16-20 mph;O: No Injury;Black;Male;Passenger Car;No;No;Daylight;Urban (>70% Developed);4 lanes;2;Straight - Level;Local Street;Dry;Two-Way, Not Divided;None;Four-Way Intersection;Smooth Asphalt;Coastal;Urban;30 - 35  MPH;Double Yellow Line, No Passing Zone;Clear;No;0.0, 0.0
274;275;No;60-69;63;No;Facing Traffic;B: Evident Injury;Travel Lane;White;Male;None - Rural Crash;Rowan;No;01/01/2005;25/04/2008;Head-On;17;Non-Intersection;01/04/2001;01/01/2001 17:06;Head-On - Bicyclist;312250;2008;B: Evident Injury;Residential;0-19;9;No;NA;O: No Injury;White;Female;Pedalcycle;No;No;Daylight;Mixed (30% To 70% Developed);2 lanes;2;Straight - Level;State Secondary Route;Dry;Two-Way, Not Divided;None;No Special Feature;Smooth Asphalt;Piedmont;Rural;NA;Double Yellow Line, No Passing Zone;Clear;No;0.0, 0.0
288;289;Yes;20-24;24;No;With Traffic;B: Evident Injury;Travel Lane;White;Male;Raleigh;Wake;No;01/01/2005;02/05/2008;Motorist Left Turn / Merge;22;Intersection;01/05/2001;01/01/2001 22:05;Motorist Left Turn - Opposite Direction;111212;2008;B: Evident Injury;Commercial;20-24;21;No;16-20 mph;Injury;White;Female;Passenger Car;No;No;Dark - Lighted Roadway;Urban (>70% Developed);4 lanes;2;Straight - Level;Local Street;Dry;Two-Way, Divided, Unprotected Median;None;No Special Feature;Smooth Asphalt;Piedmont;Urban;30 - 35  MPH;Stop And Go Signal;Clear;No;0.0, 0.0
290;291;Yes;60-69;62;No;With Traffic;B: Evident Injury;Bike Lane / Paved Shoulder;White;Male;None - Rural Crash;Duplin;No;01/01/2006;03/05/2008;Motorist Right Turn / Merge;13;Non-Intersection;01/05/2001;01/01/2001 12:59;Motorist Right Turn - Same Direction;321213;2008;B: Evident Injury;Farms, Woods, Pastures;NA;NA;Missing;51-55 mph;Injury;/Missing;NA;NA;No;Yes;Daylight;Rural (<30% Developed);2 lanes;2;Straight - Level;NC Route;Dry;Two-Way, Not Divided;None;No Special Feature;Coarse Asphalt;Coastal;Rural;50 - 55  MPH;No Control Present;Clear;No;0.0, 0.0
294;295;Yes;15-nov;12;No;With Traffic;B: Evident Injury;Travel Lane;Hispanic;Male;Durham;Durham;No;01/01/2003;11/06/2008;Motorist Failed to Yield - Signalized Intersection;21;Intersection;01/06/2001;01/01/2001 21:17;Motorist Drive Through - Signalized Intersection;111154;2008;B: Evident Injury;Commercial;NA;NA;Missing;31-35 mph;Injury;/Missing;NA;Passenger Car;No;Yes;Dark - Lighted Roadway;Urban (>70% Developed);2 lanes;2;Straight - Level;Local Street;Dry;Two-Way, Not Divided;None;T-Intersection;Smooth Asphalt;Piedmont;Urban;30 - 35  MPH;Stop And Go Signal;Clear;No;0.0, 0.0
295;296;No;30-39;32;No;With Traffic;B: Evident Injury;Travel Lane;Black;Male;Durham;Durham;No;01/01/2003;11/06/2008;Bicyclist Failed to Yield - Sign-Controlled Intersection;18;Intersection;01/06/2001;01/01/2001 18:11;Bicyclist Ride Out - Sign-Controlled Intersection;111142;2008;B: Evident Injury;Residential;50-59;50;No;31-35 mph;O: No Injury;Black;Male;Passenger Car;No;No;Daylight;Urban (>70% Developed);2 lanes;2;Straight - Level;Local Street;Dry;Two-Way, Not Divided;None;No Special Feature;Smooth Asphalt;Piedmont;Urban;30 - 35  MPH;No Control Present;Clear;No;0.0, 0.0
300;301;Yes;15-nov;14;No;With Traffic;B: Evident Injury;Bike Lane / Paved Shoulder;Black;Male;Kinston;Lenoir;No;01/01/2002;10/06/2008;Bicyclist Left Turn / Merge;17;Non-Intersection;01/06/2001;01/01/2001 17:55;Bicyclist Left Turn - Same Direction;321221;2008;B: Evident Injury;Residential;25-29;28;No;31-35 mph;O: No Injury;Black;Female;Passenger Car;No;No;Daylight;Urban (>70% Developed);4 lanes;2;Straight - Level;NC Route;Dry;Two-Way, Divided, Unprotected Median;None;No Special Feature;Smooth Asphalt;Coastal;Urban;30 - 35  MPH;No Control Present;Clear;No;0.0, 0.0
302;303;Yes;15-nov;15;No;NA;B: Evident Injury;Non-Roadway;Black;Male;Cary;Wake;No;01/01/2006;14/06/2008;Crossing Paths - Other Circumstances;14;Intersection;01/06/2001;01/01/2001 14:08;Signalized Intersection - Other /;169158;2008;B: Evident Injury;Commercial;25-29;25;No;26-30 mph;O: No Injury;Black;Female;Passenger Car;No;No;Daylight;Urban (>70% Developed);4 lanes;2;Straight - Level;State Secondary Route;Dry;Two-Way, Divided, Unprotected Median;None;Four-Way Intersection;Smooth Asphalt;Piedmont;Urban;30 - 35  MPH;Stop And Go Signal;Clear;No;0.0, 0.0
922;923;Yes;30-39;34;No;Facing Traffic;O: No Injury;Travel Lane;White;Male;Raleigh;Wake;No;01/01/2002;13/11/2007;Head-On;18;Non-Intersection;01/11/2001;01/01/2001 18:09;Head-On - Bicyclist;312250;2007;O: No Injury;Residential;40-49;47;No;6-10 mph;O: No Injury;Asian;Male;Passenger Car;No;No;Dark - Lighted Roadway;Urban (>70% Developed);2 lanes;2;Straight - Level;Local Street;Dry;Two-Way, Divided, Unprotected Median;None;No Special Feature;Concrete;Piedmont;Urban;20 - 25  MPH;No Control Present;Clear;No;35.786217, -78.662285
924;925;No;30-39;33;No;With Traffic;B: Evident Injury;Travel Lane;Black;Male;Charlotte;Mecklenburg;No;01/01/2005;14/12/2007;Motorist Left Turn / Merge;8;Intersection;01/12/2001;01/01/2001 08:32;Motorist Left Turn - Opposite Direction;111212;2007;B: Evident Injury;Commercial;25-29;26;No;6-10 mph;O: No Injury;Black;Male;Passenger Car;No;No;Daylight;Urban (>70% Developed);4 lanes;2;Straight - Grade;Local Street;Dry;Two-Way, Not Divided;None;Four-Way Intersection;Smooth Asphalt;Piedmont;Urban;30 - 35  MPH;Stop Sign;Clear;No;35.21477, -80.82793
925;926;No;30-39;36;No;With Traffic;C: Possible Injury;Travel Lane;White;Male;Asheville;Buncombe;No;01/01/2003;14/11/2007;Motorist Left Turn / Merge;20;Non-Intersection;01/11/2001;01/01/2001 20:13;Motorist Left Turn - Opposite Direction;311212;2007;C: Possible Injury;Residential;40-49;44;No;NA;O: No Injury;Black;Male;Passenger Car;No;No;Dark - Lighted Roadway;Urban (>70% Developed);2 lanes;2;Straight - Level;Local Street;Dry;Two-Way, Not Divided;None;No Special Feature;Smooth Asphalt;Mountains;Urban;20 - 25  MPH;No Control Present;Clear;No;35.603233, -82.55251
927;928;No;15-nov;14;No;Facing Traffic;C: Possible Injury;Travel Lane;Black;Female;Whiteville;Columbus;No;01/01/2005;16/11/2007;Motorist Failed to Yield - Sign-Controlled Intersection;17;Intersection;01/11/2001;01/01/2001 17:58;Motorist Drive Out - Sign-Controlled Intersection;112141;2007;C: Possible Injury;Commercial;NA;NA;Missing;NA;Injury;/Missing;NA;NA;No;Yes;Dark - Lighted Roadway;Urban (>70% Developed);2 lanes;2;Straight - Level;US Route;Dry;Two-Way, Divided, Unprotected Median;None;On or Off Ramp;Smooth Asphalt;Coastal;Urban;NA;Stop Sign;Clear;No;34.348667, -78.7097
929;930;Yes;15-nov;12;No;Facing Traffic;C: Possible Injury;Travel Lane;White;Female;None - Rural Crash;Carteret;No;NA;19/11/2007;Motorist Left Turn / Merge;16;Non-Intersection;01/11/2001;01/01/2001 16:44;Motorist Left Turn - Same Direction;312211;2007;C: Possible Injury;Farms, Woods, Pastures;NA;NA;Missing;NA;Injury;/Missing;NA;NA;No;Yes;Dusk;Rural (<30% Developed);2 lanes;2;Curve - Level;State Secondary Route;Dry;Two-Way, Not Divided;None;No Special Feature;Coarse Asphalt;Coastal;Rural;30 - 35  MPH;Double Yellow Line, No Passing Zone;Clear;No;34.796757, -76.84858
935;936;No;15-nov;15;No;With Traffic;Injury;Travel Lane;/Missing;Male;Erwin;Harnett;No;01/01/2004;22/11/2007;Motorist Overtaking Bicyclist;1;Non-Intersection;01/11/2001;01/01/2001 01:00;Motorist Overtaking - Undetected Bicyclist;311231;2007;Injury;Commercial;NA;NA;Missing;51-55 mph;Injury;/Missing;NA;NA;No;Yes;Dark - Roadway Not Lighted;Urban (>70% Developed);4 lanes;2;Straight - Level;Local Street;Dry;Two-Way, Divided, Unprotected Median;None;No Special Feature;Smooth Asphalt;Coastal;Rural;50 - 55  MPH;No Control Present;Clear;No;35.32502, -78.65053
944;945;Yes;10-juin;8;No;With Traffic;B: Evident Injury;Travel Lane;White;Male;None - Rural Crash;Rockingham;No;01/01/2003;28/11/2007;Bicyclist Left Turn / Merge;19;Non-Intersection;01/11/2001;01/01/2001 18:59;Bicyclist Left Turn - Same Direction;311221;2007;B: Evident Injury;Farms, Woods, Pastures;60-69;60;No;16-20 mph;O: No Injury;White;Female;Passenger Car;No;No;Dark - Roadway Not Lighted;Rural (<30% Developed);2 lanes;2;Curve - Grade;State Secondary Route;Dry;Two-Way, Not Divided;None;Driveway, Private;Smooth Asphalt;Piedmont;Rural;50 - 55  MPH;Double Yellow Line, No Passing Zone;Clear;No;36.44683, -79.64449
947;948;No;NA;NA;Missing;With Traffic;Injury;Travel Lane;/Missing;NA;None - Rural Crash;Pitt;No;01/01/2004;29/11/2007;Motorist Overtaking Bicyclist;18;Non-Intersection;01/11/2001;01/01/2001 18:34;Motorist Overtaking - Other /;311239;2007;O: No Injury;Farms, Woods, Pastures;40-49;41;No;51-55 mph;O: No Injury;White;Female;Passenger Car;No;No;Dark - Roadway Not Lighted;Rural (<30% Developed);2 lanes;2;Straight - Level;State Secondary Route;Dry;Two-Way, Not Divided;None;No Special Feature;Smooth Asphalt;Coastal;Rural;50 - 55  MPH;Double Yellow Line, No Passing Zone;Clear;No;35.492966, -77.35381
953;954;Yes;40-49;45;No;NA;B: Evident Injury;Travel Lane;White;Male;None - Rural Crash;Brunswick;No;01/01/2006;01/12/2007;Non-Roadway;19;Non-Roadway;01/12/2001;01/01/2001 19:41;Non-Roadway;410910;2007;B: Evident Injury;Commercial;30-39;39;No;0-5 mph;O: No Injury;White;Male;Sport Utility;No;No;Dark - Lighted Roadway;Urban (>70% Developed);NA;2;Straight - Level;Public Vehicular Area;Dry;Two-Way, Not Divided;None;Driveway, Public;Smooth Asphalt;Coastal;Rural;5 - 15 MPH;No Control Present;Clear;No;33.9515, -78.0494
958;959;Yes;40-49;44;No;With Traffic;B: Evident Injury;Travel Lane;Black;Male;Wilmington;New Hanover;No;NA;03/12/2007;Motorist Overtaking Bicyclist;17;Non-Intersection;01/12/2001;01/01/2001 17:30;Motorist Overtaking - Other /;311239;2007;B: Evident Injury;Commercial;50-59;52;No;31-35 mph;O: No Injury;Black;Female;Sport Utility;No;No;Dark - Lighted Roadway;Urban (>70% Developed);5 lanes;2;Straight - Level;Local Street;Dry;Two-Way, Divided, Unprotected Median;None;No Special Feature;Smooth Asphalt;Coastal;Urban;30 - 35  MPH;No Control Present;Clear;No;34.224167, -77.92188
959;960;Yes;10-juin;8;No;NA;B: Evident Injury;NA;Black;Female;Rocky Mount;Nash;No;01/01/2002;04/12/2007;Bicyclist Failed to Yield - Midblock;16;Non-Intersection;01/12/2001;01/01/2001 16:47;Bicyclist Ride Out - Midblock -;399319;2007;B: Evident Injury;Residential;50-59;56;No;26-30 mph;O: No Injury;Black;Female;Passenger Car;No;No;Dusk;Urban (>70% Developed);2 lanes;2;Straight - Level;Local Street;Dry;Two-Way, Not Divided;None;Driveway, Private;Smooth Asphalt;Coastal;Urban;40 - 45  MPH;No Control Present;Clear;No;35.967342, -77.87576
968;969;Yes;NA;NA;No;Facing Traffic;B: Evident Injury;Travel Lane;White;Female;Manteo;Dare;No;01/01/2007;09/12/2007;Crossing Paths - Other Circumstances;10;Intersection;01/12/2001;01/01/2001 10:48;Signalized Intersection - Other /;112158;2007;B: Evident Injury;Industrial;40-49;48;No;NA;O: No Injury;White;Female;Passenger Car;No;No;Daylight;Urban (>70% Developed);2 lanes;2;Straight - Level;Local Street;Dry;Two-Way, Not Divided;None;Four-Way Intersection;Coarse Asphalt;Coastal;Rural;20 - 25  MPH;Stop And Go Signal;Clear;No;35.902058, -75.67151
971;972;No;30-39;31;No;With Traffic;C: Possible Injury;Travel Lane;White;Male;Raleigh;Wake;No;NA;10/12/2007;Motorist Failed to Yield - Sign-Controlled Intersection;20;Intersection;01/12/2001;01/01/2001 20:52;Motorist Drive Out - Sign-Controlled Intersection;111141;2007;C: Possible Injury;Commercial;20-24;21;No;0-5 mph;O: No Injury;Asian;Male;Passenger Car;No;No;Dark - Lighted Roadway;Urban (>70% Developed);2 lanes;2;Straight - Level;Local Street;Dry;Two-Way, Divided, Positive Median Barrier;None;Traffic Circle/Roundabout;Smooth Asphalt;Piedmont;Urban;20 - 25  MPH;Yield Sign;Clear;No;35.784557, -78.664345
977;978;No;60-69;65;No;Not Applicable;B: Evident Injury;Non-Roadway;Black;Male;Wilson;Wilson;No;01/01/2005;14/12/2007;Bicyclist Failed to Yield - Midblock;18;Non-Intersection;01/12/2001;01/01/2001 18:16;Bicyclist Ride Out - Commercial Driveway / Alley;363312;2007;B: Evident Injury;Commercial;50-59;51;No;21-25 mph;B: Evident Injury;Black;Male;Passenger Car;No;No;Dark - Lighted Roadway;Urban (>70% Developed);2 lanes;2;Straight - Level;Public Vehicular Area;Dry;Two-Way, Not Divided;None;No Special Feature;Smooth Asphalt;Coastal;Urban;30 - 35  MPH;No Control Present;Clear;No;35.713203, -77.898224
978;979;Yes;50-59;51;No;With Traffic;B: Evident Injury;Travel Lane;White;Male;Greensboro;Guilford;No;01/01/2005;14/12/2007;Loss of Control / Turning Error;18;Intersection-Related;01/12/2001;01/01/2001 18:23;Motorist Turning Error - Right Turn;211112;2007;B: Evident Injury;Commercial;40-49;49;No;11-15 mph;O: No Injury;Black;Male;Passenger Car;No;No;Dark - Lighted Roadway;Urban (>70% Developed);3 lanes;2;Straight - Level;Local Street;Dry;Two-Way, Divided, Unprotected Median;None;No Special Feature;Smooth Asphalt;Piedmont;Urban;30 - 35  MPH;Stop And Go Signal;Clear;No;36.075527, -79.794014
990;991;No;30-39;33;No;NA;B: Evident Injury;Non-Roadway;White;Male;Winston-Salem;Forsyth;No;01/01/2006;29/12/2007;Non-Roadway;13;Non-Roadway;01/12/2001;01/01/2001 13:31;Non-Roadway;460910;2007;B: Evident Injury;Commercial;40-49;45;No;0-5 mph;O: No Injury;White;Male;Passenger Car;No;No;Daylight;Urban (>70% Developed);NA;3;Straight - Grade;Public Vehicular Area;Wet;Two-Way, Not Divided;None;Driveway, Public;Smooth Asphalt;Piedmont;Urban;40 - 45  MPH;No Control Present;Rain;No;36.069984, -80.26951
995;996;Yes;40-49;40;No;With Traffic;C: Possible Injury;Bike Lane / Paved Shoulder;Black;Male;Greensboro;Guilford;No;01/01/2007;25/11/2007;Motorist Overtaking Bicyclist;0;Non-Intersection;01/11/2001;01/01/2001 00:09;Motorist Overtaking - Bicyclist Swerved;321235;2007;C: Possible Injury;Commercial;NA;NA;Missing;NA;Injury;/Missing;NA;NA;No;Yes;Dark - Lighted Roadway;Urban (>70% Developed);7 lanes;2;Straight - Level;Local Street;Dry;Two-Way, Divided, Unprotected Median;None;No Special Feature;Smooth Asphalt;Piedmont;Urban;NA;No Control Present;Cloudy;No;36.06206, -79.8157
486;487;No;16-19;17;No;With Traffic;B: Evident Injury;Travel Lane;White;Male;Huntersville;Mecklenburg;No;01/01/2002;25/08/2009;Crossing Paths - Other Circumstances;17;Intersection;01/08/2001;01/01/2001 17:58;Crossing Paths - Intersection - Other /;111180;2009;B: Evident Injury;Residential;NA;NA;Missing;6-10 mph;Injury;/Missing;NA;NA;No;Yes;Daylight;Urban (>70% Developed);2 lanes;2;Straight - Level;Local Street;Dry;Two-Way, Not Divided;None;No Special Feature;Smooth Asphalt;Piedmont;Urban;20 - 25  MPH;Double Yellow Line, No Passing Zone;Clear;No;35.410957, -80.84065
493;494;Yes;10-juin;9;No;With Traffic;C: Possible Injury;Sidewalk / Crosswalk / Driveway Crossing;White;Male;Chapel Hill;Orange;No;01/01/2003;02/09/2009;Motorist Right Turn / Merge;7;Intersection;01/09/2001;01/01/2001 07:34;Motorist Right Turn - Same Direction;131213;2009;C: Possible Injury;Residential;40-49;43;No;0-5 mph;O: No Injury;Asian;Female;Light Truck (Mini-Van, Panel);No;No;Daylight;Urban (>70% Developed);2 lanes;2;Straight - Level;Local Street;Dry;Two-Way, Not Divided;None;Y-Intersection;Smooth Asphalt;Piedmont;Urban;20 - 25  MPH;Stop Sign;Clear;No;35.883, -79.069824