FID;OBJECTID;AmbulanceR;BikeAge_Gr;Bike_Age;Bike_Alc_D;Bike_Dir;Bike_Injur;Bike_Pos;Bike_Race;Bike_Sex;City;County;CrashAlcoh;CrashDay;Crash_Date;Crash_Grp;Crash_Hour;Crash_Loc;Crash_Mont;Crash_Time;Crash_Type;Crash_Ty_1;Crash_Year;Crsh_Sevri;Developmen;DrvrAge_Gr;Drvr_Age;Drvr_Alc_D;Drvr_EstSp;Drvr_Injur;Drvr_Race;Drvr_Sex;Drvr_VehTy;ExcsSpdInd;Hit_Run;Light_Cond;Locality;Num_Lanes;Num_Units;Rd_Charact;Rd_Class;Rd_Conditi;Rd_Config;Rd_Defects;Rd_Feature;Rd_Surface;Region;Rural_Urba;Speed_Limi;Traff_Cntr;Weather;Workzone_I;Location
511;512;Yes;15-nov;15;No;With Traffic;B: Evident Injury;Travel Lane;Black;Male;Charlotte;Mecklenburg;No;01/01/2007;30/08/2009;Bicyclist Failed to Yield - Sign-Controlled Intersection;11;Intersection;01/08/2001;01/01/2001 11:35;Bicyclist Ride Through - Sign-Controlled Intersection;111144;2009;B: Evident Injury;Residential;60-69;62;No;11-15 mph;O: No Injury;Black;Male;Passenger Car;No;No;Daylight;Urban (>70% Developed);4 lanes;2;Straight - Level;Local Street;Dry;Two-Way, Not Divided;None;T-Intersection;Smooth Asphalt;Piedmont;Urban;20 - 25  MPH;Stop Sign;Clear;No;35.206905, -80.899
516;517;No;30-39;35;No;With Traffic;B: Evident Injury;Travel Lane;White;Female;None - Rural Crash;Durham;No;01/01/2007;30/08/2009;Bicyclist Failed to Yield - Sign-Controlled Intersection;18;Intersection;01/08/2001;01/01/2001 18:31;Bicyclist Ride Through - Sign-Controlled Intersection;111144;2009;B: Evident Injury;Farms, Woods, Pastures;50-59;54;No;6-10 mph;O: No Injury;White;Male;Sport Utility;No;No;Daylight;Rural (<30% Developed);2 lanes;2;Straight - Level;State Secondary Route;Dry;Two-Way, Not Divided;None;Four-Way Intersection;Smooth Asphalt;Piedmont;Rural;40 - 45  MPH;Stop Sign;Clear;No;35.95418, -78.73124
522;523;Yes;15-nov;12;No;With Traffic;C: Possible Injury;Travel Lane;White;Female;None - Rural Crash;Cleveland;No;NA;21/09/2009;Bicyclist Failed to Yield - Sign-Controlled Intersection;19;Intersection;01/09/2001;01/01/2001 19:47;Bicyclist Ride Through - Sign-Controlled Intersection;111144;2009;C: Possible Injury;Residential;20-24;22;No;21-25 mph;O: No Injury;Black;Male;Passenger Car;No;No;Dark - Roadway Not Lighted;Mixed (30% To 70% Developed);2 lanes;2;Straight - Level;State Secondary Route;Dry;Two-Way, Not Divided;None;Four-Way Intersection;Coarse Asphalt;Mountains;Rural;20 - 25  MPH;Stop Sign;Cloudy;No;35.326443, -81.502174
527;528;Yes;50-59;52;No;With Traffic;B: Evident Injury;Travel Lane;White;Male;Nags Head;Dare;No;01/01/2002;03/03/2009;Loss of Control / Turning Error;8;Intersection;01/03/2001;01/01/2001 08:21;Motorist Turning Error - Left Turn;111111;2009;B: Evident Injury;Commercial;25-29;29;No;6-10 mph;O: No Injury;White;Female;Van;No;No;Daylight;Urban (>70% Developed);3 lanes;2;Straight - Level;Local Street;Dry;Two-Way, Not Divided;None;Four-Way Intersection;Coarse Asphalt;Coastal;Rural;20 - 25  MPH;Stop And Go Signal;Clear;No;35.97756, -75.64069
528;529;Yes;30-39;30;No;With Traffic;B: Evident Injury;Travel Lane;White;Male;Marvin;Union;No;01/01/2006;19/09/2009;Motorist Failed to Yield - Sign-Controlled Intersection;15;Intersection;01/09/2001;01/01/2001 15:19;Motorist Drive Out - Sign-Controlled Intersection;111141;2009;B: Evident Injury;Residential;30-39;35;No;0-5 mph;O: No Injury;White;Female;Van;No;No;Daylight;Urban (>70% Developed);2 lanes;2;Straight - Level;State Secondary Route;Dry;Two-Way, Not Divided;None;Four-Way Intersection;Smooth Asphalt;Piedmont;Rural;30 - 35  MPH;Stop Sign;Clear;No;35.009598, -80.81499
532;533;Yes;20-24;22;No;NA;B: Evident Injury;Other;White;Male;Nags Head;Dare;No;01/01/2003;10/06/2009;Motorist Overtaking Bicyclist;0;Non-Intersection;01/06/2001;0-12-31 23:59:58;Motorist Overtaking - Bicyclist Swerved;389235;2009;B: Evident Injury;Residential;70+;NA;No;46-50 mph;O: No Injury;White;Female;Sport Utility;No;No;Dark - Roadway Not Lighted;Mixed (30% To 70% Developed);5 lanes;2;Straight - Level;US Route;Wet;Two-Way, Divided, Unprotected Median;None;No Special Feature;Smooth Asphalt;Coastal;Rural;50 - 55  MPH;No Control Present;Cloudy;No;35.92227, -75.60642
537;538;Yes;50-59;54;No;With Traffic;B: Evident Injury;Travel Lane;White;Male;Chapel Hill;Orange;No;01/01/2004;10/09/2009;Motorist Overtaking Bicyclist;7;Non-Intersection;01/09/2001;01/01/2001 07:45;Motorist Overtaking - Misjudged Space;311232;2009;B: Evident Injury;Institutional;60-69;67;No;0-5 mph;O: No Injury;Black;Male;Commercial Bus;No;No;Daylight;Urban (>70% Developed);4 lanes;2;Straight - Grade;Local Street;Dry;Two-Way, Not Divided;None;No Special Feature;Coarse Asphalt;Piedmont;Urban;20 - 25  MPH;Stop And Go Signal;Cloudy;No;35.912994, -79.04783
544;545;No;25-29;28;No;With Traffic;B: Evident Injury;Travel Lane;White;Male;Durham;Durham;No;NA;28/09/2009;Motorist Left Turn / Merge;8;Intersection;01/09/2001;01/01/2001 08:20;Motorist Left Turn - Opposite Direction;111212;2009;B: Evident Injury;Residential;70+;NA;No;6-10 mph;O: No Injury;White;Male;Pickup;No;No;Daylight;Urban (>70% Developed);3 lanes;2;Straight - Hillcrest;Local Street;Dry;Two-Way, Not Divided;None;Four-Way Intersection;Smooth Asphalt;Piedmont;Urban;30 - 35  MPH;Stop And Go Signal;Clear;No;35.99235, -78.932884
545;546;Yes;60-69;66;No;With Traffic;B: Evident Injury;Travel Lane;Black;Male;Asheboro;Randolph;No;01/01/2003;09/09/2009;Bicyclist Failed to Yield - Sign-Controlled Intersection;18;Intersection;01/09/2001;01/01/2001 18:11;Bicyclist Ride Through - Sign-Controlled Intersection;111144;2009;B: Evident Injury;Residential;50-59;53;No;21-25 mph;O: No Injury;Black;Male;Passenger Car;No;No;Daylight;Urban (>70% Developed);2 lanes;2;Straight - Grade;Local Street;Dry;Two-Way, Not Divided;None;Four-Way Intersection;Coarse Asphalt;Piedmont;Urban;30 - 35  MPH;Stop Sign;Clear;No;35.71125, -79.800705
551;552;Yes;30-39;37;No;With Traffic;B: Evident Injury;Travel Lane;White;Female;Morganton;Burke;No;NA;14/09/2009;Bicyclist Failed to Yield - Sign-Controlled Intersection;16;Intersection;01/09/2001;01/01/2001 16:47;Bicyclist Ride Through - Sign-Controlled Intersection;111144;2009;B: Evident Injury;Commercial;30-39;30;No;11-15 mph;O: No Injury;White;Male;Pickup;No;No;Daylight;Urban (>70% Developed);2 lanes;2;Straight - Grade;Local Street;Dry;Two-Way, Not Divided;None;T-Intersection;Smooth Asphalt;Mountains;Urban;30 - 35  MPH;Stop Sign;Clear;No;35.749935, -81.682434
552;553;Yes;20-24;21;No;Facing Traffic;B: Evident Injury;Travel Lane;Black;Male;Goldsboro;Wayne;No;01/01/2005;18/09/2009;Bicyclist Right Turn / Merge;16;Non-Intersection;01/09/2001;01/01/2001 16:51;Bicyclist Right Turn - Same Direction;312223;2009;B: Evident Injury;Residential;30-39;32;No;31-35 mph;O: No Injury;Black;Male;Passenger Car;Yes;No;Daylight;Urban (>70% Developed);2 lanes;2;Straight - Grade;Local Street;Dry;Two-Way, Not Divided;None;No Special Feature;Coarse Asphalt;Coastal;Urban;20 - 25  MPH;No Control Present;Clear;No;35.37068, -77.98289
569;570;Yes;20-24;20;No;Facing Traffic;Injury;Travel Lane;/Missing;NA;Fayetteville;Cumberland;No;01/01/2003;23/09/2009;Motorist Failed to Yield - Signalized Intersection;10;Intersection;01/09/2001;01/01/2001 10:31;Motorist Drive Out - Right Turn on Red;112151;2009;Injury;Commercial;NA;NA;Missing;0-5 mph;Injury;/Missing;NA;NA;No;Yes;Daylight;Urban (>70% Developed);4 lanes;2;Straight - Level;Local Street;Dry;Two-Way, Not Divided;None;No Special Feature;Coarse Asphalt;Coastal;Urban;30 - 35  MPH;Stop And Go Signal;Cloudy;No;35.11708, -78.88004
576;577;Yes;50-59;57;No;With Traffic;C: Possible Injury;Travel Lane;Black;Male;Durham;Durham;No;NA;05/10/2009;Motorist Overtaking Bicyclist;18;Non-Intersection;01/10/2001;01/01/2001 18:55;Motorist Overtaking - Misjudged Space;311232;2009;C: Possible Injury;Residential;50-59;56;No;26-30 mph;O: No Injury;White;Female;Passenger Car;No;No;Dark - Lighted Roadway;Mixed (30% To 70% Developed);4 lanes;2;Straight - Level;Local Street;Dry;Two-Way, Divided, Unprotected Median;None;No Special Feature;Coarse Asphalt;Piedmont;Urban;30 - 35  MPH;Stop And Go Signal;Clear;No;35.98697, -78.84472
579;580;No;40-49;43;No;With Traffic;O: No Injury;Travel Lane;White;Male;Raleigh;Wake;No;01/01/2006;05/09/2009;Crossing Paths - Other Circumstances;12;Intersection;01/09/2001;01/01/2001 12:07;Crossing Paths - Uncontrolled Intersection;111160;2009;O: No Injury;Residential;30-39;36;No;6-10 mph;O: No Injury;Black;Male;Truck/Trailer;No;No;Daylight;Urban (>70% Developed);4 lanes;2;Straight - Level;Local Street;Dry;Two-Way, Not Divided;Traffic Control Device Inoperative, Not Visible Or Missing;No Special Feature;Coarse Asphalt;Piedmont;Urban;20 - 25  MPH;No Control Present;Clear;No;35.925423, -78.559685
585;586;Yes;40-49;49;No;Facing Traffic;C: Possible Injury;Sidewalk / Crosswalk / Driveway Crossing;Black;Male;Raleigh;Wake;No;NA;31/08/2009;Motorist Failed to Yield - Midblock;8;Non-Intersection;01/08/2001;01/01/2001 08:32;Motorist Drive Out - Other Midblock;332328;2009;C: Possible Injury;Commercial;20-24;22;No;0-5 mph;O: No Injury;White;Female;Pickup;No;No;Daylight;Urban (>70% Developed);6 lanes;2;Straight - Grade;Local Street;Wet;Two-Way, Divided, Unprotected Median;None;Driveway, Public;Smooth Asphalt;Piedmont;Urban;40 - 45  MPH;No Control Present;Rain;No;35.784874, -78.689095
587;588;Yes;15-nov;11;No;Not Applicable;B: Evident Injury;Non-Roadway;White;Male;None - Rural Crash;Ashe;No;01/01/2004;24/09/2009;Bicyclist Failed to Yield - Midblock;15;Non-Intersection;01/09/2001;01/01/2001 15:54;Bicyclist Ride Out - Other Midblock;363318;2009;B: Evident Injury;Residential;0-19;16;No;21-25 mph;O: No Injury;White;Female;Passenger Car;No;No;Daylight;Mixed (30% To 70% Developed);2 lanes;2;Straight - Hillcrest;State Secondary Route;Dry;Two-Way, Not Divided;None;No Special Feature;Smooth Asphalt;Mountains;Rural;30 - 35  MPH;Double Yellow Line, No Passing Zone;Cloudy;No;36.410557, -81.48929
593;594;Yes;16-19;18;No;With Traffic;C: Possible Injury;Travel Lane;White;Male;None - Rural Crash;Stokes;No;NA;28/09/2009;Loss of Control / Turning Error;20;Non-Intersection;01/09/2001;01/01/2001 19:59;Motorist Lost Control - Other /;311139;2009;C: Possible Injury;Farms, Woods, Pastures;NA;NA;Missing;41-45 mph;Injury;/Missing;NA;NA;No;Yes;Dark - Roadway Not Lighted;Mixed (30% To 70% Developed);2 lanes;2;Curve - Level;NC Route;Dry;Two-Way, Not Divided;None;No Special Feature;Smooth Asphalt;Piedmont;Rural;40 - 45  MPH;Double Yellow Line, No Passing Zone;Clear;No;36.330353, -80.336365
601;602;No;40-49;43;No;Not Applicable;C: Possible Injury;Non-Roadway;Black;Male;Rocky Mount;Edgecombe;No;NA;14/09/2009;Non-Roadway;12;Non-Roadway;01/09/2001;01/01/2001 12:48;Non-Roadway;460910;2009;C: Possible Injury;Commercial;50-59;53;No;6-10 mph;O: No Injury;Black;Female;Sport Utility;No;No;Daylight;Urban (>70% Developed);NA;2;Straight - Level;Public Vehicular Area;Dry;Two-Way, Not Divided;None;No Special Feature;Coarse Asphalt;Coastal;Urban;NA;No Control Present;Clear;No;35.944935, -77.77592
603;604;No;16-19;17;No;Facing Traffic;O: No Injury;Travel Lane;Black;Male;Rocky Mount;Nash;No;01/01/2005;18/09/2009;Motorist Failed to Yield - Sign-Controlled Intersection;16;Intersection;01/09/2001;01/01/2001 16:03;Motorist Drive Out - Sign-Controlled Intersection;112141;2009;O: No Injury;Commercial;20-24;24;No;6-10 mph;O: No Injury;White;Male;Pickup;No;No;Daylight;Urban (>70% Developed);5 lanes;2;Straight - Level;Local Street;Dry;Two-Way, Not Divided;None;No Special Feature;Smooth Asphalt;Coastal;Urban;30 - 35  MPH;Stop Sign;Clear;No;35.96335, -77.84493
605;606;Yes;16-19;16;No;Facing Traffic;C: Possible Injury;Travel Lane;Black;Male;Jacksonville;Onslow;No;01/01/2005;18/09/2009;Motorist Failed to Yield - Sign-Controlled Intersection;15;Intersection;01/09/2001;01/01/2001 15:57;Motorist Drive Out - Sign-Controlled Intersection;112141;2009;C: Possible Injury;Residential;30-39;38;No;0-5 mph;O: No Injury;Black;Female;Passenger Car;No;No;Daylight;Rural (<30% Developed);NA;2;Straight - Level;Local Street;Dry;Two-Way, Not Divided;None;T-Intersection;Smooth Asphalt;Coastal;Urban;30 - 35  MPH;Stop Sign;Clear;No;34.76912, -77.39006
606;607;Yes;15-nov;14;No;Not Applicable;C: Possible Injury;Non-Roadway;White;Male;Jacksonville;Onslow;No;NA;28/09/2009;Non-Roadway;20;Non-Roadway;01/09/2001;01/01/2001 20:01;Non-Roadway;460910;2009;C: Possible Injury;Residential;40-49;40;No;0-5 mph;O: No Injury;Black;Female;Passenger Car;No;No;Dark - Roadway Not Lighted;Urban (>70% Developed);NA;2;Straight - Level;Public Vehicular Area;Dry;Two-Way, Not Divided;None;Driveway, Public;Smooth Asphalt;Coastal;Urban;NA;No Control Present;Clear;No;34.74782, -77.3775
607;608;No;25-29;25;No;With Traffic;O: No Injury;Travel Lane;White;Male;Asheville;Buncombe;No;01/01/2003;07/10/2009;Motorist Failed to Yield - Signalized Intersection;12;Intersection;01/10/2001;01/01/2001 12:02;Motorist Drive Through - Signalized Intersection;111154;2009;O: No Injury;Commercial;20-24;22;No;31-35 mph;O: No Injury;White;Male;Sport Utility;No;No;Daylight;Urban (>70% Developed);7 lanes;2;Straight - Level;US Route;Dry;Two-Way, Divided, Positive Median Barrier;None;Four-Way Intersection;Smooth Asphalt;Mountains;Urban;40 - 45  MPH;Stop And Go Signal;Clear;No;35.586754, -82.59739
625;626;Yes;16-19;17;No;With Traffic;B: Evident Injury;Travel Lane;White;Male;Greensboro;Guilford;No;01/01/2003;07/10/2009;Bicyclist Failed to Yield - Signalized Intersection;21;Intersection;01/10/2001;01/01/2001 21:26;Bicyclist Failed to Clear - Trapped;111156;2009;B: Evident Injury;Commercial;20-24;21;No;16-20 mph;C: Possible Injury;Black;Female;Passenger Car;No;No;Dark - Lighted Roadway;Urban (>70% Developed);4 lanes;2;Straight - Level;Local Street;Dry;One-Way, Not Divided;None;Related To Intersection;Smooth Asphalt;Piedmont;Urban;20 - 25  MPH;Stop And Go Signal;Clear;No;36.0735, -79.790215
627;628;No;16-19;17;No;Facing Traffic;C: Possible Injury;Travel Lane;White;Male;Kernersville;Forsyth;No;01/01/2006;10/10/2009;Motorist Failed to Yield - Sign-Controlled Intersection;21;Intersection;01/10/2001;01/01/2001 21:03;Motorist Drive Out - Sign-Controlled Intersection;112141;2009;C: Possible Injury;Residential;60-69;66;No;0-5 mph;O: No Injury;White;Female;Passenger Car;No;No;Dark - Roadway Not Lighted;Urban (>70% Developed);4 lanes;2;Straight - Level;Local Street;Dry;Two-Way, Not Divided;None;T-Intersection;Smooth Asphalt;Piedmont;Urban;30 - 35  MPH;Stop Sign;Cloudy;No;36.10895, -80.07786
635;636;Yes;15-nov;11;No;Facing Traffic;C: Possible Injury;Travel Lane;Black;Male;Rocky Mount;Nash;No;01/01/2005;09/10/2009;Motorist Failed to Yield - Sign-Controlled Intersection;15;Intersection;01/10/2001;01/01/2001 15:21;Motorist Drive Out - Sign-Controlled Intersection;112141;2009;C: Possible Injury;Commercial;40-49;48;No;31-35 mph;O: No Injury;Black;Female;Passenger Car;No;No;Daylight;Urban (>70% Developed);4 lanes;2;Straight - Level;Local Street;Dry;Two-Way, Not Divided;None;No Special Feature;Coarse Asphalt;Coastal;Urban;30 - 35  MPH;Stop Sign;Clear;No;35.931976, -77.81189
643;644;No;50-59;54;No;Facing Traffic;C: Possible Injury;Sidewalk / Crosswalk / Driveway Crossing;Black;Male;Charlotte;Mecklenburg;No;01/01/2005;23/10/2009;Crossing Paths - Other Circumstances;15;Intersection;01/10/2001;01/01/2001 15:25;Signalized Intersection - Other /;132158;2009;C: Possible Injury;Commercial;25-29;25;No;NA;O: No Injury;Black;Male;Light Truck (Mini-Van, Panel);No;No;Daylight;Urban (>70% Developed);6 lanes;2;Straight - Grade;Local Street;Dry;Two-Way, Not Divided;None;Four-Way Intersection;Smooth Asphalt;Piedmont;Urban;30 - 35  MPH;Stop And Go Signal;Cloudy;No;35.248787, -80.81565
652;653;No;50-59;53;No;With Traffic;B: Evident Injury;Travel Lane;White;Male;Wilmington;New Hanover;No;01/01/2005;23/10/2009;Motorist Failed to Yield - Sign-Controlled Intersection;7;Intersection;01/10/2001;01/01/2001 07:56;Motorist Drive Out - Sign-Controlled Intersection;111141;2009;B: Evident Injury;Residential;20-24;20;No;NA;O: No Injury;Black;Female;Passenger Car;No;No;Daylight;Urban (>70% Developed);2 lanes;2;Straight - Grade;Local Street;Dry;Two-Way, Not Divided;None;Four-Way Intersection;Coarse Asphalt;Coastal;Urban;30 - 35  MPH;Stop Sign;Clear;No;34.221924, -77.941536
659;660;Yes;40-49;41;No;With Traffic;B: Evident Injury;Travel Lane;White;Male;Holly Springs;Wake;No;01/01/2006;31/10/2009;Motorist Left Turn / Merge;16;Intersection;01/10/2001;01/01/2001 16:11;Motorist Left Turn - Opposite Direction;111212;2009;B: Evident Injury;Residential;25-29;28;No;0-5 mph;O: No Injury;Black;Female;Passenger Car;No;No;Daylight;Urban (>70% Developed);3 lanes;2;Straight - Level;Local Street;Dry;Two-Way, Not Divided;None;No Special Feature;Smooth Asphalt;Piedmont;Urban;30 - 35  MPH;Stop And Go Signal;Clear;No;35.632088, -78.8518
663;664;No;40-49;45;No;With Traffic;C: Possible Injury;Travel Lane;White;Male;None - Rural Crash;Catawba;No;NA;16/11/2009;Motorist Overtaking Bicyclist;7;Non-Intersection;01/11/2001;01/01/2001 07:38;Motorist Overtaking - Misjudged Space;311232;2009;C: Possible Injury;Residential;30-39;32;No;41-45 mph;O: No Injury;White;Female;Sport Utility;No;No;Daylight;Mixed (30% To 70% Developed);2 lanes;2;Straight - Grade;State Secondary Route;Dry;Two-Way, Not Divided;None;No Special Feature;Smooth Asphalt;Piedmont;Rural;40 - 45  MPH;Double Yellow Line, No Passing Zone;Clear;No;35.75575, -81.24704
677;678;Yes;60-69;66;No;Not Applicable;B: Evident Injury;Sidewalk / Crosswalk / Driveway Crossing;White;Male;Concord;Cabarrus;No;01/01/2007;08/11/2009;Motorist Left Turn / Merge;15;Non-Intersection;01/11/2001;01/01/2001 15:12;Motorist Left Turn - Opposite Direction;333212;2009;B: Evident Injury;Commercial;20-24;22;No;6-10 mph;O: No Injury;White;Female;Passenger Car;No;No;Daylight;Urban (>70% Developed);NA;2;Straight - Level;Public Vehicular Area;Dry;Two-Way, Not Divided;None;No Special Feature;Smooth Asphalt;Piedmont;Urban;20 - 25  MPH;No Control Present;Clear;No;35.372803, -80.72288
680;681;Yes;30-39;34;No;With Traffic;B: Evident Injury;Travel Lane;White;Male;Fayetteville;Cumberland;No;01/01/2002;20/10/2009;Bicyclist Overtaking Motorist;13;Non-Intersection;01/10/2001;01/01/2001 13:00;Bicyclist Overtaking - Other /;311249;2009;B: Evident Injury;Commercial;20-24;21;No;0-5 mph;O: No Injury;Black;Male;Passenger Car;No;No;Daylight;Urban (>70% Developed);5 lanes;2;Straight - Level;Local Street;Dry;Two-Way, Not Divided;None;No Special Feature;Coarse Asphalt;Coastal;Urban;30 - 35  MPH;No Control Present;Clear;No;35.08495, -78.90511
681;682;Yes;30-39;30;No;With Traffic;C: Possible Injury;Travel Lane;White;Male;None - Rural Crash;Alamance;No;01/01/2005;27/11/2009;Motorist Overtaking Bicyclist;6;Non-Intersection;01/11/2001;01/01/2001 06:49;Motorist Overtaking - Misjudged Space;311232;2009;C: Possible Injury;Farms, Woods, Pastures;20-24;24;No;36-40 mph;O: No Injury;White;Male;Pickup;No;No;Daylight;Rural (<30% Developed);2 lanes;2;Straight - Level;State Secondary Route;Dry;Two-Way, Not Divided;None;No Special Feature;Coarse Asphalt;Piedmont;Rural;40 - 45  MPH;Double Yellow Line, No Passing Zone;Clear;No;36.165455, -79.51174
682;683;Yes;16-19;17;No;With Traffic;C: Possible Injury;Travel Lane;White;Male;None - Rural Crash;Rockingham;No;01/01/2004;26/11/2009;Loss of Control / Turning Error;14;Non-Intersection;01/11/2001;01/01/2001 14:29;Motorist Lost Control - Other /;311139;2009;C: Possible Injury;Farms, Woods, Pastures;70+;NA;No;41-45 mph;Injury;/Missing;Male;Passenger Car;No;Yes;Daylight;Rural (<30% Developed);2 lanes;2;Curve - Grade;State Secondary Route;Dry;Two-Way, Not Divided;None;No Special Feature;Smooth Asphalt;Piedmont;Rural;40 - 45  MPH;Double Yellow Line, No Passing Zone;Clear;No;36.4741, -79.81065
685;686;Yes;40-49;44;No;With Traffic;B: Evident Injury;Travel Lane;White;Male;None - Rural Crash;Lincoln;No;01/01/2007;29/11/2009;Motorist Overtaking Bicyclist;9;Non-Intersection;01/11/2001;01/01/2001 09:52;Motorist Overtaking - Other /;311239;2009;B: Evident Injury;Farms, Woods, Pastures;NA;NA;No;51-55 mph;Injury;/Missing;NA;NA;No;Yes;Daylight;Rural (<30% Developed);2 lanes;2;Straight - Level;State Secondary Route;Dry;Two-Way, Not Divided;None;No Special Feature;Coarse Asphalt;Piedmont;Rural;50 - 55  MPH;Double Yellow Line, No Passing Zone;Clear;No;35.53185, -81.30257
701;702;No;25-29;29;No;With Traffic;O: No Injury;Travel Lane;White;Male;Carrboro;Orange;No;01/01/2002;17/11/2009;Motorist Failed to Yield - Sign-Controlled Intersection;18;Intersection;01/11/2001;01/01/2001 18:06;Motorist Drive Out - Sign-Controlled Intersection;111141;2009;O: No Injury;Commercial;20-24;22;No;6-10 mph;O: No Injury;White;Male;Passenger Car;No;No;Dusk;Urban (>70% Developed);6 lanes;2;Straight - Grade;Local Street;Dry;Two-Way, Divided, Positive Median Barrier;None;On or Off Ramp;Smooth Asphalt;Piedmont;Urban;30 - 35  MPH;Stop Sign;Clear;No;35.905537, -79.08742
702;703;Yes;30-39;33;No;Not Applicable;B: Evident Injury;NA;Black;Male;Raleigh;Wake;No;01/01/2005;30/10/2009;Crossing Paths - Other Circumstances;19;Intersection-Related;01/10/2001;01/01/2001 19:42;Crossing Paths - Uncontrolled Intersection;293160;2009;B: Evident Injury;Commercial;60-69;62;No;0-5 mph;O: No Injury;Black;Male;Commercial Bus;No;No;Dark - Lighted Roadway;Urban (>70% Developed);2 lanes;2;Straight - Level;Local Street;Dry;Two-Way, Not Divided;None;No Special Feature;Smooth Asphalt;Piedmont;Urban;20 - 25  MPH;No Control Present;Clear;No;35.78603, -78.66275
703;704;Yes;15-nov;14;No;Not Applicable;B: Evident Injury;NA;White;Male;Raleigh;Wake;No;NA;02/11/2009;Bicyclist Failed to Yield - Midblock;18;Non-Intersection;01/11/2001;01/01/2001 18:49;Bicyclist Ride Out - Midblock -;393319;2009;B: Evident Injury;Commercial;20-24;23;No;41-45 mph;O: No Injury;Black;Male;Passenger Car;No;No;Dark - Lighted Roadway;Urban (>70% Developed);8 lanes;2;Straight - Level;Local Street;Dry;Two-Way, Divided, Unprotected Median;None;No Special Feature;Smooth Asphalt;Piedmont;Urban;40 - 45  MPH;Stop And Go Signal;Clear;No;35.844837, -78.57991
705;706;No;25-29;27;No;NA;C: Possible Injury;NA;Black;Male;Durham;Durham;No;NA;07/12/2009;Crossing Paths - Other Circumstances;21;Intersection;01/12/2001;01/01/2001 21:36;Crossing Paths - Intersection - Other /;199180;2009;C: Possible Injury;Residential;NA;NA;No;46-50 mph;Injury;/Missing;NA;Passenger Car;No;Yes;Dark - Roadway Not Lighted;Urban (>70% Developed);2 lanes;2;Straight - Level;Local Street;Dry;Two-Way, Not Divided;None;No Special Feature;Smooth Asphalt;Piedmont;Urban;30 - 35  MPH;No Control Present;Clear;No;35.991745, -78.91572
706;707;Yes;25-29;27;No;Not Applicable;C: Possible Injury;Driveway / Alley;White;Female;Carrboro;Orange;No;01/01/2005;20/11/2009;Loss of Control / Turning Error;21;Non-Intersection;01/11/2001;01/01/2001 21:43;Bicyclist Lost Control - Other /;353129;2009;C: Possible Injury;Residential;20-24;23;No;0-5 mph;O: No Injury;White;Female;Passenger Car;No;No;Dark - Lighted Roadway;Urban (>70% Developed);2 lanes;2;Straight - Hillcrest;Local Street;Dry;Two-Way, Not Divided;None;No Special Feature;Smooth Asphalt;Piedmont;Urban;20 - 25  MPH;No Control Present;Clear;No;35.917995, -79.074524
710;711;Yes;15-nov;13;No;With Traffic;C: Possible Injury;Bike Lane / Paved Shoulder;White;Female;Chapel Hill;Orange;No;NA;23/11/2009;Motorist Left Turn / Merge;17;Intersection;01/11/2001;01/01/2001 17:41;Motorist Left Turn - Opposite Direction;121212;2009;C: Possible Injury;Residential;30-39;34;No;21-25 mph;O: No Injury;Black;Male;Passenger Car;No;No;Dark - Lighted Roadway;Urban (>70% Developed);2 lanes;2;Straight - Level;Local Street;Wet;Two-Way, Divided, Unprotected Median;None;No Special Feature;Smooth Asphalt;Piedmont;Urban;20 - 25  MPH;No Control Present;Cloudy;No;35.907516, -79.06278
713;714;No;15-nov;11;No;With Traffic;B: Evident Injury;Sidewalk / Crosswalk / Driveway Crossing;Hispanic;Male;Newton;Catawba;No;01/01/2007;29/11/2009;Motorist Left Turn / Merge;13;Intersection;01/11/2001;01/01/2001 13:37;Motorist Left Turn - Opposite Direction;131212;2009;B: Evident Injury;Commercial;25-29;27;No;6-10 mph;O: No Injury;Black;Male;Passenger Car;No;No;Daylight;Urban (>70% Developed);4 lanes;2;Straight - Level;NC Route;Dry;Two-Way, Not Divided;None;T-Intersection;Coarse Asphalt;Piedmont;Urban;30 - 35  MPH;Stop And Go Signal;Cloudy;No;35.6824, -81.21854
719;720;Yes;40-49;49;No;Not Applicable;C: Possible Injury;Non-Roadway;Black;Male;Greensboro;Guilford;No;01/01/2007;22/11/2009;Non-Roadway;11;Non-Roadway;01/11/2001;01/01/2001 11:51;Non-Roadway;460910;2009;C: Possible Injury;Commercial;50-59;51;No;NA;O: No Injury;Black;Male;Van;No;No;Daylight;Urban (>70% Developed);NA;2;Straight - Level;Public Vehicular Area;Dry;NA;None;No Special Feature;Smooth Asphalt;Piedmont;Urban;NA;No Control Present;Clear;No;36.064716, -79.7937
722;723;No;40-49;44;Yes;Facing Traffic;O: No Injury;Travel Lane;Black;Male;Rocky Mount;Nash;Yes;01/01/2005;30/10/2009;Crossing Paths - Other Circumstances;21;Intersection;01/10/2001;01/01/2001 21:47;Signalized Intersection - Other /;112158;2009;O: No Injury;Commercial;30-39;37;No;0-5 mph;O: No Injury;Black;Male;Sport Utility;No;No;Dark - Lighted Roadway;Urban (>70% Developed);3 lanes;2;Straight - Level;Local Street;Wet;One-Way, Not Divided;None;Four-Way Intersection;Smooth Asphalt;Coastal;Urban;20 - 25  MPH;Stop And Go Signal;Cloudy;No;35.944614, -77.796265