FID;OBJECTID;AmbulanceR;BikeAge_Gr;Bike_Age;Bike_Alc_D;Bike_Dir;Bike_Injur;Bike_Pos;Bike_Race;Bike_Sex;City;County;CrashAlcoh;CrashDay;Crash_Date;Crash_Grp;Crash_Hour;Crash_Loc;Crash_Mont;Crash_Time;Crash_Type;Crash_Ty_1;Crash_Year;Crsh_Sevri;Developmen;DrvrAge_Gr;Drvr_Age;Drvr_Alc_D;Drvr_EstSp;Drvr_Injur;Drvr_Race;Drvr_Sex;Drvr_VehTy;ExcsSpdInd;Hit_Run;Light_Cond;Locality;Num_Lanes;Num_Units;Rd_Charact;Rd_Class;Rd_Conditi;Rd_Config;Rd_Defects;Rd_Feature;Rd_Surface;Region;Rural_Urba;Speed_Limi;Traff_Cntr;Weather;Workzone_I;Location
728;729;No;25-29;29;No;With Traffic;C: Possible Injury;Travel Lane;White;Male;Raleigh;Wake;No;01/01/2003;02/12/2009;Motorist Overtaking Bicyclist;12;Non-Intersection;01/12/2001;01/01/2001 12:51;Motorist Overtaking - Other /;311239;2009;C: Possible Injury;Commercial;NA;NA;Missing;16-20 mph;Injury;/Missing;NA;NA;No;Yes;Daylight;Urban (>70% Developed);5 lanes;2;Straight - Level;Local Street;Wet;Two-Way, Divided, Unprotected Median;None;No Special Feature;Smooth Asphalt;Piedmont;Urban;40 - 45  MPH;No Control Present;Rain;No;35.918587, -78.79975
734;735;Yes;25-29;25;No;Not Applicable;B: Evident Injury;Non-Roadway;Black;Male;Smithfield;Johnston;No;01/01/2005;27/11/2009;Non-Roadway;10;Non-Roadway;01/11/2001;01/01/2001 10:20;Non-Roadway;460910;2009;B: Evident Injury;Commercial;NA;NA;Missing;16-20 mph;Injury;/Missing;NA;NA;No;Yes;Daylight;Urban (>70% Developed);NA;2;Straight - Level;Public Vehicular Area;Dry;Two-Way, Not Divided;None;No Special Feature;Coarse Asphalt;Coastal;Urban;NA;No Control Present;Clear;No;35.520653, -78.31332
738;739;Yes;15-nov;15;No;With Traffic;B: Evident Injury;Travel Lane;White;Male;None - Rural Crash;Wake;No;01/01/2002;01/12/2009;Motorist Overtaking Bicyclist;16;Non-Intersection;01/12/2001;01/01/2001 16:25;Motorist Overtaking - Misjudged Space;311232;2009;B: Evident Injury;Residential;NA;NA;Missing;31-35 mph;Injury;/Missing;NA;NA;No;Yes;Daylight;Mixed (30% To 70% Developed);2 lanes;2;Straight - Grade;State Secondary Route;Dry;Two-Way, Divided, Unprotected Median;None;No Special Feature;Smooth Asphalt;Piedmont;Rural;40 - 45  MPH;Double Yellow Line, No Passing Zone;Clear;No;35.890747, -78.698586
739;740;Yes;15-nov;13;No;With Traffic;B: Evident Injury;Travel Lane;Black;Male;Kannapolis;Cabarrus;No;01/01/2002;01/12/2009;Motorist Failed to Yield - Signalized Intersection;17;Intersection;01/12/2001;01/01/2001 17:51;Motorist Drive Out - Signalized Intersection;111152;2009;B: Evident Injury;Commercial;50-59;50;No;11-15 mph;O: No Injury;White;Female;Light Truck (Mini-Van, Panel);No;No;Dark - Lighted Roadway;Urban (>70% Developed);4 lanes;2;Straight - Level;NC Route;Dry;Two-Way, Not Divided;None;No Special Feature;Smooth Asphalt;Piedmont;Urban;30 - 35  MPH;Stop And Go Signal;Clear;No;35.488716, -80.62653
751;752;No;40-49;47;Yes;With Traffic;B: Evident Injury;Travel Lane;White;Male;None - Rural Crash;Onslow;Yes;NA;21/12/2009;Bicyclist Left Turn / Merge;17;Non-Intersection;01/12/2001;01/01/2001 17:34;Bicyclist Left Turn - Same Direction;311221;2009;B: Evident Injury;Commercial;0-19;18;No;51-55 mph;O: No Injury;White;Male;Sport Utility;No;No;Dusk;Mixed (30% To 70% Developed);5 lanes;2;Straight - Level;US Route;Dry;Two-Way, Not Divided;None;No Special Feature;Smooth Asphalt;Coastal;Rural;50 - 55  MPH;No Control Present;Clear;No;34.776688, -77.4931
756;757;Yes;25-29;25;No;With Traffic;C: Possible Injury;Travel Lane;White;Male;None - Rural Crash;Burke;No;01/01/2004;24/12/2009;Motorist Overtaking Bicyclist;20;Non-Intersection;01/12/2001;01/01/2001 20:37;Motorist Overtaking - Other /;311239;2009;C: Possible Injury;Residential;NA;NA;No;41-45 mph;Injury;/Missing;NA;NA;No;Yes;Dark - Roadway Not Lighted;Rural (<30% Developed);2 lanes;2;Straight - Level;US Route;Wet;Two-Way, Not Divided;None;No Special Feature;Smooth Asphalt;Mountains;Rural;40 - 45  MPH;Double Yellow Line, No Passing Zone;Rain;No;35.75268, -81.644196
762;763;No;50-59;53;No;Facing Traffic;C: Possible Injury;Travel Lane;White;Male;Kill Devil Hills;Dare;No;01/01/2005;18/12/2009;Motorist Left Turn / Merge;21;Non-Intersection;01/12/2001;01/01/2001 21:48;Motorist Left Turn - Same Direction;312211;2009;C: Possible Injury;Residential;20-24;23;No;11-15 mph;O: No Injury;White;Male;Sport Utility;No;No;Dark - Roadway Not Lighted;Urban (>70% Developed);2 lanes;2;Straight - Level;Local Street;Wet;Two-Way, Not Divided;None;Alley Intersection;Coarse Asphalt;Coastal;Urban;20 - 25  MPH;No Control Present;Rain;No;35.99762, -75.653244
767;768;Yes;60-69;65;No;With Traffic;C: Possible Injury;Travel Lane;White;Male;Ayden;Pitt;No;01/01/2005;18/12/2009;Bicyclist Failed to Yield - Sign-Controlled Intersection;17;Intersection;01/12/2001;01/01/2001 17:30;Bicyclist Ride Out - Sign-Controlled Intersection;111142;2009;C: Possible Injury;Residential;20-24;22;No;56-60 mph;O: No Injury;Black;Female;Passenger Car;No;No;Dark - Roadway Not Lighted;Mixed (30% To 70% Developed);4 lanes;2;Straight - Level;NC Route;Wet;Two-Way, Divided, Unprotected Median;None;No Special Feature;Smooth Asphalt;Coastal;Rural;60 - 75 MPH;No Control Present;Rain;No;35.491932, -77.42849
768;769;Yes;40-49;49;No;Facing Traffic;A: Disabling Injury;Travel Lane;White;Male;Wilson;Wilson;No;01/01/2002;08/12/2009;Motorist Overtaking Bicyclist;19;Non-Intersection;01/12/2001;01/01/2001 19:16;Motorist Overtaking - Other /;312239;2009;A: Disabling Injury;Industrial;70+;NA;No;26-30 mph;O: No Injury;Black;Male;Pickup;No;No;Dark - Lighted Roadway;Urban (>70% Developed);4 lanes;2;Straight - Grade;Local Street;Wet;Two-Way, Not Divided;No Shoulders;Bridge;Smooth Asphalt;Coastal;Urban;40 - 45  MPH;No Control Present;Rain;No;35.70949, -77.92689
772;773;No;10-juin;7;No;Not Applicable;C: Possible Injury;Sidewalk / Crosswalk / Driveway Crossing;Black;Male;Wilson;Wilson;No;01/01/2004;21/05/2009;Parallel Paths - Other Circumstances;18;Non-Intersection;01/05/2001;01/01/2001 18:32;Bicyclist Ride Out - Parallel Path;333225;2009;C: Possible Injury;Residential;25-29;25;No;16-20 mph;O: No Injury;Black;Female;Passenger Car;No;No;Daylight;Urban (>70% Developed);2 lanes;2;Straight - Level;Local Street;Dry;Two-Way, Not Divided;None;No Special Feature;Coarse Asphalt;Coastal;Urban;30 - 35  MPH;No Control Present;Clear;No;35.727806, -77.91781
775;776;Yes;60-69;61;No;Facing Traffic;C: Possible Injury;Travel Lane;Black;Male;Wilson;Wilson;No;01/01/2005;26/06/2009;Head-On;14;Intersection-Related;01/06/2001;01/01/2001 14:04;Head-On - Bicyclist;212250;2009;C: Possible Injury;Commercial;30-39;30;No;NA;O: No Injury;Black;Female;Passenger Car;No;No;Daylight;Urban (>70% Developed);3 lanes;2;Straight - Grade;Local Street;Dry;Two-Way, Not Divided;None;No Special Feature;Coarse Asphalt;Coastal;Urban;30 - 35  MPH;Stop And Go Signal;Clear;No;35.71335, -77.93196
781;782;Yes;30-39;30;No;Facing Traffic;C: Possible Injury;Sidewalk / Crosswalk / Driveway Crossing;Hispanic;Male;Charlotte;Mecklenburg;No;01/01/2007;04/10/2009;Motorist Failed to Yield - Sign-Controlled Intersection;12;Intersection;01/10/2001;01/01/2001 12:28;Motorist Drive Out - Sign-Controlled Intersection;132141;2009;C: Possible Injury;Residential;30-39;37;No;0-5 mph;O: No Injury;Hispanic;Female;Sport Utility;No;No;Daylight;Urban (>70% Developed);2 lanes;2;Straight - Bottom;Local Street;Dry;Two-Way, Not Divided;None;Four-Way Intersection;Smooth Asphalt;Piedmont;Urban;30 - 35  MPH;Stop Sign;Cloudy;No;35.136948, -80.886024
784;785;No;60-69;69;No;With Traffic;B: Evident Injury;Travel Lane;White;Male;Charlotte;Mecklenburg;No;01/01/2007;27/09/2009;Motorist Failed to Yield - Sign-Controlled Intersection;14;Intersection;01/09/2001;01/01/2001 14:24;Motorist Drive Out - Sign-Controlled Intersection;111141;2009;B: Evident Injury;Residential;50-59;57;No;11-15 mph;O: No Injury;White;Male;Passenger Car;No;No;Daylight;Urban (>70% Developed);4 lanes;2;Straight - Level;Local Street;Dry;Two-Way, Not Divided;None;Four-Way Intersection;Smooth Asphalt;Piedmont;Urban;30 - 35  MPH;Stop Sign;Clear;No;35.179424, -80.837006
785;786;No;40-49;49;No;Facing Traffic;C: Possible Injury;Sidewalk / Crosswalk / Driveway Crossing;Hispanic;Male;Charlotte;Mecklenburg;No;01/01/2002;22/09/2009;Motorist Failed to Yield - Signalized Intersection;18;Intersection;01/09/2001;01/01/2001 18:44;Motorist Drive Out - Signalized Intersection;132152;2009;C: Possible Injury;Commercial;30-39;39;No;0-5 mph;O: No Injury;Black;Male;Passenger Car;No;No;Daylight;Urban (>70% Developed);3 lanes;2;Straight - Level;Local Street;Dry;Two-Way, Not Divided;None;Four-Way Intersection;Smooth Asphalt;Piedmont;Urban;20 - 25  MPH;Stop And Go Signal;Cloudy;No;35.13771, -80.879234
788;789;Yes;50-59;51;No;With Traffic;B: Evident Injury;Travel Lane;Black;Male;Elizabeth City;Pasquotank;No;01/01/2003;09/09/2009;Bicyclist Failed to Yield - Signalized Intersection;17;Intersection;01/09/2001;01/01/2001 17:54;Bicyclist Ride Out - Signalized  Intersection;111153;2009;B: Evident Injury;Residential;30-39;37;No;31-35 mph;O: No Injury;/Missing;NA;Passenger Car;No;No;Daylight;Rural (<30% Developed);4 lanes;2;Straight - Level;Local Street;Dry;Two-Way, Divided, Unprotected Median;None;Four-Way Intersection;Grooved Concrete;Coastal;Urban;30 - 35  MPH;Stop And Go Signal;Clear;No;36.29647, -76.22368
793;794;No;30-39;36;No;With Traffic;O: No Injury;Travel Lane;/Missing;Male;Charlotte;Mecklenburg;No;01/01/2003;05/08/2009;Motorist Overtaking Bicyclist;14;Intersection-Related;01/08/2001;01/01/2001 14:33;Motorist Overtaking - Other /;211239;2009;O: No Injury;Residential;NA;NA;Missing;0-5 mph;Injury;/Missing;NA;NA;No;Yes;Daylight;Urban (>70% Developed);2 lanes;2;Straight - Level;Local Street;Dry;Two-Way, Not Divided;None;No Special Feature;Smooth Asphalt;Piedmont;Urban;30 - 35  MPH;Stop And Go Signal;Clear;No;35.221214, -80.81859
794;795;Yes;20-24;21;No;Facing Traffic;B: Evident Injury;Travel Lane;Hispanic;Male;Charlotte;Mecklenburg;No;01/01/2004;02/07/2009;Motorist Failed to Yield - Signalized Intersection;22;Intersection;01/07/2001;01/01/2001 22:13;Motorist Drive Out - Signalized Intersection;112152;2009;B: Evident Injury;Commercial;40-49;47;No;0-5 mph;O: No Injury;White;Male;Pickup;No;No;Dark - Lighted Roadway;Urban (>70% Developed);5 lanes;2;Straight - Level;Local Street;Wet;Two-Way, Divided, Unprotected Median;None;T-Intersection;Smooth Asphalt;Piedmont;Urban;30 - 35  MPH;Stop And Go Signal;Clear;No;35.1469, -80.72436
797;798;Yes;10-juin;10;No;Not Applicable;C: Possible Injury;NA;Black;Male;Charlotte;Mecklenburg;No;01/01/2005;19/06/2009;Other /  - Insufficient Details;21;Intersection-Related;01/06/2001;01/01/2001 21:24;Approach Paths;293970;2009;C: Possible Injury;Residential;30-39;39;No;6-10 mph;O: No Injury;Black;Male;Van;No;No;Dark - Roadway Not Lighted;Urban (>70% Developed);4 lanes;2;Straight - Level;Local Street;Dry;Two-Way, Not Divided;None;Traffic Circle/Roundabout;Smooth Asphalt;Piedmont;Urban;30 - 35  MPH;No Control Present;Clear;No;35.185867, -80.74691
804;805;Yes;10-juin;8;No;NA;C: Possible Injury;NA;Black;Male;Charlotte;Mecklenburg;No;01/01/2005;03/04/2009;Bicyclist Failed to Yield - Midblock;19;Non-Intersection;01/04/2001;01/01/2001 19:32;Bicyclist Ride Out - Midblock -;399319;2009;C: Possible Injury;Residential;60-69;68;No;11-15 mph;O: No Injury;Black;Male;Pickup;No;No;Daylight;Urban (>70% Developed);2 lanes;2;Straight - Level;Local Street;Dry;Two-Way, Not Divided;None;Driveway, Public;Smooth Asphalt;Piedmont;Urban;20 - 25  MPH;No Control Present;Clear;No;35.135017, -80.94292
9;10;Yes;30-39;39;No;Facing Traffic;C: Possible Injury;Sidewalk / Crosswalk / Driveway Crossing;Hispanic;Female;Cary;Wake;No;01/01/2004;21/01/2010;Motorist Left Turn / Merge;20;Intersection;NA;01/01/2001 20:06;Motorist Left Turn - Opposite Direction;0;2010;C: Possible Injury;Residential;40-49;47;No;0-5 mph;O: No Injury;White;Female;Passenger Car;No;No;Dark - Roadway Not Lighted;Urban (>70% Developed);2 lanes;2;Straight - Level;Local Street;Wet;Two-Way, Not Divided;None;Four-Way Intersection;Smooth Asphalt;Piedmont;Urban;30 - 35  MPH;Stop And Go Signal;Rain;No;35.783123, -78.78329
16;17;Yes;15-nov;14;No;With Traffic;B: Evident Injury;Travel Lane;Hispanic;Male;Statesville;Iredell;No;01/01/2003;13/01/2010;Crossing Paths - Other Circumstances;16;Intersection;NA;01/01/2001 15:59;Crossing Paths - Intersection - Other /;0;2010;B: Evident Injury;Residential;50-59;58;No;26-30 mph;O: No Injury;White;Male;Pickup;No;No;Daylight;Urban (>70% Developed);2 lanes;2;Curve - Level;Local Street;Dry;Two-Way, Divided, Unprotected Median;None;No Special Feature;Smooth Asphalt;Piedmont;Urban;30 - 35  MPH;No Control Present;Clear;No;35.804813, -80.881996
18;19;Yes;30-39;36;No;With Traffic;B: Evident Injury;Bike Lane / Paved Shoulder;White;Male;Charlotte;Mecklenburg;No;01/01/2005;15/01/2010;Crossing Paths - Other Circumstances;16;Intersection;NA;01/01/2001 16:03;Crossing Paths - Intersection - Other /;0;2010;B: Evident Injury;Residential;40-49;46;No;21-25 mph;O: No Injury;White;Female;Passenger Car;No;No;Daylight;Urban (>70% Developed);5 lanes;2;Straight - Level;Local Street;Dry;Two-Way, Divided, Unprotected Median;None;No Special Feature;Coarse Asphalt;Piedmont;Urban;30 - 35  MPH;No Control Present;Clear;No;35.351997, -80.778595
19;20;Yes;15-nov;14;No;With Traffic;C: Possible Injury;Travel Lane;White;Male;Eden;Rockingham;No;NA;25/01/2010;Head-On;12;Non-Intersection;NA;01/01/2001 12:35;Head-On - Bicyclist;0;2010;C: Possible Injury;Residential;25-29;27;No;0-5 mph;O: No Injury;White;Female;Passenger Car;No;No;Daylight;Urban (>70% Developed);2 lanes;2;Straight - Level;Local Street;Dry;Two-Way, Not Divided;None;No Special Feature;Smooth Asphalt;Piedmont;Urban;20 - 25  MPH;No Control Present;Clear;No;36.48855, -79.75311
23;24;No;15-nov;15;No;With Traffic;O: No Injury;Travel Lane;Black;Male;Raleigh;Wake;No;NA;18/01/2010;Bicyclist Failed to Yield - Signalized Intersection;14;Intersection;NA;01/01/2001 14:29;Bicyclist Failed to Clear - Trapped;0;2010;O: No Injury;Commercial;50-59;55;No;0-5 mph;O: No Injury;Black;Female;Passenger Car;No;No;Daylight;Mixed (30% To 70% Developed);5 lanes;2;Straight - Level;Local Street;Dry;Two-Way, Not Divided;None;No Special Feature;Smooth Asphalt;Piedmont;Urban;30 - 35  MPH;Stop And Go Signal;Clear;No;35.834713, -78.60203
29;30;Yes;16-19;19;No;With Traffic;B: Evident Injury;Travel Lane;Black;Male;Goldsboro;Wayne;No;01/01/2005;29/01/2010;Motorist Overtaking Bicyclist;21;Intersection;NA;01/01/2001 21:39;Motorist Overtaking - Other /;0;2010;B: Evident Injury;Residential;NA;NA;Missing;NA;Injury;/Missing;NA;NA;No;Yes;Dark - Roadway Not Lighted;Urban (>70% Developed);2 lanes;2;Straight - Level;Local Street;Dry;Two-Way, Not Divided;None;Four-Way Intersection;Smooth Asphalt;Coastal;Urban;20 - 25  MPH;Stop Sign;Cloudy;No;35.387653, -77.98242
32;33;No;30-39;30;No;Facing Traffic;O: No Injury;NA;White;Male;Greenville;Pitt;No;01/01/2005;22/01/2010;Crossing Paths - Other Circumstances;13;Non-Intersection;NA;01/01/2001 13:44;Crossing Paths - Midblock - Other /;0;2010;O: No Injury;Institutional;50-59;58;No;0-5 mph;O: No Injury;White;Male;Truck/Trailer;No;No;Daylight;Urban (>70% Developed);NA;2;Straight - Level;Public Vehicular Area;Wet;Two-Way, Not Divided;None;No Special Feature;Smooth Asphalt;Coastal;Urban;NA;Stop Sign;Rain;No;35.590477, -77.36796
35;36;Yes;25-29;29;No;Facing Traffic;B: Evident Injury;Travel Lane;Black;Male;Enfield;Halifax;No;01/01/2003;27/01/2010;Motorist Left Turn / Merge;0;Non-Intersection;NA;01/01/2001 00:10;Motorist Left Turn - Same Direction;0;2010;B: Evident Injury;Residential;NA;NA;Missing;6-10 mph;Injury;/Missing;NA;NA;No;Yes;Dark - Lighted Roadway;Urban (>70% Developed);2 lanes;2;Straight - Level;Local Street;Dry;Two-Way, Not Divided;None;No Special Feature;Smooth Asphalt;Coastal;Rural;20 - 25  MPH;Stop Sign;Clear;No;36.17794, -77.665695
46;47;Yes;50-59;53;No;With Traffic;B: Evident Injury;Travel Lane;White;Male;None - Rural Crash;Alexander;No;01/01/2005;26/02/2010;Motorist Overtaking Bicyclist;18;Non-Intersection;01/02/2001;01/01/2001 18:43;Motorist Overtaking - Other /;0;2010;B: Evident Injury;Residential;70+;NA;No;31-35 mph;O: No Injury;White;Female;Sport Utility;No;No;Dusk;Mixed (30% To 70% Developed);2 lanes;2;Straight - Grade;State Secondary Route;Dry;Two-Way, Not Divided;None;Driveway, Private;Coarse Asphalt;Piedmont;Rural;40 - 45  MPH;Double Yellow Line, No Passing Zone;Clear;No;35.932907, -81.1366
57;58;Yes;40-49;40;No;With Traffic;C: Possible Injury;Travel Lane;White;Male;None - Rural Crash;Pitt;No;01/01/2006;06/03/2010;Motorist Overtaking Bicyclist;15;Non-Intersection;01/03/2001;01/01/2001 15:25;Motorist Overtaking - Undetected Bicyclist;0;2010;C: Possible Injury;Farms, Woods, Pastures;70+;NA;No;16-20 mph;O: No Injury;White;Male;Pickup;No;No;Daylight;Rural (<30% Developed);2 lanes;2;Straight - Grade;State Secondary Route;Dry;Two-Way, Not Divided;None;No Special Feature;Coarse Asphalt;Coastal;Rural;50 - 55  MPH;Double Yellow Line, No Passing Zone;Clear;No;35.5682, -77.24802
61;62;Yes;15-nov;11;No;With Traffic;B: Evident Injury;Sidewalk / Crosswalk / Driveway Crossing;Black;Male;High Point;Guilford;No;01/01/2002;23/02/2010;Motorist Right Turn / Merge;19;Intersection;01/02/2001;01/01/2001 19:11;Motorist Right Turn - Same Direction;0;2010;B: Evident Injury;Commercial;NA;NA;Missing;NA;Injury;/Missing;NA;NA;No;Yes;Dark - Lighted Roadway;Urban (>70% Developed);2 lanes;2;Straight - Level;Local Street;Wet;Two-Way, Not Divided;None;Four-Way Intersection;Smooth Asphalt;Piedmont;Urban;NA;Stop And Go Signal;Clear;No;35.95613, -80.00018
62;63;Yes;60-69;61;No;Facing Traffic;C: Possible Injury;Sidewalk / Crosswalk / Driveway Crossing;White;Male;Cary;Wake;No;01/01/2003;10/03/2010;Motorist Failed to Yield - Sign-Controlled Intersection;11;Intersection;01/03/2001;01/01/2001 11:50;Motorist Drive Out - Sign-Controlled Intersection;0;2010;C: Possible Injury;Residential;60-69;65;No;0-5 mph;O: No Injury;White;Male;Pickup;No;No;Daylight;Urban (>70% Developed);2 lanes;2;Straight - Level;Local Street;Dry;Two-Way, Not Divided;None;Four-Way Intersection;Smooth Asphalt;Piedmont;Urban;20 - 25  MPH;Stop Sign;Cloudy;No;35.733044, -78.77765
65;66;Yes;50-59;51;No;With Traffic;B: Evident Injury;Travel Lane;White;Female;Durham;Durham;No;01/01/2003;17/03/2010;Motorist Overtaking Bicyclist;8;Non-Intersection;01/03/2001;01/01/2001 08:15;Motorist Overtaking - Undetected Bicyclist;0;2010;B: Evident Injury;Commercial;20-24;21;No;41-45 mph;O: No Injury;Hispanic;Male;Passenger Car;No;No;Daylight;Urban (>70% Developed);2 lanes;2;Straight - Level;Local Street;Dry;Two-Way, Not Divided;None;No Special Feature;Smooth Asphalt;Piedmont;Urban;40 - 45  MPH;No Control Present;Clear;No;35.943623, -78.87088
69;70;Yes;40-49;47;No;With Traffic;C: Possible Injury;Travel Lane;Black;Male;Winterville;Pitt;No;01/01/2002;02/02/2010;Crossing Paths - Other Circumstances;18;Intersection;01/02/2001;01/01/2001 18:41;Sign-Controlled Intersection - Other /;0;2010;C: Possible Injury;Residential;0-19;16;No;0-5 mph;O: No Injury;Black;Male;Passenger Car;No;No;Dark - Lighted Roadway;Urban (>70% Developed);2 lanes;3;Straight - Level;Local Street;Wet;Two-Way, Divided, Positive Median Barrier;None;Four-Way Intersection;Smooth Asphalt;Coastal;Urban;5 - 15 MPH;Stop Sign;Snow, Sleet, Hail, Freezing Rain/Drizzle;No;35.533905, -77.40009
75;76;Yes;16-19;18;No;With Traffic;B: Evident Injury;Travel Lane;Black;Male;None - Rural Crash;Durham;No;01/01/2003;17/03/2010;Motorist Overtaking Bicyclist;23;Non-Intersection;01/03/2001;01/01/2001 23:01;Motorist Overtaking - Other /;0;2010;B: Evident Injury;Residential;NA;NA;No;46-50 mph;Injury;/Missing;NA;Sport Utility;No;Yes;Dark - Roadway Not Lighted;Mixed (30% To 70% Developed);3 lanes;2;Straight - Grade;State Secondary Route;Dry;Two-Way, Not Divided;None;No Special Feature;Coarse Asphalt;Piedmont;Rural;40 - 45  MPH;Stop Sign;Clear;No;36.05887, -78.8887
79;80;Yes;50-59;57;No;Not Applicable;C: Possible Injury;NA;Black;Male;Fayetteville;Cumberland;No;01/01/2005;05/03/2010;Bicyclist Failed to Yield - Midblock;13;Non-Intersection;01/03/2001;01/01/2001 13:05;Bicyclist Ride Out - Other Midblock;0;2010;C: Possible Injury;Commercial;60-69;62;No;21-25 mph;O: No Injury;Black;Female;Van;No;No;Daylight;Mixed (30% To 70% Developed);5 lanes;2;Straight - Level;Local Street;Dry;Two-Way, Divided, Unprotected Median;None;No Special Feature;Smooth Asphalt;Coastal;Urban;30 - 35  MPH;No Control Present;Clear;No;35.048695, -78.86713
84;85;Yes;16-19;18;No;Not Applicable;B: Evident Injury;Driveway / Alley;White;Male;High Point;Guilford;No;NA;08/03/2010;Bicyclist Failed to Yield - Midblock;8;Non-Intersection;01/03/2001;01/01/2001 08:24;Multiple Threat - Midblock;0;2010;B: Evident Injury;Institutional;20-24;23;No;26-30 mph;O: No Injury;White;Female;Sport Utility;No;No;Daylight;Urban (>70% Developed);5 lanes;2;Straight - Level;US Route;Dry;Two-Way, Not Divided;None;Driveway, Public;Smooth Asphalt;Piedmont;Urban;30 - 35  MPH;No Control Present;Clear;No;35.946873, -80.00345
85;86;No;20-24;20;No;NA;B: Evident Injury;Sidewalk / Crosswalk / Driveway Crossing;White;Male;Burlington;Alamance;No;01/01/2003;10/03/2010;Backing Vehicle;13;Non-Intersection;01/03/2001;01/01/2001 13:18;Backing Vehicle;0;2010;B: Evident Injury;Residential;NA;NA;Missing;0-5 mph;Injury;/Missing;NA;NA;No;Yes;Daylight;Urban (>70% Developed);4 lanes;2;Straight - Grade;NC Route;Dry;Two-Way, Not Divided;None;Driveway, Private;Coarse Asphalt;Piedmont;Urban;30 - 35  MPH;No Control Present;Clear;No;36.107502, -79.43422
87;88;No;40-49;44;No;With Traffic;A: Disabling Injury;Travel Lane;White;Male;Charlotte;Mecklenburg;No;01/01/2004;11/03/2010;Motorist Overtaking Bicyclist;6;Non-Intersection;01/03/2001;01/01/2001 06:19;Motorist Overtaking - Undetected Bicyclist;0;2010;A: Disabling Injury;Farms, Woods, Pastures;NA;NA;Missing;41-45 mph;Injury;/Missing;NA;NA;No;Yes;Dawn;Rural (<30% Developed);4 lanes;2;Curve - Grade;NC Route;Wet;Two-Way, Not Divided;None;No Special Feature;Coarse Asphalt;Piedmont;Urban;40 - 45  MPH;Other;Fog, Smog, Smoke;No;35.099102, -81.0393
863;864;Yes;16-19;16;No;With Traffic;B: Evident Injury;Travel Lane;White;Male;None - Rural Crash;Rutherford;No;01/01/2005;09/11/2012;Motorist Overtaking Bicyclist;18;Non-Intersection;01/11/2001;01/01/2001 18:09;Motorist Overtaking - Other /;NA;2012;B: Evident Injury;Farms, Woods, Pastures;NA;NA;Missing;6-10 mph;Injury;/Missing;NA;Pickup;No;Yes;Dark - Roadway Not Lighted;Rural (<30% Developed);2 lanes;2;Straight - Level;State Secondary Route;Dry;Two-Way, Not Divided;None;No Special Feature;Coarse Asphalt;Mountains;Rural;50 - 55  MPH;Double Yellow Line, No Passing Zone;Clear;No;35.3835, -81.7356
866;867;Yes;20-24;23;No;Facing Traffic;C: Possible Injury;Travel Lane;White;Male;None - Rural Crash;New Hanover;No;01/01/2007;11/11/2012;Motorist Failed to Yield - Midblock;10;Non-Intersection;01/11/2001;01/01/2001 10:34;Motorist Drive Out - Commercial Driveway / Alley;NA;2012;C: Possible Injury;Residential;70;70;No;0-5 mph;O: No Injury;White;Male;Van;No;No;Daylight;Mixed (30% To 70% Developed);4 lanes;2;Straight - Level;US Route;Dry;Two-Way, Divided, Unprotected Median;None;Driveway, Public;Coarse Asphalt;Coastal;Rural;40 - 45  MPH;No Control Present;Clear;No;34.14531, -77.8988
871;872;Yes;50-59;52;No;With Traffic;C: Possible Injury;Bike Lane / Paved Shoulder;Black;Male;Greensboro;Guilford;No;01/01/2005;02/11/2012;Motorist Right Turn / Merge;15;Intersection;01/11/2001;01/01/2001 15:27;Motorist Right Turn - Same Direction;NA;2012;C: Possible Injury;Institutional;20-24;23;No;6-10 mph;O: No Injury;White;Male;Passenger Car;No;No;Daylight;Urban (>70% Developed);2 lanes;2;Straight - Level;Local Street;Dry;Two-Way, Divided, Unprotected Median;None;Four-Way Intersection;Smooth Asphalt;Piedmont;Urban;20 - 25  MPH;Stop And Go Signal;Clear;No;36.06527, -79.8128
875;876;Yes;50-59;57;No;With Traffic;B: Evident Injury;Travel Lane;White;Male;Carrboro;Orange;No;01/01/2007;04/11/2012;Motorist Overtaking Bicyclist;15;Intersection-Related;01/11/2001;01/01/2001 15:28;Motorist Overtaking - Bicyclist Swerved;NA;2012;B: Evident Injury;Commercial;50-59;58;No;11-15 mph;O: No Injury;Black;Male;Pickup;No;No;Daylight;Urban (>70% Developed);NA;2;Straight - Level;Local Street;Dry;Two-Way, Not Divided;None;No Special Feature;Coarse Asphalt;Piedmont;Urban;20 - 25  MPH;Stop And Go Signal;Clear;No;35.91094, -79.067
879;880;No;60-69;64;Yes;With Traffic;C: Possible Injury;Travel Lane;Black;Male;Charlotte;Mecklenburg;Yes;01/01/2003;14/11/2012;Crossing Paths - Other Circumstances;16;Intersection;01/11/2001;01/01/2001 16:34;Crossing Paths - Intersection - Other /;NA;2012;C: Possible Injury;Commercial;40-49;41;No;11-15 mph;O: No Injury;White;Male;Pickup;No;No;Daylight;Mixed (30% To 70% Developed);3 lanes;2;Straight - Level;NC Route;Dry;Two-Way, Divided, Unprotected Median;None;No Special Feature;Smooth Asphalt;Piedmont;Urban;50 - 55  MPH;No Control Present;Clear;No;35.26059, -80.8759