FID;OBJECTID;AmbulanceR;BikeAge_Gr;Bike_Age;Bike_Alc_D;Bike_Dir;Bike_Injur;Bike_Pos;Bike_Race;Bike_Sex;City;County;CrashAlcoh;CrashDay;Crash_Date;Crash_Grp;Crash_Hour;Crash_Loc;Crash_Mont;Crash_Time;Crash_Type;Crash_Ty_1;Crash_Year;Crsh_Sevri;Developmen;DrvrAge_Gr;Drvr_Age;Drvr_Alc_D;Drvr_EstSp;Drvr_Injur;Drvr_Race;Drvr_Sex;Drvr_VehTy;ExcsSpdInd;Hit_Run;Light_Cond;Locality;Num_Lanes;Num_Units;Rd_Charact;Rd_Class;Rd_Conditi;Rd_Config;Rd_Defects;Rd_Feature;Rd_Surface;Region;Rural_Urba;Speed_Limi;Traff_Cntr;Weather;Workzone_I;Location
882;883;Yes;20-24;20;No;Facing Traffic;B: Evident Injury;Sidewalk / Crosswalk / Driveway Crossing;White;Male;Greensboro;Guilford;No;01/01/2005;05/10/2012;Motorist Failed to Yield - Sign-Controlled Intersection;15;Intersection;01/10/2001;01/01/2001 15:45;Motorist Drive Out - Sign-Controlled Intersection;NA;2012;B: Evident Injury;Commercial;20-24;24;No;0-5 mph;O: No Injury;White;Female;Passenger Car;No;No;Daylight;Urban (>70% Developed);3 lanes;2;Curve - Hillcrest;Local Street;Dry;Two-Way, Divided, Unprotected Median;None;On or Off Ramp;Smooth Asphalt;Piedmont;Urban;30 - 35  MPH;Stop Sign;Clear;No;36.08712, -79.7756
883;884;Yes;10-juin;7;No;With Traffic;B: Evident Injury;Travel Lane;Black;Male;Greensboro;Guilford;No;01/01/2003;30/05/2012;Bicyclist Failed to Yield - Sign-Controlled Intersection;17;Intersection-Related;01/05/2001;01/01/2001 17:25;Bicyclist Ride Through - Sign-Controlled Intersection;NA;2012;B: Evident Injury;Residential;30-39;38;No;31-35 mph;O: No Injury;Black;Male;Van;No;No;Daylight;Urban (>70% Developed);2 lanes;2;Straight - Bottom;Local Street;Dry;Two-Way, Not Divided;None;Four-Way Intersection;Smooth Asphalt;Piedmont;Urban;30 - 35  MPH;Stop Sign;Clear;No;36.07349, -79.7482
891;892;No;10-juin;7;No;Facing Traffic;C: Possible Injury;Travel Lane;White;Male;None - Rural Crash;Pasquotank;No;01/01/2006;17/11/2012;Bicyclist Right Turn / Merge;13;Non-Intersection;01/11/2001;01/01/2001 13:54;Bicyclist Right Turn - Same Direction;NA;2012;C: Possible Injury;Residential;0-19;18;No;31-35 mph;O: No Injury;White;Female;Passenger Car;No;No;Daylight;Mixed (30% To 70% Developed);2 lanes;2;Straight - Level;State Secondary Route;Dry;Two-Way, Not Divided;None;No Special Feature;Smooth Asphalt;Coastal;Rural;30 - 35  MPH;Double Yellow Line, No Passing Zone;Clear;No;36.24225, -76.3143
892;893;Yes;20-24;22;No;Facing Traffic;C: Possible Injury;Travel Lane;White;Female;Greensboro;Guilford;No;01/01/2004;15/11/2012;Crossing Paths - Other Circumstances;13;Intersection;01/11/2001;01/01/2001 12:59;Crossing Paths - Intersection - Other /;NA;2012;C: Possible Injury;Commercial;30-39;30;No;0-5 mph;O: No Injury;White;Male;Passenger Car;No;No;Daylight;Urban (>70% Developed);1 lane;2;Straight - Grade;Local Street;Dry;One-Way, Not Divided;None;T-Intersection;Smooth Asphalt;Piedmont;Urban;20 - 25  MPH;No Control Present;Clear;No;36.06828, -79.805
902;903;Yes;40-49;46;No;Facing Traffic;C: Possible Injury;Travel Lane;Black;Male;Durham;Durham;No;01/01/2003;21/11/2012;Crossing Paths - Other Circumstances;0;Intersection;01/11/2001;01/01/2001 00:44;Signalized Intersection - Other /;NA;2012;C: Possible Injury;Residential;40-49;48;No;6-10 mph;O: No Injury;Black;Female;Passenger Car;No;No;Daylight;Urban (>70% Developed);3 lanes;2;Straight - Level;Local Street;Dry;Two-Way, Not Divided;None;No Special Feature;Coarse Asphalt;Piedmont;Urban;30 - 35  MPH;Stop And Go Signal;Clear;No;36.01774, -78.9363
907;908;Yes;50-59;51;No;With Traffic;C: Possible Injury;Travel Lane;Black;Male;Greensboro;Guilford;No;01/01/2002;12/06/2012;Motorist Overtaking Bicyclist;0;Non-Intersection;01/06/2001;01/01/2001 00:49;Motorist Overtaking - Other /;NA;2012;C: Possible Injury;Residential;20-24;20;No;0-5 mph;O: No Injury;Black;Male;Passenger Car;No;No;Dark - Lighted Roadway;Urban (>70% Developed);2 lanes;2;Straight - Level;Local Street;NA;Two-Way, Not Divided;None;No Special Feature;Smooth Asphalt;Piedmont;Urban;30 - 35  MPH;No Control Present;Other;No;36.08508, -79.7486
908;909;Yes;NA;0;Missing;Facing Traffic;Injury;Sidewalk / Crosswalk / Driveway Crossing;/Missing;NA;Greensboro;Guilford;No;01/01/2003;20/06/2012;Motorist Failed to Yield - Midblock;15;Non-Intersection;01/06/2001;01/01/2001 15:45;Motorist Drive Out - Commercial Driveway / Alley;NA;2012;O: No Injury;Commercial;50-59;51;No;0-5 mph;O: No Injury;Black;Male;Passenger Car;No;Yes;Daylight;Urban (>70% Developed);3 lanes;2;Straight - Level;Local Street;Dry;Two-Way, Not Divided;None;Driveway, Public;Coarse Asphalt;Piedmont;Urban;5 - 15 MPH;No Control Present;Clear;No;36.03938, -79.7991
914;915;Yes;20-24;23;No;With Traffic;B: Evident Injury;Travel Lane;Black;Male;Durham;Durham;No;01/01/2002;27/11/2012;Motorist Failed to Yield - Sign-Controlled Intersection;22;Intersection;01/11/2001;01/01/2001 22:38;Motorist Drive Out - Sign-Controlled Intersection;NA;2012;B: Evident Injury;Residential;40-49;48;No;0-5 mph;O: No Injury;White;Male;Passenger Car;No;No;Dark - Roadway Not Lighted;Urban (>70% Developed);2 lanes;2;Straight - Level;Local Street;Wet;Two-Way, Not Divided;None;No Special Feature;Smooth Asphalt;Piedmont;Urban;30 - 35  MPH;Stop Sign;Clear;No;35.89034, -78.9433
920;921;No;16-19;19;No;With Traffic;Injury;Bike Lane / Paved Shoulder;White;Female;Greensboro;Guilford;No;01/01/2002;06/11/2012;Motorist Left Turn / Merge;13;Intersection;01/11/2001;01/01/2001 13:51;Motorist Left Turn - Opposite Direction;NA;2012;O: No Injury;Institutional;40-49;49;No;0-5 mph;O: No Injury;White;Male;Van;No;No;Daylight;Urban (>70% Developed);2 lanes;2;Straight - Level;Local Street;Dry;Two-Way, Not Divided;None;Four-Way Intersection;Smooth Asphalt;Piedmont;Urban;20 - 25  MPH;Stop And Go Signal;Clear;No;36.06532, -79.8127
923;924;Yes;60-69;62;No;With Traffic;B: Evident Injury;Travel Lane;White;Male;None - Rural Crash;Orange;No;01/01/2005;23/11/2012;Bicyclist Left Turn / Merge;15;Intersection;01/11/2001;01/01/2001 15:00;Bicyclist Left Turn - Same Direction;NA;2012;B: Evident Injury;Farms, Woods, Pastures;40-49;48;No;36-40 mph;O: No Injury;White;Female;Passenger Car;No;No;Daylight;Rural (<30% Developed);2 lanes;2;Straight - Grade;State Secondary Route;Dry;Two-Way, Not Divided;None;T-Intersection;Coarse Asphalt;Piedmont;Rural;40 - 45  MPH;Double Yellow Line, No Passing Zone;Clear;No;36.18211, -78.9761
932;933;No;NA;0;No;Not Applicable;B: Evident Injury;Non-Roadway;/Missing;NA;Spindale;Rutherford;No;01/01/2006;10/11/2012;Bicyclist Failed to Yield - Midblock;14;Non-Intersection;01/11/2001;01/01/2001 14:45;Bicyclist Ride Out - Other Midblock;NA;2012;B: Evident Injury;Residential;60-69;67;No;31-35 mph;O: No Injury;White;Female;Passenger Car;No;No;Daylight;Urban (>70% Developed);2 lanes;2;Straight - Bottom;Local Street;Dry;Two-Way, Divided, Unprotected Median;None;T-Intersection;Smooth Asphalt;Mountains;Rural;30 - 35  MPH;No Control Present;Clear;No;35.35647, -81.9175
951;952;Yes;50-59;53;No;With Traffic;B: Evident Injury;Sidewalk / Crosswalk / Driveway Crossing;White;Male;Raleigh;Wake;No;01/01/2003;28/11/2012;Motorist Right Turn / Merge;17;Non-Intersection;01/11/2001;01/01/2001 17:37;Motorist Right Turn - Same Direction;NA;2012;B: Evident Injury;Commercial;30-39;33;No;6-10 mph;O: No Injury;Black;Male;Passenger Car;No;No;Dusk;Rural (<30% Developed);3 lanes;2;Straight - Level;Local Street;Dry;Two-Way, Not Divided;None;No Special Feature;Smooth Asphalt;Piedmont;Urban;30 - 35  MPH;No Control Present;Clear;No;35.82404, -78.6503
952;953;Yes;40-49;49;No;With Traffic;C: Possible Injury;Travel Lane;White;Male;None - Rural Crash;Buncombe;No;01/01/2002;04/12/2012;Motorist Overtaking Bicyclist;14;Non-Intersection;01/12/2001;01/01/2001 14:35;Motorist Overtaking - Other /;NA;2012;C: Possible Injury;Residential;50-59;59;No;51-55 mph;O: No Injury;White;Female;Passenger Car;No;No;Daylight;Rural (<30% Developed);2 lanes;2;Curve - Grade;State Secondary Route;Dry;Two-Way, Not Divided;None;No Special Feature;Smooth Asphalt;Mountains;Rural;50 - 55  MPH;Double Yellow Line, No Passing Zone;Clear;No;35.6558, -82.6578
962;963;Yes;40-49;43;No;Facing Traffic;A: Disabling Injury;Travel Lane;White;Male;Kitty Hawk;Dare;No;01/01/2002;20/11/2012;Crossing Paths - Other Circumstances;17;Intersection;01/11/2001;01/01/2001 17:50;Crossing Paths - Intersection - Other /;NA;2012;A: Disabling Injury;Commercial;30-39;39;No;46-50 mph;O: No Injury;Other;Female;Passenger Car;No;No;Dark - Roadway Not Lighted;Urban (>70% Developed);5 lanes;2;Straight - Level;US Route;Dry;Two-Way, Not Divided;None;No Special Feature;Smooth Asphalt;Coastal;Rural;50 - 55  MPH;No Control Present;Cloudy;No;36.05704, -75.6874
964;965;Yes;20-24;23;Yes;With Traffic;C: Possible Injury;Travel Lane;Black;Male;Charlotte;Mecklenburg;Yes;01/01/2005;14/12/2012;Bicyclist Left Turn / Merge;18;Non-Intersection;01/12/2001;01/01/2001 18:52;Bicyclist Left Turn - Same Direction;NA;2012;C: Possible Injury;Residential;NA;NA;Missing;6-10 mph;Injury;/Missing;NA;NA;No;Yes;Dark - Lighted Roadway;Urban (>70% Developed);2 lanes;2;Straight - Level;Local Street;Dry;Two-Way, Not Divided;None;No Special Feature;Smooth Asphalt;Piedmont;Urban;30 - 35  MPH;No Control Present;Clear;No;35.25991, -80.8978
970;971;Yes;50-59;59;No;NA;B: Evident Injury;NA;White;Male;Fayetteville;Cumberland;No;NA;19/11/2012;Other /  - Insufficient Details;12;Non-Intersection;01/11/2001;01/01/2001 12:17;Approach Paths;NA;2012;B: Evident Injury;Commercial;40-49;40;No;36-40 mph;O: No Injury;White;Female;Sport Utility;No;No;Daylight;Urban (>70% Developed);7 lanes;2;Straight - Level;Local Street;Dry;Two-Way, Divided, Unprotected Median;None;No Special Feature;Coarse Asphalt;Coastal;Urban;40 - 45  MPH;No Control Present;Clear;No;35.04382, -78.9349
972;973;Yes;20-24;24;No;Not Applicable;B: Evident Injury;Non-Roadway;Black;Male;Kill Devil Hills;Dare;No;01/01/2002;20/11/2012;Bicyclist Failed to Yield - Midblock;16;Non-Intersection;01/11/2001;01/01/2001 16:17;Bicyclist Ride Out - Other Midblock;NA;2012;B: Evident Injury;Commercial;25-29;27;No;46-50 mph;C: Possible Injury;White;Female;Passenger Car;No;No;Daylight;Urban (>70% Developed);5 lanes;2;Straight - Level;US Route;Dry;Two-Way, Not Divided;None;No Special Feature;Coarse Asphalt;Coastal;Urban;50 - 55  MPH;No Control Present;Cloudy;No;36.03128, -75.6715
976;977;Yes;50-59;59;No;With Traffic;C: Possible Injury;Travel Lane;White;Male;Wilmington;New Hanover;No;NA;03/12/2012;Motorist Failed to Yield - Sign-Controlled Intersection;7;Intersection;01/12/2001;01/01/2001 07:05;Motorist Drive Out - Sign-Controlled Intersection;NA;2012;C: Possible Injury;Commercial;30-39;31;No;0-5 mph;O: No Injury;White;Male;Passenger Car;No;No;Daylight;Urban (>70% Developed);3 lanes;2;Straight - Level;Local Street;Dry;Two-Way, Not Divided;None;No Special Feature;Coarse Asphalt;Coastal;Urban;20 - 25  MPH;Stop Sign;Clear;No;34.23238, -77.8832
981;982;Yes;20-24;24;No;With Traffic;C: Possible Injury;Travel Lane;White;Male;Greensboro;Guilford;No;NA;17/12/2012;Motorist Failed to Yield - Sign-Controlled Intersection;3;Intersection;01/12/2001;01/01/2001 03:22;Motorist Drive Out - Sign-Controlled Intersection;NA;2012;C: Possible Injury;Residential;20-24;20;No;0-5 mph;O: No Injury;Black;Male;Passenger Car;No;No;Dark - Roadway Not Lighted;Urban (>70% Developed);2 lanes;2;Straight - Level;Local Street;Wet;Two-Way, Not Divided;None;T-Intersection;Coarse Asphalt;Piedmont;Urban;30 - 35  MPH;Stop Sign;Cloudy;No;36.07066, -79.7705
982;983;No;15-nov;14;No;With Traffic;O: No Injury;Travel Lane;White;Male;Mooresville;Iredell;No;01/01/2004;06/12/2012;Motorist Overtaking Bicyclist;17;Non-Intersection;01/12/2001;01/01/2001 17:27;Motorist Overtaking - Bicyclist Swerved;NA;2012;O: No Injury;Residential;60-69;66;No;21-25 mph;O: No Injury;Black;Male;Passenger Car;No;No;Dark - Roadway Not Lighted;Urban (>70% Developed);2 lanes;2;Straight - Hillcrest;Local Street;Dry;Two-Way, Not Divided;None;No Special Feature;Coarse Asphalt;Piedmont;Urban;20 - 25  MPH;No Control Present;Clear;No;35.55592, -80.81
985;986;Yes;15-nov;12;No;With Traffic;C: Possible Injury;Travel Lane;Asian;Male;Lenoir;Caldwell;No;01/01/2007;23/12/2012;Bicyclist Failed to Yield - Signalized Intersection;20;Intersection;01/12/2001;01/01/2001 20:37;Bicyclist Ride Out - Signalized  Intersection;NA;2012;C: Possible Injury;Commercial;50-59;50;No;6-10 mph;O: No Injury;Black;Female;Sport Utility;No;No;Dark - Lighted Roadway;Urban (>70% Developed);2 lanes;2;Straight - Level;Local Street;Dry;One-Way, Not Divided;None;No Special Feature;Coarse Asphalt;Mountains;Urban;20 - 25  MPH;Stop And Go Signal;Clear;No;35.91232, -81.5429
986;987;Yes;25-29;29;No;With Traffic;B: Evident Injury;Travel Lane;Black;Male;Spring Lake;Cumberland;No;01/01/2005;21/12/2012;Motorist Overtaking Bicyclist;23;Non-Intersection;01/12/2001;01/01/2001 23:12;Motorist Overtaking - Other /;NA;2012;B: Evident Injury;Commercial;NA;NA;Missing;41-45 mph;Injury;/Missing;NA;NA;No;Yes;Dark - Roadway Not Lighted;Rural (<30% Developed);5 lanes;2;Straight - Level;Local Street;Wet;Two-Way, Not Divided;None;No Special Feature;Smooth Asphalt;Coastal;Urban;40 - 45  MPH;No Control Present;Rain;No;35.1863, -78.9623
991;992;Yes;50-59;58;No;With Traffic;K: Killed;Travel Lane;White;Male;Jacksonville;Onslow;No;01/01/2003;05/12/2012;Motorist Overtaking Bicyclist;16;Non-Intersection;01/12/2001;01/01/2001 16:09;Motorist Overtaking - Other /;NA;2012;K: Killed;Residential;70;70;No;31-35 mph;O: No Injury;White;Male;Sport Utility;No;No;Daylight;Urban (>70% Developed);4 lanes;2;Straight - Level;Local Street;Dry;Two-Way, Not Divided;None;No Special Feature;Smooth Asphalt;Coastal;Urban;30 - 35  MPH;No Control Present;Clear;No;34.75959, -77.4028
998;999;No;NA;0;Missing;With Traffic;Injury;Travel Lane;/Missing;NA;Elizabeth City;Pasquotank;No;NA;10/12/2012;Motorist Overtaking Bicyclist;17;Non-Intersection;01/12/2001;01/01/2001 17:23;Motorist Overtaking - Other /;NA;2012;O: No Injury;Residential;40-49;44;No;31-35 mph;O: No Injury;White;Male;Pickup;No;No;Dark - Roadway Not Lighted;Rural (<30% Developed);2 lanes;2;Straight - Level;State Secondary Route;Dry;Two-Way, Not Divided;None;No Special Feature;Smooth Asphalt;Coastal;Urban;40 - 45  MPH;No Control Present;Clear;No;36.37094, -76.2931
999;1000;No;70;0;No;Facing Traffic;C: Possible Injury;Sidewalk / Crosswalk / Driveway Crossing;White;Male;Cary;Wake;No;01/01/2005;14/12/2012;Motorist Failed to Yield - Sign-Controlled Intersection;10;Intersection;01/12/2001;01/01/2001 10:44;Motorist Drive Out - Sign-Controlled Intersection;NA;2012;C: Possible Injury;Residential;50-59;59;No;0-5 mph;O: No Injury;White;Male;Passenger Car;No;No;Daylight;Urban (>70% Developed);2 lanes;2;Straight - Level;Local Street;Dry;Two-Way, Not Divided;None;Four-Way Intersection;Smooth Asphalt;Piedmont;Urban;20 - 25  MPH;Stop Sign;Clear;No;35.76696, -78.774
1002;1003;Yes;30-39;36;No;Facing Traffic;B: Evident Injury;NA;Black;Male;Winston-Salem;Forsyth;No;01/01/2005;21/12/2012;Bicyclist Failed to Yield - Signalized Intersection;17;Intersection-Related;01/12/2001;01/01/2001 17:13;Bicyclist Ride Out - Signalized  Intersection;NA;2012;B: Evident Injury;Residential;30-39;34;No;26-30 mph;O: No Injury;White;Female;Light Truck (Mini-Van, Panel);No;No;Daylight;Urban (>70% Developed);2 lanes;2;Straight - Level;Local Street;Dry;Two-Way, Not Divided;None;Related To Intersection;Smooth Asphalt;Piedmont;Urban;30 - 35  MPH;Stop And Go Signal;Clear;No;36.06959, -80.2391
1005;1006;No;16-19;19;No;Facing Traffic;C: Possible Injury;Travel Lane;Black;Male;Pineville;Mecklenburg;No;01/01/2004;20/12/2012;Motorist Failed to Yield - Signalized Intersection;20;Intersection;01/12/2001;01/01/2001 20:08;Motorist Drive Out - Right Turn on Red;NA;2012;C: Possible Injury;Commercial;20-24;24;No;0-5 mph;O: No Injury;White;Female;Passenger Car;No;No;Dark - Lighted Roadway;Urban (>70% Developed);6 lanes;2;Straight - Level;Local Street;Wet;Two-Way, Not Divided;None;Four-Way Intersection;Smooth Asphalt;Piedmont;Rural;30 - 35  MPH;Stop And Go Signal;Rain;No;35.08946, -80.8706
1012;1013;No;16-19;18;No;With Traffic;O: No Injury;Sidewalk / Crosswalk / Driveway Crossing;White;Male;Wilmington;New Hanover;No;01/01/2003;26/09/2012;Crossing Paths - Other Circumstances;14;Intersection-Related;01/09/2001;01/01/2001 14:03;Crossing Paths - Uncontrolled Intersection;NA;2012;O: No Injury;Commercial;20-24;20;No;6-10 mph;O: No Injury;Black;Male;Passenger Car;No;No;Daylight;Urban (>70% Developed);2 lanes;2;Straight - Level;Local Street;Dry;Two-Way, Divided, Unprotected Median;None;No Special Feature;Smooth Asphalt;Coastal;Urban;20 - 25  MPH;No Control Present;Clear;No;34.22424, -77.8741
511;512;No;30-39;35;No;With Traffic;B: Evident Injury;Bike Lane / Paved Shoulder;White;Male;Zebulon;Wake;No;01/01/2003;23/05/2007;Motorist Overtaking Bicyclist;8;Non-Intersection;01/05/2001;01/01/2001 07:59;Motorist Overtaking - Other /;321239;2007;B: Evident Injury;Commercial;25-29;25;No;NA;Injury;/Missing;Male;Passenger Car;No;No;Daylight;Rural (<30% Developed);2 lanes;2;Straight - Level;US Route;Dry;Two-Way, Not Divided;None;No Special Feature;Coarse Asphalt;Piedmont;Rural;30 - 35  MPH;No Control Present;Clear;No;35.820137, -78.26784
512;513;No;NA;NA;Missing;With Traffic;Injury;Travel Lane;/Missing;NA;None - Rural Crash;Harnett;No;01/01/2006;07/07/2007;Motorist Overtaking Bicyclist;17;Non-Intersection;01/07/2001;01/01/2001 17:19;Motorist Overtaking - Bicyclist Swerved;311235;2007;O: No Injury;Farms, Woods, Pastures;70+;NA;No;51-55 mph;O: No Injury;White;Male;Passenger Car;No;No;Daylight;Rural (<30% Developed);2 lanes;2;Straight - Level;State Secondary Route;Dry;Two-Way, Not Divided;None;No Special Feature;Smooth Asphalt;Coastal;Rural;50 - 55  MPH;Double Yellow Line, No Passing Zone;Cloudy;No;35.514244, -78.76612
529;530;No;15-nov;13;No;With Traffic;O: No Injury;Travel Lane;Hispanic;Male;Raleigh;Wake;No;01/01/2005;13/07/2007;Bicyclist Failed to Yield - Sign-Controlled Intersection;19;Intersection;01/07/2001;01/01/2001 19:19;Bicyclist Ride Through - Sign-Controlled Intersection;111144;2007;O: No Injury;Residential;60-69;66;No;21-25 mph;O: No Injury;Black;Male;Passenger Car;No;No;Daylight;Urban (>70% Developed);4 lanes;2;Straight - Grade;Local Street;Dry;Two-Way, Not Divided;None;T-Intersection;Smooth Asphalt;Piedmont;Urban;30 - 35  MPH;Stop Sign;Clear;No;35.77861, -78.6146
534;535;Yes;40-49;41;No;With Traffic;C: Possible Injury;NA;Black;Male;Rocky Mount;Nash;No;01/01/2003;18/07/2007;Motorist Right Turn / Merge;13;Non-Intersection;01/07/2001;01/01/2001 13:00;Motorist Right Turn - Same Direction;391213;2007;C: Possible Injury;Commercial;30-39;36;No;21-25 mph;O: No Injury;Black;Male;Passenger Car;No;No;Daylight;Urban (>70% Developed);2 lanes;2;Straight - Level;Local Street;Dry;Two-Way, Not Divided;None;No Special Feature;Coarse Asphalt;Coastal;Urban;30 - 35  MPH;No Control Present;Clear;No;35.931328, -77.81247
541;542;No;20-24;20;No;With Traffic;O: No Injury;Travel Lane;Black;Male;Charlotte;Mecklenburg;No;01/01/2005;19/10/2007;Motorist Left Turn / Merge;9;Non-Intersection;01/10/2001;01/01/2001 09:41;Motorist Left Turn - Opposite Direction;311212;2007;O: No Injury;Commercial;40-49;42;No;0-5 mph;O: No Injury;Black;Female;Passenger Car;No;No;Daylight;Urban (>70% Developed);4 lanes;2;Straight - Grade;Local Street;Wet;Two-Way, Divided, Unprotected Median;None;No Special Feature;Coarse Asphalt;Piedmont;Urban;30 - 35  MPH;No Control Present;Rain;No;35.220985, -80.81724
544;545;Yes;16-19;19;No;With Traffic;B: Evident Injury;Travel Lane;White;Male;None - Rural Crash;Guilford;No;01/01/2007;15/07/2007;Motorist Overtaking Bicyclist;21;Non-Intersection;01/07/2001;01/01/2001 20:59;Motorist Overtaking - Other /;311239;2007;B: Evident Injury;Residential;NA;NA;No;41-45 mph;Injury;/Missing;NA;NA;No;Yes;Dark - Roadway Not Lighted;Urban (>70% Developed);2 lanes;2;Straight - Level;State Secondary Route;Dry;Two-Way, Not Divided;None;Driveway, Private;Coarse Asphalt;Piedmont;Rural;40 - 45  MPH;Double Yellow Line, No Passing Zone;Clear;No;36.065704, -79.67138
549;550;Yes;15-nov;12;No;Not Applicable;C: Possible Injury;NA;Black;Male;Rocky Mount;Nash;No;01/01/2002;17/07/2007;Bicyclist Failed to Yield - Midblock;17;Non-Intersection;01/07/2001;01/01/2001 17:56;Bicyclist Ride Out - Midblock -;393319;2007;C: Possible Injury;Residential;NA;NA;Missing;NA;Injury;/Missing;NA;NA;No;Yes;Daylight;Urban (>70% Developed);2 lanes;2;Straight - Level;Local Street;Dry;Two-Way, Not Divided;None;No Special Feature;Smooth Asphalt;Coastal;Urban;30 - 35  MPH;No Control Present;Cloudy;No;35.927002, -77.80487
553;554;Yes;10-juin;8;No;Not Applicable;C: Possible Injury;Driveway / Alley;Hispanic;Male;None - Rural Crash;Craven;No;01/01/2004;19/07/2007;Bicyclist Failed to Yield - Midblock;13;Non-Intersection;01/07/2001;01/01/2001 13:50;Bicyclist Ride Out - Residential Driveway;353311;2007;C: Possible Injury;Farms, Woods, Pastures;30-39;32;No;41-45 mph;O: No Injury;White;Female;Van;No;No;Daylight;Rural (<30% Developed);2 lanes;2;Straight - Level;State Secondary Route;Dry;Two-Way, Not Divided;None;Driveway, Private;Coarse Asphalt;Coastal;Rural;40 - 45  MPH;No Control Present;Clear;No;35.16324, -77.05858
573;574;Yes;10-juin;9;No;With Traffic;B: Evident Injury;Travel Lane;Black;Female;None - Rural Crash;Vance;No;01/01/2002;24/07/2007;Loss of Control / Turning Error;18;Non-Intersection;01/07/2001;01/01/2001 18:03;Bicyclist Lost Control - Other /;311129;2007;B: Evident Injury;Residential;0-19;16;No;0-5 mph;O: No Injury;Black;Male;Passenger Car;No;No;Daylight;Rural (<30% Developed);2 lanes;2;Straight - Level;State Secondary Route;Dry;Two-Way, Not Divided;None;No Special Feature;Coarse Asphalt;Piedmont;Rural;30 - 35  MPH;Double Yellow Line, No Passing Zone;Clear;No;36.37946, -78.48818
575;576;Yes;40-49;43;No;With Traffic;B: Evident Injury;Bike Lane / Paved Shoulder;Asian;Male;Charlotte;Mecklenburg;No;01/01/2005;12/10/2007;Motorist Overtaking Bicyclist;23;Non-Intersection;01/10/2001;01/01/2001 23:34;Motorist Overtaking - Bicyclist Swerved;321235;2007;B: Evident Injury;Commercial;50-59;56;No;41-45 mph;O: No Injury;White;Male;Commercial Bus;No;No;Dark - Roadway Not Lighted;Urban (>70% Developed);4 lanes;2;Straight - Grade;Local Street;Dry;Two-Way, Divided, Positive Median Barrier;None;No Special Feature;Smooth Asphalt;Piedmont;Urban;40 - 45  MPH;No Control Present;Clear;No;35.316345, -80.73917
578;579;No;NA;NA;No;Facing Traffic;Injury;Sidewalk / Crosswalk / Driveway Crossing;Black;Male;Smithfield;Johnston;No;01/01/2003;25/07/2007;Motorist Failed to Yield - Midblock;8;Non-Intersection;01/07/2001;01/01/2001 08:56;Motorist Drive Out - Commercial Driveway / Alley;332322;2007;O: No Injury;Commercial;30-39;31;No;0-5 mph;O: No Injury;White;Female;Van;No;No;Daylight;Urban (>70% Developed);1 lane;2;Straight - Level;Public Vehicular Area;Dry;One-Way, Not Divided;None;Driveway, Public;Coarse Asphalt;Coastal;Urban;5 - 15 MPH;No Control Present;Clear;No;35.518574, -78.3168
582;583;Yes;50-59;59;No;With Traffic;B: Evident Injury;Travel Lane;White;Male;None - Rural Crash;Mecklenburg;No;01/01/2007;21/10/2007;Bicyclist Left Turn / Merge;13;Intersection;01/10/2001;01/01/2001 13:04;Bicyclist Left Turn - Same Direction;111221;2007;B: Evident Injury;Residential;0-19;17;No;36-40 mph;O: No Injury;White;Male;Pickup;No;No;Daylight;Rural (<30% Developed);2 lanes;2;Straight - Level;Local Street;Dry;Two-Way, Not Divided;None;T-Intersection;Smooth Asphalt;Piedmont;Rural;40 - 45  MPH;No Control Present;Clear;No;35.234993, -80.63316
591;592;Yes;50-59;58;No;With Traffic;C: Possible Injury;Travel Lane;White;Male;Hickory;Catawba;No;01/01/2005;27/07/2007;Bicyclist Left Turn / Merge;16;Intersection;01/07/2001;01/01/2001 16:37;Bicyclist Left Turn - Opposite Direction;111222;2007;C: Possible Injury;Commercial;20-24;22;No;6-10 mph;O: No Injury;White;Male;Pickup;No;No;Daylight;Urban (>70% Developed);2 lanes;2;Straight - Level;Local Street;Dry;Two-Way, Not Divided;None;Four-Way Intersection;Coarse Asphalt;Piedmont;Urban;30 - 35  MPH;Stop Sign;Clear;No;35.701805, -81.28878
594;595;Yes;15-nov;15;Yes;Facing Traffic;B: Evident Injury;Sidewalk / Crosswalk / Driveway Crossing;White;Male;Wilmington;New Hanover;Yes;01/01/2006;28/07/2007;Bicyclist Failed to Yield - Signalized Intersection;1;Intersection;01/07/2001;01/01/2001 01:24;Bicyclist Ride Out - Signalized  Intersection;132153;2007;B: Evident Injury;Commercial;20-24;21;No;31-35 mph;O: No Injury;Black;Male;Passenger Car;No;No;Dark - Lighted Roadway;Urban (>70% Developed);2 lanes;2;Straight - Level;Local Street;Dry;Two-Way, Not Divided;None;Four-Way Intersection;Coarse Asphalt;Coastal;Urban;30 - 35  MPH;Stop And Go Signal;Clear;No;34.236786, -77.92893