FID;OBJECTID;AmbulanceR;BikeAge_Gr;Bike_Age;Bike_Alc_D;Bike_Dir;Bike_Injur;Bike_Pos;Bike_Race;Bike_Sex;City;County;CrashAlcoh;CrashDay;Crash_Date;Crash_Grp;Crash_Hour;Crash_Loc;Crash_Mont;Crash_Time;Crash_Type;Crash_Ty_1;Crash_Year;Crsh_Sevri;Developmen;DrvrAge_Gr;Drvr_Age;Drvr_Alc_D;Drvr_EstSp;Drvr_Injur;Drvr_Race;Drvr_Sex;Drvr_VehTy;ExcsSpdInd;Hit_Run;Light_Cond;Locality;Num_Lanes;Num_Units;Rd_Charact;Rd_Class;Rd_Conditi;Rd_Config;Rd_Defects;Rd_Feature;Rd_Surface;Region;Rural_Urba;Speed_Limi;Traff_Cntr;Weather;Workzone_I;Location
835;836;No;30-39;36;No;With Traffic;C: Possible Injury;Travel Lane;White;Male;Gastonia;Gaston;No;01/01/2005;05/10/2007;Bicyclist Overtaking Motorist;16;Non-Intersection;01/10/2001;01/01/2001 16:04;Bicyclist Overtaking - Passing on Left;311242;2007;C: Possible Injury;Residential;20-24;21;No;0-5 mph;O: No Injury;White;Female;Passenger Car;No;No;Daylight;Urban (>70% Developed);2 lanes;2;Straight - Level;Local Street;Dry;Two-Way, Not Divided;None;No Special Feature;Smooth Asphalt;Piedmont;Urban;30 - 35  MPH;No Control Present;Clear;No;35.250744, -81.16425
837;838;Yes;50-59;52;No;With Traffic;B: Evident Injury;Travel Lane;White;Female;None - Rural Crash;Camden;No;01/01/2006;06/10/2007;Motorist Overtaking Bicyclist;13;Non-Intersection;01/10/2001;01/01/2001 13:34;Motorist Overtaking - Misjudged Space;311232;2007;B: Evident Injury;Farms, Woods, Pastures;40-49;46;No;36-40 mph;O: No Injury;White;Male;Passenger Car;No;No;Daylight;Rural (<30% Developed);2 lanes;2;Straight - Level;NC Route;Dry;Two-Way, Not Divided;None;No Special Feature;Smooth Asphalt;Coastal;Rural;50 - 55  MPH;Double Yellow Line, No Passing Zone;Cloudy;No;36.383953, -76.24486
839;840;No;60-69;65;No;With Traffic;B: Evident Injury;Travel Lane;Black;Male;Enfield;Halifax;No;01/01/2007;07/10/2007;Loss of Control / Turning Error;18;Intersection;01/10/2001;01/01/2001 18:49;Motorist Turning Error - Left Turn;111111;2007;B: Evident Injury;Residential;20-24;20;No;6-10 mph;O: No Injury;Black;Female;Passenger Car;No;No;Dark - Lighted Roadway;Mixed (30% To 70% Developed);2 lanes;2;Straight - Level;Local Street;Dry;Two-Way, Not Divided;None;No Special Feature;Smooth Asphalt;Coastal;Rural;20 - 25  MPH;No Control Present;Clear;No;36.17444, -77.6617
840;841;Yes;16-19;18;No;Not Applicable;B: Evident Injury;Non-Roadway;Black;Female;Graham;Alamance;No;01/01/2002;02/10/2007;Bicyclist Failed to Yield - Midblock;17;Non-Intersection;01/10/2001;01/01/2001 17:48;Bicyclist Ride Out - Commercial Driveway / Alley;363312;2007;B: Evident Injury;Commercial;40-49;43;No;0-5 mph;O: No Injury;Black;Female;Passenger Car;No;No;Daylight;Mixed (30% To 70% Developed);2 lanes;2;Straight - Level;Local Street;Dry;Two-Way, Not Divided;None;Other;Smooth Asphalt;Piedmont;Urban;20 - 25  MPH;No Control Present;Clear;No;36.06934, -79.39775
848;849;Yes;70+;NA;No;With Traffic;B: Evident Injury;Multi-use Path;White;Male;Greensboro;Guilford;No;01/01/2003;10/10/2007;Motorist Failed to Yield - Sign-Controlled Intersection;8;Intersection;01/10/2001;01/01/2001 08:15;Motorist Drive Out - Sign-Controlled Intersection;141141;2007;B: Evident Injury;Residential;60-69;64;No;31-35 mph;O: No Injury;White;Female;Sport Utility;No;No;Daylight;Urban (>70% Developed);2 lanes;2;Straight - Level;Local Street;Dry;Two-Way, Divided, Unprotected Median;None;T-Intersection;Smooth Asphalt;Piedmont;Urban;30 - 35  MPH;Stop Sign;Clear;No;36.13694, -79.84695
852;853;Yes;40-49;47;No;Facing Traffic;B: Evident Injury;Sidewalk / Crosswalk / Driveway Crossing;Asian;Female;Fayetteville;Cumberland;No;01/01/2004;11/10/2007;Motorist Failed to Yield - Midblock;9;Non-Intersection;01/10/2001;01/01/2001 09:11;Motorist Drive Out - Commercial Driveway / Alley;332322;2007;B: Evident Injury;Commercial;50-59;59;No;0-5 mph;O: No Injury;Asian;Female;Passenger Car;No;No;Daylight;Urban (>70% Developed);NA;2;Straight - Level;Public Vehicular Area;Dry;Two-Way, Not Divided;None;No Special Feature;Smooth Asphalt;Coastal;Urban;5 - 15 MPH;No Control Present;Clear;No;35.010384, -78.96637
853;854;Yes;40-49;44;No;With Traffic;B: Evident Injury;Travel Lane;Black;Male;None - Rural Crash;Granville;No;01/01/2004;11/10/2007;Motorist Overtaking Bicyclist;7;Non-Intersection;01/10/2001;01/01/2001 07:52;Motorist Overtaking - Misjudged Space;311232;2007;B: Evident Injury;Farms, Woods, Pastures;60-69;64;No;51-55 mph;O: No Injury;Black;Female;Light Truck (Mini-Van, Panel);No;No;Daylight;Rural (<30% Developed);2 lanes;2;Straight - Level;US Route;Dry;Two-Way, Not Divided;None;No Special Feature;Coarse Asphalt;Piedmont;Rural;50 - 55  MPH;Double Yellow Line, No Passing Zone;Clear;No;36.16387, -78.67529
859;860;Yes;40-49;41;No;Facing Traffic;Injury;Travel Lane;Black;Male;Raeford;Hoke;No;01/01/2007;14/10/2007;Head-On;16;Non-Intersection;01/10/2001;01/01/2001 16:52;Head-On - Bicyclist;312250;2007;O: No Injury;Commercial;70+;NA;No;16-20 mph;O: No Injury;White;Male;Pickup;No;No;Daylight;Mixed (30% To 70% Developed);2 lanes;2;Straight - Level;NC Route;Dry;Two-Way, Not Divided;None;Four-Way Intersection;Smooth Asphalt;Coastal;Rural;20 - 25  MPH;Flashing Stop And Go Signal;Clear;No;34.97903, -79.22404
863;864;Yes;16-19;17;No;Facing Traffic;C: Possible Injury;Travel Lane;Black;Male;Hickory;Catawba;No;01/01/2002;16/10/2007;Motorist Failed to Yield - Midblock;18;Non-Intersection;01/10/2001;01/01/2001 18:09;Motorist Drive Out - Commercial Driveway / Alley;312322;2007;C: Possible Injury;Commercial;NA;NA;Missing;0-5 mph;Injury;/Missing;NA;NA;No;Yes;Daylight;Urban (>70% Developed);5 lanes;2;Straight - Level;Local Street;Water (Standing, Moving);Two-Way, Not Divided;None;No Special Feature;Smooth Asphalt;Piedmont;Urban;40 - 45  MPH;No Control Present;Clear;No;35.742897, -81.30163
872;873;Yes;25-29;29;No;With Traffic;B: Evident Injury;Travel Lane;White;Male;High Point;Guilford;No;01/01/2006;20/10/2007;Motorist Right Turn / Merge;14;Intersection;01/10/2001;01/01/2001 13:59;Motorist Right Turn - Same Direction;111213;2007;B: Evident Injury;Residential;70+;NA;No;6-10 mph;O: No Injury;Black;Female;Passenger Car;No;No;Daylight;Urban (>70% Developed);2 lanes;2;Straight - Bottom;Local Street;Dry;Two-Way, Not Divided;None;No Special Feature;Smooth Asphalt;Piedmont;Urban;30 - 35  MPH;No Control Present;Clear;No;35.97358, -79.989
997;998;No;15-nov;13;No;Facing Traffic;C: Possible Injury;Travel Lane;Black;Male;Rocky Mount;Nash;No;NA;24/11/2008;Motorist Overtaking Bicyclist;15;Non-Intersection;01/11/2001;01/01/2001 15:12;Motorist Overtaking - Other /;312239;2008;C: Possible Injury;Residential;NA;NA;Missing;NA;Injury;/Missing;NA;Pickup;No;Yes;Daylight;Urban (>70% Developed);2 lanes;2;Straight - Level;Local Street;Dry;Two-Way, Not Divided;None;No Special Feature;Smooth Asphalt;Coastal;Urban;30 - 35  MPH;Missing;Clear;No;0.0, 0.0
487;488;Yes;40-49;44;Yes;With Traffic;B: Evident Injury;Travel Lane;Black;Male;Greensboro;Guilford;Yes;01/01/2003;26/08/2009;Motorist Overtaking Bicyclist;15;Non-Intersection;01/08/2001;01/01/2001 15:17;Motorist Overtaking - Bicyclist Swerved;311235;2009;B: Evident Injury;Commercial;40-49;44;No;26-30 mph;O: No Injury;Other;Female;Passenger Car;No;No;Daylight;Urban (>70% Developed);5 lanes;2;Straight - Level;Local Street;Dry;Two-Way, Divided, Unprotected Median;None;Railroad Crossing;Smooth Asphalt;Piedmont;Urban;30 - 35  MPH;RR Gate And Flasher;Clear;No;36.0648, -79.7927
492;493;No;15-nov;14;No;Facing Traffic;Injury;Sidewalk / Crosswalk / Driveway Crossing;White;Male;Boiling Springs;Cleveland;No;01/01/2004;27/08/2009;Crossing Paths - Other Circumstances;21;Intersection;01/08/2001;01/01/2001 21:19;Crossing Paths - Intersection - Other /;132180;2009;O: No Injury;Residential;20-24;21;No;NA;O: No Injury;White;Female;Van;No;No;Dark - Roadway Not Lighted;Mixed (30% To 70% Developed);NA;2;Straight - Level;Local Street;Dry;Two-Way, Not Divided;None;No Special Feature;Smooth Asphalt;Mountains;Rural;NA;No Control Present;Cloudy;No;35.260803, -81.66763
506;507;No;30-39;35;No;Not Applicable;C: Possible Injury;Travel Lane;Hispanic;Male;None - Rural Crash;Orange;No;01/01/2005;28/08/2009;Non-Roadway;18;Non-Roadway;01/08/2001;01/01/2001 18:05;Non-Roadway;410910;2009;C: Possible Injury;Residential;NA;NA;Missing;11-15 mph;Injury;/Missing;NA;Pickup;No;No;Dusk;Mixed (30% To 70% Developed);2 lanes;3;Straight - Level;Private Road, Driveway;Dry;Two-Way, Not Divided;None;Driveway, Private;Gravel;Piedmont;Rural;5 - 15 MPH;No Control Present;Cloudy;No;35.92442, -79.098656
507;508;No;10-juin;10;No;With Traffic;Injury;Travel Lane;/Missing;NA;None - Rural Crash;Wayne;No;01/01/2002;15/09/2009;Bicyclist Left Turn / Merge;16;Non-Intersection;01/09/2001;01/01/2001 16:57;Bicyclist Left Turn - Same Direction;311221;2009;O: No Injury;Farms, Woods, Pastures;25-29;25;No;51-55 mph;O: No Injury;Hispanic;Female;Passenger Car;No;No;Daylight;Rural (<30% Developed);2 lanes;2;Straight - Level;NC Route;Dry;Two-Way, Not Divided;None;Driveway, Private;Smooth Asphalt;Coastal;Rural;50 - 55  MPH;Double Yellow Line, No Passing Zone;Clear;No;35.242855, -77.90444
687;688;Yes;50-59;51;No;With Traffic;B: Evident Injury;Travel Lane;White;Male;Durham;Durham;No;NA;20/09/2010;Motorist Left Turn / Merge;18;Intersection;01/09/2001;01/01/2001 18:49;Motorist Left Turn - Opposite Direction;0;2010;B: Evident Injury;Residential;30-39;37;No;16-20 mph;O: No Injury;Asian;Female;Sport Utility;No;No;Daylight;Urban (>70% Developed);2 lanes;2;Straight - Level;Local Street;Dry;Two-Way, Not Divided;None;Four-Way Intersection;Coarse Asphalt;Piedmont;Urban;30 - 35  MPH;Stop And Go Signal;Clear;No;36.037464, -78.93555
690;691;No;15-nov;13;No;Facing Traffic;C: Possible Injury;NA;Black;Male;Charlotte;Mecklenburg;No;NA;13/09/2010;Motorist Failed to Yield - Sign-Controlled Intersection;17;Intersection;01/09/2001;01/01/2001 17:39;Motorist Drive Out - Sign-Controlled Intersection;0;2010;C: Possible Injury;Residential;40-49;45;No;0-5 mph;O: No Injury;White;Female;Passenger Car;No;No;Daylight;Urban (>70% Developed);5 lanes;2;Straight - Grade;Local Street;Dry;Two-Way, Not Divided;None;No Special Feature;Smooth Asphalt;Piedmont;Urban;30 - 35  MPH;Stop Sign;Clear;No;35.13097, -80.85399
695;696;No;50-59;58;No;With Traffic;B: Evident Injury;Travel Lane;White;Male;None - Rural Crash;Guilford;No;01/01/2006;25/09/2010;Motorist Overtaking Bicyclist;6;Non-Intersection;01/09/2001;01/01/2001 06:39;Motorist Overtaking - Other /;0;2010;B: Evident Injury;Farms, Woods, Pastures;30-39;39;No;41-45 mph;O: No Injury;White;Male;Passenger Car;No;No;Dawn;Rural (<30% Developed);2 lanes;2;Straight - Level;State Secondary Route;Dry;Two-Way, Not Divided;None;No Special Feature;Smooth Asphalt;Piedmont;Rural;40 - 45  MPH;Double Yellow Line, No Passing Zone;Clear;No;36.097317, -79.99603
700;701;Yes;70+;NA;No;With Traffic;A: Disabling Injury;Travel Lane;Black;Male;Rocky Mount;Edgecombe;No;01/01/2005;20/08/2010;Bicyclist Left Turn / Merge;5;Non-Intersection;01/08/2001;01/01/2001 05:27;Bicyclist Left Turn - Same Direction;0;2010;A: Disabling Injury;Residential;30-39;33;No;41-45 mph;O: No Injury;Black;Female;Passenger Car;No;No;Dark - Lighted Roadway;Mixed (30% To 70% Developed);2 lanes;2;Straight - Level;Local Street;Dry;Two-Way, Not Divided;None;No Special Feature;Smooth Asphalt;Coastal;Urban;40 - 45  MPH;No Control Present;Cloudy;No;35.90827, -77.805565
710;711;Yes;60-69;61;No;With Traffic;C: Possible Injury;Travel Lane;Black;Male;Charlotte;Mecklenburg;No;01/01/2002;21/09/2010;Motorist Right Turn / Merge;12;Intersection;01/09/2001;01/01/2001 12:50;Motorist Right Turn - Same Direction;0;2010;C: Possible Injury;Commercial;50-59;56;No;NA;O: No Injury;White;Female;Passenger Car;No;No;Daylight;Urban (>70% Developed);2 lanes;2;Straight - Level;Local Street;Dry;Two-Way, Not Divided;None;T-Intersection;Smooth Asphalt;Piedmont;Urban;20 - 25  MPH;Stop Sign;Clear;No;35.17671, -80.85094
724;725;No;40-49;49;No;With Traffic;B: Evident Injury;Travel Lane;Black;Female;Pineville;Mecklenburg;No;01/01/2006;04/09/2010;Crossing Paths - Other Circumstances;8;Intersection;01/09/2001;01/01/2001 08:21;Signalized Intersection - Other /;0;2010;B: Evident Injury;Commercial;70+;NA;No;6-10 mph;O: No Injury;White;Male;Passenger Car;No;No;Daylight;Urban (>70% Developed);2 lanes;2;Straight - Level;Local Street;Dry;Two-Way, Not Divided;None;Four-Way Intersection;Smooth Asphalt;Piedmont;Rural;30 - 35  MPH;Stop And Go Signal;Clear;No;35.09484, -80.86639
750;751;Yes;30-39;39;No;With Traffic;O: No Injury;Travel Lane;Black;Female;Raleigh;Wake;No;01/01/2004;02/09/2010;Loss of Control / Turning Error;9;Intersection;01/09/2001;01/01/2001 09:46;Bicyclist Turning Error - Right Turn;0;2010;O: No Injury;Residential;20-24;23;No;21-25 mph;O: No Injury;White;Female;Sport Utility;No;No;Daylight;Urban (>70% Developed);2 lanes;2;Straight - Level;Local Street;Dry;Two-Way, Divided, Unprotected Median;None;Four-Way Intersection;Smooth Asphalt;Piedmont;Urban;30 - 35  MPH;Stop Sign;Clear;No;35.791584, -78.630196
754;755;Yes;16-19;16;No;Not Applicable;B: Evident Injury;Travel Lane;White;Male;None - Rural Crash;Pamlico;No;01/01/2006;09/10/2010;Crossing Paths - Other Circumstances;21;Intersection;01/10/2001;01/01/2001 21:56;Crossing Paths - Intersection - Other /;0;2010;B: Evident Injury;Farms, Woods, Pastures;50-59;58;No;51-55 mph;B: Evident Injury;White;Male;Motorcycle;No;No;Dark - Roadway Not Lighted;Rural (<30% Developed);5 lanes;2;Straight - Level;NC Route;Dry;Two-Way, Divided, Unprotected Median;None;T-Intersection;Smooth Asphalt;Coastal;Rural;50 - 55  MPH;Stop Sign;Clear;No;35.135452, -76.896736
758;759;Yes;16-19;16;No;With Traffic;C: Possible Injury;Sidewalk / Crosswalk / Driveway Crossing;White;Male;Raleigh;Wake;No;01/01/2002;07/09/2010;Motorist Right Turn / Merge;15;Intersection;01/09/2001;01/01/2001 15:24;Motorist Right Turn - Same Direction;0;2010;C: Possible Injury;Commercial;0-19;17;No;NA;O: No Injury;White;Male;Passenger Car;No;No;Daylight;Urban (>70% Developed);5 lanes;2;Straight - Level;Local Street;Dry;Two-Way, Not Divided;None;No Special Feature;Smooth Asphalt;Piedmont;Urban;30 - 35  MPH;Stop And Go Signal;Clear;No;35.85647, -78.65062
764;765;Yes;20-24;20;No;With Traffic;B: Evident Injury;Travel Lane;White;Male;Lenoir;Caldwell;No;01/01/2003;13/10/2010;Motorist Overtaking Bicyclist;20;Non-Intersection;01/10/2001;01/01/2001 20:08;Motorist Overtaking - Undetected Bicyclist;0;2010;B: Evident Injury;Residential;40-49;40;No;46-50 mph;O: No Injury;White;Male;Sport Utility;No;No;Dark - Roadway Not Lighted;Urban (>70% Developed);5 lanes;2;Straight - Level;Local Street;Dry;Two-Way, Not Divided;None;No Special Feature;Coarse Asphalt;Mountains;Urban;40 - 45  MPH;No Control Present;Cloudy;No;35.923534, -81.547745
772;773;Yes;10-juin;10;No;With Traffic;B: Evident Injury;Travel Lane;Black;Male;Chapel Hill;Orange;No;01/01/2004;07/10/2010;Bicyclist Failed to Yield - Sign-Controlled Intersection;15;Intersection;01/10/2001;01/01/2001 15:12;Bicyclist Ride Through - Sign-Controlled Intersection;0;2010;B: Evident Injury;Residential;20-24;21;No;16-20 mph;O: No Injury;White;Male;Single Unit Truck (2-Axle, 6-Tire);No;No;Daylight;Rural (<30% Developed);2 lanes;2;Straight - Level;Local Street;Dry;Two-Way, Not Divided;None;Four-Way Intersection;Coarse Asphalt;Piedmont;Urban;20 - 25  MPH;Stop Sign;Clear;No;35.937473, -79.05032
776;777;Yes;40-49;47;Yes;NA;C: Possible Injury;Sidewalk / Crosswalk / Driveway Crossing;Black;Male;Greensboro;Guilford;Yes;01/01/2002;05/10/2010;Motorist Failed to Yield - Sign-Controlled Intersection;12;Intersection;01/10/2001;01/01/2001 12:37;Motorist Drive Out - Sign-Controlled Intersection;0;2010;C: Possible Injury;Residential;70+;NA;No;11-15 mph;O: No Injury;White;Male;Sport Utility;No;No;Daylight;Urban (>70% Developed);2 lanes;2;Straight - Level;Local Street;Dry;Two-Way, Not Divided;None;Related To Intersection;Smooth Asphalt;Piedmont;Urban;20 - 25  MPH;Stop Sign;Clear;No;36.08282, -79.78944
804;805;Yes;30-39;31;No;Facing Traffic;B: Evident Injury;Travel Lane;White;Male;High Point;Guilford;No;NA;18/10/2010;Bicyclist Right Turn / Merge;17;Intersection;01/10/2001;01/01/2001 17:35;Bicyclist Right Turn - Same Direction;0;2010;B: Evident Injury;Commercial;60-69;61;No;0-5 mph;O: No Injury;White;Male;Van;No;No;Daylight;Urban (>70% Developed);2 lanes;2;Straight - Level;Local Street;Dry;Two-Way, Not Divided;None;T-Intersection;Coarse Asphalt;Piedmont;Urban;30 - 35  MPH;Stop Sign;Clear;No;35.95517, -80.01082
808;809;Yes;20-24;22;No;Facing Traffic;C: Possible Injury;Travel Lane;Black;Female;Laurinburg;Scotland;No;01/01/2007;24/10/2010;Backing Vehicle;16;Non-Intersection;01/10/2001;01/01/2001 16:14;Backing Vehicle;0;2010;C: Possible Injury;Residential;20-24;21;No;6-10 mph;O: No Injury;Black;Female;Passenger Car;No;No;Daylight;Urban (>70% Developed);NA;2;NA;NA;Dry;NA;None;No Special Feature;NA;Coastal;Urban;30 - 35  MPH;No Control Present;Clear;No;34.76805, -79.47446
898;899;Yes;40-49;45;No;With Traffic;C: Possible Injury;Travel Lane;Black;Male;Winston-Salem;Forsyth;No;01/01/2003;17/11/2010;Motorist Failed to Yield - Signalized Intersection;7;Intersection;01/11/2001;01/01/2001 07:31;Motorist Drive Out - Signalized Intersection;0;2010;C: Possible Injury;Commercial;70+;NA;No;0-5 mph;O: No Injury;Black;Male;Passenger Car;No;No;Daylight;Urban (>70% Developed);4 lanes;2;Straight - Level;Local Street;Dry;Two-Way, Not Divided;None;Four-Way Intersection;Smooth Asphalt;Piedmont;Urban;20 - 25  MPH;Stop And Go Signal;Clear;No;36.08329, -80.29523
899;900;Yes;25-29;28;Yes;Facing Traffic;B: Evident Injury;Travel Lane;Black;Male;None - Rural Crash;Franklin;Yes;01/01/2005;03/12/2010;Motorist Overtaking Bicyclist;18;Non-Intersection;01/12/2001;01/01/2001 18:11;Motorist Overtaking - Bicyclist Swerved;0;2010;B: Evident Injury;Residential;40-49;47;No;41-45 mph;O: No Injury;White;Female;Pickup;No;No;Dark - Roadway Not Lighted;Mixed (30% To 70% Developed);2 lanes;2;Curve - Level;NC Route;Dry;Two-Way, Not Divided;None;No Special Feature;Smooth Asphalt;Piedmont;Rural;40 - 45  MPH;Double Yellow Line, No Passing Zone;Clear;No;35.997932, -78.277565
912;913;Yes;50-59;50;No;With Traffic;C: Possible Injury;Travel Lane;White;Male;None - Rural Crash;Yadkin;No;01/01/2007;05/12/2010;Motorist Overtaking Bicyclist;16;Non-Intersection;01/12/2001;01/01/2001 16:20;Motorist Overtaking - Misjudged Space;0;2010;C: Possible Injury;Farms, Woods, Pastures;70+;NA;No;31-35 mph;O: No Injury;White;Male;Pickup;No;No;Daylight;Rural (<30% Developed);2 lanes;2;Straight - Level;State Secondary Route;Dry;Two-Way, Divided, Unprotected Median;None;No Special Feature;Smooth Asphalt;Mountains;Rural;50 - 55  MPH;Double Yellow Line, No Passing Zone;Clear;No;36.15361, -80.472145
913;914;No;15-nov;14;No;With Traffic;O: No Injury;Travel Lane;White;Male;None - Rural Crash;New Hanover;No;01/01/2004;09/12/2010;Motorist Overtaking Bicyclist;17;Non-Intersection;01/12/2001;01/01/2001 17:49;Motorist Overtaking - Misjudged Space;0;2010;O: No Injury;Residential;30-39;32;No;41-45 mph;O: No Injury;White;Female;Passenger Car;No;No;Dark - Roadway Not Lighted;Urban (>70% Developed);2 lanes;2;Straight - Level;US Route;Dry;Two-Way, Not Divided;None;No Special Feature;Smooth Asphalt;Coastal;Rural;50 - 55  MPH;No Control Present;Clear;No;34.215004, -77.92633
923;924;Yes;16-19;17;No;Facing Traffic;C: Possible Injury;Travel Lane;White;Male;Newton;Catawba;No;01/01/2006;27/11/2010;Motorist Failed to Yield - Sign-Controlled Intersection;18;Intersection;01/11/2001;01/01/2001 18:10;Motorist Drive Out - Sign-Controlled Intersection;0;2010;C: Possible Injury;Commercial;NA;NA;Missing;31-35 mph;Injury;/Missing;NA;NA;No;Yes;Dark - Lighted Roadway;Mixed (30% To 70% Developed);2 lanes;2;Straight - Level;Local Street;Dry;Two-Way, Not Divided;None;T-Intersection;Coarse Asphalt;Piedmont;Urban;30 - 35  MPH;Stop Sign;Clear;No;35.69448, -81.21807
926;927;Yes;40-49;45;No;With Traffic;C: Possible Injury;Travel Lane;Hispanic;Male;None - Rural Crash;Harnett;No;01/01/2003;08/12/2010;Motorist Overtaking Bicyclist;8;Non-Intersection;01/12/2001;01/01/2001 08:09;Motorist Overtaking - Misjudged Space;0;2010;C: Possible Injury;Farms, Woods, Pastures;50-59;53;No;21-25 mph;O: No Injury;Other;Female;Passenger Car;No;No;Daylight;Rural (<30% Developed);4 lanes;2;Straight - Level;NC Route;Dry;Two-Way, Divided, Positive Median Barrier;None;No Special Feature;Coarse Asphalt;Coastal;Rural;50 - 55  MPH;No Control Present;Clear;No;35.27476, -79.06883
12;13;Yes;15-nov;12;No;Not Applicable;B: Evident Injury;Non-Roadway;White;Female;None - Rural Crash;Randolph;No;01/01/2007;30/01/2011;Bicyclist Failed to Yield - Midblock;12;Non-Intersection;NA;01/01/2001 12:41;Bicyclist Ride Out - Other Midblock;363318;2011;B: Evident Injury;Residential;30-39;33;No;21-25 mph;O: No Injury;White;Female;Passenger Car;No;No;Daylight;Rural (<30% Developed);2 lanes;2;Straight - Level;State Secondary Route;Dry;Two-Way, Not Divided;None;No Special Feature;Smooth Asphalt;Piedmont;Rural;30 - 35  MPH;No Control Present;Clear;No;35.85252, -79.7944
16;17;No;20-24;21;No;With Traffic;B: Evident Injury;Travel Lane;White;Male;Raleigh;Wake;No;01/01/2003;05/01/2011;Motorist Right Turn / Merge;13;Non-Intersection;NA;01/01/2001 13:58;Motorist Right Turn - Same Direction;311213;2011;B: Evident Injury;Commercial;50-59;59;No;26-30 mph;O: No Injury;White;Female;Passenger Car;No;No;Daylight;Urban (>70% Developed);5 lanes;2;Straight - Level;Local Street;Dry;Two-Way, Divided, Unprotected Median;None;No Special Feature;Smooth Asphalt;Piedmont;Urban;30 - 35  MPH;No Control Present;Clear;No;35.79174, -78.6628
37;38;No;40-49;45;No;With Traffic;C: Possible Injury;Travel Lane;Hispanic;Male;Charlotte;Mecklenburg;No;01/01/2007;06/02/2011;Motorist Overtaking Bicyclist;22;Non-Intersection;01/02/2001;01/01/2001 22:13;Motorist Overtaking - Undetected Bicyclist;311231;2011;C: Possible Injury;Residential;30-39;31;No;21-25 mph;O: No Injury;Black;Male;Sport Utility;No;No;Dark - Roadway Not Lighted;Rural (<30% Developed);2 lanes;2;Straight - Hillcrest;Local Street;Dry;Two-Way, Not Divided;None;No Special Feature;Smooth Asphalt;Piedmont;Urban;30 - 35  MPH;No Control Present;Clear;No;35.34616, -80.7956
38;39;Yes;40-49;40;No;Facing Traffic;C: Possible Injury;Sidewalk / Crosswalk / Driveway Crossing;Black;Male;Raleigh;Wake;No;01/01/2005;14/01/2011;Motorist Failed to Yield - Midblock;15;Non-Intersection;NA;01/01/2001 15:29;Motorist Drive Out - Commercial Driveway / Alley;332322;2011;C: Possible Injury;Commercial;30-39;32;No;0-5 mph;O: No Injury;White;Male;Passenger Car;No;No;Daylight;Urban (>70% Developed);7 lanes;2;Straight - Level;Local Street;Dry;Two-Way, Divided, Positive Median Barrier;None;T-Intersection;Coarse Asphalt;Piedmont;Urban;5 - 15 MPH;No Control Present;Clear;No;35.79913, -78.5684
46;47;Yes;20-24;20;No;Not Applicable;B: Evident Injury;Travel Lane;Hispanic;Male;Charlotte;Mecklenburg;No;01/01/2003;09/02/2011;Bicyclist Failed to Yield - Midblock;14;Non-Intersection;01/02/2001;01/01/2001 14:14;Multiple Threat - Midblock;313357;2011;B: Evident Injury;Commercial;30-39;35;No;31-35 mph;O: No Injury;Black;Male;Sport Utility;No;No;Daylight;Urban (>70% Developed);4 lanes;2;Straight - Level;Local Street;Dry;Two-Way, Divided, Positive Median Barrier;None;No Special Feature;Smooth Asphalt;Piedmont;Urban;30 - 35  MPH;No Control Present;Clear;No;35.21384, -80.7558
50;51;No;40-49;46;Yes;With Traffic;C: Possible Injury;Sidewalk / Crosswalk / Driveway Crossing;Black;Male;Durham;Durham;Yes;01/01/2004;24/02/2011;Bicyclist Failed to Yield - Signalized Intersection;21;Intersection;01/02/2001;01/01/2001 21:48;Bicyclist Ride Through - Signalized Intersection;131155;2011;C: Possible Injury;Commercial;40-49;43;No;0-5 mph;O: No Injury;White;Male;Passenger Car;No;No;Dark - Lighted Roadway;Urban (>70% Developed);2 lanes;2;Straight - Level;Local Street;Wet;One-Way, Not Divided;None;No Special Feature;Smooth Asphalt;Piedmont;Urban;20 - 25  MPH;Stop And Go Signal;Cloudy;No;35.99758, -78.8985
51;52;Yes;50-59;52;No;With Traffic;B: Evident Injury;Travel Lane;Black;Male;None - Rural Crash;Pitt;No;01/01/2005;25/02/2011;Motorist Failed to Yield - Sign-Controlled Intersection;7;Intersection;01/02/2001;01/01/2001 07:37;Motorist Drive Out - Sign-Controlled Intersection;111141;2011;B: Evident Injury;Residential;20-24;21;No;0-5 mph;O: No Injury;White;Female;Passenger Car;No;No;Daylight;Mixed (30% To 70% Developed);6 lanes;2;Straight - Level;US Route;Wet;Two-Way, Not Divided;None;No Special Feature;Smooth Asphalt;Coastal;Rural;50 - 55  MPH;Stop Sign;Clear;No;35.62992, -77.3296