FID;OBJECTID;AmbulanceR;BikeAge_Gr;Bike_Age;Bike_Alc_D;Bike_Dir;Bike_Injur;Bike_Pos;Bike_Race;Bike_Sex;City;County;CrashAlcoh;CrashDay;Crash_Date;Crash_Grp;Crash_Hour;Crash_Loc;Crash_Mont;Crash_Time;Crash_Type;Crash_Ty_1;Crash_Year;Crsh_Sevri;Developmen;DrvrAge_Gr;Drvr_Age;Drvr_Alc_D;Drvr_EstSp;Drvr_Injur;Drvr_Race;Drvr_Sex;Drvr_VehTy;ExcsSpdInd;Hit_Run;Light_Cond;Locality;Num_Lanes;Num_Units;Rd_Charact;Rd_Class;Rd_Conditi;Rd_Config;Rd_Defects;Rd_Feature;Rd_Surface;Region;Rural_Urba;Speed_Limi;Traff_Cntr;Weather;Workzone_I;Location
53;54;Yes;15-nov;14;No;Facing Traffic;C: Possible Injury;Travel Lane;Black;Male;Laurinburg;Scotland;No;01/01/2007;13/02/2011;Motorist Failed to Yield - Sign-Controlled Intersection;16;Intersection;01/02/2001;01/01/2001 16:10;Motorist Drive Out - Sign-Controlled Intersection;112141;2011;C: Possible Injury;Residential;60-69;63;No;0-5 mph;O: No Injury;Black;Female;Passenger Car;No;No;Daylight;Urban (>70% Developed);2 lanes;2;Straight - Level;Local Street;Dry;Two-Way, Not Divided;None;No Special Feature;Coarse Asphalt;Coastal;Urban;30 - 35  MPH;Stop Sign;Clear;No;34.78286, -79.4601
55;56;No;15-nov;15;No;Not Applicable;C: Possible Injury;Travel Lane;Black;Male;Durham;Durham;No;01/01/2003;02/02/2011;Crossing Paths - Other Circumstances;23;Intersection-Related;01/02/2001;01/01/2001 23:20;Crossing Paths - Intersection - Other /;213180;2011;C: Possible Injury;Commercial;NA;NA;No;NA;Injury;/Missing;NA;Van;No;Yes;Daylight;Urban (>70% Developed);2 lanes;2;Straight - Level;Local Street;Dry;Two-Way, Not Divided;None;No Special Feature;Coarse Asphalt;Piedmont;Urban;NA;No Control Present;Clear;No;36.00502, -78.8669
56;57;No;10-juin;10;No;With Traffic;C: Possible Injury;Sidewalk / Crosswalk / Driveway Crossing;Black;Male;Charlotte;Mecklenburg;No;NA;14/02/2011;Motorist Right Turn / Merge;16;Intersection;01/02/2001;01/01/2001 16:49;Motorist Right Turn - Same Direction;131213;2011;C: Possible Injury;Residential;25-29;29;No;11-15 mph;O: No Injury;Black;Female;School Bus;No;No;Dusk;Urban (>70% Developed);1 lane;2;Straight - Grade;Local Street;Dry;One-Way, Not Divided;None;Traffic Circle/Roundabout;Smooth Asphalt;Piedmont;Urban;20 - 25  MPH;No Control Present;Clear;No;35.22624, -80.8332
64;65;Yes;60-69;60;No;With Traffic;C: Possible Injury;Travel Lane;White;Male;Charlotte;Mecklenburg;No;01/01/2003;23/02/2011;Motorist Left Turn / Merge;9;Intersection;01/02/2001;01/01/2001 09:33;Motorist Left Turn - Opposite Direction;111212;2011;C: Possible Injury;Commercial;20-24;23;No;0-5 mph;O: No Injury;Other;Female;Passenger Car;No;No;Daylight;Urban (>70% Developed);4 lanes;2;Straight - Level;Local Street;Dry;Two-Way, Divided, Unprotected Median;None;No Special Feature;Smooth Asphalt;Piedmont;Urban;30 - 35  MPH;Stop And Go Signal;Cloudy;No;35.22709, -80.8431
68;69;No;20-24;21;No;With Traffic;O: No Injury;Travel Lane;White;Male;Asheville;Buncombe;No;01/01/2005;11/02/2011;Loss of Control / Turning Error;10;Intersection;01/02/2001;01/01/2001 10:32;Bicyclist Lost Control - Mechanical Problems;111121;2011;O: No Injury;Commercial;40-49;44;No;11-15 mph;O: No Injury;Black;Female;Passenger Car;No;No;Daylight;Urban (>70% Developed);3 lanes;2;NA;US Route;Dry;Two-Way, Not Divided;None;T-Intersection;Smooth Asphalt;Mountains;Urban;30 - 35  MPH;Stop And Go Signal;Clear;No;35.59764, -82.5361
81;82;Yes;40-49;47;No;With Traffic;B: Evident Injury;NA;Black;Female;Tarboro;Edgecombe;No;01/01/2004;10/03/2011;Parallel Paths - Other Circumstances;18;Non-Intersection;01/03/2001;01/01/2001 18:46;Bicyclist Ride Out - Parallel Path;391225;2011;B: Evident Injury;Residential;20-24;22;No;31-35 mph;O: No Injury;Black;Male;Passenger Car;No;No;Dark - Lighted Roadway;Urban (>70% Developed);5 lanes;2;Straight - Level;Local Street;Wet;Two-Way, Not Divided;None;No Special Feature;Smooth Asphalt;Coastal;Urban;30 - 35  MPH;No Control Present;Rain;No;35.90314, -77.5514
86;87;Yes;20-24;22;No;With Traffic;C: Possible Injury;Travel Lane;White;Male;Asheville;Buncombe;No;01/01/2004;10/03/2011;Motorist Left Turn / Merge;16;Intersection;01/03/2001;01/01/2001 16:08;Motorist Left Turn - Opposite Direction;111212;2011;C: Possible Injury;Commercial;70+;NA;No;11-15 mph;O: No Injury;White;Female;Pickup;No;No;Daylight;Urban (>70% Developed);4 lanes;2;Straight - Level;Local Street;Dry;Two-Way, Not Divided;None;Four-Way Intersection;Smooth Asphalt;Mountains;Urban;20 - 25  MPH;Stop And Go Signal;Cloudy;No;35.59115, -82.5565
93;94;Yes;10-juin;7;No;With Traffic;C: Possible Injury;Travel Lane;Hispanic;Male;None - Rural Crash;Johnston;No;01/01/2003;23/03/2011;Bicyclist Failed to Yield - Sign-Controlled Intersection;17;Intersection;01/03/2001;01/01/2001 17:26;Bicyclist Ride Through - Sign-Controlled Intersection;111144;2011;C: Possible Injury;Residential;50-59;58;No;0-5 mph;O: No Injury;White;Female;Passenger Car;No;No;Daylight;Mixed (30% To 70% Developed);1 lane;2;Straight - Level;State Secondary Route;Dry;One-Way, Not Divided;None;No Special Feature;Smooth Asphalt;Coastal;Rural;5 - 15 MPH;Stop Sign;Clear;No;35.65024, -78.3842
94;95;Yes;50-59;59;No;With Traffic;C: Possible Injury;Travel Lane;White;Male;Cary;Wake;No;01/01/2003;23/03/2011;Motorist Left Turn / Merge;17;Intersection;01/03/2001;01/01/2001 17:31;Motorist Left Turn - Opposite Direction;111212;2011;C: Possible Injury;Residential;20-24;23;No;6-10 mph;O: No Injury;White;Female;Passenger Car;No;No;Daylight;Urban (>70% Developed);5 lanes;2;Straight - Level;State Secondary Route;Dry;Two-Way, Not Divided;None;Four-Way Intersection;Smooth Asphalt;Piedmont;Urban;20 - 25  MPH;Stop And Go Signal;Clear;No;35.81176, -78.7948
101;102;Yes;40-49;46;No;With Traffic;B: Evident Injury;Travel Lane;White;Male;Charlotte;Mecklenburg;No;01/01/2005;18/03/2011;Motorist Left Turn / Merge;6;Intersection;01/03/2001;01/01/2001 06:56;Motorist Left Turn - Opposite Direction;111212;2011;B: Evident Injury;Commercial;40-49;41;No;31-35 mph;O: No Injury;White;Male;Passenger Car;No;No;Dark - Lighted Roadway;Mixed (30% To 70% Developed);2 lanes;2;Straight - Level;Local Street;Dry;Two-Way, Not Divided;None;Four-Way Intersection;Smooth Asphalt;Piedmont;Urban;40 - 45  MPH;Stop Sign;Clear;No;35.12587, -80.9805
104;105;No;25-29;28;No;Facing Traffic;C: Possible Injury;Sidewalk / Crosswalk / Driveway Crossing;White;Male;Charlotte;Mecklenburg;No;01/01/2004;17/03/2011;Motorist Left Turn / Merge;16;Intersection;01/03/2001;01/01/2001 16:57;Motorist Left Turn - Same Direction;132211;2011;C: Possible Injury;Commercial;40-49;46;No;0-5 mph;O: No Injury;White;Male;Passenger Car;No;No;Daylight;Urban (>70% Developed);2 lanes;2;Straight - Level;Local Street;Dry;One-Way, Not Divided;None;Four-Way Intersection;Smooth Asphalt;Piedmont;Urban;20 - 25  MPH;Stop And Go Signal;Clear;No;35.22641, -80.8442
107;108;Yes;10-juin;6;No;With Traffic;C: Possible Injury;Travel Lane;Black;Female;None - Rural Crash;Union;No;01/01/2004;24/03/2011;Backing Vehicle;16;Non-Intersection;01/03/2001;01/01/2001 16:01;Backing Vehicle;311600;2011;C: Possible Injury;Residential;70+;NA;No;0-5 mph;O: No Injury;Black;Female;Passenger Car;No;Yes;Daylight;Urban (>70% Developed);2 lanes;2;Straight - Level;State Secondary Route;Dry;Two-Way, Not Divided;None;No Special Feature;Coarse Asphalt;Piedmont;Rural;30 - 35  MPH;No Control Present;Clear;No;35.0069, -80.4277
111;112;Yes;20-24;22;No;Facing Traffic;K: Killed;Travel Lane;Hispanic;Male;None - Rural Crash;Pitt;No;01/01/2004;24/03/2011;Head-On;20;Non-Intersection;01/03/2001;01/01/2001 20:20;Head-On - Bicyclist;312250;2011;K: Killed;Residential;20-24;20;No;41-45 mph;O: No Injury;Black;Male;Sport Utility;No;No;Dark - Roadway Not Lighted;Urban (>70% Developed);2 lanes;2;Straight - Level;NC Route;Dry;Two-Way, Not Divided;None;No Special Feature;Coarse Asphalt;Coastal;Rural;40 - 45  MPH;No Control Present;Clear;No;35.65704, -77.4078
115;116;No;10-juin;6;No;With Traffic;O: No Injury;Travel Lane;Black;Male;Raleigh;Wake;No;01/01/2006;19/03/2011;Loss of Control / Turning Error;16;Intersection;01/03/2001;01/01/2001 16:52;Bicyclist Lost Control - Mechanical Problems;111121;2011;O: No Injury;Residential;50-59;51;No;31-35 mph;O: No Injury;Black;Female;Passenger Car;No;No;Daylight;Urban (>70% Developed);2 lanes;2;Straight - Level;Local Street;Dry;Two-Way, Not Divided;None;Four-Way Intersection;Smooth Asphalt;Piedmont;Urban;30 - 35  MPH;Stop Sign;Clear;No;35.78209, -78.6256
118;119;Yes;15-nov;11;No;With Traffic;B: Evident Injury;Travel Lane;White;Male;None - Rural Crash;Rowan;No;01/01/2006;02/04/2011;Motorist Overtaking Bicyclist;17;Non-Intersection;01/04/2001;01/01/2001 17:33;Motorist Overtaking - Bicyclist Swerved;311235;2011;B: Evident Injury;Residential;30-39;30;No;41-45 mph;O: No Injury;White;Female;Sport Utility;No;No;Daylight;Mixed (30% To 70% Developed);2 lanes;2;Straight - Hillcrest;State Secondary Route;Dry;Two-Way, Not Divided;None;No Special Feature;Coarse Asphalt;Piedmont;Rural;50 - 55  MPH;Double Yellow Line, No Passing Zone;Clear;No;35.50391, -80.4966
128;129;Yes;40-49;46;No;With Traffic;K: Killed;Travel Lane;White;Male;None - Rural Crash;New Hanover;Yes;01/01/2007;03/04/2011;Motorist Overtaking Bicyclist;9;Non-Intersection;01/04/2001;01/01/2001 09:29;Motorist Overtaking - Other /;311239;2011;K: Killed;Residential;60-69;63;Yes;51-55 mph;O: No Injury;White;Male;Passenger Car;No;No;Daylight;Mixed (30% To 70% Developed);2 lanes;3;Straight - Level;State Secondary Route;Dry;Two-Way, Not Divided;None;No Special Feature;Coarse Asphalt;Coastal;Rural;50 - 55  MPH;No Control Present;Clear;No;34.09924, -77.9216
138;139;Yes;30-39;37;No;With Traffic;C: Possible Injury;Travel Lane;White;Male;Cary;Wake;No;01/01/2003;13/04/2011;Motorist Left Turn / Merge;13;Intersection;01/04/2001;01/01/2001 13:57;Motorist Left Turn - Opposite Direction;111212;2011;C: Possible Injury;Commercial;60-69;69;No;11-15 mph;O: No Injury;White;Male;Van;No;No;Daylight;Urban (>70% Developed);4 lanes;2;Straight - Level;State Secondary Route;Dry;Two-Way, Divided, Unprotected Median;None;Four-Way Intersection;Smooth Asphalt;Piedmont;Urban;40 - 45  MPH;Stop And Go Signal;Clear;No;35.8022, -78.7866
139;140;Yes;15-nov;13;No;With Traffic;B: Evident Injury;Travel Lane;White;Male;High Point;Guilford;No;01/01/2007;03/04/2011;Bicyclist Failed to Yield - Sign-Controlled Intersection;14;Intersection;01/04/2001;01/01/2001 14:44;Bicyclist Ride Out - Sign-Controlled Intersection;111142;2011;B: Evident Injury;Residential;NA;NA;Missing;NA;Injury;/Missing;NA;Passenger Car;No;Yes;Daylight;Urban (>70% Developed);2 lanes;2;Straight - Grade;Local Street;Dry;Two-Way, Not Divided;None;T-Intersection;Smooth Asphalt;Piedmont;Urban;30 - 35  MPH;Stop Sign;Clear;No;35.97327, -80.0112
140;141;Yes;50-59;51;No;Not Applicable;A: Disabling Injury;Bike Lane / Paved Shoulder;Hispanic;Male;Burlington;Alamance;No;NA;04/04/2011;Crossing Paths - Other Circumstances;19;Intersection-Related;01/04/2001;01/01/2001 19:09;Crossing Paths - Uncontrolled Intersection;223160;2011;A: Disabling Injury;Residential;25-29;26;No;31-35 mph;O: No Injury;Black;Female;Passenger Car;No;No;Daylight;Urban (>70% Developed);4 lanes;2;Curve - Bottom;Local Street;Dry;Two-Way, Not Divided;None;Related To Intersection;Smooth Asphalt;Piedmont;Urban;30 - 35  MPH;Stop And Go Signal;Cloudy;No;36.09224, -79.4293
145;146;Yes;50-59;53;No;With Traffic;C: Possible Injury;Travel Lane;White;Male;None - Rural Crash;Cumberland;No;01/01/2005;15/04/2011;Motorist Failed to Yield - Sign-Controlled Intersection;18;Intersection;01/04/2001;01/01/2001 18:24;Motorist Drive Out - Sign-Controlled Intersection;111141;2011;C: Possible Injury;Commercial;40-49;46;No;11-15 mph;O: No Injury;Other;Male;Passenger Car;No;No;Daylight;Urban (>70% Developed);5 lanes;2;Straight - Level;State Secondary Route;Dry;Two-Way, Not Divided;None;No Special Feature;Smooth Asphalt;Coastal;Rural;40 - 45  MPH;Stop Sign;Clear;No;35.0127, -78.919
146;147;Yes;40-49;46;Yes;With Traffic;C: Possible Injury;Sidewalk / Crosswalk / Driveway Crossing;Black;Male;Kinston;Lenoir;Yes;01/01/2002;19/04/2011;Bicyclist Failed to Yield - Sign-Controlled Intersection;20;Intersection-Related;01/04/2001;01/01/2001 20:57;Bicyclist Ride Out - Sign-Controlled Intersection;231142;2011;C: Possible Injury;Residential;60-69;67;No;16-20 mph;O: No Injury;Black;Male;Passenger Car;No;No;Dark - Lighted Roadway;Urban (>70% Developed);2 lanes;2;Straight - Level;Local Street;Dry;Two-Way, Not Divided;None;No Special Feature;Coarse Asphalt;Coastal;Urban;20 - 25  MPH;Stop Sign;Clear;No;35.25718, -77.5701
148;149;Yes;30-39;34;No;With Traffic;C: Possible Injury;Travel Lane;White;Male;Charlotte;Mecklenburg;No;01/01/2006;09/04/2011;Motorist Left Turn / Merge;12;Intersection;01/04/2001;01/01/2001 12:04;Motorist Left Turn - Opposite Direction;111212;2011;C: Possible Injury;Commercial;20-24;24;No;0-5 mph;O: No Injury;Black;Female;Passenger Car;No;No;Daylight;Urban (>70% Developed);4 lanes;2;Straight - Level;Local Street;Dry;Two-Way, Not Divided;None;Four-Way Intersection;Smooth Asphalt;Piedmont;Urban;30 - 35  MPH;Stop And Go Signal;Clear;No;35.22492, -80.8464
158;159;Yes;16-19;17;No;With Traffic;B: Evident Injury;Travel Lane;White;Male;Cary;Wake;No;01/01/2006;23/04/2011;Motorist Left Turn / Merge;21;Intersection;01/04/2001;01/01/2001 21:38;Motorist Left Turn - Opposite Direction;111212;2011;B: Evident Injury;Residential;30-39;32;No;31-35 mph;O: No Injury;White;Male;Passenger Car;No;No;Dark - Roadway Not Lighted;Urban (>70% Developed);2 lanes;2;Straight - Level;State Secondary Route;Dry;Two-Way, Not Divided;None;T-Intersection;Smooth Asphalt;Piedmont;Urban;30 - 35  MPH;Stop Sign;Clear;No;35.79154, -78.7811
159;160;No;0-5;5;No;Not Applicable;C: Possible Injury;Non-Roadway;White;Male;Wilson;Wilson;No;01/01/2007;23/01/2011;Non-Roadway;13;Non-Roadway;NA;01/01/2001 13:46;Non-Roadway;460910;2011;C: Possible Injury;Residential;25-29;25;No;0-5 mph;O: No Injury;Black;Male;Sport Utility;No;No;Daylight;Urban (>70% Developed);NA;2;Straight - Level;Public Vehicular Area;Dry;Two-Way, Not Divided;None;No Special Feature;Concrete;Coastal;Urban;30 - 35  MPH;No Control Present;Clear;No;35.73161, -77.9181
161;162;Yes;16-19;19;No;With Traffic;B: Evident Injury;Travel Lane;Native American;Male;Lumberton;Robeson;No;01/01/2003;27/04/2011;Bicyclist Failed to Yield - Sign-Controlled Intersection;20;Intersection;01/04/2001;01/01/2001 20:02;Bicyclist Ride Out - Sign-Controlled Intersection;111142;2011;B: Evident Injury;Residential;50-59;53;No;41-45 mph;O: No Injury;White;Male;Passenger Car;No;No;Daylight;Urban (>70% Developed);2 lanes;2;Straight - Level;Local Street;Dry;Two-Way, Not Divided;None;No Special Feature;Coarse Asphalt;Coastal;Urban;40 - 45  MPH;Stop Sign;Cloudy;No;34.61033, -78.9729
167;168;Yes;40-49;48;No;With Traffic;B: Evident Injury;Travel Lane;White;Male;High Point;Guilford;No;01/01/2004;07/04/2011;Motorist Left Turn / Merge;18;Intersection;01/04/2001;01/01/2001 18:46;Motorist Left Turn - Opposite Direction;111212;2011;B: Evident Injury;Residential;0-19;17;No;16-20 mph;O: No Injury;White;Female;Passenger Car;No;No;Daylight;Urban (>70% Developed);2 lanes;2;Straight - Level;Local Street;Dry;Two-Way, Not Divided;None;Four-Way Intersection;Coarse Asphalt;Piedmont;Urban;30 - 35  MPH;Stop And Go Signal;Clear;No;36.03991, -79.9406
169;170;Yes;60-69;64;No;With Traffic;B: Evident Injury;Travel Lane;Black;Male;None - Rural Crash;Onslow;No;01/01/2002;26/04/2011;Motorist Overtaking Bicyclist;6;Non-Intersection;01/04/2001;01/01/2001 06:29;Motorist Overtaking - Misjudged Space;311232;2011;B: Evident Injury;Farms, Woods, Pastures;30-39;30;No;16-20 mph;O: No Injury;White;Male;Passenger Car;No;No;Dawn;Rural (<30% Developed);2 lanes;2;Straight - Level;State Secondary Route;NA;Two-Way, Not Divided;None;No Special Feature;Coarse Asphalt;Coastal;Rural;40 - 45  MPH;No Control Present;Clear;No;34.77112, -77.3557
171;172;No;50-59;54;No;With Traffic;C: Possible Injury;Travel Lane;White;Male;None - Rural Crash;Durham;No;01/01/2005;29/04/2011;Bicyclist Overtaking Motorist;13;Non-Intersection;01/04/2001;01/01/2001 13:00;Bicyclist Overtaking - Passing on Right;311241;2011;C: Possible Injury;Farms, Woods, Pastures;60-69;68;No;46-50 mph;O: No Injury;White;Female;Van;No;No;Daylight;Mixed (30% To 70% Developed);2 lanes;2;Straight - Level;NC Route;Dry;Two-Way, Not Divided;Work Zone;No Special Feature;Smooth Asphalt;Piedmont;Rural;50 - 55  MPH;Double Yellow Line, No Passing Zone;Clear;No;36.08714, -78.9129
180;181;Yes;40-49;45;No;With Traffic;A: Disabling Injury;Travel Lane;White;Male;None - Rural Crash;Pitt;No;01/01/2005;29/04/2011;Motorist Overtaking Bicyclist;19;Non-Intersection;01/04/2001;01/01/2001 19:11;Motorist Overtaking - Other /;311239;2011;A: Disabling Injury;Farms, Woods, Pastures;50-59;57;No;41-45 mph;O: No Injury;White;Male;Pickup;No;No;Daylight;Rural (<30% Developed);2 lanes;2;Straight - Level;NC Route;Dry;Two-Way, Not Divided;None;No Special Feature;Coarse Asphalt;Coastal;Rural;50 - 55  MPH;No Control Present;Clear;No;35.4715, -77.3906
182;183;Yes;10-juin;10;No;Not Applicable;C: Possible Injury;Travel Lane;Black;Male;Greensboro;Guilford;No;01/01/2003;20/04/2011;Bicyclist Failed to Yield - Midblock;15;Non-Intersection;01/04/2001;01/01/2001 15:32;Bicyclist Ride Out - Other Midblock;313318;2011;C: Possible Injury;Residential;20-24;21;No;21-25 mph;O: No Injury;Black;Female;Passenger Car;No;No;Daylight;Urban (>70% Developed);2 lanes;2;Straight - Level;Local Street;Dry;Two-Way, Not Divided;None;No Special Feature;Smooth Asphalt;Piedmont;Urban;30 - 35  MPH;No Control Present;Clear;No;36.07225, -79.8809
187;188;No;0-5;4;No;Facing Traffic;B: Evident Injury;Travel Lane;Black;Male;Mooresville;Iredell;No;01/01/2002;19/04/2011;Crossing Paths - Other Circumstances;16;Intersection;01/04/2001;01/01/2001 16:46;Crossing Paths - Intersection - Other /;112180;2011;B: Evident Injury;Residential;30-39;34;No;11-15 mph;O: No Injury;White;Male;Pickup;No;No;Daylight;Mixed (30% To 70% Developed);2 lanes;2;Straight - Level;Local Street;Dry;Two-Way, Not Divided;None;No Special Feature;Smooth Asphalt;Piedmont;Urban;30 - 35  MPH;No Control Present;Clear;No;35.58297, -80.8244
198;199;Yes;20-24;21;No;With Traffic;B: Evident Injury;Travel Lane;White;Male;Winston-Salem;Forsyth;No;01/01/2003;27/04/2011;Motorist Left Turn / Merge;13;Non-Intersection;01/04/2001;01/01/2001 13:42;Motorist Left Turn - Opposite Direction;311212;2011;B: Evident Injury;Residential;25-29;25;No;0-5 mph;O: No Injury;White;Female;Sport Utility;No;No;Daylight;Urban (>70% Developed);2 lanes;2;Straight - Level;Local Street;Wet;Two-Way, Not Divided;None;Driveway, Private;Coarse Asphalt;Piedmont;Urban;30 - 35  MPH;No Control Present;Rain;No;36.12756, -80.3002
178;179;No;30-39;31;No;NA;C: Possible Injury;NA;Black;Male;Kinston;Lenoir;No;01/01/2002;27/04/2010;Other /  - Insufficient Details;13;Non-Intersection;01/04/2001;01/01/2001 13:03;Approach Paths;0;2010;C: Possible Injury;Residential;70+;NA;No;31-35 mph;O: No Injury;White;Male;Van;No;No;Daylight;Urban (>70% Developed);2 lanes;2;Straight - Level;Local Street;Dry;Two-Way, Not Divided;NA;No Special Feature;Smooth Asphalt;Coastal;Urban;30 - 35  MPH;No Control Present;Clear;No;35.269512, -77.57767
183;184;Yes;30-39;39;No;With Traffic;B: Evident Injury;Travel Lane;White;Male;Greensboro;Guilford;No;01/01/2005;16/04/2010;Motorist Left Turn / Merge;18;Intersection;01/04/2001;01/01/2001 17:59;Motorist Left Turn - Opposite Direction;0;2010;B: Evident Injury;Residential;70+;NA;No;16-20 mph;O: No Injury;White;Male;Passenger Car;No;No;Daylight;Urban (>70% Developed);2 lanes;2;Straight - Grade;Local Street;Dry;Two-Way, Not Divided;None;T-Intersection;Smooth Asphalt;Piedmont;Urban;30 - 35  MPH;No Control Present;Clear;No;36.096333, -79.82243
184;185;No;25-29;29;No;With Traffic;O: No Injury;Travel Lane;Hispanic;Male;Charlotte;Mecklenburg;No;01/01/2003;21/04/2010;Parallel Paths - Other Circumstances;17;Non-Intersection;01/04/2001;01/01/2001 17:55;Parallel Paths - Other /;0;2010;O: No Injury;Commercial;50-59;55;No;31-35 mph;O: No Injury;Black;Female;Commercial Bus;No;No;Daylight;Urban (>70% Developed);2 lanes;2;Straight - Level;Local Street;Dry;One-Way, Not Divided;None;No Special Feature;Smooth Asphalt;Piedmont;Urban;30 - 35  MPH;No Control Present;Cloudy;Yes;35.235203, -80.82073
192;193;No;40-49;45;No;Facing Traffic;B: Evident Injury;Travel Lane;Black;Male;Burlington;Alamance;No;01/01/2005;23/04/2010;Bicyclist Failed to Yield - Sign-Controlled Intersection;20;Intersection;01/04/2001;01/01/2001 20:57;Bicyclist Ride Out - Sign-Controlled Intersection;0;2010;B: Evident Injury;Residential;50-59;50;No;NA;O: No Injury;Black;Male;Van;No;No;Dark - Lighted Roadway;Urban (>70% Developed);3 lanes;2;Straight - Level;US Route;Dry;One-Way, Not Divided;None;Four-Way Intersection;Smooth Asphalt;Piedmont;Urban;30 - 35  MPH;Stop Sign;Clear;No;36.102898, -79.42776
196;197;Yes;16-19;18;No;With Traffic;B: Evident Injury;Sidewalk / Crosswalk / Driveway Crossing;Black;Male;Greensboro;Guilford;No;01/01/2004;01/04/2010;Motorist Right Turn / Merge;14;Intersection;01/04/2001;01/01/2001 14:23;Motorist Right Turn - Same Direction;0;2010;B: Evident Injury;Commercial;30-39;39;No;26-30 mph;O: No Injury;Black;Female;Passenger Car;No;No;Daylight;Urban (>70% Developed);3 lanes;2;Straight - Hillcrest;Local Street;Dry;One-Way, Not Divided;None;No Special Feature;Smooth Asphalt;Piedmont;Urban;30 - 35  MPH;Stop And Go Signal;Clear;No;36.07316, -79.78318
197;198;No;20-24;23;No;With Traffic;C: Possible Injury;Travel Lane;White;Male;Asheville;Buncombe;No;NA;12/04/2010;Motorist Failed to Yield - Sign-Controlled Intersection;18;Intersection;01/04/2001;01/01/2001 18:47;Motorist Drive Out - Sign-Controlled Intersection;0;2010;C: Possible Injury;Residential;60-69;64;No;6-10 mph;O: No Injury;White;Female;Sport Utility;No;No;Daylight;Urban (>70% Developed);2 lanes;2;Straight - Bottom;Local Street;Dry;Two-Way, Not Divided;None;Four-Way Intersection;Smooth Asphalt;Mountains;Urban;30 - 35  MPH;Stop Sign;Clear;No;35.58277, -82.62882
200;201;Yes;30-39;30;No;Facing Traffic;B: Evident Injury;Sidewalk / Crosswalk / Driveway Crossing;Black;Female;Chapel Hill;Orange;No;01/01/2005;30/04/2010;Motorist Failed to Yield - Signalized Intersection;18;Intersection;01/04/2001;01/01/2001 18:32;Motorist Drive Out - Signalized Intersection;0;2010;B: Evident Injury;Residential;30-39;35;No;6-10 mph;O: No Injury;White;Male;Passenger Car;No;No;Daylight;Urban (>70% Developed);9 or more lanes;2;Straight - Grade;NC Route;Dry;Two-Way, Divided, Unprotected Median;None;Four-Way Intersection;Smooth Asphalt;Piedmont;Urban;20 - 25  MPH;Stop And Go Signal;Clear;No;35.905, -79.01642
209;210;Yes;40-49;47;Yes;Facing Traffic;B: Evident Injury;Travel Lane;Black;Male;Maxton;Robeson;Yes;01/01/2003;05/05/2010;Bicyclist Right Turn / Merge;17;Non-Intersection;01/05/2001;01/01/2001 17:41;Bicyclist Right Turn - Same Direction;0;2010;B: Evident Injury;Commercial;30-39;37;No;31-35 mph;O: No Injury;Native American;Male;Pickup;No;No;Daylight;Urban (>70% Developed);2 lanes;2;Straight - Level;Local Street;Dry;Two-Way, Not Divided;None;No Special Feature;Coarse Asphalt;Coastal;Rural;30 - 35  MPH;Double Yellow Line, No Passing Zone;Clear;No;34.73867, -79.35743
210;211;Yes;25-29;28;No;Facing Traffic;C: Possible Injury;Travel Lane;White;Male;Raleigh;Wake;No;NA;05/04/2010;Bicyclist Failed to Yield - Signalized Intersection;15;Intersection-Related;01/04/2001;01/01/2001 15:50;Bicyclist Ride Out - Signalized  Intersection;0;2010;C: Possible Injury;Commercial;50-59;55;No;16-20 mph;O: No Injury;White;Female;Van;No;No;Dark - Lighted Roadway;Urban (>70% Developed);4 lanes;2;Straight - Level;Local Street;Dry;Two-Way, Not Divided;None;No Special Feature;Smooth Asphalt;Piedmont;Urban;40 - 45  MPH;Stop And Go Signal;Clear;No;35.835114, -78.59924
213;214;Yes;50-59;53;No;With Traffic;B: Evident Injury;Travel Lane;White;Male;Raleigh;Wake;No;01/01/2005;16/04/2010;Motorist Left Turn / Merge;16;Intersection;01/04/2001;01/01/2001 16:33;Motorist Left Turn - Opposite Direction;0;2010;B: Evident Injury;Residential;20-24;21;No;11-15 mph;O: No Injury;Black;Female;Passenger Car;No;No;Daylight;Urban (>70% Developed);4 lanes;2;Straight - Grade;Local Street;Dry;Two-Way, Not Divided;None;No Special Feature;Smooth Asphalt;Piedmont;Urban;40 - 45  MPH;Stop And Go Signal;Clear;No;35.76903, -78.69131
221;222;No;15-nov;15;No;Facing Traffic;B: Evident Injury;Bike Lane / Paved Shoulder;Black;Male;Charlotte;Mecklenburg;No;01/01/2004;29/04/2010;Motorist Failed to Yield - Sign-Controlled Intersection;8;Intersection;01/04/2001;01/01/2001 08:28;Motorist Drive Out - Sign-Controlled Intersection;0;2010;B: Evident Injury;Residential;50-59;50;No;0-5 mph;O: No Injury;Black;Female;Passenger Car;No;No;Daylight;Urban (>70% Developed);4 lanes;2;Straight - Level;Local Street;Dry;Two-Way, Divided, Positive Median Barrier;None;Four-Way Intersection;Smooth Asphalt;Piedmont;Urban;30 - 35  MPH;Stop Sign;Clear;No;35.096416, -80.85963
224;225;Yes;30-39;39;No;With Traffic;B: Evident Injury;Travel Lane;White;Male;Durham;Durham;No;NA;10/05/2010;Bicyclist Left Turn / Merge;21;Intersection-Related;01/05/2001;01/01/2001 21:43;Bicyclist Left Turn - Same Direction;0;2010;B: Evident Injury;Residential;25-29;26;No;31-35 mph;O: No Injury;White;Female;Passenger Car;No;No;Dark - Lighted Roadway;Urban (>70% Developed);2 lanes;2;Straight - Level;Local Street;Dry;Two-Way, Not Divided;None;No Special Feature;Smooth Asphalt;Piedmont;Urban;30 - 35  MPH;No Control Present;Clear;No;35.936108, -78.946625