FID;OBJECTID;AmbulanceR;BikeAge_Gr;Bike_Age;Bike_Alc_D;Bike_Dir;Bike_Injur;Bike_Pos;Bike_Race;Bike_Sex;City;County;CrashAlcoh;CrashDay;Crash_Date;Crash_Grp;Crash_Hour;Crash_Loc;Crash_Mont;Crash_Time;Crash_Type;Crash_Ty_1;Crash_Year;Crsh_Sevri;Developmen;DrvrAge_Gr;Drvr_Age;Drvr_Alc_D;Drvr_EstSp;Drvr_Injur;Drvr_Race;Drvr_Sex;Drvr_VehTy;ExcsSpdInd;Hit_Run;Light_Cond;Locality;Num_Lanes;Num_Units;Rd_Charact;Rd_Class;Rd_Conditi;Rd_Config;Rd_Defects;Rd_Feature;Rd_Surface;Region;Rural_Urba;Speed_Limi;Traff_Cntr;Weather;Workzone_I;Location
235;236;Yes;25-29;29;No;With Traffic;B: Evident Injury;Sidewalk / Crosswalk / Driveway Crossing;White;Male;Charlotte;Mecklenburg;No;01/01/2006;08/05/2010;Crossing Paths - Other Circumstances;0;Intersection;01/05/2001;01/01/2001 00:26;Signalized Intersection - Other /;0;2010;B: Evident Injury;Commercial;30-39;34;No;36-40 mph;O: No Injury;Black;Female;Passenger Car;No;No;Dark - Lighted Roadway;Urban (>70% Developed);4 lanes;2;Straight - Level;Local Street;Dry;Two-Way, Divided, Unprotected Median;None;No Special Feature;Smooth Asphalt;Piedmont;Urban;30 - 35  MPH;Stop And Go Signal;Clear;No;35.21358, -80.855606
237;238;Yes;10-juin;8;No;With Traffic;B: Evident Injury;Travel Lane;Black;Male;Winston-Salem;Forsyth;No;01/01/2007;02/05/2010;Loss of Control / Turning Error;19;Intersection;01/05/2001;01/01/2001 19:15;Bicyclist Lost Control - Mechanical Problems;0;2010;B: Evident Injury;Residential;25-29;25;No;21-25 mph;O: No Injury;Black;Male;Passenger Car;No;No;Daylight;Urban (>70% Developed);2 lanes;2;Straight - Level;Local Street;Dry;Two-Way, Divided, Unprotected Median;None;No Special Feature;Smooth Asphalt;Piedmont;Urban;30 - 35  MPH;No Control Present;Clear;No;36.110798, -80.24725
242;243;Yes;30-39;35;No;Facing Traffic;C: Possible Injury;Travel Lane;White;Male;Lumberton;Robeson;No;01/01/2005;23/04/2010;Crossing Paths - Other Circumstances;13;Intersection-Related;01/04/2001;01/01/2001 13:38;Crossing Paths - Intersection - Other /;0;2010;C: Possible Injury;Commercial;30-39;39;No;11-15 mph;O: No Injury;White;Male;Tractor/Semi-Trailer;No;No;Daylight;Urban (>70% Developed);5 lanes;2;Straight - Level;Local Street;Dry;Two-Way, Divided, Unprotected Median;None;No Special Feature;Coarse Asphalt;Coastal;Urban;30 - 35  MPH;Stop And Go Signal;Cloudy;No;34.63263, -78.99252
246;247;Yes;40-49;44;No;With Traffic;B: Evident Injury;Travel Lane;Black;Male;High Point;Guilford;No;01/01/2003;05/05/2010;Motorist Left Turn / Merge;22;Intersection;01/05/2001;01/01/2001 22:21;Motorist Left Turn - Opposite Direction;0;2010;B: Evident Injury;Residential;60-69;64;No;11-15 mph;O: No Injury;Black;Male;Van;No;No;Dark - Lighted Roadway;Urban (>70% Developed);4 lanes;2;Straight - Grade;Local Street;Dry;Two-Way, Not Divided;None;T-Intersection;Coarse Asphalt;Piedmont;Urban;30 - 35  MPH;No Control Present;Clear;No;35.95511, -79.969574
247;248;No;30-39;37;No;With Traffic;B: Evident Injury;Travel Lane;White;Male;Charlotte;Mecklenburg;No;01/01/2007;09/05/2010;Motorist Overtaking Bicyclist;11;Non-Intersection;01/05/2001;01/01/2001 11:45;Motorist Overtaking - Undetected Bicyclist;0;2010;B: Evident Injury;Residential;50-59;53;No;21-25 mph;O: No Injury;White;Male;Passenger Car;No;No;Daylight;Urban (>70% Developed);2 lanes;2;Straight - Level;Local Street;Dry;Two-Way, Divided, Unprotected Median;None;No Special Feature;Smooth Asphalt;Piedmont;Urban;40 - 45  MPH;Stop And Go Signal;Clear;No;35.36954, -80.84102
252;253;Yes;25-29;25;No;With Traffic;B: Evident Injury;Travel Lane;Asian;Male;Lumberton;Robeson;No;01/01/2006;24/04/2010;Motorist Overtaking Bicyclist;21;Non-Intersection;01/04/2001;01/01/2001 21:11;Motorist Overtaking - Other /;0;2010;K: Killed;Residential;50-59;57;No;51-55 mph;Injury;White;Female;Passenger Car;No;No;Dark - Roadway Not Lighted;Mixed (30% To 70% Developed);2 lanes;3;Straight - Level;Local Street;Wet;Two-Way, Not Divided;None;No Special Feature;Coarse Asphalt;Coastal;Urban;50 - 55  MPH;No Control Present;Rain;No;34.579826, -78.937874
261;262;Yes;40-49;41;No;With Traffic;C: Possible Injury;Travel Lane;Black;Male;None - Rural Crash;Pitt;No;01/01/2005;21/05/2010;Bicyclist Left Turn / Merge;17;Non-Intersection;01/05/2001;01/01/2001 17:28;Bicyclist Left Turn - Same Direction;0;2010;C: Possible Injury;Farms, Woods, Pastures;50-59;51;No;46-50 mph;O: No Injury;White;Female;Passenger Car;No;No;Daylight;Rural (<30% Developed);2 lanes;2;Straight - Grade;NC Route;Dry;Two-Way, Not Divided;None;Related To Intersection;Coarse Asphalt;Coastal;Rural;50 - 55  MPH;Double Yellow Line, No Passing Zone;Clear;No;35.719986, -77.24229
263;264;No;30-39;32;No;With Traffic;C: Possible Injury;Travel Lane;White;Female;Asheville;Buncombe;No;01/01/2002;11/05/2010;Motorist Failed to Yield - Midblock;10;Non-Intersection;01/05/2001;01/01/2001 10:54;Motorist Drive Out - Commercial Driveway / Alley;0;2010;C: Possible Injury;Commercial;NA;NA;Missing;6-10 mph;Injury;/Missing;NA;NA;No;Yes;Daylight;Urban (>70% Developed);2 lanes;2;Straight - Grade;Local Street;Wet;Two-Way, Not Divided;None;Driveway, Public;Smooth Asphalt;Mountains;Urban;30 - 35  MPH;Double Yellow Line, No Passing Zone;Cloudy;No;35.57878, -82.56321
285;286;Yes;10-juin;9;No;Not Applicable;C: Possible Injury;Non-Roadway;White;Female;None - Rural Crash;Dare;No;01/01/2005;28/05/2010;Non-Roadway;16;Non-Roadway;01/05/2001;01/01/2001 16:44;Non-Roadway;0;2010;C: Possible Injury;Residential;50-59;53;No;0-5 mph;O: No Injury;White;Male;Pickup;No;No;Daylight;Mixed (30% To 70% Developed);2 lanes;2;Straight - Level;Private Road, Driveway;Dry;Two-Way, Not Divided;None;T-Intersection;Coarse Asphalt;Coastal;Rural;5 - 15 MPH;No Control Present;Clear;No;35.578133, -75.46698
288;289;Yes;40-49;48;No;With Traffic;B: Evident Injury;Travel Lane;Black;Male;Greensboro;Guilford;No;01/01/2004;20/05/2010;Bicyclist Failed to Yield - Sign-Controlled Intersection;18;Intersection;01/05/2001;01/01/2001 17:59;Bicyclist Ride Through - Sign-Controlled Intersection;0;2010;B: Evident Injury;Industrial;25-29;29;No;16-20 mph;O: No Injury;White;Female;Sport Utility;No;No;Daylight;Urban (>70% Developed);2 lanes;2;Straight - Bottom;Local Street;Dry;Two-Way, Not Divided;None;Four-Way Intersection;Smooth Asphalt;Piedmont;Urban;20 - 25  MPH;Stop Sign;Clear;No;36.0588, -79.789734
303;304;Yes;16-19;18;No;Facing Traffic;C: Possible Injury;Sidewalk / Crosswalk / Driveway Crossing;White;Male;Raleigh;Wake;No;01/01/2002;18/05/2010;Motorist Failed to Yield - Sign-Controlled Intersection;13;Intersection;01/05/2001;01/01/2001 13:22;Motorist Drive Out - Sign-Controlled Intersection;0;2010;C: Possible Injury;Commercial;50-59;55;No;21-25 mph;O: No Injury;White;Female;Passenger Car;No;No;Daylight;Urban (>70% Developed);2 lanes;2;Straight - Level;Public Vehicular Area;Dry;Two-Way, Divided, Positive Median Barrier;None;Driveway, Public;Smooth Asphalt;Piedmont;Urban;20 - 25  MPH;Stop Sign;Cloudy;No;35.894592, -78.64947
309;310;Yes;50-59;50;No;With Traffic;C: Possible Injury;Travel Lane;White;Male;None - Rural Crash;Rowan;No;01/01/2002;08/06/2010;Motorist Failed to Yield - Sign-Controlled Intersection;8;Intersection;01/06/2001;01/01/2001 08:26;Motorist Drive Out - Sign-Controlled Intersection;0;2010;C: Possible Injury;Residential;30-39;36;No;0-5 mph;O: No Injury;White;Male;Passenger Car;No;No;Daylight;Rural (<30% Developed);4 lanes;2;Curve - Level;State Secondary Route;Dry;Two-Way, Not Divided;None;T-Intersection;Smooth Asphalt;Piedmont;Rural;30 - 35  MPH;Stop Sign;Clear;No;35.58773, -80.537544
310;311;No;40-49;41;No;NA;C: Possible Injury;Travel Lane;White;Male;Gastonia;Gaston;No;NA;24/05/2010;Other /  - Insufficient Details;21;Intersection-Related;01/05/2001;01/01/2001 21:05;Approach Paths;0;2010;C: Possible Injury;Residential;NA;NA;Missing;6-10 mph;Injury;/Missing;NA;NA;No;Yes;Dark - Lighted Roadway;Urban (>70% Developed);2 lanes;2;Straight - Level;NC Route;Wet;Two-Way, Not Divided;None;T-Intersection;Smooth Asphalt;Piedmont;Urban;30 - 35  MPH;Stop Sign;Rain;No;35.245586, -81.18399
315;316;Yes;50-59;53;No;With Traffic;B: Evident Injury;Travel Lane;White;Male;Salisbury;Rowan;No;01/01/2004;10/06/2010;Motorist Left Turn / Merge;17;Intersection;01/06/2001;01/01/2001 17:44;Motorist Left Turn - Opposite Direction;0;2010;B: Evident Injury;Commercial;50-59;53;No;0-5 mph;O: No Injury;White;Male;Passenger Car;No;No;Daylight;Urban (>70% Developed);4 lanes;2;Straight - Level;US Route;Wet;Two-Way, Not Divided;None;T-Intersection;Coarse Asphalt;Piedmont;Urban;40 - 45  MPH;Stop And Go Signal;Cloudy;No;35.652447, -80.49773
319;320;No;NA;NA;No;With Traffic;Injury;Travel Lane;/Missing;NA;None - Rural Crash;Cumberland;No;01/01/2005;28/05/2010;Motorist Overtaking Bicyclist;3;Non-Intersection;01/05/2001;01/01/2001 03:55;Motorist Overtaking - Undetected Bicyclist;0;2010;O: No Injury;Residential;30-39;38;No;41-45 mph;O: No Injury;White;Male;Truck/Trailer;No;No;Dark - Roadway Not Lighted;Rural (<30% Developed);2 lanes;2;Straight - Level;State Secondary Route;Dry;Two-Way, Not Divided;None;No Special Feature;Smooth Asphalt;Coastal;Rural;40 - 45  MPH;Double Yellow Line, No Passing Zone;Clear;No;34.99889, -78.9318
325;326;No;40-49;44;No;With Traffic;B: Evident Injury;Travel Lane;White;Female;None - Rural Crash;Wake;No;01/01/2002;15/06/2010;Motorist Left Turn / Merge;15;Intersection;01/06/2001;01/01/2001 15:51;Motorist Left Turn - Opposite Direction;0;2010;B: Evident Injury;Farms, Woods, Pastures;40-49;43;No;6-10 mph;O: No Injury;White;Female;Passenger Car;No;No;Daylight;Mixed (30% To 70% Developed);2 lanes;2;Straight - Level;State Secondary Route;Dry;Two-Way, Not Divided;None;Four-Way Intersection;Smooth Asphalt;Piedmont;Rural;40 - 45  MPH;Stop And Go Signal;Clear;No;35.82333, -78.87417
326;327;Yes;20-24;21;No;Not Applicable;B: Evident Injury;Non-Roadway;White;Male;Chapel Hill;Orange;No;01/01/2006;05/06/2010;Non-Roadway;22;Non-Roadway;01/06/2001;01/01/2001 22:53;Non-Roadway;0;2010;B: Evident Injury;Commercial;50-59;55;No;NA;Injury;White;Male;Passenger Car;No;No;Dark - Lighted Roadway;Urban (>70% Developed);NA;2;Straight - Level;Public Vehicular Area;Dry;Two-Way, Not Divided;None;Driveway, Public;Smooth Asphalt;Piedmont;Urban;20 - 25  MPH;Stop Sign;Clear;No;35.927143, -79.027405
334;335;No;15-nov;13;Yes;Facing Traffic;O: No Injury;Travel Lane;White;Female;Rocky Mount;Nash;Yes;NA;26/04/2010;Bicyclist Failed to Yield - Signalized Intersection;16;Intersection;01/04/2001;01/01/2001 16:21;Bicyclist Ride Out - Signalized  Intersection;0;2010;O: No Injury;Commercial;25-29;27;No;0-5 mph;O: No Injury;Black;Female;Passenger Car;No;No;Daylight;Urban (>70% Developed);4 lanes;2;Straight - Level;Local Street;Dry;Two-Way, Divided, Unprotected Median;None;Four-Way Intersection;Coarse Asphalt;Coastal;Urban;30 - 35  MPH;Stop And Go Signal;Cloudy;No;35.94264, -77.802086
338;339;Yes;60-69;61;Yes;Not Applicable;B: Evident Injury;Travel Lane;Black;Male;Fayetteville;Cumberland;Yes;01/01/2005;28/05/2010;Crossing Paths - Other Circumstances;19;Non-Intersection;01/05/2001;01/01/2001 19:44;Crossing Paths - Midblock - Other /;0;2010;B: Evident Injury;Commercial;0-19;18;No;41-45 mph;O: No Injury;Black;Female;Passenger Car;No;No;Daylight;Urban (>70% Developed);6 lanes;2;Curve - Level;US Route;Wet;Two-Way, Not Divided;None;No Special Feature;Coarse Asphalt;Coastal;Urban;40 - 45  MPH;No Control Present;Cloudy;No;35.088898, -78.87864
341;342;Yes;10-juin;10;No;Not Applicable;B: Evident Injury;Driveway / Alley;Black;Male;None - Rural Crash;Bertie;No;NA;14/06/2010;Bicyclist Failed to Yield - Midblock;12;Non-Intersection;01/06/2001;01/01/2001 12:06;Bicyclist Ride Out - Residential Driveway;0;2010;B: Evident Injury;Farms, Woods, Pastures;70+;NA;No;51-55 mph;O: No Injury;Black;Male;Passenger Car;No;No;Daylight;Rural (<30% Developed);2 lanes;2;Curve - Level;State Secondary Route;Dry;Two-Way, Not Divided;None;Driveway, Private;Coarse Asphalt;Coastal;Rural;50 - 55  MPH;Double Yellow Line, No Passing Zone;Clear;No;36.2178, -76.85744
342;343;No;15-nov;11;Yes;With Traffic;B: Evident Injury;Travel Lane;White;Male;Havelock;Craven;Yes;01/01/2003;05/05/2010;Bicyclist Failed to Yield - Sign-Controlled Intersection;7;Intersection;01/05/2001;01/01/2001 07:11;Bicyclist Ride Out - Sign-Controlled Intersection;0;2010;B: Evident Injury;Residential;50-59;55;No;21-25 mph;O: No Injury;White;Female;Van;No;No;Daylight;Urban (>70% Developed);2 lanes;2;Straight - Level;Local Street;Dry;Two-Way, Not Divided;None;No Special Feature;Smooth Asphalt;Coastal;Urban;20 - 25  MPH;No Control Present;Clear;No;34.89826, -76.92142
343;344;Yes;15-nov;12;No;Facing Traffic;B: Evident Injury;Travel Lane;White;Female;Emerald Isle;Carteret;No;NA;31/05/2010;Bicyclist Failed to Yield - Sign-Controlled Intersection;18;Intersection;01/05/2001;01/01/2001 18:14;Bicyclist Ride Out - Sign-Controlled Intersection;0;2010;B: Evident Injury;Residential;20-24;23;No;21-25 mph;O: No Injury;/Missing;Female;Passenger Car;No;No;Daylight;Urban (>70% Developed);4 lanes;2;Straight - Hillcrest;Local Street;Dry;Two-Way, Not Divided;None;T-Intersection;Smooth Asphalt;Coastal;Rural;20 - 25  MPH;Stop Sign;Clear;No;34.66507, -77.01756
348;349;Yes;16-19;18;No;Facing Traffic;B: Evident Injury;Travel Lane;White;Male;High Point;Guilford;No;01/01/2002;01/06/2010;Bicyclist Right Turn / Merge;16;Intersection;01/06/2001;01/01/2001 16:33;Bicyclist Right Turn - Same Direction;0;2010;B: Evident Injury;Commercial;30-39;34;No;21-25 mph;O: No Injury;White;Male;Passenger Car;No;No;Daylight;Urban (>70% Developed);4 lanes;2;Straight - Bottom;Local Street;Dry;Two-Way, Not Divided;None;No Special Feature;Coarse Asphalt;Piedmont;Urban;30 - 35  MPH;No Control Present;Clear;No;35.94536, -80.01401
351;352;No;15-nov;12;No;Not Applicable;C: Possible Injury;Travel Lane;Black;Male;Statesville;Iredell;No;01/01/2002;15/06/2010;Crossing Paths - Other Circumstances;19;Non-Intersection;01/06/2001;01/01/2001 19:29;Crossing Paths - Midblock - Other /;0;2010;C: Possible Injury;Residential;NA;NA;Missing;11-15 mph;Injury;/Missing;NA;NA;No;Yes;Daylight;Urban (>70% Developed);2 lanes;2;Straight - Level;Local Street;Wet;Two-Way, Not Divided;None;No Special Feature;Smooth Asphalt;Piedmont;Urban;20 - 25  MPH;No Control Present;Cloudy;No;35.763912, -80.8824
413;414;No;60-69;61;No;With Traffic;B: Evident Injury;Travel Lane;White;Male;Belmont;Gaston;No;01/01/2002;31/05/2011;Motorist Overtaking Bicyclist;5;Non-Intersection;01/05/2001;01/01/2001 05:47;Motorist Overtaking - Other /;311239;2011;B: Evident Injury;Residential;0-19;19;No;41-45 mph;O: No Injury;White;Male;Passenger Car;No;No;Dawn;Mixed (30% To 70% Developed);2 lanes;2;Straight - Level;Local Street;Dry;Two-Way, Not Divided;None;No Special Feature;Coarse Asphalt;Piedmont;Urban;40 - 45  MPH;No Control Present;Clear;No;35.25597, -81.0512
417;418;No;40-49;48;No;With Traffic;C: Possible Injury;Travel Lane;White;Female;None - Rural Crash;Lee;No;01/01/2006;16/07/2011;Motorist Overtaking Bicyclist;11;Non-Intersection;01/07/2001;01/01/2001 11:29;Motorist Overtaking - Misjudged Space;311232;2011;C: Possible Injury;Farms, Woods, Pastures;70+;NA;No;26-30 mph;O: No Injury;White;Male;Pickup;No;No;Daylight;Rural (<30% Developed);2 lanes;2;Straight - Grade;State Secondary Route;Dry;Two-Way, Not Divided;None;No Special Feature;Smooth Asphalt;Piedmont;Rural;50 - 55  MPH;Double Yellow Line, No Passing Zone;Clear;No;35.41545, -79.1726
418;419;Yes;30-39;33;No;With Traffic;C: Possible Injury;Bike Lane / Paved Shoulder;Black;Male;Princeville;Edgecombe;No;01/01/2006;16/07/2011;Bicyclist Left Turn / Merge;14;Non-Intersection;01/07/2001;01/01/2001 14:08;Bicyclist Left Turn - Same Direction;321221;2011;C: Possible Injury;Residential;70+;NA;No;31-35 mph;O: No Injury;Black;Male;Sport Utility;No;No;Daylight;Urban (>70% Developed);2 lanes;2;Straight - Level;NC Route;Dry;Two-Way, Not Divided;None;No Special Feature;Coarse Asphalt;Coastal;Rural;30 - 35  MPH;Double Yellow Line, No Passing Zone;Clear;No;35.88713, -77.53
426;427;Yes;50-59;55;No;Facing Traffic;B: Evident Injury;Bike Lane / Paved Shoulder;Black;Male;Wilson;Wilson;No;01/01/2007;05/06/2011;Motorist Failed to Yield - Midblock;12;Non-Intersection;01/06/2001;01/01/2001 12:33;Motorist Drive Out - Commercial Driveway / Alley;322322;2011;B: Evident Injury;Commercial;50-59;52;No;NA;O: No Injury;Black;Female;Passenger Car;No;No;Daylight;Urban (>70% Developed);4 lanes;2;Straight - Level;Local Street;Dry;Two-Way, Divided, Unprotected Median;None;No Special Feature;Coarse Asphalt;Coastal;Urban;40 - 45  MPH;No Control Present;Clear;No;35.71583, -77.8922
444;445;No;40-49;44;No;Facing Traffic;C: Possible Injury;Travel Lane;White;Male;Concord;Cabarrus;No;01/01/2004;07/07/2011;Motorist Failed to Yield - Midblock;16;Non-Intersection;01/07/2001;01/01/2001 16:30;Motorist Drive Out - Commercial Driveway / Alley;312322;2011;C: Possible Injury;Commercial;25-29;29;No;16-20 mph;O: No Injury;Black;Male;Passenger Car;No;No;Daylight;Urban (>70% Developed);2 lanes;2;Straight - Hillcrest;Public Vehicular Area;Dry;Two-Way, Not Divided;None;Driveway, Public;Smooth Asphalt;Piedmont;Urban;NA;No Control Present;Cloudy;No;35.44144, -80.6079
448;449;Yes;10-juin;10;No;Not Applicable;B: Evident Injury;Non-Roadway;Black;Male;Charlotte;Mecklenburg;No;01/01/2006;09/07/2011;Non-Roadway;18;Non-Roadway;01/07/2001;01/01/2001 18:00;Non-Roadway;460910;2011;B: Evident Injury;Residential;20-24;21;No;6-10 mph;O: No Injury;White;Female;Passenger Car;No;No;Daylight;Urban (>70% Developed);NA;2;Straight - Level;Public Vehicular Area;Dry;Two-Way, Not Divided;None;No Special Feature;Smooth Asphalt;Piedmont;Urban;5 - 15 MPH;No Control Present;Clear;No;35.29521, -80.7271
450;451;Yes;40-49;40;No;Facing Traffic;C: Possible Injury;Travel Lane;Black;Male;Wilmington;New Hanover;No;01/01/2006;09/07/2011;Bicyclist Failed to Yield - Signalized Intersection;2;Intersection;01/07/2001;01/01/2001 02:53;Bicyclist Ride Out - Signalized  Intersection;112153;2011;C: Possible Injury;Commercial;30-39;38;No;21-25 mph;O: No Injury;White;Male;Passenger Car;No;No;Dark - Lighted Roadway;Urban (>70% Developed);4 lanes;2;Straight - Hillcrest;Local Street;Dry;One-Way, Not Divided;None;No Special Feature;Smooth Asphalt;Coastal;Urban;30 - 35  MPH;Stop And Go Signal;Clear;No;34.22545, -77.9448
454;455;No;30-39;30;No;With Traffic;Injury;Travel Lane;White;Male;High Point;Guilford;No;NA;04/07/2011;Motorist Left Turn / Merge;23;Intersection;01/07/2001;01/01/2001 23:26;Motorist Left Turn - Opposite Direction;111212;2011;Injury;Commercial;NA;NA;Missing;NA;Injury;/Missing;NA;Passenger Car;No;Yes;Dark - Lighted Roadway;Urban (>70% Developed);2 lanes;2;Straight - Level;Local Street;Dry;Two-Way, Not Divided;None;T-Intersection;Smooth Asphalt;Piedmont;Urban;30 - 35  MPH;No Control Present;Cloudy;No;35.95387, -79.9929
455;456;Yes;40-49;42;No;Facing Traffic;C: Possible Injury;Multi-use Path;White;Female;Duck;Dare;No;01/01/2002;12/07/2011;Motorist Failed to Yield - Midblock;10;Non-Intersection;01/07/2001;01/01/2001 09:59;Motorist Drive Out - Other Midblock;342328;2011;C: Possible Injury;Commercial;50-59;58;No;0-5 mph;O: No Injury;White;Male;Pickup;No;No;Daylight;Mixed (30% To 70% Developed);2 lanes;2;Straight - Level;NC Route;Dry;Two-Way, Not Divided;None;Driveway, Public;Smooth Asphalt;Coastal;Rural;30 - 35  MPH;Stop Sign;Clear;No;36.18315, -75.7572
456;457;No;15-nov;13;No;With Traffic;O: No Injury;Travel Lane;White;Male;Raleigh;Wake;No;01/01/2002;26/07/2011;Bicyclist Left Turn / Merge;14;Intersection-Related;01/07/2001;01/01/2001 14:00;Bicyclist Left Turn - Same Direction;211221;2011;O: No Injury;Commercial;50-59;54;No;11-15 mph;O: No Injury;Other;Female;Passenger Car;No;No;Daylight;Urban (>70% Developed);6 lanes;2;Straight - Level;NC Route;Dry;Two-Way, Divided, Positive Median Barrier;None;Related To Intersection;Coarse Asphalt;Piedmont;Urban;30 - 35  MPH;Stop And Go Signal;Clear;No;35.88297, -78.6792
464;465;No;30-39;38;No;Not Applicable;C: Possible Injury;Driveway / Alley;White;Male;None - Rural Crash;Hyde;No;01/01/2004;21/07/2011;Bicyclist Failed to Yield - Midblock;12;Non-Intersection;01/07/2001;01/01/2001 12:02;Bicyclist Ride Out - Residential Driveway;353311;2011;B: Evident Injury;Commercial;60-69;62;No;16-20 mph;B: Evident Injury;White;Male;Motorcycle;No;No;Daylight;Urban (>70% Developed);2 lanes;2;Straight - Level;Local Street;Dry;Two-Way, Not Divided;None;No Special Feature;Smooth Asphalt;Coastal;Rural;20 - 25  MPH;No Control Present;Clear;No;35.11021, -75.9774
468;469;No;40-49;47;No;Facing Traffic;B: Evident Injury;Sidewalk / Crosswalk / Driveway Crossing;White;Female;Lumberton;Robeson;No;01/01/2006;16/07/2011;Bicyclist Failed to Yield - Signalized Intersection;18;Intersection;01/07/2001;01/01/2001 18:50;Bicyclist Ride Through - Signalized Intersection;132155;2011;B: Evident Injury;Commercial;50-59;56;No;6-10 mph;O: No Injury;Black;Male;Passenger Car;No;No;Daylight;Urban (>70% Developed);9 or more lanes;2;Straight - Level;Local Street;Dry;Two-Way, Divided, Unprotected Median;None;Four-Way Intersection;Coarse Asphalt;Coastal;Urban;30 - 35  MPH;Stop And Go Signal;Clear;No;34.61539, -79.0686
477;478;Yes;30-39;32;No;With Traffic;O: No Injury;Travel Lane;White;Male;Raleigh;Wake;No;01/01/2006;30/07/2011;Parallel Paths - Other Circumstances;5;Non-Intersection;01/07/2001;01/01/2001 05:02;Parallel Paths - Other /;311280;2011;O: No Injury;Commercial;20-24;20;No;21-25 mph;O: No Injury;Other;Male;Light Truck (Mini-Van, Panel);No;Yes;Dark - Lighted Roadway;Urban (>70% Developed);2 lanes;2;Straight - Level;Local Street;Dry;Two-Way, Not Divided;None;No Special Feature;Smooth Asphalt;Piedmont;Urban;5 - 15 MPH;No Control Present;Clear;No;35.77827, -78.6392
483;484;No;15-nov;14;No;With Traffic;C: Possible Injury;Travel Lane;White;Male;Charlotte;Mecklenburg;No;01/01/2006;04/06/2011;Bicyclist Overtaking Motorist;16;Non-Intersection;01/06/2001;01/01/2001 16:08;Bicyclist Overtaking - Other /;311249;2011;C: Possible Injury;Residential;NA;NA;Missing;NA;Injury;/Missing;NA;Passenger Car;No;No;Daylight;Urban (>70% Developed);2 lanes;2;Straight - Level;Local Street;Dry;Two-Way, Not Divided;None;No Special Feature;Smooth Asphalt;Piedmont;Urban;20 - 25  MPH;No Control Present;Clear;No;35.3863, -80.7642
495;496;Yes;16-19;18;No;With Traffic;C: Possible Injury;Travel Lane;Other;Female;Raleigh;Wake;No;01/01/2003;03/08/2011;Motorist Failed to Yield - Sign-Controlled Intersection;21;Intersection;01/08/2001;01/01/2001 21:29;Motorist Drive Out - Sign-Controlled Intersection;111141;2011;C: Possible Injury;Residential;60-69;63;No;21-25 mph;O: No Injury;Other;Male;Sport Utility;No;No;Dark - Lighted Roadway;Urban (>70% Developed);2 lanes;2;Straight - Level;Local Street;Dry;Two-Way, Not Divided;None;No Special Feature;Smooth Asphalt;Piedmont;Urban;30 - 35  MPH;Stop Sign;Clear;No;35.887, -78.7338
804;805;Yes;50-59;59;No;With Traffic;B: Evident Injury;Travel Lane;Black;Male;None - Rural Crash;Wilson;No;01/01/2004;11/10/2012;Head-On;17;Intersection;01/10/2001;01/01/2001 17:50;Head-On -;NA;2012;B: Evident Injury;Residential;40-49;44;No;21-25 mph;O: No Injury;Black;Male;Passenger Car;No;No;Daylight;Mixed (30% To 70% Developed);2 lanes;2;Curve - Bottom;Local Street;Dry;Two-Way, Not Divided;None;No Special Feature;Coarse Asphalt;Coastal;Rural;30 - 35  MPH;No Control Present;Clear;No;35.71613, -77.9194
807;808;No;60-69;61;No;With Traffic;O: No Injury;Travel Lane;White;Male;Lumberton;Robeson;No;01/01/2004;04/10/2012;Motorist Overtaking Bicyclist;14;Intersection;01/10/2001;01/01/2001 14:03;Motorist Overtaking - Other /;NA;2012;O: No Injury;Commercial;70;70;No;31-35 mph;O: No Injury;Black;Female;Passenger Car;No;No;Daylight;Urban (>70% Developed);5 lanes;2;Straight - Level;Local Street;Dry;Two-Way, Not Divided;None;No Special Feature;Coarse Asphalt;Coastal;Urban;30 - 35  MPH;No Control Present;Clear;No;34.66386, -79.0003
812;813;Yes;30-39;37;No;With Traffic;B: Evident Injury;Travel Lane;White;Male;Winston-Salem;Forsyth;No;01/01/2003;10/10/2012;Motorist Overtaking Bicyclist;18;Non-Intersection;01/10/2001;01/01/2001 18:13;Motorist Overtaking - Other /;NA;2012;B: Evident Injury;Residential;NA;NA;Missing;31-35 mph;Injury;/Missing;NA;NA;No;Yes;Daylight;Urban (>70% Developed);2 lanes;2;Straight - Level;Local Street;Dry;Two-Way, Divided, Unprotected Median;None;No Special Feature;Coarse Asphalt;Piedmont;Urban;30 - 35  MPH;No Control Present;Clear;No;36.08565, -80.158
817;818;Yes;20-24;21;No;Facing Traffic;C: Possible Injury;Travel Lane;Black;Male;Wilmington;New Hanover;No;01/01/2007;07/10/2012;Motorist Failed to Yield - Sign-Controlled Intersection;11;Intersection;01/10/2001;01/01/2001 11:51;Motorist Drive Out - Sign-Controlled Intersection;NA;2012;C: Possible Injury;Commercial;30-39;31;No;0-5 mph;O: No Injury;White;Female;Passenger Car;No;No;Daylight;Urban (>70% Developed);2 lanes;2;Straight - Level;Public Vehicular Area;Dry;Two-Way, Not Divided;None;No Special Feature;Coarse Asphalt;Coastal;Urban;20 - 25  MPH;Stop Sign;Clear;No;34.21972, -77.8847