FID;OBJECTID;AmbulanceR;BikeAge_Gr;Bike_Age;Bike_Alc_D;Bike_Dir;Bike_Injur;Bike_Pos;Bike_Race;Bike_Sex;City;County;CrashAlcoh;CrashDay;Crash_Date;Crash_Grp;Crash_Hour;Crash_Loc;Crash_Mont;Crash_Time;Crash_Type;Crash_Ty_1;Crash_Year;Crsh_Sevri;Developmen;DrvrAge_Gr;Drvr_Age;Drvr_Alc_D;Drvr_EstSp;Drvr_Injur;Drvr_Race;Drvr_Sex;Drvr_VehTy;ExcsSpdInd;Hit_Run;Light_Cond;Locality;Num_Lanes;Num_Units;Rd_Charact;Rd_Class;Rd_Conditi;Rd_Config;Rd_Defects;Rd_Feature;Rd_Surface;Region;Rural_Urba;Speed_Limi;Traff_Cntr;Weather;Workzone_I;Location
827;828;Yes;50-59;59;No;Facing Traffic;A: Disabling Injury;Travel Lane;Black;Male;None - Rural Crash;Cumberland;No;01/01/2005;26/10/2012;Head-On;16;Non-Intersection;01/10/2001;01/01/2001 16:03;Head-On - Bicyclist;NA;2012;A: Disabling Injury;Farms, Woods, Pastures;60-69;63;No;36-40 mph;O: No Injury;Black;Male;Passenger Car;No;No;Daylight;Rural (<30% Developed);4 lanes;2;Straight - Level;State Secondary Route;Dry;Two-Way, Divided, Unprotected Median;None;No Special Feature;Coarse Asphalt;Coastal;Rural;40 - 45  MPH;No Control Present;Clear;No;35.00073, -78.9001
833;834;Yes;25-29;27;No;Facing Traffic;Injury;Sidewalk / Crosswalk / Driveway Crossing;White;Female;Raleigh;Wake;No;NA;22/10/2012;Crossing Paths - Other Circumstances;17;Intersection-Related;01/10/2001;01/01/2001 17:14;Signalized Intersection - Other /;NA;2012;O: No Injury;Commercial;50-59;53;No;6-10 mph;O: No Injury;Black;Male;Passenger Car;No;No;Daylight;Urban (>70% Developed);3 lanes;2;Straight - Level;Local Street;Dry;Two-Way, Not Divided;None;No Special Feature;Smooth Asphalt;Piedmont;Urban;30 - 35  MPH;Stop And Go Signal;Clear;No;35.78049, -78.645
834;835;Yes;15-nov;13;No;Not Applicable;B: Evident Injury;Driveway / Alley;Black;Male;Oxford;Granville;No;01/01/2006;01/09/2012;Bicyclist Failed to Yield - Midblock;15;Non-Intersection;01/09/2001;01/01/2001 15:35;Bicyclist Ride Out - Commercial Driveway / Alley;NA;2012;B: Evident Injury;Residential;20-24;22;No;16-20 mph;O: No Injury;Black;Female;Passenger Car;No;No;Daylight;Mixed (30% To 70% Developed);NA;2;Straight - Level;Local Street;Dry;Two-Way, Not Divided;None;No Special Feature;Coarse Asphalt;Piedmont;Urban;20 - 25  MPH;No Control Present;Clear;No;36.32715, -78.5991
837;838;No;25-29;26;No;With Traffic;O: No Injury;Travel Lane;White;Male;Greensboro;Guilford;No;01/01/2004;25/10/2012;Loss of Control / Turning Error;12;Intersection;01/10/2001;01/01/2001 12:19;Bicyclist Turning Error - Right Turn;NA;2012;O: No Injury;Institutional;20-24;21;No;0-5 mph;O: No Injury;White;Female;Passenger Car;No;No;Daylight;Urban (>70% Developed);2 lanes;2;Straight - Level;Local Street;Dry;Two-Way, Not Divided;None;Four-Way Intersection;Smooth Asphalt;Piedmont;Urban;20 - 25  MPH;Stop And Go Signal;Clear;No;36.0664, -79.8055
841;842;No;50-59;57;Yes;Facing Traffic;O: No Injury;Travel Lane;Black;Male;None - Rural Crash;Washington;Yes;01/01/2004;01/11/2012;Bicyclist Right Turn / Merge;19;Non-Intersection;01/11/2001;01/01/2001 18:59;Bicyclist Right Turn - Same Direction;NA;2012;O: No Injury;Residential;40-49;47;No;41-45 mph;O: No Injury;White;Male;Passenger Car;No;No;Dark - Roadway Not Lighted;Mixed (30% To 70% Developed);2 lanes;2;Straight - Grade;State Secondary Route;Dry;Two-Way, Not Divided;None;No Special Feature;Smooth Asphalt;Coastal;Rural;50 - 55  MPH;Double Yellow Line, No Passing Zone;Clear;No;35.88796, -76.6692
843;844;Yes;30-39;39;No;With Traffic;O: No Injury;Travel Lane;White;Male;Charlotte;Mecklenburg;No;01/01/2007;04/11/2012;Motorist Failed to Yield - Sign-Controlled Intersection;0;Intersection;01/11/2001;01/01/2001 00:50;Motorist Drive Out - Sign-Controlled Intersection;NA;2012;O: No Injury;Commercial;20-24;23;No;0-5 mph;O: No Injury;White;Female;Passenger Car;No;No;Dark -  Lighting;Urban (>70% Developed);2 lanes;2;Straight - Level;Local Street;Dry;Two-Way, Not Divided;None;No Special Feature;Smooth Asphalt;Piedmont;Urban;20 - 25  MPH;Stop Sign;Clear;No;35.21512, -80.8155
849;850;No;40-49;43;No;With Traffic;Injury;Travel Lane;/Missing;NA;Wrightsville Beach;New Hanover;No;01/01/2003;17/10/2012;Motorist Left Turn / Merge;17;Intersection;01/10/2001;01/01/2001 17:33;Motorist Left Turn - Opposite Direction;NA;2012;O: No Injury;Residential;50-59;59;No;11-15 mph;O: No Injury;White;Female;Passenger Car;No;No;Dusk;Urban (>70% Developed);5 lanes;2;Straight - Level;Local Street;Dry;Two-Way, Not Divided;None;No Special Feature;Smooth Asphalt;Coastal;Rural;30 - 35  MPH;No Control Present;Clear;No;34.21412, -77.8061
861;862;Yes;20-24;23;No;With Traffic;C: Possible Injury;Travel Lane;Black;Male;None - Rural Crash;Pitt;No;01/01/2004;08/11/2012;Motorist Overtaking Bicyclist;19;Non-Intersection;01/11/2001;01/01/2001 19:45;Motorist Overtaking - Undetected Bicyclist;NA;2012;C: Possible Injury;Farms, Woods, Pastures;40-49;43;No;41-45 mph;O: No Injury;White;Male;Passenger Car;No;No;Dark - Roadway Not Lighted;Rural (<30% Developed);2 lanes;2;Straight - Level;State Secondary Route;Dry;Two-Way, Not Divided;None;No Special Feature;Coarse Asphalt;Coastal;Rural;50 - 55  MPH;No Control Present;Clear;No;35.61399, -77.3142
867;868;Yes;15-nov;13;No;Facing Traffic;O: No Injury;Travel Lane;White;Male;Greensboro;Guilford;No;NA;12/11/2012;Motorist Failed to Yield - Midblock;16;Non-Intersection;01/11/2001;01/01/2001 16:41;Motorist Drive Out - Other Midblock;NA;2012;O: No Injury;Residential;40-49;48;No;0-5 mph;O: No Injury;White;Male;Sport Utility;No;No;Daylight;Urban (>70% Developed);2 lanes;2;Straight - Level;Local Street;Wet;Two-Way, Divided, Positive Median Barrier;Other;Other;Smooth Asphalt;Piedmont;Urban;20 - 25  MPH;No Control Present;Cloudy;No;36.14238, -79.9254
884;885;No;30-39;36;No;With Traffic;C: Possible Injury;Bike Lane / Paved Shoulder;White;Male;None - Rural Crash;Onslow;No;01/01/2005;16/11/2012;Loss of Control / Turning Error;17;Intersection-Related;01/11/2001;01/01/2001 17:29;Motorist Lost Control - Other /;NA;2012;C: Possible Injury;Farms, Woods, Pastures;30-39;33;No;41-45 mph;O: No Injury;White;Male;Sport Utility;No;No;Dark - Roadway Not Lighted;Rural (<30% Developed);4 lanes;2;Straight - Level;NC Route;Dry;Two-Way, Divided, Unprotected Median;None;No Special Feature;Smooth Asphalt;Coastal;Rural;50 - 55  MPH;No Control Present;Clear;No;34.71089, -77.2978
889;890;Yes;20-24;21;No;Not Applicable;A: Disabling Injury;Driveway / Alley;Black;Male;Wilson;Wilson;No;NA;15/10/2012;Bicyclist Failed to Yield - Midblock;14;Non-Intersection;01/10/2001;01/01/2001 14:46;Bicyclist Ride Out - Residential Driveway;NA;2012;A: Disabling Injury;Residential;30-39;36;No;31-35 mph;O: No Injury;Black;Male;Passenger Car;No;No;Daylight;Urban (>70% Developed);2 lanes;2;Straight - Level;Local Street;Dry;Two-Way, Not Divided;None;No Special Feature;Coarse Asphalt;Coastal;Urban;30 - 35  MPH;No Control Present;Cloudy;No;35.74443, -77.9127
897;898;Yes;30-39;33;No;Facing Traffic;B: Evident Injury;Sidewalk / Crosswalk / Driveway Crossing;White;Male;Cary;Wake;No;NA;05/11/2012;Motorist Failed to Yield - Sign-Controlled Intersection;9;Intersection-Related;01/11/2001;01/01/2001 09:29;Motorist Drive Out - Sign-Controlled Intersection;NA;2012;B: Evident Injury;Commercial;40-49;40;No;0-5 mph;O: No Injury;Black;Male;Passenger Car;No;No;Daylight;Urban (>70% Developed);5 lanes;2;Curve - Hillcrest;Local Street;Dry;Two-Way, Divided, Unprotected Median;None;No Special Feature;Smooth Asphalt;Piedmont;Urban;NA;Stop Sign;Clear;No;35.7612, -78.744
904;905;Yes;16-19;18;No;With Traffic;C: Possible Injury;Travel Lane;White;Male;None - Rural Crash;Cleveland;No;01/01/2007;25/11/2012;Motorist Overtaking Bicyclist;18;Intersection-Related;01/11/2001;01/01/2001 18:05;Motorist Overtaking - Undetected Bicyclist;NA;2012;C: Possible Injury;Residential;50-59;50;No;41-45 mph;O: No Injury;White;Female;Passenger Car;No;No;Dark - Roadway Not Lighted;Rural (<30% Developed);2 lanes;2;Straight - Level;State Secondary Route;Dry;Two-Way, Not Divided;None;No Special Feature;Smooth Asphalt;Mountains;Rural;40 - 45  MPH;Double Yellow Line, No Passing Zone;Clear;No;35.1817, -81.5533
905;906;Yes;16-19;18;No;With Traffic;B: Evident Injury;Travel Lane;Black;Male;Greenville;Pitt;No;01/01/2007;25/11/2012;Bicyclist Failed to Yield - Sign-Controlled Intersection;14;Intersection;01/11/2001;01/01/2001 14:52;Bicyclist Ride Through - Sign-Controlled Intersection;NA;2012;B: Evident Injury;Residential;50-59;57;No;11-15 mph;O: No Injury;Black;Female;Passenger Car;No;No;Daylight;Mixed (30% To 70% Developed);2 lanes;2;Straight - Level;Local Street;Dry;Two-Way, Not Divided;None;Four-Way Intersection;Coarse Asphalt;Coastal;Urban;30 - 35  MPH;Stop Sign;Clear;No;35.6131, -77.3827
910;911;Yes;50-59;52;No;With Traffic;C: Possible Injury;Travel Lane;Black;Male;Lumberton;Robeson;No;01/01/2002;06/11/2012;Motorist Overtaking Bicyclist;12;Non-Intersection;01/11/2001;01/01/2001 12:29;Motorist Overtaking - Bicyclist Swerved;NA;2012;C: Possible Injury;Farms, Woods, Pastures;70;70;No;41-45 mph;O: No Injury;Native American;Female;Passenger Car;No;No;Daylight;Rural (<30% Developed);2 lanes;2;Straight - Level;Local Street;Dry;Two-Way, Not Divided;None;No Special Feature;Coarse Asphalt;Coastal;Urban;50 - 55  MPH;Double Yellow Line, No Passing Zone;Clear;No;34.59319, -79.1196
912;913;Yes;20-24;21;No;With Traffic;B: Evident Injury;Travel Lane;Black;Male;Fayetteville;Cumberland;No;01/01/2003;14/11/2012;Motorist Failed to Yield - Signalized Intersection;19;Intersection;01/11/2001;01/01/2001 19:57;Motorist Drive Out - Right Turn on Red;NA;2012;B: Evident Injury;Commercial;25-29;28;No;6-10 mph;O: No Injury;White;Female;Passenger Car;No;No;Dark - Lighted Roadway;Urban (>70% Developed);4 lanes;2;Straight - Hillcrest;Local Street;Dry;Two-Way, Not Divided;None;Four-Way Intersection;Smooth Asphalt;Coastal;Urban;30 - 35  MPH;Stop And Go Signal;Clear;No;35.05593, -78.8931
915;916;No;NA;0;Missing;Facing Traffic;Injury;Travel Lane;/Missing;NA;Lumberton;Robeson;No;01/01/2006;20/10/2012;Bicyclist Failed to Yield - Sign-Controlled Intersection;17;Intersection;01/10/2001;01/01/2001 17:17;Bicyclist Ride Through - Sign-Controlled Intersection;NA;2012;O: No Injury;Commercial;60-69;62;No;11-15 mph;O: No Injury;White;Female;Sport Utility;No;No;Daylight;Urban (>70% Developed);4 lanes;2;Straight - Level;Local Street;Dry;Two-Way, Not Divided;None;No Special Feature;Concrete;Coastal;Urban;20 - 25  MPH;No Control Present;Clear;No;34.62022, -79.0086
916;917;Yes;50-59;55;No;With Traffic;B: Evident Injury;Travel Lane;White;Male;Raleigh;Wake;No;01/01/2006;24/11/2012;Motorist Overtaking Bicyclist;16;Non-Intersection;01/11/2001;01/01/2001 16:01;Motorist Overtaking - Other /;NA;2012;B: Evident Injury;Residential;NA;NA;Missing;31-35 mph;Injury;/Missing;NA;NA;No;Yes;Daylight;Urban (>70% Developed);2 lanes;2;Straight - Level;Local Street;Dry;Two-Way, Not Divided;None;No Special Feature;Smooth Asphalt;Piedmont;Urban;30 - 35  MPH;No Control Present;Clear;No;35.83241, -78.6911
927;928;Yes;30-39;39;No;Facing Traffic;C: Possible Injury;Travel Lane;White;Male;Raleigh;Wake;No;01/01/2005;16/11/2012;Motorist Failed to Yield - Sign-Controlled Intersection;13;Intersection;01/11/2001;01/01/2001 13:44;Motorist Drive Out - Sign-Controlled Intersection;NA;2012;C: Possible Injury;Commercial;30-39;34;No;0-5 mph;O: No Injury;Black;Male;Sport Utility;No;No;Daylight;Urban (>70% Developed);2 lanes;2;Straight - Level;NA;Dry;Two-Way, Divided, Unprotected Median;None;T-Intersection;Smooth Asphalt;Piedmont;Urban;40 - 45  MPH;Stop Sign;Clear;No;35.89636, -78.5675
930;931;Yes;20-24;23;No;Not Applicable;B: Evident Injury;Sidewalk / Crosswalk / Driveway Crossing;White;Female;Greensboro;Guilford;No;01/01/2006;01/12/2012;Motorist Failed to Yield - Midblock;13;Non-Intersection;01/12/2001;01/01/2001 13:01;Motorist Drive Out - Commercial Driveway / Alley;NA;2012;B: Evident Injury;Commercial;40-49;48;No;0-5 mph;O: No Injury;White;Female;Passenger Car;No;No;Daylight;Urban (>70% Developed);NA;2;Straight - Bottom;Local Street;Dry;Two-Way, Divided, Unprotected Median;None;Related To Intersection;Smooth Asphalt;Piedmont;Urban;5 - 15 MPH;Stop Sign;Clear;No;36.13034, -79.8572
933;934;No;16-19;19;No;With Traffic;C: Possible Injury;Travel Lane;White;Male;Greensboro;Guilford;No;01/01/2004;15/11/2012;Motorist Overtaking Bicyclist;11;Non-Intersection;01/11/2001;01/01/2001 11:01;Motorist Overtaking - Bicyclist Swerved;NA;2012;C: Possible Injury;Institutional;20-24;24;No;21-25 mph;O: No Injury;Other;Female;Passenger Car;No;No;Daylight;Urban (>70% Developed);3 lanes;2;Straight - Level;Local Street;Dry;Two-Way, Divided, Unprotected Median;None;No Special Feature;Smooth Asphalt;Piedmont;Urban;20 - 25  MPH;No Control Present;Cloudy;No;36.06639, -79.8063
937;938;No;15-nov;12;No;With Traffic;A: Disabling Injury;Travel Lane;White;Male;Waynesville;Haywood;No;01/01/2002;09/10/2012;Bicyclist Failed to Yield - Sign-Controlled Intersection;18;Intersection;01/10/2001;01/01/2001 18:25;Bicyclist Ride Through - Sign-Controlled Intersection;NA;2012;A: Disabling Injury;Residential;50-59;59;No;16-20 mph;O: No Injury;White;Female;Passenger Car;No;No;Daylight;Urban (>70% Developed);NA;2;Straight - Grade;Local Street;Dry;Two-Way, Not Divided;None;T-Intersection;Smooth Asphalt;Mountains;Urban;20 - 25  MPH;Stop Sign;Clear;No;35.47385, -82.9859
943;944;Yes;25-29;26;No;Facing Traffic;C: Possible Injury;Travel Lane;Black;Male;Mount Airy;Surry;No;01/01/2005;23/11/2012;Crossing Paths - Other Circumstances;16;Intersection;01/11/2001;01/01/2001 16:54;Signalized Intersection - Other /;NA;2012;C: Possible Injury;Commercial;20-24;20;No;6-10 mph;O: No Injury;White;Female;Passenger Car;No;No;Dusk;Urban (>70% Developed);4 lanes;2;Straight - Grade;US Route;Dry;Two-Way, Not Divided;None;Four-Way Intersection;Smooth Asphalt;Mountains;Urban;30 - 35  MPH;Stop And Go Signal;Clear;No;36.50362, -80.6072
944;945;Yes;70;0;No;With Traffic;K: Killed;Travel Lane;Native American;Male;None - Rural Crash;Robeson;No;01/01/2004;29/11/2012;Motorist Overtaking Bicyclist;17;Non-Intersection;01/11/2001;01/01/2001 17:50;Motorist Overtaking - Bicyclist Swerved;NA;2012;K: Killed;Residential;70;70;No;51-55 mph;O: No Injury;White;Male;Pickup;No;No;Dark - Roadway Not Lighted;Mixed (30% To 70% Developed);2 lanes;2;Straight - Level;State Secondary Route;Dry;Two-Way, Not Divided;None;No Special Feature;Coarse Asphalt;Coastal;Rural;50 - 55  MPH;No Control Present;Clear;No;34.80078, -79.3386
960;961;Yes;15-nov;12;No;Facing Traffic;K: Killed;Travel Lane;Black;Female;Durham;Durham;No;NA;10/12/2012;Loss of Control / Turning Error;15;Intersection;01/12/2001;01/01/2001 15:08;Bicyclist Turning Error - Left Turn;NA;2012;K: Killed;Residential;50-59;59;No;41-45 mph;O: No Injury;White;Male;Pickup;No;No;Daylight;Urban (>70% Developed);3 lanes;2;Straight - Hillcrest;NC Route;Dry;Two-Way, Not Divided;None;Four-Way Intersection;Smooth Asphalt;Piedmont;Urban;40 - 45  MPH;Stop Sign;Cloudy;No;35.91434, -78.961
961;962;Yes;50-59;53;No;With Traffic;A: Disabling Injury;Travel Lane;White;Male;None - Rural Crash;Orange;No;01/01/2003;12/12/2012;Motorist Overtaking Bicyclist;17;Non-Intersection;01/12/2001;01/01/2001 17:39;Motorist Overtaking - Other /;NA;2012;A: Disabling Injury;Farms, Woods, Pastures;60-69;67;No;51-55 mph;O: No Injury;White;Male;Pickup;No;No;Dark - Roadway Not Lighted;Rural (<30% Developed);2 lanes;2;Straight - Level;NC Route;Wet;Two-Way, Not Divided;None;No Special Feature;Smooth Asphalt;Piedmont;Rural;50 - 55  MPH;Double Yellow Line, No Passing Zone;Cloudy;No;36.19623, -79.0098
966;967;Yes;25-29;27;No;With Traffic;C: Possible Injury;Travel Lane;White;Male;Marvin;Union;No;01/01/2006;15/12/2012;Bicyclist Left Turn / Merge;14;Intersection;01/12/2001;01/01/2001 14:55;Bicyclist Left Turn - Same Direction;NA;2012;C: Possible Injury;Farms, Woods, Pastures;0-19;17;No;31-35 mph;O: No Injury;White;Male;Sport Utility;No;No;Daylight;Mixed (30% To 70% Developed);2 lanes;3;Straight - Bottom;State Secondary Route;Dry;Two-Way, Not Divided;None;T-Intersection;Smooth Asphalt;Piedmont;Rural;30 - 35  MPH;Double Yellow Line, No Passing Zone;Clear;No;35.00899, -80.8213
978;979;No;70;0;No;With Traffic;C: Possible Injury;Travel Lane;White;Male;Asheville;Buncombe;No;01/01/2004;29/11/2012;Motorist Left Turn / Merge;12;Intersection;01/11/2001;01/01/2001 12:53;Motorist Left Turn - Opposite Direction;NA;2012;C: Possible Injury;Commercial;40-49;46;No;16-20 mph;O: No Injury;Hispanic;Female;Passenger Car;No;No;Daylight;Urban (>70% Developed);4 lanes;2;Straight - Grade;Local Street;Dry;Two-Way, Not Divided;None;T-Intersection;Coarse Asphalt;Mountains;Urban;30 - 35  MPH;Stop And Go Signal;Clear;No;35.58652, -82.5518
979;980;Yes;30-39;30;No;With Traffic;C: Possible Injury;Travel Lane;White;Male;None - Rural Crash;Wake;No;01/01/2003;19/12/2012;Motorist Overtaking Bicyclist;18;Non-Intersection;01/12/2001;01/01/2001 18:06;Motorist Overtaking - Other /;NA;2012;C: Possible Injury;Farms, Woods, Pastures;30-39;39;No;41-45 mph;O: No Injury;White;Male;Pickup;No;No;Dark - Roadway Not Lighted;Rural (<30% Developed);2 lanes;2;Straight - Level;NC Route;Dry;Two-Way, Not Divided;None;No Special Feature;Coarse Asphalt;Piedmont;Rural;50 - 55  MPH;No Control Present;Clear;No;35.59366, -78.7176
983;984;No;40-49;49;No;With Traffic;C: Possible Injury;Travel Lane;Black;Male;Charlotte;Mecklenburg;No;01/01/2007;16/12/2012;Bicyclist Overtaking Motorist;17;Non-Intersection;01/12/2001;01/01/2001 17:26;Bicyclist Overtaking - Other /;NA;2012;C: Possible Injury;Residential;50-59;57;No;NA;O: No Injury;Black;Male;Passenger Car;No;No;Dark - Lighted Roadway;Urban (>70% Developed);2 lanes;2;Straight - Level;Local Street;Wet;Two-Way, Not Divided;None;No Special Feature;Smooth Asphalt;Piedmont;Urban;20 - 25  MPH;No Control Present;Rain;No;35.19979, -80.8049
997;998;Yes;30-39;36;No;Facing Traffic;C: Possible Injury;Sidewalk / Crosswalk / Driveway Crossing;White;Male;Winston-Salem;Forsyth;No;NA;10/12/2012;Motorist Failed to Yield - Sign-Controlled Intersection;23;Intersection;01/12/2001;01/01/2001 23:04;Motorist Drive Out - Sign-Controlled Intersection;NA;2012;C: Possible Injury;Residential;NA;NA;No;0-5 mph;Injury;/Missing;NA;NA;No;Yes;Dark - Lighted Roadway;Urban (>70% Developed);4 lanes;2;Straight - Level;Local Street;Dry;Two-Way, Not Divided;None;T-Intersection;Smooth Asphalt;Piedmont;Urban;30 - 35  MPH;Stop Sign;Cloudy;No;36.10043, -80.224
1001;1002;Yes;25-29;26;Missing;With Traffic;C: Possible Injury;Bike Lane / Paved Shoulder;White;Male;Charlotte;Mecklenburg;No;01/01/2002;18/12/2012;Motorist Left Turn / Merge;13;Intersection;01/12/2001;01/01/2001 13:49;Motorist Left Turn - Opposite Direction;NA;2012;C: Possible Injury;Commercial;25-29;29;No;NA;O: No Injury;White;Female;Passenger Car;No;No;Daylight;Urban (>70% Developed);3 lanes;2;Straight - Level;Local Street;Dry;Two-Way, Not Divided;None;Four-Way Intersection;Coarse Asphalt;Piedmont;Urban;30 - 35  MPH;No Control Present;Clear;No;35.21083, -80.8566
1006;1007;Yes;20-24;21;No;Facing Traffic;C: Possible Injury;Sidewalk / Crosswalk / Driveway Crossing;Black;Male;Madison;Rockingham;No;01/01/2006;15/12/2012;Motorist Failed to Yield - Signalized Intersection;13;Intersection;01/12/2001;01/01/2001 13:09;Motorist Drive Out - Signalized Intersection;NA;2012;C: Possible Injury;Commercial;25-29;25;No;26-30 mph;O: No Injury;Black;Male;Pickup;No;No;Daylight;Urban (>70% Developed);2 lanes;2;Straight - Grade;Local Street;Dry;Two-Way, Divided, Unprotected Median;None;Four-Way Intersection;Smooth Asphalt;Piedmont;Rural;20 - 25  MPH;Stop And Go Signal;Clear;No;36.38874, -79.9617
1008;1009;No;15-nov;14;No;Not Applicable;O: No Injury;Non-Roadway;Black;Male;Rocky Mount;Nash;No;01/01/2004;27/12/2012;Bicyclist Failed to Yield - Midblock;12;Non-Intersection;01/12/2001;01/01/2001 12:26;Bicyclist Ride Out - Commercial Driveway / Alley;NA;2012;O: No Injury;Commercial;60-69;62;No;16-20 mph;O: No Injury;Black;Female;Passenger Car;No;No;Daylight;Urban (>70% Developed);4 lanes;2;Straight - Level;Local Street;Dry;Two-Way, Not Divided;None;No Special Feature;Smooth Asphalt;Coastal;Urban;30 - 35  MPH;No Control Present;Clear;No;35.95585, -77.8214
1017;1018;Yes;30-39;30;Missing;With Traffic;B: Evident Injury;Travel Lane;White;Male;Charlotte;Mecklenburg;No;01/01/2007;20/05/2012;Motorist Left Turn / Merge;17;Intersection-Related;01/05/2001;01/01/2001 17:18;Motorist Left Turn - Opposite Direction;NA;2012;B: Evident Injury;Commercial;50-59;56;No;16-20 mph;O: No Injury;Black;Female;Light Truck (Mini-Van, Panel);No;No;Daylight;Urban (>70% Developed);4 lanes;2;Straight - Level;Local Street;Dry;Two-Way, Divided, Unprotected Median;None;Four-Way Intersection;Smooth Asphalt;Piedmont;Urban;40 - 45  MPH;Stop And Go Signal;Clear;No;35.2059, -80.9223
706;707;Yes;50-59;58;No;Not Applicable;C: Possible Injury;Non-Roadway;Black;Male;Fayetteville;Cumberland;No;01/01/2003;05/10/2011;Crossing Paths - Other Circumstances;14;Intersection-Related;01/10/2001;01/01/2001 14:05;Crossing Paths - Uncontrolled Intersection;263160;2011;C: Possible Injury;Commercial;30-39;35;No;0-5 mph;O: No Injury;Black;Male;Passenger Car;No;No;Daylight;Mixed (30% To 70% Developed);2 lanes;2;Straight - Level;Local Street;Dry;Two-Way, Divided, Unprotected Median;None;No Special Feature;Smooth Asphalt;Coastal;Urban;20 - 25  MPH;No Control Present;Clear;No;35.02039, -78.8981
715;716;Yes;40-49;48;Yes;With Traffic;B: Evident Injury;Travel Lane;Black;Male;Charlotte;Mecklenburg;Yes;01/01/2006;08/10/2011;Bicyclist Right Turn / Merge;23;Intersection-Related;01/10/2001;01/01/2001 23:44;Bicyclist Right Turn - Same Direction;211223;2011;B: Evident Injury;Residential;20-24;21;No;21-25 mph;O: No Injury;Black;Male;Pickup;No;No;Dark - Lighted Roadway;Urban (>70% Developed);2 lanes;2;Straight - Level;Local Street;Dry;Two-Way, Not Divided;None;No Special Feature;Smooth Asphalt;Piedmont;Urban;30 - 35  MPH;No Control Present;Clear;No;35.3237, -80.7123
719;720;Yes;16-19;19;No;With Traffic;C: Possible Injury;Travel Lane;White;Male;Greensboro;Guilford;No;NA;03/10/2011;Motorist Right Turn / Merge;13;Intersection;01/10/2001;01/01/2001 13:48;Motorist Right Turn - Same Direction;111213;2011;C: Possible Injury;Commercial;70+;NA;No;0-5 mph;O: No Injury;White;Male;Passenger Car;No;No;Daylight;Urban (>70% Developed);5 lanes;2;Straight - Level;Local Street;Dry;Two-Way, Not Divided;None;Shared-Use Paths Or Trails;Smooth Asphalt;Piedmont;Urban;30 - 35  MPH;Stop And Go Signal;Clear;No;36.06376, -79.8239
721;722;Yes;30-39;38;No;With Traffic;O: No Injury;Travel Lane;White;Female;Raleigh;Wake;No;01/01/2006;01/10/2011;Motorist Overtaking Bicyclist;5;Non-Intersection;01/10/2001;01/01/2001 05:57;Motorist Overtaking - Other /;311239;2011;O: No Injury;Commercial;NA;NA;Missing;16-20 mph;Injury;/Missing;NA;Passenger Car;No;Yes;Dark - Lighted Roadway;Urban (>70% Developed);2 lanes;2;Straight - Level;Local Street;Dry;Two-Way, Not Divided;None;Bridge;Concrete;Piedmont;Urban;30 - 35  MPH;No Control Present;Cloudy;No;35.79346, -78.6843
722;723;Yes;30-39;38;No;With Traffic;B: Evident Injury;Travel Lane;White;Male;Chapel Hill;Orange;No;01/01/2004;13/10/2011;Loss of Control / Turning Error;17;Intersection;01/10/2001;01/01/2001 17:38;Bicyclist Lost Control - Other /;111129;2011;B: Evident Injury;Commercial;70+;NA;No;0-5 mph;O: No Injury;White;Male;Passenger Car;No;No;Daylight;Urban (>70% Developed);5 lanes;2;Curve - Hillcrest;Local Street;Dry;Two-Way, Divided, Unprotected Median;None;Other;Smooth Asphalt;Piedmont;Urban;20 - 25  MPH;Stop Sign;Clear;No;35.91525, -79.0568
729;730;Yes;60-69;62;No;With Traffic;B: Evident Injury;Travel Lane;White;Male;None - Rural Crash;Henderson;No;01/01/2002;18/10/2011;Motorist Overtaking Bicyclist;18;Non-Intersection;01/10/2001;01/01/2001 18:10;Motorist Overtaking - Other /;311239;2011;B: Evident Injury;Farms, Woods, Pastures;40-49;41;No;36-40 mph;O: No Injury;White;Male;Passenger Car;No;No;Daylight;Rural (<30% Developed);2 lanes;2;Curve - Level;State Secondary Route;Wet;Two-Way, Not Divided;None;No Special Feature;Smooth Asphalt;Mountains;Rural;40 - 45  MPH;Double Yellow Line, No Passing Zone;Cloudy;No;35.30406, -82.5828
732;733;Yes;50-59;54;No;With Traffic;C: Possible Injury;Travel Lane;White;Female;Jacksonville;Onslow;No;01/01/2007;02/10/2011;Motorist Overtaking Bicyclist;17;Non-Intersection;01/10/2001;01/01/2001 17:39;Motorist Overtaking - Misjudged Space;311232;2011;C: Possible Injury;Residential;70+;NA;No;21-25 mph;O: No Injury;White;Female;Passenger Car;No;No;Daylight;Urban (>70% Developed);3 lanes;2;Straight - Level;Local Street;Dry;Two-Way, Not Divided;None;No Special Feature;Smooth Asphalt;Coastal;Urban;40 - 45  MPH;No Control Present;Clear;No;34.76839, -77.3788