FID;OBJECTID;AmbulanceR;BikeAge_Gr;Bike_Age;Bike_Alc_D;Bike_Dir;Bike_Injur;Bike_Pos;Bike_Race;Bike_Sex;City;County;CrashAlcoh;CrashDay;Crash_Date;Crash_Grp;Crash_Hour;Crash_Loc;Crash_Mont;Crash_Time;Crash_Type;Crash_Ty_1;Crash_Year;Crsh_Sevri;Developmen;DrvrAge_Gr;Drvr_Age;Drvr_Alc_D;Drvr_EstSp;Drvr_Injur;Drvr_Race;Drvr_Sex;Drvr_VehTy;ExcsSpdInd;Hit_Run;Light_Cond;Locality;Num_Lanes;Num_Units;Rd_Charact;Rd_Class;Rd_Conditi;Rd_Config;Rd_Defects;Rd_Feature;Rd_Surface;Region;Rural_Urba;Speed_Limi;Traff_Cntr;Weather;Workzone_I;Location
734;735;Yes;60-69;64;No;With Traffic;B: Evident Injury;Travel Lane;White;Male;Raleigh;Wake;No;01/01/2005;21/10/2011;Motorist Failed to Yield - Midblock;20;Non-Intersection;01/10/2001;01/01/2001 20:35;Motorist Drive Out - Other Midblock;311328;2011;B: Evident Injury;Residential;30-39;31;No;31-35 mph;O: No Injury;Black;Male;Passenger Car;No;No;Daylight;Urban (>70% Developed);2 lanes;2;Straight - Level;Local Street;Dry;Two-Way, Divided, Unprotected Median;None;T-Intersection;Smooth Asphalt;Piedmont;Urban;30 - 35  MPH;No Control Present;Clear;No;35.78947, -78.664
742;743;Yes;30-39;35;No;Not Applicable;C: Possible Injury;Driveway / Alley;White;Male;Wrightsville Beach;New Hanover;No;01/01/2005;14/10/2011;Bicyclist Failed to Yield - Midblock;12;Non-Intersection;01/10/2001;01/01/2001 12:37;Bicyclist Ride Out - Residential Driveway;353311;2011;C: Possible Injury;Residential;25-29;27;No;0-5 mph;O: No Injury;White;Male;Pickup;No;No;Daylight;Mixed (30% To 70% Developed);2 lanes;2;Straight - Level;Local Street;Dry;Two-Way, Not Divided;None;No Special Feature;Smooth Asphalt;Coastal;Rural;20 - 25  MPH;No Control Present;Clear;No;34.23401, -77.777
744;745;Yes;50-59;51;No;With Traffic;C: Possible Injury;Travel Lane;White;Male;Greensboro;Guilford;No;01/01/2006;15/10/2011;Bicyclist Left Turn / Merge;15;Non-Intersection;01/10/2001;01/01/2001 15:47;Bicyclist Left Turn - Same Direction;311221;2011;C: Possible Injury;Residential;60-69;65;No;31-35 mph;O: No Injury;White;Female;Passenger Car;No;No;Daylight;Urban (>70% Developed);2 lanes;2;Straight - Grade;Local Street;Dry;Two-Way, Not Divided;None;Related To Intersection;Smooth Asphalt;Piedmont;Urban;30 - 35  MPH;No Control Present;Clear;No;36.15224, -79.8127
748;749;No;20-24;21;No;With Traffic;B: Evident Injury;Travel Lane;White;Male;Wilmington;New Hanover;No;01/01/2004;13/10/2011;Motorist Failed to Yield - Midblock;19;Non-Intersection;01/10/2001;01/01/2001 19:18;Motorist Drive Out - Commercial Driveway / Alley;311322;2011;B: Evident Injury;Commercial;NA;NA;Missing;16-20 mph;Injury;/Missing;NA;NA;No;Yes;Daylight;Urban (>70% Developed);2 lanes;2;Straight - Level;Local Street;Dry;Two-Way, Divided, Unprotected Median;None;No Special Feature;Smooth Asphalt;Coastal;Urban;30 - 35  MPH;No Control Present;Clear;No;34.23233, -77.8826
750;751;Yes;50-59;57;No;With Traffic;C: Possible Injury;Travel Lane;White;Male;Greensboro;Guilford;No;NA;10/10/2011;Bicyclist Right Turn / Merge;12;Intersection;01/10/2001;01/01/2001 12:16;Bicyclist Right Turn - Same Direction;111223;2011;C: Possible Injury;Commercial;50-59;52;No;0-5 mph;O: No Injury;White;Male;Passenger Car;No;No;Daylight;Urban (>70% Developed);6 lanes;2;Straight - Level;Local Street;Dry;Two-Way, Divided, Unprotected Median;None;Four-Way Intersection;Smooth Asphalt;Piedmont;Urban;40 - 45  MPH;Stop And Go Signal;Cloudy;No;36.08844, -79.8258
751;752;Yes;20-24;24;No;With Traffic;C: Possible Injury;Travel Lane;Black;Male;None - Rural Crash;Onslow;No;01/01/2005;28/10/2011;Motorist Overtaking Bicyclist;8;Non-Intersection;01/10/2001;01/01/2001 08:29;Motorist Overtaking - Other /;311239;2011;C: Possible Injury;Farms, Woods, Pastures;60-69;61;No;26-30 mph;O: No Injury;Other;Male;Passenger Car;No;Yes;Daylight;Rural (<30% Developed);2 lanes;2;Curve - Level;State Secondary Route;Dry;Two-Way, Not Divided;None;No Special Feature;Coarse Asphalt;Coastal;Rural;40 - 45  MPH;Double Yellow Line, No Passing Zone;Cloudy;No;34.72391, -77.4835
755;756;No;50-59;51;No;Facing Traffic;C: Possible Injury;Sidewalk / Crosswalk / Driveway Crossing;Black;Male;Raleigh;Wake;No;01/01/2004;27/10/2011;Motorist Failed to Yield - Midblock;17;Non-Intersection;01/10/2001;01/01/2001 17:29;Motorist Drive Out - Commercial Driveway / Alley;332322;2011;C: Possible Injury;Residential;40-49;44;No;0-5 mph;O: No Injury;Black;Female;Van;No;No;Dark - Lighted Roadway;Rural (<30% Developed);2 lanes;2;Straight - Level;Local Street;Dry;Two-Way, Not Divided;None;T-Intersection;Smooth Asphalt;Piedmont;Urban;30 - 35  MPH;No Control Present;Clear;No;35.74037, -78.6298
760;761;Yes;50-59;57;Yes;With Traffic;C: Possible Injury;Sidewalk / Crosswalk / Driveway Crossing;White;Male;Greensboro;Guilford;Yes;NA;24/10/2011;Parallel Paths - Other Circumstances;17;Intersection;01/10/2001;01/01/2001 17:28;Bicyclist Ride Out - Parallel Path;131225;2011;C: Possible Injury;Commercial;30-39;30;No;0-5 mph;O: No Injury;Black;Female;Passenger Car;No;No;Daylight;Urban (>70% Developed);8 lanes;2;Straight - Level;Local Street;Dry;Two-Way, Not Divided;None;Related To Intersection;Smooth Asphalt;Piedmont;Urban;30 - 35  MPH;Stop And Go Signal;Clear;No;36.0397, -79.8495
764;765;No;50-59;56;No;With Traffic;O: No Injury;Travel Lane;White;Male;Mooresville;Iredell;No;01/01/2006;22/10/2011;Bicyclist Overtaking Motorist;10;Intersection;01/10/2001;01/01/2001 10:25;Bicyclist Overtaking - Passing on Right;111241;2011;O: No Injury;Residential;30-39;32;No;0-5 mph;O: No Injury;Hispanic;Male;Pickup;No;No;Daylight;Rural (<30% Developed);2 lanes;2;Straight - Level;NC Route;Dry;Two-Way, Not Divided;None;No Special Feature;Smooth Asphalt;Piedmont;Urban;30 - 35  MPH;No Control Present;Clear;No;35.57233, -80.8251
768;769;No;60-69;63;No;Facing Traffic;B: Evident Injury;Travel Lane;Black;Male;Gastonia;Gaston;No;01/01/2007;16/10/2011;Motorist Failed to Yield - Midblock;17;Non-Intersection;01/10/2001;01/01/2001 17:35;Motorist Drive Out - Residential Driveway;312321;2011;B: Evident Injury;Residential;70+;NA;No;NA;O: No Injury;White;Male;Passenger Car;No;No;Daylight;Urban (>70% Developed);4 lanes;2;Straight - Level;NC Route;Dry;Two-Way, Divided, Unprotected Median;None;Driveway, Private;Smooth Asphalt;Piedmont;Urban;40 - 45  MPH;No Control Present;Clear;No;35.24448, -81.1377
770;771;Yes;20-24;21;No;With Traffic;O: No Injury;Bike Lane / Paved Shoulder;White;Male;Raleigh;Wake;No;01/01/2003;02/11/2011;Motorist Right Turn / Merge;18;Non-Intersection;01/11/2001;01/01/2001 18:18;Motorist Right Turn - Same Direction;321213;2011;O: No Injury;Residential;0-19;19;No;21-25 mph;O: No Injury;White;Male;Passenger Car;No;No;Daylight;Mixed (30% To 70% Developed);2 lanes;2;Straight - Level;Local Street;Dry;Two-Way, Divided, Unprotected Median;None;No Special Feature;Coarse Asphalt;Piedmont;Urban;30 - 35  MPH;No Control Present;Clear;No;35.7867, -78.664
775;776;Yes;20-24;20;No;Facing Traffic;O: No Injury;Sidewalk / Crosswalk / Driveway Crossing;White;Male;Raleigh;Wake;No;01/01/2003;26/10/2011;Motorist Failed to Yield - Sign-Controlled Intersection;18;Intersection;01/10/2001;01/01/2001 18:45;Motorist Drive Out - Sign-Controlled Intersection;132141;2011;O: No Injury;Commercial;20-24;21;No;0-5 mph;O: No Injury;White;Female;Passenger Car;No;No;Dusk;Urban (>70% Developed);NA;2;Straight - Grade;Public Vehicular Area;Dry;Two-Way, Not Divided;None;No Special Feature;Concrete;Piedmont;Urban;5 - 15 MPH;Stop Sign;Clear;No;35.78106, -78.6767
781;782;No;30-39;30;Yes;Not Applicable;B: Evident Injury;Bike Lane / Paved Shoulder;White;Male;Charlotte;Mecklenburg;Yes;01/01/2005;11/11/2011;Bicyclist Failed to Yield - Midblock;15;Non-Intersection;01/11/2001;01/01/2001 15:24;Bicyclist Ride Out - Other Midblock;323318;2011;B: Evident Injury;Commercial;50-59;57;No;31-35 mph;O: No Injury;Black;Male;Sport Utility;No;No;Daylight;Urban (>70% Developed);4 lanes;2;Straight - Level;Local Street;Dry;Two-Way, Not Divided;None;T-Intersection;Smooth Asphalt;Piedmont;Urban;30 - 35  MPH;No Control Present;Clear;No;35.21795, -80.7944
784;785;Yes;30-39;33;No;With Traffic;B: Evident Injury;Travel Lane;White;Male;Asheville;Buncombe;No;01/01/2006;29/10/2011;Motorist Overtaking Bicyclist;20;Non-Intersection;01/10/2001;01/01/2001 20:24;Motorist Overtaking - Undetected Bicyclist;311231;2011;B: Evident Injury;Commercial;25-29;28;No;21-25 mph;O: No Injury;White;Male;Light Truck (Mini-Van, Panel);No;No;Dark - Roadway Not Lighted;Urban (>70% Developed);2 lanes;2;Straight - Grade;Local Street;Dry;Two-Way, Not Divided;None;No Special Feature;Smooth Asphalt;Mountains;Urban;30 - 35  MPH;No Control Present;Clear;No;35.55527, -82.6476
788;789;Yes;40-49;47;No;With Traffic;C: Possible Injury;Travel Lane;White;Male;Gastonia;Gaston;No;01/01/2003;12/10/2011;Motorist Failed to Yield - Sign-Controlled Intersection;14;Intersection-Related;01/10/2001;01/01/2001 14:18;Motorist Drive Out - Sign-Controlled Intersection;211141;2011;C: Possible Injury;Residential;50-59;55;No;6-10 mph;O: No Injury;White;Male;Pickup;No;No;Daylight;Urban (>70% Developed);1 lane;2;Other;Local Street;Dry;One-Way, Not Divided;None;Traffic Circle/Roundabout;Smooth Asphalt;Piedmont;Urban;40 - 45  MPH;Yield Sign;Cloudy;No;35.21445, -81.1332
789;790;No;16-19;18;No;With Traffic;B: Evident Injury;Sidewalk / Crosswalk / Driveway Crossing;White;Female;High Point;Guilford;No;01/01/2004;27/10/2011;Bicyclist Failed to Yield - Signalized Intersection;16;Intersection;01/10/2001;01/01/2001 16:47;Bicyclist Ride Out - Signalized  Intersection;131153;2011;B: Evident Injury;Institutional;25-29;26;No;26-30 mph;O: No Injury;Black;Male;Sport Utility;No;No;Daylight;Urban (>70% Developed);5 lanes;2;Straight - Level;Local Street;Dry;Two-Way, Not Divided;None;Four-Way Intersection;Smooth Asphalt;Piedmont;Urban;30 - 35  MPH;Stop And Go Signal;Clear;No;35.97907, -79.9963
795;796;Yes;50-59;53;No;With Traffic;B: Evident Injury;Bike Lane / Paved Shoulder;Black;Male;Burgaw;Pender;No;01/01/2005;21/10/2011;Motorist Overtaking Bicyclist;22;Non-Intersection;01/10/2001;01/01/2001 22:02;Motorist Overtaking - Misjudged Space;321232;2011;B: Evident Injury;Residential;30-39;31;No;31-35 mph;O: No Injury;White;Male;Pickup;No;No;Dark - Roadway Not Lighted;Mixed (30% To 70% Developed);2 lanes;2;Straight - Level;NC Route;Dry;Two-Way, Not Divided;None;No Special Feature;Coarse Asphalt;Coastal;Rural;30 - 35  MPH;No Control Present;Clear;No;34.56485, -77.9146
798;799;Yes;20-24;21;No;Facing Traffic;B: Evident Injury;Bike Lane / Paved Shoulder;Black;Male;None - Rural Crash;Brunswick;No;01/01/2007;30/10/2011;Loss of Control / Turning Error;20;Non-Intersection;01/10/2001;01/01/2001 20:41;Motorist Lost Control - Other /;322139;2011;B: Evident Injury;Farms, Woods, Pastures;NA;NA;Missing;NA;Injury;/Missing;NA;NA;No;Yes;Dark - Roadway Not Lighted;Rural (<30% Developed);2 lanes;2;Straight - Level;NC Route;Dry;Two-Way, Not Divided;None;No Special Feature;Coarse Asphalt;Coastal;Rural;50 - 55  MPH;No Control Present;Clear;No;33.89973, -78.5509
805;806;No;20-24;20;No;Not Applicable;B: Evident Injury;Non-Roadway;White;Male;Boone;Watauga;No;01/01/2002;01/11/2011;Crossing Paths - Other Circumstances;11;Intersection-Related;01/11/2001;01/01/2001 11:26;Crossing Paths - Uncontrolled Intersection;263160;2011;B: Evident Injury;Commercial;30-39;36;No;16-20 mph;O: No Injury;White;Female;Passenger Car;No;No;Daylight;Urban (>70% Developed);2 lanes;2;Straight - Level;Local Street;Dry;Two-Way, Not Divided;None;No Special Feature;Smooth Asphalt;Mountains;Urban;20 - 25  MPH;Double Yellow Line, No Passing Zone;Clear;No;36.20259, -81.6537
806;807;Yes;40-49;46;No;With Traffic;C: Possible Injury;Travel Lane;Black;Male;Raleigh;Wake;No;01/01/2005;11/11/2011;Motorist Failed to Yield - Sign-Controlled Intersection;18;Intersection;01/11/2001;01/01/2001 18:12;Motorist Drive Out - Sign-Controlled Intersection;111141;2011;C: Possible Injury;Residential;20-24;23;No;6-10 mph;O: No Injury;White;Male;Passenger Car;No;No;Dark - Lighted Roadway;Urban (>70% Developed);2 lanes;2;Straight - Level;Local Street;Dry;Two-Way, Divided, Unprotected Median;None;No Special Feature;Smooth Asphalt;Piedmont;Urban;20 - 25  MPH;Stop Sign;Clear;No;35.90898, -78.5926
810;811;Yes;25-29;27;No;With Traffic;B: Evident Injury;Travel Lane;Hispanic;Male;Winston-Salem;Forsyth;No;01/01/2004;03/11/2011;Motorist Overtaking Bicyclist;20;Non-Intersection;01/11/2001;01/01/2001 20:42;Motorist Overtaking - Other /;311239;2011;B: Evident Injury;Residential;50-59;51;No;41-45 mph;O: No Injury;White;Male;Pickup;No;No;Dark - Roadway Not Lighted;Urban (>70% Developed);2 lanes;2;Straight - Level;Local Street;Dry;Two-Way, Divided, Unprotected Median;None;No Special Feature;Smooth Asphalt;Piedmont;Urban;40 - 45  MPH;No Control Present;Cloudy;No;36.05333, -80.207
815;816;Yes;40-49;48;Yes;NA;C: Possible Injury;NA;White;Male;Charlotte;Mecklenburg;Yes;01/01/2005;04/11/2011;Other /  - Insufficient Details;0;Non-Intersection;01/11/2001;01/01/2001 00:31;Approach Paths;399970;2011;C: Possible Injury;Commercial;NA;NA;Missing;41-45 mph;Injury;/Missing;NA;NA;No;Yes;Dark - Lighted Roadway;Urban (>70% Developed);4 lanes;2;Straight - Level;Local Street;Wet;Two-Way, Divided, Unprotected Median;Road Surface Condition;No Special Feature;Smooth Asphalt;Piedmont;Urban;40 - 45  MPH;No Control Present;Rain;No;35.21567, -80.7808
829;830;Yes;50-59;53;No;With Traffic;C: Possible Injury;Travel Lane;White;Male;None - Rural Crash;Wake;No;01/01/2004;01/12/2011;Motorist Overtaking Bicyclist;17;Non-Intersection;01/12/2001;01/01/2001 17:10;Motorist Overtaking - Misjudged Space;311232;2011;C: Possible Injury;Farms, Woods, Pastures;50-59;55;No;41-45 mph;O: No Injury;White;Male;Pickup;No;No;Daylight;Rural (<30% Developed);2 lanes;2;Straight - Level;NC Route;Dry;Two-Way, Not Divided;None;No Special Feature;Smooth Asphalt;Piedmont;Rural;40 - 45  MPH;Double Yellow Line, No Passing Zone;Clear;No;35.58143, -78.8175
831;832;No;20-24;23;No;With Traffic;C: Possible Injury;Sidewalk / Crosswalk / Driveway Crossing;White;Male;Greensboro;Guilford;No;01/01/2003;16/11/2011;Bicyclist Failed to Yield - Signalized Intersection;18;Intersection;01/11/2001;01/01/2001 18:41;Bicyclist Failed to Clear - Trapped;131156;2011;C: Possible Injury;Commercial;50-59;58;No;0-5 mph;O: No Injury;White;Female;Passenger Car;No;No;Dark - Lighted Roadway;Urban (>70% Developed);6 lanes;2;Straight - Grade;Local Street;Wet;Two-Way, Divided, Unprotected Median;None;Related To Intersection;Smooth Asphalt;Piedmont;Urban;30 - 35  MPH;Stop And Go Signal;Rain;No;36.06231, -79.8154
836;837;Yes;10-juin;7;No;Facing Traffic;C: Possible Injury;Sidewalk / Crosswalk / Driveway Crossing;White;Female;Belmont;Gaston;No;01/01/2002;15/11/2011;Bicyclist Failed to Yield - Signalized Intersection;16;Intersection;01/11/2001;01/01/2001 16:16;Bicyclist Ride Through - Signalized Intersection;132155;2011;C: Possible Injury;Residential;30-39;38;No;41-45 mph;O: No Injury;Black;Male;Passenger Car;No;No;Daylight;Mixed (30% To 70% Developed);3 lanes;2;Straight - Level;Local Street;Dry;Two-Way, Divided, Unprotected Median;None;T-Intersection;Coarse Asphalt;Piedmont;Urban;40 - 45  MPH;Stop And Go Signal;Clear;No;35.23474, -81.0403
837;838;Yes;20-24;23;No;With Traffic;B: Evident Injury;Travel Lane;White;Male;Asheville;Buncombe;No;01/01/2002;15/11/2011;Loss of Control / Turning Error;11;Intersection;01/11/2001;01/01/2001 11:41;Bicyclist Lost Control - Mechanical Problems;111121;2011;B: Evident Injury;Commercial;70+;NA;No;21-25 mph;O: No Injury;White;Male;Passenger Car;No;No;Daylight;Urban (>70% Developed);2 lanes;2;Straight - Grade;Local Street;Dry;Two-Way, Not Divided;None;No Special Feature;Smooth Asphalt;Mountains;Urban;30 - 35  MPH;Stop And Go Signal;Cloudy;No;35.59642, -82.5531
838;839;Yes;60-69;62;No;With Traffic;B: Evident Injury;Travel Lane;White;Male;Shelby;Cleveland;No;01/01/2002;15/11/2011;Motorist Overtaking Bicyclist;9;Non-Intersection;01/11/2001;01/01/2001 09:57;Motorist Overtaking - Bicyclist Swerved;311235;2011;B: Evident Injury;Commercial;25-29;25;No;26-30 mph;O: No Injury;Black;Female;Passenger Car;No;No;Daylight;Mixed (30% To 70% Developed);2 lanes;2;Straight - Grade;State Secondary Route;Dry;Two-Way, Not Divided;None;No Special Feature;Concrete;Mountains;Urban;30 - 35  MPH;No Control Present;Cloudy;No;35.29602, -81.521
851;852;Yes;30-39;39;No;With Traffic;A: Disabling Injury;Travel Lane;White;Male;None - Rural Crash;Guilford;No;01/01/2006;10/12/2011;Motorist Overtaking Bicyclist;10;Non-Intersection;01/12/2001;01/01/2001 10:57;Motorist Overtaking - Other /;311239;2011;A: Disabling Injury;Residential;30-39;38;No;46-50 mph;O: No Injury;White;Female;Sport Utility;No;No;Daylight;Mixed (30% To 70% Developed);2 lanes;2;Straight - Hillcrest;State Secondary Route;Dry;Two-Way, Not Divided;None;No Special Feature;Smooth Asphalt;Piedmont;Rural;50 - 55  MPH;No Control Present;Clear;No;36.20842, -79.8437
852;853;Yes;15-nov;13;No;With Traffic;O: No Injury;Sidewalk / Crosswalk / Driveway Crossing;Black;Male;Raleigh;Wake;No;01/01/2007;11/12/2011;Crossing Paths - Other Circumstances;17;Intersection;01/12/2001;01/01/2001 17:21;Crossing Paths - Intersection - Other /;131180;2011;O: No Injury;Residential;20-24;24;No;0-5 mph;O: No Injury;White;Female;Police;No;No;Daylight;Urban (>70% Developed);2 lanes;2;Straight - Level;Local Street;Dry;Two-Way, Divided, Unprotected Median;None;No Special Feature;Smooth Asphalt;Piedmont;Urban;20 - 25  MPH;No Control Present;Clear;No;35.78313, -78.656
855;856;No;16-19;17;No;With Traffic;O: No Injury;Travel Lane;White;Male;None - Rural Crash;Columbus;No;01/01/2004;15/12/2011;Bicyclist Left Turn / Merge;17;Intersection-Related;01/12/2001;01/01/2001 17:44;Bicyclist Left Turn - Same Direction;211221;2011;O: No Injury;Farms, Woods, Pastures;40-49;47;No;51-55 mph;O: No Injury;White;Female;Sport Utility;No;No;Dark - Roadway Not Lighted;Rural (<30% Developed);2 lanes;2;Straight - Level;State Secondary Route;Dry;Two-Way, Not Divided;None;T-Intersection;Coarse Asphalt;Coastal;Rural;50 - 55  MPH;No Control Present;Clear;No;34.35101, -78.7315
858;859;Yes;50-59;56;No;With Traffic;C: Possible Injury;Travel Lane;White;Male;Wilmington;New Hanover;No;NA;28/11/2011;Motorist Overtaking Bicyclist;14;Non-Intersection;01/11/2001;01/01/2001 14:26;Motorist Overtaking - Misjudged Space;311232;2011;C: Possible Injury;Commercial;25-29;29;No;16-20 mph;O: No Injury;White;Female;Passenger Car;No;No;Daylight;Urban (>70% Developed);4 lanes;2;Straight - Level;Local Street;Dry;Two-Way, Not Divided;None;No Special Feature;Coarse Asphalt;Coastal;Urban;30 - 35  MPH;No Control Present;Cloudy;No;34.24637, -77.8807
863;864;Yes;16-19;18;No;With Traffic;C: Possible Injury;Travel Lane;White;Male;Cornelius;Mecklenburg;No;01/01/2007;27/11/2011;Crossing Paths - Other Circumstances;17;Intersection;01/11/2001;01/01/2001 17:10;Signalized Intersection - Other /;111158;2011;C: Possible Injury;Commercial;0-19;18;No;31-35 mph;O: No Injury;Black;Female;Passenger Car;No;No;Dusk;Urban (>70% Developed);5 lanes;2;Straight - Level;Local Street;Dry;Two-Way, Divided, Positive Median Barrier;None;No Special Feature;Smooth Asphalt;Piedmont;Urban;NA;Stop And Go Signal;Clear;No;35.48372, -80.8725
864;865;No;40-49;44;No;With Traffic;B: Evident Injury;Bike Lane / Paved Shoulder;White;Male;None - Rural Crash;Caldwell;No;01/01/2002;06/12/2011;Bicyclist Overtaking Motorist;7;Non-Intersection;01/12/2001;01/01/2001 07:48;Bicyclist Overtaking - Passing on Left;321242;2011;B: Evident Injury;Commercial;20-24;22;No;6-10 mph;O: No Injury;White;Male;Passenger Car;No;No;Dawn;Mixed (30% To 70% Developed);5 lanes;2;Straight - Level;US Route;Wet;Two-Way, Divided, Positive Median Barrier;None;Traffic Circle/Roundabout;Smooth Asphalt;Mountains;Rural;50 - 55  MPH;No Control Present;Cloudy;No;35.83487, -81.4596
865;866;Yes;40-49;43;Yes;With Traffic;Injury;Travel Lane;Black;Male;None - Rural Crash;Hoke;Yes;01/01/2006;24/12/2011;Motorist Overtaking Bicyclist;20;Non-Intersection;01/12/2001;01/01/2001 20:39;Motorist Overtaking - Other /;311239;2011;Injury;Residential;NA;NA;No;11-15 mph;Injury;/Missing;NA;Passenger Car;No;Yes;Dark - Roadway Not Lighted;Mixed (30% To 70% Developed);2 lanes;2;Straight - Level;State Secondary Route;Dry;Two-Way, Not Divided;None;No Special Feature;Coarse Asphalt;Coastal;Rural;50 - 55  MPH;No Control Present;Clear;No;34.9155, -79.2634
866;867;No;15-nov;15;No;With Traffic;O: No Injury;Travel Lane;White;Male;None - Rural Crash;Onslow;No;01/01/2005;23/12/2011;Bicyclist Right Turn / Merge;11;Non-Intersection;01/12/2001;01/01/2001 11:54;Bicyclist Right Turn - Same Direction;311223;2011;O: No Injury;Farms, Woods, Pastures;70+;NA;No;31-35 mph;O: No Injury;White;Female;Passenger Car;No;No;Daylight;Rural (<30% Developed);2 lanes;2;Curve - Level;State Secondary Route;Dry;Two-Way, Not Divided;None;No Special Feature;Coarse Asphalt;Coastal;Rural;50 - 55  MPH;Double Yellow Line, No Passing Zone;Clear;No;34.90308, -77.5832
867;868;Yes;20-24;20;No;Facing Traffic;B: Evident Injury;Travel Lane;White;Male;Selma;Johnston;No;01/01/2002;06/12/2011;Head-On;12;Non-Intersection;01/12/2001;01/01/2001 12:17;Head-On - Bicyclist;312250;2011;B: Evident Injury;Commercial;70+;NA;No;36-40 mph;O: No Injury;White;Male;Passenger Car;No;No;Daylight;Urban (>70% Developed);2 lanes;2;Curve - Level;Local Street;Dry;Two-Way, Not Divided;None;No Special Feature;Coarse Asphalt;Coastal;Urban;40 - 45  MPH;No Control Present;Clear;No;35.52074, -78.2929
871;872;Yes;70+;NA;No;Not Applicable;K: Killed;Travel Lane;Black;Male;Sanford;Lee;No;01/01/2006;10/12/2011;Crossing Paths - Other Circumstances;17;Intersection-Related;01/12/2001;01/01/2001 17:45;Crossing Paths - Uncontrolled Intersection;213160;2011;K: Killed;Industrial;50-59;56;No;41-45 mph;O: No Injury;White;Female;Passenger Car;No;No;Dark - Lighted Roadway;Urban (>70% Developed);6 lanes;2;Straight - Level;NC Route;Dry;Two-Way, Not Divided;None;No Special Feature;Smooth Asphalt;Piedmont;Urban;50 - 55  MPH;Stop And Go Signal;Clear;No;35.44413, -79.1281
878;879;No;40-49;42;No;With Traffic;C: Possible Injury;Travel Lane;Black;Male;None - Rural Crash;Hoke;No;NA;12/12/2011;Motorist Overtaking Bicyclist;6;Non-Intersection;01/12/2001;01/01/2001 06:29;Motorist Overtaking - Misjudged Space;311232;2011;C: Possible Injury;Residential;NA;NA;Missing;41-45 mph;Injury;/Missing;NA;NA;No;Yes;Dark - Roadway Not Lighted;Mixed (30% To 70% Developed);2 lanes;2;Straight - Level;NC Route;Dry;Two-Way, Not Divided;None;No Special Feature;Smooth Asphalt;Coastal;Rural;40 - 45  MPH;No Control Present;Clear;No;34.98971, -79.2572
885;886;Yes;16-19;18;No;Not Applicable;C: Possible Injury;Travel Lane;White;Male;Fayetteville;Cumberland;No;01/01/2005;16/12/2011;Bicyclist Failed to Yield - Midblock;13;Non-Intersection;01/12/2001;01/01/2001 13:45;Bicyclist Ride Out - Midblock -;313319;2011;C: Possible Injury;Residential;60-69;63;No;26-30 mph;O: No Injury;White;Female;Sport Utility;No;No;Daylight;Urban (>70% Developed);3 lanes;2;Straight - Level;Local Street;Dry;Two-Way, Divided, Unprotected Median;None;No Special Feature;Coarse Asphalt;Coastal;Urban;30 - 35  MPH;No Control Present;Clear;No;35.06526, -78.9139
305;306;Yes;0-5;3;No;With Traffic;B: Evident Injury;Travel Lane;Hispanic;Male;None - Rural Crash;Rowan;No;01/01/2003;07/05/2008;Backing Vehicle;16;Non-Intersection;01/05/2001;01/01/2001 16:24;Backing Vehicle;311600;2008;B: Evident Injury;Residential;40-49;43;No;0-5 mph;O: No Injury;Hispanic;Male;Passenger Car;No;No;Daylight;Urban (>70% Developed);1 lane;2;Straight - Level;State Secondary Route;Dry;Two-Way, Not Divided;None;Driveway, Private;Coarse Asphalt;Piedmont;Rural;30 - 35  MPH;No Control Present;Clear;No;0.0, 0.0
313;314;Yes;50-59;51;No;With Traffic;C: Possible Injury;Travel Lane;White;Male;Sanford;Lee;No;01/01/2006;10/05/2008;Motorist Failed to Yield - Sign-Controlled Intersection;20;Intersection;01/05/2001;01/01/2001 20:46;Motorist Drive Out - Sign-Controlled Intersection;111141;2008;C: Possible Injury;Commercial;60-69;64;No;6-10 mph;O: No Injury;Black;Male;Passenger Car;No;No;Dark - Roadway Not Lighted;Urban (>70% Developed);2 lanes;2;Straight - Level;Local Street;Dry;Two-Way, Not Divided;None;Four-Way Intersection;Smooth Asphalt;Piedmont;Urban;30 - 35  MPH;Stop Sign;Clear;No;0.0, 0.0
323;324;Yes;40-49;44;Yes;Facing Traffic;C: Possible Injury;Bike Lane / Paved Shoulder;Hispanic;Male;Raleigh;Wake;Yes;01/01/2006;17/05/2008;Motorist Failed to Yield - Midblock;15;Non-Intersection;01/05/2001;01/01/2001 15:37;Motorist Drive Out - Commercial Driveway / Alley;322322;2008;C: Possible Injury;Commercial;40-49;45;No;0-5 mph;O: No Injury;White;Female;Passenger Car;No;No;Daylight;Urban (>70% Developed);4 lanes;2;Straight - Grade;Local Street;Dry;Two-Way, Divided, Unprotected Median;None;T-Intersection;Coarse Asphalt;Piedmont;Urban;40 - 45  MPH;No Control Present;Clear;No;0.0, 0.0
331;332;No;15-nov;13;No;NA;O: No Injury;NA;Black;Male;Fuquay-Varina;Wake;No;01/01/2006;03/05/2008;Bicyclist Failed to Yield - Midblock;11;Non-Intersection;01/05/2001;01/01/2001 11:55;Bicyclist Ride Out - Midblock -;399319;2008;O: No Injury;Commercial;30-39;39;No;16-20 mph;O: No Injury;Hispanic;Male;Pickup;No;No;Daylight;Urban (>70% Developed);5 lanes;2;Straight - Grade;US Route;Dry;Two-Way, Not Divided;None;No Special Feature;Smooth Asphalt;Piedmont;Urban;30 - 35  MPH;No Control Present;Clear;No;0.0, 0.0