FID;OBJECTID;AmbulanceR;BikeAge_Gr;Bike_Age;Bike_Alc_D;Bike_Dir;Bike_Injur;Bike_Pos;Bike_Race;Bike_Sex;City;County;CrashAlcoh;CrashDay;Crash_Date;Crash_Grp;Crash_Hour;Crash_Loc;Crash_Mont;Crash_Time;Crash_Type;Crash_Ty_1;Crash_Year;Crsh_Sevri;Developmen;DrvrAge_Gr;Drvr_Age;Drvr_Alc_D;Drvr_EstSp;Drvr_Injur;Drvr_Race;Drvr_Sex;Drvr_VehTy;ExcsSpdInd;Hit_Run;Light_Cond;Locality;Num_Lanes;Num_Units;Rd_Charact;Rd_Class;Rd_Conditi;Rd_Config;Rd_Defects;Rd_Feature;Rd_Surface;Region;Rural_Urba;Speed_Limi;Traff_Cntr;Weather;Workzone_I;Location
335;336;Yes;15-nov;14;No;Facing Traffic;B: Evident Injury;Sidewalk / Crosswalk / Driveway Crossing;White;Male;Raleigh;Wake;No;01/01/2005;16/05/2008;Motorist Failed to Yield - Signalized Intersection;16;Intersection;01/05/2001;01/01/2001 16:22;Motorist Drive Out - Right Turn on Red;132151;2008;B: Evident Injury;Commercial;40-49;40;No;0-5 mph;O: No Injury;White;Female;Passenger Car;No;No;Daylight;Urban (>70% Developed);5 lanes;2;Straight - Level;Local Street;Wet;Two-Way, Not Divided;None;Driveway, Public;Coarse Asphalt;Piedmont;Urban;20 - 25  MPH;Stop And Go Signal;Cloudy;No;0.0, 0.0
336;337;Yes;10-juin;7;No;Not Applicable;C: Possible Injury;Non-Roadway;White;Male;Asheboro;Randolph;No;01/01/2006;17/05/2008;Bicyclist Failed to Yield - Midblock;11;Non-Intersection;01/05/2001;01/01/2001 11:25;Bicyclist Ride Out - Other Midblock;363318;2008;C: Possible Injury;Residential;30-39;36;No;21-25 mph;O: No Injury;Black;Male;Sport Utility;No;No;Daylight;Urban (>70% Developed);2 lanes;2;Straight - Level;Local Street;Dry;Two-Way, Not Divided;None;Driveway, Public;Smooth Asphalt;Piedmont;Urban;30 - 35  MPH;Missing;Clear;No;0.0, 0.0
337;338;Yes;15-nov;13;No;With Traffic;C: Possible Injury;Travel Lane;Hispanic;Male;Salisbury;Rowan;No;01/01/2004;19/06/2008;Bicyclist Right Turn / Merge;14;Non-Intersection;01/06/2001;01/01/2001 14:39;Bicyclist Right Turn - Same Direction;311223;2008;C: Possible Injury;Commercial;50-59;58;No;46-50 mph;O: No Injury;White;Female;Passenger Car;No;No;Daylight;Urban (>70% Developed);5 lanes;2;Straight - Hillcrest;Local Street;Dry;Two-Way, Not Divided;None;T-Intersection;Smooth Asphalt;Piedmont;Urban;50 - 55  MPH;Stop Sign;Clear;No;0.0, 0.0
341;342;Yes;60-69;63;No;Facing Traffic;C: Possible Injury;Travel Lane;Asian;Male;Fayetteville;Cumberland;No;NA;19/05/2008;Head-On;10;Non-Intersection;01/05/2001;01/01/2001 10:54;Head-On - Bicyclist;312250;2008;C: Possible Injury;Commercial;30-39;30;No;6-10 mph;O: No Injury;White;Male;Passenger Car;No;No;Daylight;Urban (>70% Developed);6 lanes;2;Straight - Level;Local Street;Dry;Two-Way, Not Divided;None;No Special Feature;Coarse Asphalt;Coastal;Urban;40 - 45  MPH;No Control Present;Clear;No;0.0, 0.0
345;346;Yes;25-29;29;No;With Traffic;B: Evident Injury;Travel Lane;White;Female;None - Rural Crash;Buncombe;No;01/01/2003;21/05/2008;Motorist Left Turn / Merge;8;Non-Intersection;01/05/2001;01/01/2001 08:02;Motorist Left Turn - Opposite Direction;311212;2008;B: Evident Injury;Commercial;70+;NA;No;31-35 mph;O: No Injury;White;Female;Passenger Car;No;No;Daylight;Mixed (30% To 70% Developed);2 lanes;2;Straight - Level;State Secondary Route;Dry;Two-Way, Not Divided;None;Y-Intersection;Smooth Asphalt;Mountains;Rural;30 - 35  MPH;Double Yellow Line, No Passing Zone;Clear;No;0.0, 0.0
347;348;No;15-nov;15;No;Facing Traffic;C: Possible Injury;Sidewalk / Crosswalk / Driveway Crossing;Asian;Male;Raleigh;Wake;No;NA;19/05/2008;Motorist Failed to Yield - Sign-Controlled Intersection;14;Intersection;01/05/2001;01/01/2001 14:39;Motorist Drive Out - Sign-Controlled Intersection;132141;2008;C: Possible Injury;Institutional;0-19;16;No;0-5 mph;O: No Injury;White;Male;Sport Utility;No;No;Daylight;Urban (>70% Developed);2 lanes;2;Straight - Level;Public Vehicular Area;Dry;Two-Way, Not Divided;None;Driveway, Public;Coarse Asphalt;Piedmont;Urban;30 - 35  MPH;Stop Sign;Clear;No;0.0, 0.0
351;352;Yes;15-nov;15;Yes;Facing Traffic;B: Evident Injury;Multi-use Path;White;Male;Kitty Hawk;Dare;Yes;01/01/2003;21/05/2008;Bicyclist Failed to Yield - Signalized Intersection;12;Intersection;01/05/2001;01/01/2001 12:58;Bicyclist Ride Through - Signalized Intersection;142155;2008;B: Evident Injury;Commercial;60-69;64;No;0-5 mph;O: No Injury;White;Female;Passenger Car;No;No;Daylight;Mixed (30% To 70% Developed);3 lanes;2;Straight - Level;Local Street;Dry;Two-Way, Not Divided;None;Four-Way Intersection;Coarse Asphalt;Coastal;Rural;30 - 35  MPH;Stop And Go Signal;Clear;No;0.0, 0.0
367;368;Yes;10-juin;6;No;Not Applicable;C: Possible Injury;Driveway / Alley;Black;Male;Rocky Mount;Nash;No;01/01/2007;25/05/2008;Bicyclist Failed to Yield - Midblock;21;Non-Intersection;01/05/2001;01/01/2001 21:10;Bicyclist Ride Out - Residential Driveway;353311;2008;C: Possible Injury;Residential;30-39;33;No;26-30 mph;O: No Injury;Black;Female;Passenger Car;No;No;Daylight;Urban (>70% Developed);2 lanes;2;Straight - Level;Local Street;Dry;Two-Way, Not Divided;None;No Special Feature;Coarse Asphalt;Coastal;Urban;30 - 35  MPH;No Control Present;Clear;No;0.0, 0.0
372;373;No;16-19;16;No;With Traffic;A: Disabling Injury;Travel Lane;Black;Male;Fuquay-Varina;Wake;No;01/01/2004;29/05/2008;Bicyclist Failed to Yield - Sign-Controlled Intersection;20;Intersection;01/05/2001;01/01/2001 20:27;Bicyclist Ride Through - Sign-Controlled Intersection;111144;2008;A: Disabling Injury;Residential;50-59;50;No;41-45 mph;O: No Injury;White;Male;Passenger Car;No;No;Daylight;Rural (<30% Developed);2 lanes;2;Straight - Level;Local Street;Dry;Two-Way, Not Divided;None;No Special Feature;Smooth Asphalt;Piedmont;Urban;40 - 45  MPH;Stop Sign;Clear;No;0.0, 0.0
381;382;No;40-49;45;No;With Traffic;B: Evident Injury;Travel Lane;White;Male;Smithfield;Johnston;No;01/01/2006;31/05/2008;Motorist Overtaking Bicyclist;14;Non-Intersection;01/05/2001;01/01/2001 14:55;Motorist Overtaking - Other /;311239;2008;B: Evident Injury;Residential;NA;NA;Missing;16-20 mph;Injury;/Missing;NA;Pickup;No;Yes;Daylight;Rural (<30% Developed);2 lanes;2;Straight - Level;NC Route;Dry;Two-Way, Not Divided;None;No Special Feature;Coarse Asphalt;Coastal;Urban;40 - 45  MPH;Missing;Clear;No;0.0, 0.0
391;392;Yes;50-59;59;No;With Traffic;K: Killed;Travel Lane;White;Male;None - Rural Crash;Orange;No;01/01/2002;03/06/2008;Loss of Control / Turning Error;8;Non-Intersection;01/06/2001;01/01/2001 08:01;Motorist Lost Control - Other /;311139;2008;K: Killed;Farms, Woods, Pastures;25-29;26;No;51-55 mph;C: Possible Injury;White;Male;Sport Utility;No;No;Daylight;Rural (<30% Developed);2 lanes;3;Curve - Level;State Secondary Route;Dry;Two-Way, Not Divided;None;No Special Feature;Smooth Asphalt;Piedmont;Rural;50 - 55  MPH;Double Yellow Line, No Passing Zone;Clear;No;0.0, 0.0
398;399;No;16-19;16;No;NA;B: Evident Injury;NA;White;Male;Belmont;Gaston;No;01/01/2003;04/06/2008;Bicyclist Failed to Yield - Midblock;7;Non-Intersection;01/06/2001;01/01/2001 07:57;Bicyclist Ride Out - Midblock -;399319;2008;B: Evident Injury;Residential;40-49;42;No;21-25 mph;O: No Injury;White;Male;Pickup;No;No;Daylight;Mixed (30% To 70% Developed);2 lanes;2;Straight - Grade;Local Street;Dry;Two-Way, Not Divided;None;No Special Feature;Coarse Asphalt;Piedmont;Urban;20 - 25  MPH;No Control Present;Clear;No;0.0, 0.0
411;412;Yes;10-juin;8;No;With Traffic;C: Possible Injury;Travel Lane;Black;Male;Mount Olive;Wayne;No;01/01/2006;31/05/2008;Motorist Overtaking Bicyclist;17;Non-Intersection;01/05/2001;01/01/2001 16:59;Motorist Overtaking - Other /;311239;2008;C: Possible Injury;Commercial;NA;NA;Missing;NA;Injury;/Missing;NA;Sport Utility;No;Yes;Daylight;Urban (>70% Developed);2 lanes;2;Straight - Level;Local Street;Dry;Two-Way, Not Divided;None;No Special Feature;Coarse Asphalt;Coastal;Rural;20 - 25  MPH;No Control Present;Clear;No;0.0, 0.0
418;419;No;20-24;20;No;With Traffic;C: Possible Injury;Travel Lane;Black;Male;Raleigh;Wake;No;01/01/2003;04/06/2008;Motorist Right Turn / Merge;16;Intersection;01/06/2001;01/01/2001 16:07;Motorist Right Turn - Same Direction;111213;2008;C: Possible Injury;Commercial;NA;NA;Missing;31-35 mph;Injury;/Missing;NA;NA;No;Yes;Daylight;Urban (>70% Developed);2 lanes;2;Straight - Level;Local Street;Dry;Two-Way, Not Divided;None;Four-Way Intersection;Smooth Asphalt;Piedmont;Urban;30 - 35  MPH;Stop And Go Signal;Clear;No;0.0, 0.0
427;428;Yes;30-39;33;No;With Traffic;B: Evident Injury;Travel Lane;Hispanic;Male;Durham;Durham;No;01/01/2002;15/07/2008;Bicyclist Left Turn / Merge;15;Non-Intersection;01/07/2001;01/01/2001 15:17;Bicyclist Left Turn - Same Direction;311221;2008;B: Evident Injury;Commercial;50-59;58;No;31-35 mph;O: No Injury;White;Male;Pickup;No;No;Daylight;Urban (>70% Developed);2 lanes;2;Straight - Level;Local Street;Dry;Two-Way, Not Divided;None;No Special Feature;Coarse Asphalt;Piedmont;Urban;30 - 35  MPH;No Control Present;Clear;No;0.0, 0.0
441;442;No;50-59;54;No;With Traffic;C: Possible Injury;Travel Lane;Black;Male;None - Rural Crash;Guilford;No;NA;30/06/2008;Motorist Failed to Yield - Sign-Controlled Intersection;20;Intersection;01/06/2001;01/01/2001 20:53;Motorist Drive Out - Sign-Controlled Intersection;111141;2008;C: Possible Injury;Farms, Woods, Pastures;40-49;40;No;0-5 mph;O: No Injury;White;Male;Passenger Car;No;No;Dusk;Rural (<30% Developed);2 lanes;2;Straight - Grade;State Secondary Route;Dry;Two-Way, Not Divided;None;Y-Intersection;Smooth Asphalt;Piedmont;Rural;30 - 35  MPH;Stop Sign;Clear;No;0.0, 0.0
452;453;Yes;40-49;40;Yes;With Traffic;C: Possible Injury;Bike Lane / Paved Shoulder;Black;Male;None - Rural Crash;Wake;Yes;01/01/2007;22/06/2008;Bicyclist Left Turn / Merge;10;Non-Intersection;01/06/2001;01/01/2001 10:29;Bicyclist Left Turn - Same Direction;321221;2008;C: Possible Injury;Residential;70+;NA;No;41-45 mph;O: No Injury;White;Male;Passenger Car;No;No;Daylight;Rural (<30% Developed);2 lanes;2;Straight - Level;State Secondary Route;Dry;Two-Way, Not Divided;None;No Special Feature;Smooth Asphalt;Piedmont;Rural;40 - 45  MPH;No Control Present;Clear;No;0.0, 0.0
456;457;No;40-49;46;No;With Traffic;B: Evident Injury;Travel Lane;White;Female;Asheville;Buncombe;No;01/01/2002;24/06/2008;Loss of Control / Turning Error;16;Intersection;01/06/2001;01/01/2001 16:08;Bicyclist Turning Error - Right Turn;111115;2008;B: Evident Injury;Commercial;40-49;47;No;0-5 mph;O: No Injury;White;Male;Passenger Car;No;No;Daylight;Urban (>70% Developed);2 lanes;2;Straight - Grade;Local Street;Dry;Two-Way, Not Divided;None;T-Intersection;Coarse Asphalt;Mountains;Urban;30 - 35  MPH;Stop And Go Signal;Clear;No;0.0, 0.0
463;464;Yes;15-nov;12;No;Facing Traffic;C: Possible Injury;Travel Lane;Black;Female;High Point;Guilford;No;01/01/2006;28/06/2008;Motorist Left Turn / Merge;16;Non-Intersection;01/06/2001;01/01/2001 16:08;Motorist Left Turn - Same Direction;312211;2008;C: Possible Injury;Residential;20-24;21;No;11-15 mph;O: No Injury;Black;Female;Pickup;No;No;Daylight;Urban (>70% Developed);2 lanes;2;Straight - Level;Local Street;Dry;Two-Way, Not Divided;None;No Special Feature;Coarse Asphalt;Piedmont;Urban;30 - 35  MPH;No Control Present;Clear;No;0.0, 0.0
471;472;Yes;40-49;42;No;Not Applicable;Injury;Non-Roadway;Black;Male;Enfield;Halifax;No;01/01/2003;02/07/2008;Non-Roadway;2;Non-Roadway;01/07/2001;01/01/2001 02:19;Non-Roadway;460910;2008;O: No Injury;Residential;30-39;31;No;11-15 mph;O: No Injury;Black;Male;Passenger Car;No;No;Dark -  Lighting;Rural (<30% Developed);NA;2;NA;Private Road, Driveway;Wet;NA;None;No Special Feature;Soil;Coastal;Rural;NA;Missing;Clear;No;0.0, 0.0
475;476;No;16-19;18;No;With Traffic;B: Evident Injury;Travel Lane;White;Male;Weaverville;Buncombe;No;01/01/2006;31/05/2008;Motorist Overtaking Bicyclist;14;Non-Intersection;01/05/2001;01/01/2001 14:46;Motorist Overtaking - Bicyclist Swerved;311235;2008;B: Evident Injury;Commercial;30-39;35;No;41-45 mph;O: No Injury;White;Female;Passenger Car;No;No;Daylight;Urban (>70% Developed);2 lanes;2;Straight - Level;Local Street;Dry;Two-Way, Not Divided;None;No Special Feature;Smooth Asphalt;Mountains;Rural;40 - 45  MPH;No Control Present;Clear;No;0.0, 0.0
480;481;Yes;50-59;53;Yes;With Traffic;B: Evident Injury;Travel Lane;Black;Male;Asheboro;Randolph;Yes;01/01/2004;03/07/2008;Crossing Paths - Other Circumstances;20;Intersection;01/07/2001;01/01/2001 20:56;Signalized Intersection - Other /;111158;2008;B: Evident Injury;Commercial;40-49;43;No;11-15 mph;O: No Injury;Black;Female;Sport Utility;No;No;Dark - Lighted Roadway;Urban (>70% Developed);6 lanes;2;Straight - Level;US Route;Dry;Two-Way, Divided, Unprotected Median;None;Four-Way Intersection;Smooth Asphalt;Piedmont;Urban;30 - 35  MPH;Stop And Go Signal;Clear;No;0.0, 0.0
482;483;Yes;40-49;45;No;With Traffic;C: Possible Injury;Travel Lane;White;Male;Huntersville;Mecklenburg;No;01/01/2004;03/07/2008;Motorist Left Turn / Merge;15;Intersection;01/07/2001;01/01/2001 15:51;Motorist Left Turn - Opposite Direction;111212;2008;C: Possible Injury;Commercial;30-39;37;No;0-5 mph;O: No Injury;White;Female;Passenger Car;No;No;Daylight;Urban (>70% Developed);2 lanes;2;Straight - Grade;Local Street;Dry;Two-Way, Not Divided;None;T-Intersection;Smooth Asphalt;Piedmont;Urban;40 - 45  MPH;Stop Sign;Clear;No;0.0, 0.0
483;484;Yes;50-59;56;No;With Traffic;B: Evident Injury;Travel Lane;White;Male;Durham;Durham;No;01/01/2005;01/08/2008;Motorist Left Turn / Merge;6;Non-Intersection;01/08/2001;01/01/2001 06:31;Motorist Left Turn - Opposite Direction;311212;2008;B: Evident Injury;Commercial;25-29;26;No;6-10 mph;O: No Injury;White;Male;Pickup;No;No;Daylight;Urban (>70% Developed);3 lanes;2;Straight - Level;Local Street;Dry;Two-Way, Not Divided;None;No Special Feature;Smooth Asphalt;Piedmont;Urban;30 - 35  MPH;No Control Present;Clear;No;0.0, 0.0
486;487;Yes;16-19;17;No;With Traffic;C: Possible Injury;Travel Lane;White;Male;None - Rural Crash;Cleveland;No;01/01/2006;02/08/2008;Motorist Overtaking Bicyclist;15;Non-Intersection;01/08/2001;01/01/2001 15:18;Motorist Overtaking - Other /;311239;2008;C: Possible Injury;Residential;50-59;53;No;16-20 mph;O: No Injury;Black;Female;Passenger Car;No;No;Daylight;Mixed (30% To 70% Developed);2 lanes;2;Straight - Level;State Secondary Route;Dry;Two-Way, Not Divided;None;No Special Feature;Smooth Asphalt;Mountains;Rural;40 - 45  MPH;Double Yellow Line, No Passing Zone;Clear;No;0.0, 0.0
491;492;No;40-49;49;No;With Traffic;C: Possible Injury;Travel Lane;White;Male;None - Rural Crash;Rowan;No;NA;07/07/2008;Motorist Overtaking Bicyclist;9;Non-Intersection;01/07/2001;01/01/2001 09:57;Motorist Overtaking - Undetected Bicyclist;311231;2008;C: Possible Injury;Residential;40-49;41;No;51-55 mph;O: No Injury;White;Male;Pickup;No;No;Daylight;Mixed (30% To 70% Developed);2 lanes;2;Straight - Grade;State Secondary Route;Dry;Two-Way, Not Divided;None;No Special Feature;Smooth Asphalt;Piedmont;Rural;50 - 55  MPH;Double Yellow Line, No Passing Zone;Cloudy;No;0.0, 0.0
489;490;Yes;50-59;53;No;Not Applicable;C: Possible Injury;Non-Roadway;Black;Male;Goldsboro;Wayne;No;01/01/2006;05/07/2008;Non-Roadway;20;Non-Roadway;01/07/2001;01/01/2001 20:29;Non-Roadway;460910;2008;C: Possible Injury;Commercial;NA;NA;Missing;6-10 mph;Injury;/Missing;NA;NA;No;Yes;Daylight;Urban (>70% Developed);NA;2;Straight - Level;Public Vehicular Area;Wet;One-Way, Not Divided;None;No Special Feature;Coarse Asphalt;Coastal;Urban;NA;Missing;Rain;No;0.0, 0.0
492;493;Yes;25-29;25;No;With Traffic;B: Evident Injury;Travel Lane;White;Male;Indian Trail;Union;No;NA;07/07/2008;Motorist Right Turn / Merge;0;Intersection;01/07/2001;01/01/2001 00:47;Motorist Right Turn - Same Direction;111213;2008;B: Evident Injury;Residential;25-29;27;No;41-45 mph;O: No Injury;White;Female;Passenger Car;No;No;Daylight;Urban (>70% Developed);2 lanes;2;Straight - Level;State Secondary Route;Dry;Two-Way, Not Divided;None;Four-Way Intersection;Smooth Asphalt;Piedmont;Urban;40 - 45  MPH;Double Yellow Line, No Passing Zone;Clear;No;0.0, 0.0
484;485;Yes;50-59;55;No;With Traffic;C: Possible Injury;Travel Lane;White;Female;Charlotte;Mecklenburg;No;01/01/2003;26/08/2009;Motorist Left Turn / Merge;8;Intersection;01/08/2001;01/01/2001 08:53;Motorist Left Turn - Opposite Direction;111212;2009;C: Possible Injury;Commercial;25-29;29;No;11-15 mph;O: No Injury;White;Female;Sport Utility;No;No;Daylight;Urban (>70% Developed);4 lanes;2;Straight - Level;Local Street;Dry;Two-Way, Not Divided;None;Four-Way Intersection;Smooth Asphalt;Piedmont;Urban;30 - 35  MPH;Stop And Go Signal;Clear;No;35.209854, -80.859726
488;489;Yes;50-59;55;No;Not Applicable;B: Evident Injury;Non-Roadway;Black;Male;Selma;Johnston;No;01/01/2006;29/08/2009;Non-Roadway;12;Non-Roadway;01/08/2001;01/01/2001 12:06;Non-Roadway;460910;2009;B: Evident Injury;Commercial;0-19;18;No;0-5 mph;O: No Injury;White;Male;Passenger Car;No;No;Daylight;Urban (>70% Developed);NA;2;Straight - Level;Public Vehicular Area;Water (Standing, Moving);Two-Way, Not Divided;None;No Special Feature;Smooth Asphalt;Coastal;Urban;NA;No Control Present;Clear;No;35.53418, -78.28645
495;496;Yes;10-juin;10;No;With Traffic;C: Possible Injury;Travel Lane;White;Male;None - Rural Crash;Cleveland;No;01/01/2002;04/08/2009;Bicyclist Left Turn / Merge;16;Intersection-Related;01/08/2001;01/01/2001 16:52;Bicyclist Left Turn - Same Direction;211221;2009;C: Possible Injury;Residential;30-39;38;No;41-45 mph;O: No Injury;White;Male;Pickup;No;No;Daylight;Rural (<30% Developed);2 lanes;2;Straight - Level;State Secondary Route;Dry;Two-Way, Not Divided;None;No Special Feature;Coarse Asphalt;Mountains;Rural;40 - 45  MPH;Double Yellow Line, No Passing Zone;Cloudy;No;35.23506, -81.406166
497;498;Yes;25-29;29;No;Not Applicable;B: Evident Injury;Non-Roadway;Black;Male;Apex;Wake;No;01/01/2004;27/08/2009;Bicyclist Failed to Yield - Midblock;16;Non-Intersection;01/08/2001;01/01/2001 16:35;Bicyclist Ride Out - Other Midblock;363318;2009;B: Evident Injury;Commercial;50-59;54;No;16-20 mph;O: No Injury;White;Female;Sport Utility;No;No;Daylight;Urban (>70% Developed);NA;2;Straight - Grade;Local Street;Dry;Two-Way, Not Divided;None;No Special Feature;Coarse Asphalt;Piedmont;Urban;20 - 25  MPH;No Control Present;Clear;No;35.732758, -78.85011
501;502;Yes;30-39;30;No;Facing Traffic;C: Possible Injury;Sidewalk / Crosswalk / Driveway Crossing;White;Female;Charlotte;Mecklenburg;No;01/01/2003;02/09/2009;Motorist Failed to Yield - Midblock;11;Non-Intersection;01/09/2001;01/01/2001 11:38;Motorist Drive Out - Commercial Driveway / Alley;332322;2009;C: Possible Injury;Commercial;30-39;37;No;0-5 mph;O: No Injury;Black;Male;Van;No;No;Daylight;Urban (>70% Developed);4 lanes;2;Straight - Level;Local Street;Dry;Two-Way, Not Divided;None;Driveway, Public;Smooth Asphalt;Piedmont;Urban;30 - 35  MPH;No Control Present;Clear;No;35.246414, -80.752365
502;503;Yes;60-69;62;No;With Traffic;B: Evident Injury;Travel Lane;Black;Male;Rocky Mount;Edgecombe;No;01/01/2007;19/07/2009;Bicyclist Failed to Yield - Sign-Controlled Intersection;14;Intersection;01/07/2001;01/01/2001 14:06;Bicyclist Ride Through - Sign-Controlled Intersection;111144;2009;B: Evident Injury;Residential;NA;NA;Missing;21-25 mph;Injury;/Missing;NA;NA;No;Yes;Daylight;Mixed (30% To 70% Developed);4 lanes;2;Straight - Level;Local Street;Dry;Two-Way, Not Divided;None;No Special Feature;Grooved Concrete;Coastal;Urban;30 - 35  MPH;Stop Sign;Clear;No;35.930492, -77.79222
515;516;Yes;16-19;16;No;With Traffic;A: Disabling Injury;Bike Lane / Paved Shoulder;Black;Male;None - Rural Crash;Pitt;No;01/01/2006;08/08/2009;Bicyclist Left Turn / Merge;13;Non-Intersection;01/08/2001;01/01/2001 13:35;Bicyclist Left Turn - Same Direction;321221;2009;A: Disabling Injury;Residential;40-49;40;No;46-50 mph;O: No Injury;Black;Female;Passenger Car;No;No;Daylight;Urban (>70% Developed);2 lanes;2;Straight - Level;State Secondary Route;Dry;Two-Way, Not Divided;None;No Special Feature;Smooth Asphalt;Coastal;Rural;50 - 55  MPH;Double Yellow Line, No Passing Zone;Clear;No;35.649757, -77.41619
534;535;Yes;40-49;46;No;With Traffic;C: Possible Injury;Travel Lane;White;Male;Kill Devil Hills;Dare;No;01/01/2006;29/08/2009;Motorist Right Turn / Merge;13;Intersection;01/08/2001;01/01/2001 13:07;Motorist Right Turn - Same Direction;111213;2009;C: Possible Injury;Commercial;30-39;30;No;0-5 mph;O: No Injury;White;Female;Passenger Car;No;No;Daylight;Urban (>70% Developed);5 lanes;2;Straight - Level;US Route;Dry;Two-Way, Divided, Unprotected Median;None;Four-Way Intersection;Coarse Asphalt;Coastal;Urban;50 - 55  MPH;Stop And Go Signal;Clear;No;35.998623, -75.65205
536;537;Yes;40-49;48;Yes;With Traffic;B: Evident Injury;Travel Lane;Black;Male;None - Rural Crash;Wake;Yes;01/01/2004;24/09/2009;Other / Unusual Circumstances;22;Non-Intersection;01/09/2001;01/01/2001 22:43;Bicycle Only;311400;2009;B: Evident Injury;Farms, Woods, Pastures;NA;NA;Missing;41-45 mph;Injury;/Missing;NA;Passenger Car;No;Yes;Dark - Roadway Not Lighted;Rural (<30% Developed);2 lanes;2;Straight - Level;State Secondary Route;Dry;Two-Way, Not Divided;None;No Special Feature;Coarse Asphalt;Piedmont;Rural;40 - 45  MPH;Double Yellow Line, No Passing Zone;Clear;No;35.600098, -78.87942
541;542;No;10-juin;10;No;With Traffic;C: Possible Injury;Travel Lane;Black;Female;Charlotte;Mecklenburg;No;01/01/2005;11/09/2009;Loss of Control / Turning Error;17;Intersection;01/09/2001;01/01/2001 17:44;Motorist Turning Error - Left Turn;111111;2009;C: Possible Injury;Residential;60-69;67;No;11-15 mph;O: No Injury;White;Female;Passenger Car;No;No;Daylight;Urban (>70% Developed);2 lanes;2;Straight - Level;Local Street;Dry;Two-Way, Not Divided;None;Four-Way Intersection;Smooth Asphalt;Piedmont;Urban;20 - 25  MPH;Stop Sign;Clear;No;35.190487, -80.72908
546;547;Yes;40-49;49;No;With Traffic;B: Evident Injury;Travel Lane;White;Female;Carrboro;Orange;No;01/01/2007;13/09/2009;Motorist Overtaking Bicyclist;7;Intersection;01/09/2001;01/01/2001 07:39;Motorist Overtaking - Other /;111239;2009;B: Evident Injury;Residential;60-69;60;No;31-35 mph;O: No Injury;Black;Male;Passenger Car;No;No;Daylight;Urban (>70% Developed);2 lanes;2;Straight - Level;Local Street;Dry;Two-Way, Not Divided;None;T-Intersection;Smooth Asphalt;Piedmont;Urban;30 - 35  MPH;No Control Present;Clear;No;35.92753, -79.093216
548;549;Yes;50-59;56;No;With Traffic;A: Disabling Injury;Travel Lane;White;Male;None - Rural Crash;Iredell;No;01/01/2005;25/09/2009;Motorist Overtaking Bicyclist;13;Non-Intersection;01/09/2001;01/01/2001 13:16;Motorist Overtaking - Misjudged Space;311232;2009;A: Disabling Injury;Residential;70+;NA;No;41-45 mph;O: No Injury;White;Male;Pickup;No;No;Daylight;Rural (<30% Developed);2 lanes;2;Straight - Level;State Secondary Route;Dry;Two-Way, Not Divided;None;No Special Feature;Smooth Asphalt;Piedmont;Rural;40 - 45  MPH;Double Yellow Line, No Passing Zone;Clear;No;35.763615, -80.98644
549;550;No;20-24;24;No;With Traffic;B: Evident Injury;Travel Lane;White;Male;Charlotte;Mecklenburg;No;01/01/2004;17/09/2009;Motorist Right Turn / Merge;17;Intersection;01/09/2001;01/01/2001 17:02;Motorist Right Turn - Same Direction;111213;2009;B: Evident Injury;Commercial;30-39;30;No;31-35 mph;C: Possible Injury;White;Female;Sport Utility;No;No;Daylight;Urban (>70% Developed);4 lanes;2;Straight - Level;Local Street;Dry;Two-Way, Not Divided;None;No Special Feature;Smooth Asphalt;Piedmont;Urban;30 - 35  MPH;No Control Present;Cloudy;No;35.186714, -80.76577
560;561;Yes;40-49;47;No;Facing Traffic;B: Evident Injury;Travel Lane;Black;Female;Rocky Mount;Edgecombe;No;01/01/2005;14/08/2009;Motorist Failed to Yield - Sign-Controlled Intersection;9;Intersection;01/08/2001;01/01/2001 09:38;Motorist Drive Out - Sign-Controlled Intersection;112141;2009;B: Evident Injury;Commercial;60-69;62;No;0-5 mph;O: No Injury;White;Female;Sport Utility;No;No;Daylight;Urban (>70% Developed);3 lanes;2;Straight - Level;Local Street;Dry;Two-Way, Not Divided;None;No Special Feature;Smooth Asphalt;Coastal;Urban;30 - 35  MPH;Stop Sign;Clear;No;35.930653, -77.774475
561;562;Yes;50-59;56;No;With Traffic;B: Evident Injury;Travel Lane;Black;Male;Rocky Mount;Nash;No;NA;03/08/2009;Motorist Failed to Yield - Sign-Controlled Intersection;9;Intersection;01/08/2001;01/01/2001 09:35;Motorist Drive Through - Sign-Controlled Intersection;111143;2009;B: Evident Injury;Residential;40-49;47;No;21-25 mph;O: No Injury;White;Female;Passenger Car;No;No;Daylight;Urban (>70% Developed);2 lanes;2;Straight - Level;Local Street;Dry;One-Way, Not Divided;None;No Special Feature;Smooth Asphalt;Coastal;Urban;30 - 35  MPH;No Control Present;Clear;No;35.95829, -77.80242