FID;OBJECTID;AmbulanceR;BikeAge_Gr;Bike_Age;Bike_Alc_D;Bike_Dir;Bike_Injur;Bike_Pos;Bike_Race;Bike_Sex;City;County;CrashAlcoh;CrashDay;Crash_Date;Crash_Grp;Crash_Hour;Crash_Loc;Crash_Mont;Crash_Time;Crash_Type;Crash_Ty_1;Crash_Year;Crsh_Sevri;Developmen;DrvrAge_Gr;Drvr_Age;Drvr_Alc_D;Drvr_EstSp;Drvr_Injur;Drvr_Race;Drvr_Sex;Drvr_VehTy;ExcsSpdInd;Hit_Run;Light_Cond;Locality;Num_Lanes;Num_Units;Rd_Charact;Rd_Class;Rd_Conditi;Rd_Config;Rd_Defects;Rd_Feature;Rd_Surface;Region;Rural_Urba;Speed_Limi;Traff_Cntr;Weather;Workzone_I;Location
743;744;Yes;40-49;41;Yes;Facing Traffic;C: Possible Injury;Travel Lane;Black;Male;Lumberton;Robeson;Yes;01/01/2004;03/12/2009;Head-On;19;Non-Intersection;01/12/2001;01/01/2001 19:38;Head-On - Bicyclist;312250;2009;C: Possible Injury;Commercial;NA;NA;Missing;NA;Injury;/Missing;NA;NA;No;Yes;Dark - Lighted Roadway;Urban (>70% Developed);5 lanes;2;Straight - Level;NC Route;Dry;Two-Way, Not Divided;None;No Special Feature;Coarse Asphalt;Coastal;Urban;NA;No Control Present;Clear;No;34.628933, -78.98819
745;746;Yes;60-69;62;No;With Traffic;B: Evident Injury;Travel Lane;Native American;Male;None - Rural Crash;Robeson;No;01/01/2002;08/12/2009;Motorist Overtaking Bicyclist;17;Non-Intersection;01/12/2001;01/01/2001 17:38;Motorist Overtaking - Other /;311239;2009;B: Evident Injury;Farms, Woods, Pastures;70+;NA;No;51-55 mph;O: No Injury;White;Male;Pickup;No;No;Dark - Roadway Not Lighted;Rural (<30% Developed);2 lanes;2;Straight - Level;NC Route;Wet;Two-Way, Not Divided;None;No Special Feature;Coarse Asphalt;Coastal;Rural;50 - 55  MPH;No Control Present;Rain;No;34.662434, -79.02927
747;748;No;25-29;29;No;With Traffic;B: Evident Injury;Travel Lane;White;Female;Carrboro;Orange;No;01/01/2002;08/12/2009;Motorist Failed to Yield - Midblock;17;Non-Intersection;01/12/2001;01/01/2001 17:44;Motorist Drive Out - Residential Driveway;311321;2009;B: Evident Injury;Residential;40-49;43;No;0-5 mph;O: No Injury;White;Male;Passenger Car;No;No;Dark - Roadway Not Lighted;Urban (>70% Developed);NA;2;Straight - Level;Local Street;Dry;Two-Way, Not Divided;None;No Special Feature;Coarse Asphalt;Piedmont;Urban;30 - 35  MPH;No Control Present;Clear;No;35.923958, -79.09035
754;755;Yes;20-24;22;No;With Traffic;C: Possible Injury;Travel Lane;White;Male;Greensboro;Guilford;No;NA;21/12/2009;Loss of Control / Turning Error;13;Intersection;01/12/2001;01/01/2001 13:53;Bicyclist Lost Control - Mechanical Problems;111121;2009;C: Possible Injury;Commercial;20-24;23;No;16-20 mph;O: No Injury;White;Female;Passenger Car;No;No;Daylight;Urban (>70% Developed);2 lanes;2;Straight - Level;Local Street;Dry;Two-Way, Not Divided;None;T-Intersection;Smooth Asphalt;Piedmont;Urban;30 - 35  MPH;Stop Sign;Clear;No;36.07505, -79.814964
757;758;Yes;30-39;33;No;With Traffic;C: Possible Injury;Travel Lane;Black;Male;Winston-Salem;Forsyth;No;01/01/2005;11/12/2009;Motorist Overtaking Bicyclist;16;Non-Intersection;01/12/2001;01/01/2001 16:36;Motorist Overtaking - Other /;311239;2009;C: Possible Injury;Commercial;20-24;22;No;11-15 mph;O: No Injury;White;Male;Passenger Car;No;No;Daylight;Urban (>70% Developed);3 lanes;2;Straight - Bottom;State Secondary Route;Dry;Two-Way, Divided, Unprotected Median;None;No Special Feature;Smooth Asphalt;Piedmont;Urban;30 - 35  MPH;Double Yellow Line, No Passing Zone;Clear;No;36.09236, -80.26885
763;764;No;25-29;28;No;With Traffic;B: Evident Injury;Travel Lane;White;Female;Charlotte;Mecklenburg;No;01/01/2007;27/12/2009;Motorist Left Turn / Merge;14;Non-Intersection;01/12/2001;01/01/2001 14:47;Motorist Left Turn - Opposite Direction;311212;2009;B: Evident Injury;Residential;30-39;31;No;16-20 mph;O: No Injury;White;Female;Passenger Car;No;No;Daylight;Urban (>70% Developed);3 lanes;2;Straight - Grade;Local Street;Dry;Two-Way, Not Divided;None;Four-Way Intersection;Smooth Asphalt;Piedmont;Urban;30 - 35  MPH;Stop And Go Signal;Clear;No;35.15758, -80.82736
764;765;Yes;16-19;16;No;With Traffic;B: Evident Injury;Bike Lane / Paved Shoulder;White;Male;Raleigh;Wake;No;01/01/2004;24/12/2009;Bicyclist Left Turn / Merge;19;Intersection;01/12/2001;01/01/2001 19:29;Bicyclist Left Turn - Same Direction;121221;2009;B: Evident Injury;Residential;NA;NA;No;31-35 mph;Injury;/Missing;NA;Passenger Car;No;Yes;Dark -  Lighting;Urban (>70% Developed);2 lanes;2;Curve - Bottom;Local Street;Dry;Two-Way, Not Divided;None;T-Intersection;Coarse Asphalt;Piedmont;Urban;30 - 35  MPH;Double Yellow Line, No Passing Zone;Clear;No;35.82737, -78.591385
774;775;Yes;15-nov;15;No;With Traffic;O: No Injury;Travel Lane;White;Male;Wilson;Wilson;No;01/01/2006;27/06/2009;Crossing Paths - Other Circumstances;17;Intersection-Related;01/06/2001;01/01/2001 17:41;Crossing Paths - Intersection - Other /;211180;2009;O: No Injury;Residential;20-24;20;No;46-50 mph;O: No Injury;White;Female;Passenger Car;No;No;Daylight;Urban (>70% Developed);2 lanes;2;Straight - Level;Local Street;Dry;Two-Way, Not Divided;None;Four-Way Intersection;Coarse Asphalt;Coastal;Urban;40 - 45  MPH;Stop Sign;Clear;No;35.7769, -77.91906
780;781;No;16-19;18;No;With Traffic;O: No Injury;Travel Lane;White;Male;Charlotte;Mecklenburg;No;NA;26/10/2009;Crossing Paths - Other Circumstances;10;Intersection;01/10/2001;01/01/2001 10:35;Signalized Intersection - Other /;111158;2009;O: No Injury;Commercial;60-69;60;No;11-15 mph;O: No Injury;White;Male;Passenger Car;No;No;Daylight;Urban (>70% Developed);4 lanes;2;Straight - Grade;Local Street;Dry;Two-Way, Not Divided;None;Four-Way Intersection;Smooth Asphalt;Piedmont;Urban;20 - 25  MPH;Stop And Go Signal;Cloudy;No;35.22366, -80.83911
782;783;No;50-59;59;No;With Traffic;B: Evident Injury;Travel Lane;White;Male;Charlotte;Mecklenburg;No;01/01/2007;15/11/2009;Motorist Right Turn / Merge;16;Non-Intersection;01/11/2001;01/01/2001 16:10;Motorist Right Turn - Same Direction;311213;2009;B: Evident Injury;Residential;50-59;51;No;6-10 mph;O: No Injury;White;Female;Passenger Car;No;No;Daylight;Urban (>70% Developed);2 lanes;2;Straight - Grade;Local Street;Dry;Two-Way, Not Divided;None;No Special Feature;Smooth Asphalt;Piedmont;Urban;20 - 25  MPH;No Control Present;Clear;No;35.22997, -80.78191
89;90;Yes;40-49;49;No;With Traffic;B: Evident Injury;Travel Lane;Black;Male;None - Rural Crash;Bertie;No;01/01/2003;24/03/2010;Motorist Overtaking Bicyclist;20;Non-Intersection;01/03/2001;01/01/2001 20:03;Motorist Overtaking - Misjudged Space;0;2010;B: Evident Injury;Farms, Woods, Pastures;60-69;66;No;46-50 mph;O: No Injury;Black;Male;Pickup;No;No;Dark - Roadway Not Lighted;Rural (<30% Developed);2 lanes;2;Straight - Level;NC Route;Dry;Two-Way, Not Divided;None;No Special Feature;Coarse Asphalt;Coastal;Rural;50 - 55  MPH;No Control Present;Clear;No;35.991413, -76.76967
90;91;Yes;16-19;16;No;With Traffic;K: Killed;Travel Lane;White;Male;Lenoir;Caldwell;No;01/01/2002;23/03/2010;Bicyclist Failed to Yield - Sign-Controlled Intersection;18;Intersection;01/03/2001;01/01/2001 18:24;Bicyclist Ride Through - Sign-Controlled Intersection;0;2010;K: Killed;Residential;30-39;36;No;21-25 mph;O: No Injury;White;Male;Pickup;No;No;Daylight;Urban (>70% Developed);2 lanes;2;Straight - Level;Local Street;Dry;Two-Way, Not Divided;None;T-Intersection;Coarse Asphalt;Mountains;Urban;30 - 35  MPH;Stop Sign;Clear;No;35.92288, -81.552086
103;104;No;16-19;17;No;With Traffic;O: No Injury;Travel Lane;White;Male;None - Rural Crash;New Hanover;No;01/01/2005;02/04/2010;Bicyclist Left Turn / Merge;10;Non-Intersection;01/04/2001;01/01/2001 10:47;Bicyclist Left Turn - Same Direction;0;2010;O: No Injury;Commercial;0-19;19;No;31-35 mph;O: No Injury;White;Female;Pickup;No;No;Daylight;Mixed (30% To 70% Developed);2 lanes;2;Straight - Level;NC Route;Dry;Two-Way, Not Divided;None;No Special Feature;Coarse Asphalt;Coastal;Rural;40 - 45  MPH;No Control Present;Clear;No;34.295372, -77.921326
106;107;No;30-39;38;No;With Traffic;C: Possible Injury;Travel Lane;Black;Male;Wilmington;New Hanover;No;01/01/2002;16/03/2010;Motorist Right Turn / Merge;19;Intersection;01/03/2001;01/01/2001 19:57;Motorist Right Turn - Same Direction;0;2010;C: Possible Injury;Commercial;40-49;41;No;6-10 mph;O: No Injury;White;Male;Pickup;No;No;Dark - Lighted Roadway;Urban (>70% Developed);NA;2;Straight - Level;Local Street;Dry;Two-Way, Divided, Unprotected Median;None;Four-Way Intersection;Smooth Asphalt;Coastal;Urban;30 - 35  MPH;Stop And Go Signal;Clear;No;34.23916, -77.943855
107;108;Yes;25-29;25;Yes;Not Applicable;C: Possible Injury;Sidewalk / Crosswalk / Driveway Crossing;Hispanic;Male;Charlotte;Mecklenburg;Yes;01/01/2002;23/03/2010;Motorist Failed to Yield - Midblock;18;Non-Intersection;01/03/2001;01/01/2001 18:56;Motorist Drive Out - Commercial Driveway / Alley;0;2010;C: Possible Injury;Residential;20-24;21;No;0-5 mph;O: No Injury;Black;Male;Passenger Car;No;No;Daylight;Urban (>70% Developed);6 lanes;2;Straight - Level;Private Road, Driveway;Dry;Two-Way, Divided, Positive Median Barrier;None;Driveway, Private;Smooth Asphalt;Piedmont;Urban;5 - 15 MPH;No Control Present;Clear;No;35.229122, -80.77459
108;109;Yes;30-39;35;No;With Traffic;B: Evident Injury;Travel Lane;White;Female;Charlotte;Mecklenburg;No;01/01/2003;24/03/2010;Motorist Left Turn / Merge;17;Intersection;01/03/2001;01/01/2001 17:33;Motorist Left Turn - Opposite Direction;0;2010;B: Evident Injury;Commercial;0-19;19;No;6-10 mph;O: No Injury;White;Female;Passenger Car;No;No;Daylight;Urban (>70% Developed);2 lanes;2;Straight - Level;Local Street;Dry;Two-Way, Not Divided;None;Four-Way Intersection;Smooth Asphalt;Piedmont;Urban;30 - 35  MPH;Stop Sign;Clear;No;35.186993, -80.83309
110;111;No;50-59;52;No;With Traffic;C: Possible Injury;Travel Lane;Black;Male;Greensboro;Guilford;No;01/01/2004;18/03/2010;Motorist Left Turn / Merge;20;Intersection;01/03/2001;01/01/2001 20:10;Motorist Left Turn - Opposite Direction;0;2010;C: Possible Injury;Commercial;25-29;29;No;16-20 mph;O: No Injury;White;Female;Passenger Car;No;No;Dark - Lighted Roadway;Urban (>70% Developed);2 lanes;2;Curve - Bottom;Local Street;Dry;Two-Way, Not Divided;None;Four-Way Intersection;Coarse Asphalt;Piedmont;Urban;20 - 25  MPH;Stop Sign;Clear;No;36.068108, -79.79002
118;119;No;70+;NA;No;With Traffic;B: Evident Injury;Travel Lane;White;Male;None - Rural Crash;Beaufort;No;01/01/2007;11/04/2010;Bicyclist Left Turn / Merge;15;Non-Intersection;01/04/2001;01/01/2001 15:37;Bicyclist Left Turn - Same Direction;0;2010;B: Evident Injury;Residential;60-69;60;No;51-55 mph;O: No Injury;Black;Male;Van;No;No;Daylight;Rural (<30% Developed);2 lanes;2;Straight - Level;US Route;Dry;Two-Way, Not Divided;None;No Special Feature;Smooth Asphalt;Coastal;Rural;50 - 55  MPH;No Control Present;Clear;No;35.522594, -76.83873
144;145;Yes;25-29;25;No;With Traffic;B: Evident Injury;Travel Lane;White;Male;Wilmington;New Hanover;No;01/01/2002;13/04/2010;Motorist Overtaking Bicyclist;6;Non-Intersection;01/04/2001;01/01/2001 06:27;Motorist Overtaking - Other /;0;2010;B: Evident Injury;Commercial;50-59;59;No;31-35 mph;O: No Injury;White;Male;Passenger Car;No;No;Daylight;Urban (>70% Developed);2 lanes;2;Straight - Grade;Local Street;Dry;Two-Way, Not Divided;None;No Special Feature;Smooth Asphalt;Coastal;Urban;30 - 35  MPH;Stop And Go Signal;Clear;No;34.209137, -77.88041
145;146;No;20-24;21;No;With Traffic;B: Evident Injury;Sidewalk / Crosswalk / Driveway Crossing;White;Male;Raleigh;Wake;No;NA;12/04/2010;Motorist Left Turn / Merge;18;Intersection;01/04/2001;01/01/2001 18:47;Motorist Left Turn - Opposite Direction;0;2010;B: Evident Injury;Institutional;0-19;19;No;16-20 mph;O: No Injury;White;Female;Passenger Car;No;No;Daylight;Urban (>70% Developed);3 lanes;2;Straight - Level;Local Street;Dry;Two-Way, Not Divided;None;T-Intersection;Coarse Asphalt;Piedmont;Urban;5 - 15 MPH;Yield Sign;Clear;No;35.783783, -78.66842
154;155;Yes;30-39;33;No;With Traffic;B: Evident Injury;Travel Lane;White;Female;Southern Pines;Moore;No;01/01/2002;06/04/2010;Motorist Failed to Yield - Sign-Controlled Intersection;14;Intersection;01/04/2001;01/01/2001 14:29;Motorist Drive Out - Sign-Controlled Intersection;0;2010;B: Evident Injury;Residential;0-19;16;No;0-5 mph;O: No Injury;White;Male;Pickup;No;No;Daylight;Urban (>70% Developed);4 lanes;2;Straight - Grade;NC Route;Dry;Two-Way, Divided, Unprotected Median;None;T-Intersection;Coarse Asphalt;Piedmont;Urban;40 - 45  MPH;Stop Sign;Clear;No;35.1927, -79.38724
163;164;Yes;50-59;57;No;With Traffic;C: Possible Injury;Travel Lane;Black;Male;None - Rural Crash;Halifax;No;01/01/2003;21/04/2010;Motorist Overtaking Bicyclist;19;Non-Intersection;01/04/2001;01/01/2001 19:21;Motorist Overtaking - Other /;0;2010;C: Possible Injury;Farms, Woods, Pastures;30-39;33;No;51-55 mph;O: No Injury;Black;Male;Sport Utility;No;No;Dusk;Rural (<30% Developed);2 lanes;2;Straight - Level;NC Route;Dry;Two-Way, Not Divided;None;No Special Feature;Smooth Asphalt;Coastal;Rural;50 - 55  MPH;No Control Present;Clear;No;36.018814, -77.41089
172;173;Yes;60-69;61;No;Facing Traffic;C: Possible Injury;Travel Lane;White;Male;None - Rural Crash;New Hanover;No;NA;26/04/2010;Head-On;11;Non-Intersection;01/04/2001;01/01/2001 10:59;Head-On - Bicyclist;0;2010;C: Possible Injury;Commercial;30-39;30;No;0-5 mph;O: No Injury;White;Female;Passenger Car;No;No;Daylight;Urban (>70% Developed);3 lanes;2;Straight - Level;State Secondary Route;Dry;Two-Way, Not Divided;None;T-Intersection;Coarse Asphalt;Coastal;Rural;40 - 45  MPH;No Control Present;Clear;No;34.264072, -77.83248
669;670;Yes;16-19;18;No;Not Applicable;B: Evident Injury;Non-Roadway;Black;Male;Charlotte;Mecklenburg;No;01/01/2003;17/09/2008;Bicyclist Failed to Yield - Midblock;16;Non-Intersection;01/09/2001;01/01/2001 16:07;Bicyclist Ride Out - Commercial Driveway / Alley;363312;2008;B: Evident Injury;Commercial;20-24;21;No;16-20 mph;O: No Injury;Hispanic;Male;Passenger Car;No;No;Daylight;Urban (>70% Developed);4 lanes;2;Straight - Level;Local Street;Dry;Two-Way, Divided, Unprotected Median;None;No Special Feature;Smooth Asphalt;Piedmont;Urban;30 - 35  MPH;No Control Present;Cloudy;No;0.0, 0.0
672;673;No;30-39;31;No;Facing Traffic;C: Possible Injury;Travel Lane;Black;Male;Rocky Mount;Nash;No;01/01/2005;27/06/2008;Motorist Failed to Yield - Midblock;19;Non-Intersection;01/06/2001;01/01/2001 19:29;Motorist Drive Out - Commercial Driveway / Alley;312322;2008;C: Possible Injury;Commercial;25-29;26;No;0-5 mph;O: No Injury;Black;Male;Passenger Car;No;No;Daylight;Urban (>70% Developed);3 lanes;2;Straight - Level;Local Street;Dry;Two-Way, Not Divided;None;No Special Feature;Smooth Asphalt;Coastal;Urban;30 - 35  MPH;Missing;Clear;No;0.0, 0.0
674;675;Yes;15-nov;15;No;With Traffic;C: Possible Injury;Travel Lane;Black;Male;None - Rural Crash;Franklin;No;01/01/2006;13/09/2008;Bicyclist Left Turn / Merge;16;Non-Intersection;01/09/2001;01/01/2001 16:29;Bicyclist Left Turn - Same Direction;311221;2008;C: Possible Injury;Farms, Woods, Pastures;40-49;43;No;36-40 mph;O: No Injury;White;Male;Pickup;No;No;Daylight;Rural (<30% Developed);2 lanes;2;Curve - Level;State Secondary Route;Dry;Two-Way, Not Divided;None;No Special Feature;Coarse Asphalt;Piedmont;Rural;50 - 55  MPH;Double Yellow Line, No Passing Zone;Clear;No;0.0, 0.0
681;682;Yes;NA;NA;Missing;Facing Traffic;Injury;Travel Lane;/Missing;NA;Gastonia;Gaston;No;01/01/2002;02/09/2008;Motorist Failed to Yield - Midblock;14;Non-Intersection;01/09/2001;01/01/2001 14:04;Motorist Drive Out - Commercial Driveway / Alley;312322;2008;C: Possible Injury;Commercial;30-39;32;No;NA;C: Possible Injury;White;Male;Pedalcycle;No;Yes;Daylight;Urban (>70% Developed);5 lanes;2;Straight - Level;Local Street;Dry;Two-Way, Not Divided;None;Driveway, Public;Smooth Asphalt;Piedmont;Urban;NA;Missing;Clear;No;0.0, 0.0
700;701;Yes;30-39;33;No;With Traffic;C: Possible Injury;Travel Lane;White;Female;None - Rural Crash;Orange;No;01/01/2004;04/09/2008;Motorist Overtaking Bicyclist;13;Non-Intersection;01/09/2001;01/01/2001 13:42;Motorist Overtaking - Other /;311239;2008;C: Possible Injury;Farms, Woods, Pastures;50-59;53;No;41-45 mph;O: No Injury;White;Male;Pickup;No;No;Daylight;Rural (<30% Developed);2 lanes;2;Curve - Grade;State Secondary Route;Dry;Two-Way, Not Divided;None;No Special Feature;Smooth Asphalt;Piedmont;Rural;40 - 45  MPH;Double Yellow Line, No Passing Zone;Clear;No;0.0, 0.0
706;707;Yes;40-49;45;No;With Traffic;K: Killed;Bike Lane / Paved Shoulder;White;Male;None - Rural Crash;New Hanover;No;01/01/2002;09/09/2008;Motorist Right Turn / Merge;18;Non-Intersection;01/09/2001;01/01/2001 18:30;Motorist Right Turn - Same Direction;321213;2008;K: Killed;Residential;0-19;19;No;51-55 mph;O: No Injury;White;Male;Passenger Car;No;No;Daylight;Rural (<30% Developed);2 lanes;2;Straight - Level;State Secondary Route;Dry;Two-Way, Not Divided;None;Other;Coarse Asphalt;Coastal;Rural;50 - 55  MPH;Other;Clear;No;0.0, 0.0
806;807;No;30-39;36;No;With Traffic;C: Possible Injury;Travel Lane;Black;Male;Gastonia;Gaston;No;01/01/2007;07/10/2012;Motorist Failed to Yield - Sign-Controlled Intersection;19;Intersection;01/10/2001;01/01/2001 19:27;Motorist Drive Through - Sign-Controlled Intersection;NA;2012;C: Possible Injury;Residential;NA;NA;Missing;21-25 mph;Injury;/Missing;NA;NA;No;Yes;Dark - Lighted Roadway;Urban (>70% Developed);2 lanes;2;Straight - Level;Local Street;Dry;Two-Way, Not Divided;None;No Special Feature;Smooth Asphalt;Piedmont;Urban;20 - 25  MPH;No Control Present;Clear;No;35.2576, -81.2109
815;816;No;50-59;56;No;With Traffic;C: Possible Injury;Travel Lane;White;Male;Winston-Salem;Forsyth;No;01/01/2007;14/10/2012;Motorist Right Turn / Merge;18;Intersection;01/10/2001;01/01/2001 18:29;Motorist Right Turn - Same Direction;NA;2012;C: Possible Injury;Commercial;40-49;44;No;11-15 mph;O: No Injury;Hispanic;Female;Sport Utility;No;No;Dusk;Urban (>70% Developed);7 lanes;2;Straight - Grade;Local Street;Dry;Two-Way, Divided, Positive Median Barrier;None;Four-Way Intersection;Smooth Asphalt;Piedmont;Urban;30 - 35  MPH;Stop And Go Signal;Clear;No;36.12906, -80.2875
820;821;No;20-24;21;No;With Traffic;C: Possible Injury;Travel Lane;White;Male;None - Rural Crash;Guilford;No;01/01/2004;18/10/2012;Motorist Right Turn / Merge;10;Intersection;01/10/2001;01/01/2001 10:32;Motorist Right Turn - Same Direction;NA;2012;C: Possible Injury;Institutional;0-19;19;No;21-25 mph;O: No Injury;White;Female;Passenger Car;No;No;Daylight;Urban (>70% Developed);2 lanes;2;Straight - Level;Local Street;Dry;Two-Way, Divided, Positive Median Barrier;None;No Special Feature;Smooth Asphalt;Piedmont;Rural;20 - 25  MPH;Stop Sign;Clear;No;36.06529, -79.8127
825;826;Yes;20-24;24;No;With Traffic;B: Evident Injury;Travel Lane;White;Female;Chapel Hill;Orange;No;NA;22/10/2012;Motorist Left Turn / Merge;16;Intersection;01/10/2001;01/01/2001 16:38;Motorist Left Turn - Opposite Direction;NA;2012;B: Evident Injury;Residential;70;70;No;6-10 mph;O: No Injury;White;Female;Passenger Car;No;No;Daylight;Urban (>70% Developed);4 lanes;2;Straight - Grade;Local Street;Dry;Two-Way, Not Divided;None;Four-Way Intersection;Smooth Asphalt;Piedmont;Urban;30 - 35  MPH;Stop And Go Signal;Clear;No;35.91688, -79.0459
826;827;Yes;15-nov;13;No;Facing Traffic;C: Possible Injury;Travel Lane;White;Male;Durham;Durham;No;NA;29/10/2012;Head-On;15;Intersection;01/10/2001;01/01/2001 15:17;Head-On - Bicyclist;NA;2012;C: Possible Injury;Residential;70;70;No;31-35 mph;O: No Injury;White;Male;Sport Utility;No;No;Daylight;Urban (>70% Developed);2 lanes;2;Straight - Level;Local Street;Dry;Two-Way, Divided, Unprotected Median;None;No Special Feature;Smooth Asphalt;Piedmont;Urban;30 - 35  MPH;Stop Sign;Cloudy;No;36.03254, -78.9843
830;831;Yes;60-69;67;No;Facing Traffic;C: Possible Injury;Sidewalk / Crosswalk / Driveway Crossing;Black;Male;Fayetteville;Cumberland;No;01/01/2002;23/10/2012;Motorist Failed to Yield - Sign-Controlled Intersection;11;Intersection;01/10/2001;01/01/2001 11:57;Motorist Drive Out - Sign-Controlled Intersection;NA;2012;C: Possible Injury;Commercial;25-29;25;No;0-5 mph;O: No Injury;/Missing;Male;Police;No;No;Daylight;Urban (>70% Developed);2 lanes;2;Straight - Level;Local Street;Dry;Two-Way, Not Divided;None;T-Intersection;Coarse Asphalt;Coastal;Urban;30 - 35  MPH;Stop Sign;Clear;No;35.06493, -78.8898
836;837;Yes;15-nov;11;No;With Traffic;B: Evident Injury;Travel Lane;Hispanic;Male;Maiden;Catawba;No;NA;06/08/2012;Bicyclist Failed to Yield - Sign-Controlled Intersection;11;Intersection;01/08/2001;01/01/2001 11:24;Bicyclist Ride Through - Sign-Controlled Intersection;NA;2012;B: Evident Injury;Residential;40-49;42;No;31-35 mph;O: No Injury;White;Female;Passenger Car;No;No;Daylight;Urban (>70% Developed);2 lanes;2;Straight - Hillcrest;Local Street;Dry;Two-Way, Not Divided;None;T-Intersection;Smooth Asphalt;Piedmont;Rural;30 - 35  MPH;Stop Sign;Cloudy;No;35.57626, -81.206
839;840;Yes;50-59;56;No;Facing Traffic;C: Possible Injury;Travel Lane;White;Female;Fayetteville;Cumberland;No;01/01/2003;24/10/2012;Motorist Failed to Yield - Midblock;16;Non-Intersection;01/10/2001;01/01/2001 16:17;Motorist Drive Out - Commercial Driveway / Alley;NA;2012;C: Possible Injury;Commercial;25-29;28;No;0-5 mph;O: No Injury;White;Male;Passenger Car;No;No;Daylight;Urban (>70% Developed);6 lanes;2;Straight - Level;Local Street;Dry;Two-Way, Not Divided;None;No Special Feature;Smooth Asphalt;Coastal;Urban;30 - 35  MPH;No Control Present;Clear;No;35.04631, -78.8654
851;852;No;20-24;23;No;With Traffic;C: Possible Injury;Sidewalk / Crosswalk / Driveway Crossing;Black;Male;Fayetteville;Cumberland;No;NA;29/10/2012;Crossing Paths - Other Circumstances;6;Intersection;01/10/2001;01/01/2001 06:00;Signalized Intersection - Other /;NA;2012;C: Possible Injury;Commercial;NA;NA;Missing;16-20 mph;Injury;/Missing;NA;NA;No;Yes;Dark - Lighted Roadway;Urban (>70% Developed);5 lanes;2;Straight - Level;Local Street;Dry;Two-Way, Not Divided;None;Four-Way Intersection;Coarse Asphalt;Coastal;Urban;30 - 35  MPH;Stop And Go Signal;Clear;No;35.05044, -78.8791
852;853;Yes;50-59;57;Yes;With Traffic;B: Evident Injury;Travel Lane;Asian;Male;None - Rural Crash;Davidson;Yes;01/01/2002;06/11/2012;Motorist Overtaking Bicyclist;10;Non-Intersection;01/11/2001;01/01/2001 10:15;Motorist Overtaking - Bicyclist Swerved;NA;2012;B: Evident Injury;Farms, Woods, Pastures;70;70;No;36-40 mph;O: No Injury;Black;Male;Van;No;No;Daylight;Rural (<30% Developed);4 lanes;2;Curve - Level;NC Route;Dry;Two-Way, Not Divided;None;No Special Feature;Smooth Asphalt;Piedmont;Rural;40 - 45  MPH;No Control Present;Cloudy;No;35.76274, -80.2635
859;860;Yes;20-24;24;No;With Traffic;C: Possible Injury;Travel Lane;White;Male;Asheville;Buncombe;No;01/01/2003;24/10/2012;Motorist Left Turn / Merge;19;Intersection;01/10/2001;01/01/2001 19:16;Motorist Left Turn - Opposite Direction;NA;2012;C: Possible Injury;Commercial;20-24;20;No;0-5 mph;O: No Injury;White;Female;Passenger Car;No;No;Dark - Lighted Roadway;Urban (>70% Developed);3 lanes;2;Straight - Grade;Local Street;Dry;Two-Way, Not Divided;None;Four-Way Intersection;Coarse Asphalt;Mountains;Urban;30 - 35  MPH;Stop And Go Signal;Clear;No;35.59792, -82.5537
860;861;Yes;40-49;47;No;With Traffic;C: Possible Injury;Bike Lane / Paved Shoulder;White;Male;Charlotte;Mecklenburg;No;01/01/2005;02/11/2012;Motorist Right Turn / Merge;11;Intersection;01/11/2001;01/01/2001 11:55;Motorist Right Turn - Same Direction;NA;2012;C: Possible Injury;Commercial;20-24;24;No;41-45 mph;O: No Injury;White;Female;Sport Utility;No;No;Daylight;Urban (>70% Developed);6 lanes;2;Straight - Level;Local Street;Dry;Two-Way, Divided, Unprotected Median;None;Four-Way Intersection;Smooth Asphalt;Piedmont;Urban;40 - 45  MPH;Stop And Go Signal;Clear;No;35.05448, -80.8501
862;863;Yes;40-49;48;Yes;With Traffic;K: Killed;Travel Lane;Black;Male;None - Rural Crash;Lee;Yes;01/01/2002;06/11/2012;Motorist Overtaking Bicyclist;20;Non-Intersection;01/11/2001;01/01/2001 20:28;Motorist Overtaking - Other /;NA;2012;K: Killed;Farms, Woods, Pastures;30-39;36;No;51-55 mph;O: No Injury;White;Male;Passenger Car;No;No;Dark - Roadway Not Lighted;Rural (<30% Developed);2 lanes;2;Curve - Level;State Secondary Route;Dry;Two-Way, Not Divided;None;No Special Feature;Smooth Asphalt;Piedmont;Rural;50 - 55  MPH;Double Yellow Line, No Passing Zone;Clear;No;35.41306, -79.1492
864;865;Yes;16-19;17;No;Facing Traffic;C: Possible Injury;Sidewalk / Crosswalk / Driveway Crossing;Black;Male;Charlotte;Mecklenburg;No;01/01/2006;10/11/2012;Crossing Paths - Other Circumstances;12;Intersection;01/11/2001;01/01/2001 12:43;Signalized Intersection - Other /;NA;2012;C: Possible Injury;Commercial;NA;NA;Missing;31-35 mph;Injury;/Missing;NA;NA;No;Yes;Daylight;Urban (>70% Developed);4 lanes;2;Straight - Level;Local Street;Dry;Two-Way, Divided, Unprotected Median;None;No Special Feature;Smooth Asphalt;Piedmont;Urban;30 - 35  MPH;Stop And Go Signal;Clear;No;35.21606, -80.8836