FID;OBJECTID;AmbulanceR;BikeAge_Gr;Bike_Age;Bike_Alc_D;Bike_Dir;Bike_Injur;Bike_Pos;Bike_Race;Bike_Sex;City;County;CrashAlcoh;CrashDay;Crash_Date;Crash_Grp;Crash_Hour;Crash_Loc;Crash_Mont;Crash_Time;Crash_Type;Crash_Ty_1;Crash_Year;Crsh_Sevri;Developmen;DrvrAge_Gr;Drvr_Age;Drvr_Alc_D;Drvr_EstSp;Drvr_Injur;Drvr_Race;Drvr_Sex;Drvr_VehTy;ExcsSpdInd;Hit_Run;Light_Cond;Locality;Num_Lanes;Num_Units;Rd_Charact;Rd_Class;Rd_Conditi;Rd_Config;Rd_Defects;Rd_Feature;Rd_Surface;Region;Rural_Urba;Speed_Limi;Traff_Cntr;Weather;Workzone_I;Location
868;869;Yes;50-59;51;No;With Traffic;B: Evident Injury;Travel Lane;Black;Male;Rocky Mount;Nash;No;01/01/2004;18/10/2012;Loss of Control / Turning Error;9;Non-Intersection;01/10/2001;01/01/2001 09:58;Motorist Lost Control - Other /;NA;2012;B: Evident Injury;Residential;70;70;No;6-10 mph;C: Possible Injury;White;Male;Pickup;No;No;Daylight;Urban (>70% Developed);2 lanes;3;Straight - Level;Local Street;Dry;Two-Way, Not Divided;None;Four-Way Intersection;Smooth Asphalt;Coastal;Urban;20 - 25  MPH;Stop Sign;Clear;No;35.93205, -77.8065
869;870;Yes;40-49;44;No;Facing Traffic;B: Evident Injury;Sidewalk / Crosswalk / Driveway Crossing;White;Male;Morrisville;Wake;No;01/01/2004;08/11/2012;Motorist Right Turn / Merge;16;Intersection;01/11/2001;01/01/2001 16:33;Motorist Right Turn - Opposite Direction;NA;2012;B: Evident Injury;Commercial;25-29;27;No;11-15 mph;O: No Injury;Black;Male;Passenger Car;No;No;Dusk;Urban (>70% Developed);4 lanes;2;Straight - Grade;Local Street;Dry;Two-Way, Divided, Unprotected Median;None;Four-Way Intersection;Smooth Asphalt;Piedmont;Urban;30 - 35  MPH;Stop And Go Signal;Clear;No;35.8535, -78.8288
872;873;Yes;60-69;68;No;With Traffic;C: Possible Injury;Travel Lane;White;Male;Greensboro;Guilford;No;01/01/2007;11/11/2012;Motorist Overtaking Bicyclist;10;Non-Intersection;01/11/2001;01/01/2001 10:54;Motorist Overtaking - Undetected Bicyclist;NA;2012;C: Possible Injury;Residential;25-29;28;No;21-25 mph;O: No Injury;Black;Female;Passenger Car;No;No;Daylight;Urban (>70% Developed);2 lanes;3;Straight - Level;Local Street;Dry;Two-Way, Not Divided;None;No Special Feature;Smooth Asphalt;Piedmont;Urban;30 - 35  MPH;No Control Present;Clear;No;36.13689, -79.8238
876;877;Yes;15-nov;14;No;With Traffic;B: Evident Injury;Travel Lane;White;Male;None - Rural Crash;Cabarrus;No;01/01/2002;13/11/2012;Bicyclist Failed to Yield - Sign-Controlled Intersection;17;Intersection;01/11/2001;01/01/2001 17:01;Bicyclist Ride Through - Sign-Controlled Intersection;NA;2012;B: Evident Injury;Residential;0-19;17;No;41-45 mph;O: No Injury;Black;Male;Passenger Car;No;No;Daylight;Mixed (30% To 70% Developed);2 lanes;2;Straight - Grade;State Secondary Route;Dry;Two-Way, Not Divided;None;Four-Way Intersection;Coarse Asphalt;Piedmont;Rural;40 - 45  MPH;Stop Sign;Clear;No;35.36284, -80.56
880;881;Yes;30-39;35;No;With Traffic;B: Evident Injury;Travel Lane;White;Male;Lenoir;Caldwell;No;01/01/2004;15/11/2012;Motorist Overtaking Bicyclist;18;Non-Intersection;01/11/2001;01/01/2001 18:03;Motorist Overtaking - Undetected Bicyclist;NA;2012;B: Evident Injury;Commercial;60-69;63;No;46-50 mph;O: No Injury;White;Female;Passenger Car;No;No;Dark - Roadway Not Lighted;Urban (>70% Developed);5 lanes;2;Straight - Grade;Local Street;Dry;Two-Way, Divided, Unprotected Median;None;No Special Feature;Coarse Asphalt;Mountains;Urban;50 - 55  MPH;No Control Present;Clear;No;35.88835, -81.5801
881;882;Yes;16-19;19;No;Not Applicable;B: Evident Injury;Non-Roadway;Black;Male;Smithfield;Johnston;No;01/01/2004;01/11/2012;Non-Roadway;13;Non-Roadway;01/11/2001;01/01/2001 13:40;Non-Roadway;NA;2012;B: Evident Injury;Commercial;40-49;49;No;6-10 mph;O: No Injury;Black;Male;Sport Utility;No;No;Daylight;Urban (>70% Developed);4 lanes;2;Straight - Level;US Route;Dry;Two-Way, Not Divided;None;No Special Feature;Coarse Asphalt;Coastal;Urban;20 - 25  MPH;No Control Present;Clear;No;35.50905, -78.3406
885;886;Yes;60-69;63;No;With Traffic;O: No Injury;Travel Lane;Black;Male;Greensboro;Guilford;No;01/01/2005;16/11/2012;Loss of Control / Turning Error;13;Intersection-Related;01/11/2001;01/01/2001 13:45;Motorist Lost Control - Other /;NA;2012;C: Possible Injury;Commercial;40-49;44;No;31-35 mph;C: Possible Injury;Other;Female;Passenger Car;No;No;Daylight;Urban (>70% Developed);4 lanes;3;Straight - Level;Local Street;Dry;One-Way, Not Divided;None;No Special Feature;Smooth Asphalt;Piedmont;Urban;30 - 35  MPH;Stop And Go Signal;Clear;No;36.07243, -79.7914
893;894;Yes;50-59;53;No;With Traffic;B: Evident Injury;Travel Lane;Black;Male;Greensboro;Guilford;No;NA;10/09/2012;Motorist Left Turn / Merge;18;Non-Intersection;01/09/2001;01/01/2001 18:37;Motorist Left Turn - Opposite Direction;NA;2012;B: Evident Injury;Commercial;NA;NA;Missing;6-10 mph;Injury;/Missing;NA;Passenger Car;No;Yes;Daylight;Urban (>70% Developed);5 lanes;2;Straight - Level;Local Street;Dry;Two-Way, Divided, Unprotected Median;None;Driveway, Public;Smooth Asphalt;Piedmont;Urban;30 - 35  MPH;No Control Present;Clear;No;36.08452, -79.7771
894;895;Yes;16-19;19;Yes;Facing Traffic;C: Possible Injury;Travel Lane;White;Male;Wilson;Wilson;Yes;01/01/2004;18/10/2012;Motorist Failed to Yield - Midblock;17;Non-Intersection;01/10/2001;01/01/2001 17:21;Motorist Drive Out - Commercial Driveway / Alley;NA;2012;C: Possible Injury;Residential;50-59;58;No;0-5 mph;O: No Injury;White;Male;Passenger Car;No;No;Daylight;Urban (>70% Developed);NA;2;Straight - Level;Public Vehicular Area;Dry;Two-Way, Not Divided;None;Driveway, Public;Coarse Asphalt;Coastal;Urban;30 - 35  MPH;No Control Present;Clear;No;35.73257, -77.9165
898;899;Yes;70;0;No;With Traffic;A: Disabling Injury;Bike Lane / Paved Shoulder;White;Male;Hendersonville;Henderson;No;NA;29/10/2012;Motorist Overtaking Bicyclist;19;Non-Intersection;01/10/2001;01/01/2001 19:15;Motorist Overtaking - Other /;NA;2012;A: Disabling Injury;Commercial;30-39;32;No;31-35 mph;O: No Injury;Black;Male;Passenger Car;No;No;Dark - Lighted Roadway;Urban (>70% Developed);5 lanes;2;Straight - Level;Local Street;Dry;Two-Way, Divided, Unprotected Median;None;No Special Feature;Coarse Asphalt;Mountains;Urban;30 - 35  MPH;No Control Present;Clear;No;35.33641, -82.4459
899;900;Yes;70;0;No;With Traffic;B: Evident Injury;Travel Lane;White;Male;Southern Pines;Moore;No;01/01/2003;07/11/2012;Motorist Overtaking Bicyclist;16;Non-Intersection;01/11/2001;01/01/2001 16:17;Motorist Overtaking - Bicyclist Swerved;NA;2012;B: Evident Injury;Residential;40-49;40;No;41-45 mph;O: No Injury;Black;Female;Passenger Car;No;No;Daylight;Urban (>70% Developed);4 lanes;2;Straight - Grade;NC Route;Dry;Two-Way, Divided, Unprotected Median;None;No Special Feature;Coarse Asphalt;Piedmont;Urban;40 - 45  MPH;Stop And Go Signal;Clear;No;35.19667, -79.4025
900;901;Yes;60-69;60;No;Facing Traffic;B: Evident Injury;Travel Lane;Black;Male;Southern Pines;Moore;No;01/01/2006;03/11/2012;Bicyclist Failed to Yield - Sign-Controlled Intersection;17;Intersection;01/11/2001;01/01/2001 17:13;Bicyclist Ride Through - Sign-Controlled Intersection;NA;2012;B: Evident Injury;Residential;0-19;17;No;31-35 mph;O: No Injury;White;Female;Passenger Car;No;No;Daylight;Urban (>70% Developed);2 lanes;2;Straight - Grade;Local Street;Dry;Two-Way, Not Divided;None;T-Intersection;Coarse Asphalt;Piedmont;Urban;30 - 35  MPH;Stop Sign;Clear;No;35.16666, -79.408
906;907;Yes;15-nov;13;No;Facing Traffic;B: Evident Injury;Sidewalk / Crosswalk / Driveway Crossing;Black;Male;Greensboro;Guilford;No;01/01/2002;05/06/2012;Parallel Paths - Other Circumstances;12;Non-Intersection;01/06/2001;01/01/2001 12:27;Bicyclist Ride Out - Parallel Path;NA;2012;B: Evident Injury;Residential;30-39;39;No;36-40 mph;O: No Injury;Hispanic;Male;Passenger Car;No;No;Daylight;Urban (>70% Developed);4 lanes;2;Straight - Level;Local Street;Dry;Two-Way, Divided, Positive Median Barrier;None;No Special Feature;Smooth Asphalt;Piedmont;Urban;30 - 35  MPH;No Control Present;Cloudy;No;36.02439, -79.7917
911;912;No;20-24;23;No;With Traffic;B: Evident Injury;Travel Lane;White;Male;Raleigh;Wake;No;01/01/2004;25/10/2012;Motorist Overtaking Bicyclist;20;Intersection-Related;01/10/2001;01/01/2001 20:32;Motorist Overtaking - Undetected Bicyclist;NA;2012;B: Evident Injury;Residential;60-69;62;No;16-20 mph;O: No Injury;White;Female;Sport Utility;No;No;Dark - Lighted Roadway;Urban (>70% Developed);2 lanes;2;Straight - Level;Local Street;Dry;Two-Way, Not Divided;None;No Special Feature;Smooth Asphalt;Piedmont;Urban;30 - 35  MPH;No Control Present;Clear;No;35.78955, -78.6654
919;920;No;16-19;18;No;With Traffic;Injury;Travel Lane;White;Male;Bunn;Franklin;No;01/01/2007;21/10/2012;Loss of Control / Turning Error;18;Intersection;01/10/2001;01/01/2001 18:05;Bicyclist Lost Control - Other /;NA;2012;O: No Injury;Commercial;40-49;46;No;NA;O: No Injury;Black;Male;Passenger Car;No;No;Daylight;Rural (<30% Developed);NA;2;Straight - Level;Local Street;Dry;Two-Way, Divided, Unprotected Median;None;T-Intersection;Smooth Asphalt;Piedmont;Rural;NA;No Control Present;Clear;No;35.95259, -78.2453
921;922;Yes;40-49;47;No;NA;B: Evident Injury;NA;White;Male;Elizabeth City;Pasquotank;No;NA;05/11/2012;Crossing Paths - Other Circumstances;16;Intersection-Related;01/11/2001;01/01/2001 16:42;Crossing Paths - Intersection - Other /;NA;2012;B: Evident Injury;Commercial;70;70;No;36-40 mph;O: No Injury;White;Male;Passenger Car;No;No;Daylight;Urban (>70% Developed);5 lanes;2;Straight - Level;Local Street;Dry;Two-Way, Not Divided;None;Related To Intersection;Smooth Asphalt;Coastal;Urban;40 - 45  MPH;Stop And Go Signal;Clear;No;36.31203, -76.2205
924;925;No;30-39;36;No;With Traffic;C: Possible Injury;Travel Lane;White;Male;None - Rural Crash;Gaston;No;01/01/2003;21/11/2012;Motorist Overtaking Bicyclist;12;Intersection;01/11/2001;01/01/2001 12:45;Motorist Overtaking - Other /;NA;2012;C: Possible Injury;Residential;70;70;No;36-40 mph;O: No Injury;White;Female;Passenger Car;No;No;Daylight;Mixed (30% To 70% Developed);2 lanes;2;Straight - Level;NC Route;Dry;Two-Way, Not Divided;None;T-Intersection;Coarse Asphalt;Piedmont;Rural;40 - 45  MPH;Double Yellow Line, No Passing Zone;Clear;No;35.18729, -81.1496
935;936;Yes;40-49;48;No;With Traffic;B: Evident Injury;Travel Lane;White;Male;Charlotte;Mecklenburg;No;01/01/2003;24/10/2012;Motorist Failed to Yield - Sign-Controlled Intersection;8;Intersection;01/10/2001;01/01/2001 08:45;Motorist Drive Through - Sign-Controlled Intersection;NA;2012;B: Evident Injury;Residential;NA;NA;Missing;16-20 mph;Injury;/Missing;NA;NA;No;Yes;Daylight;Urban (>70% Developed);2 lanes;2;Straight - Level;Local Street;Dry;Two-Way, Not Divided;None;No Special Feature;Concrete;Piedmont;Urban;30 - 35  MPH;Stop Sign;Clear;No;35.15711, -80.897
950;951;Yes;20-24;22;No;NA;C: Possible Injury;NA;Hispanic;Male;Raleigh;Wake;No;01/01/2005;07/12/2012;Bicyclist Failed to Yield - Midblock;16;Non-Intersection;01/12/2001;01/01/2001 16:05;Bicyclist Ride Out - Midblock -;NA;2012;C: Possible Injury;Commercial;30-39;31;No;21-25 mph;O: No Injury;Hispanic;Male;Passenger Car;No;No;Daylight;Urban (>70% Developed);4 lanes;2;Straight - Grade;Local Street;Dry;Two-Way, Divided, Unprotected Median;None;No Special Feature;Smooth Asphalt;Piedmont;Urban;40 - 45  MPH;No Control Present;Clear;No;35.83582, -78.5818
955;956;Yes;16-19;19;No;With Traffic;C: Possible Injury;Travel Lane;White;Male;Indian Trail;Union;No;01/01/2002;11/12/2012;Bicyclist Failed to Yield - Signalized Intersection;15;Intersection;01/12/2001;01/01/2001 15:39;Bicyclist Ride Through - Signalized Intersection;NA;2012;C: Possible Injury;Commercial;30-39;38;No;21-25 mph;O: No Injury;White;Female;Passenger Car;No;No;Daylight;Urban (>70% Developed);2 lanes;2;Straight - Level;Local Street;Dry;Two-Way, Not Divided;None;Four-Way Intersection;Smooth Asphalt;Piedmont;Urban;30 - 35  MPH;Stop And Go Signal;Clear;No;35.04897, -80.6482
956;957;No;16-19;16;No;With Traffic;O: No Injury;Travel Lane;White;Male;None - Rural Crash;Columbus;No;01/01/2002;11/12/2012;Motorist Overtaking Bicyclist;17;Intersection;01/12/2001;01/01/2001 17:37;Motorist Overtaking - Other /;NA;2012;O: No Injury;Farms, Woods, Pastures;40-49;45;No;41-45 mph;O: No Injury;Black;Male;Passenger Car;No;No;Dark - Roadway Not Lighted;Rural (<30% Developed);2 lanes;2;Curve - Level;US Route;Wet;Two-Way, Not Divided;None;No Special Feature;Coarse Asphalt;Coastal;Rural;50 - 55  MPH;No Control Present;Rain;No;34.24855, -78.7543
957;958;No;16-19;17;No;Facing Traffic;O: No Injury;Travel Lane;Black;Male;Raleigh;Wake;No;01/01/2002;11/12/2012;Bicyclist Right Turn / Merge;15;Non-Intersection;01/12/2001;01/01/2001 15:51;Bicyclist Right Turn - Opposite Direction;NA;2012;O: No Injury;Commercial;30-39;35;No;0-5 mph;O: No Injury;Other;Male;Passenger Car;No;No;Daylight;Urban (>70% Developed);1 lane;2;Straight - Level;Public Vehicular Area;Dry;One-Way, Not Divided;None;Driveway, Public;Smooth Asphalt;Piedmont;Urban;5 - 15 MPH;No Control Present;Clear;No;35.7801, -78.6222
967;968;Yes;60-69;64;No;With Traffic;B: Evident Injury;Travel Lane;Black;Male;None - Rural Crash;Chowan;No;NA;03/12/2012;Motorist Overtaking Bicyclist;16;Non-Intersection;01/12/2001;01/01/2001 16:31;Motorist Overtaking - Other /;NA;2012;B: Evident Injury;Farms, Woods, Pastures;25-29;28;No;26-30 mph;O: No Injury;White;Male;Tractor/Semi-Trailer;No;No;Daylight;Rural (<30% Developed);2 lanes;2;Curve - Level;State Secondary Route;Dry;Two-Way, Not Divided;None;No Special Feature;Smooth Asphalt;Coastal;Rural;50 - 55  MPH;No Control Present;Clear;No;36.22589, -76.661
968;969;Yes;20-24;20;No;With Traffic;C: Possible Injury;Travel Lane;Black;Male;Wilson;Wilson;No;01/01/2003;07/11/2012;Motorist Failed to Yield - Sign-Controlled Intersection;12;Intersection-Related;01/11/2001;01/01/2001 12:00;Motorist Drive Out - Sign-Controlled Intersection;NA;2012;C: Possible Injury;Residential;40-49;40;No;6-10 mph;O: No Injury;Black;Female;Other Bus;No;No;Daylight;Urban (>70% Developed);2 lanes;2;Straight - Level;Local Street;Dry;Two-Way, Not Divided;None;T-Intersection;Coarse Asphalt;Coastal;Urban;30 - 35  MPH;Yield Sign;Clear;No;35.72852, -77.9284
971;972;Yes;16-19;17;No;With Traffic;B: Evident Injury;Travel Lane;White;Female;Wilmington;New Hanover;No;01/01/2004;06/12/2012;Bicyclist Failed to Yield - Sign-Controlled Intersection;8;Intersection;01/12/2001;01/01/2001 08:27;Bicyclist Ride Through - Sign-Controlled Intersection;NA;2012;B: Evident Injury;Commercial;50-59;58;No;21-25 mph;O: No Injury;Black;Male;Passenger Car;No;No;Daylight;Urban (>70% Developed);4 lanes;2;Straight - Level;Local Street;Dry;Two-Way, Not Divided;None;T-Intersection;Coarse Asphalt;Coastal;Urban;30 - 35  MPH;Stop Sign;Cloudy;No;34.23755, -77.9217
973;974;Yes;20-24;24;Yes;With Traffic;B: Evident Injury;Travel Lane;White;Male;Winston-Salem;Forsyth;Yes;01/01/2007;25/11/2012;Bicyclist Overtaking Motorist;1;Non-Intersection;01/11/2001;01/01/2001 01:42;Bicyclist Overtaking - Parked Vehicle;NA;2012;B: Evident Injury;Commercial;NA;NA;Missing;6-10 mph;Injury;/Missing;NA;Passenger Car;No;No;Dark - Lighted Roadway;Urban (>70% Developed);2 lanes;2;Straight - Level;Local Street;Dry;Two-Way, Not Divided;None;No Special Feature;Coarse Asphalt;Piedmont;Urban;30 - 35  MPH;No Control Present;Cloudy;No;36.09802, -80.2486
974;975;Yes;16-19;18;No;With Traffic;C: Possible Injury;Travel Lane;Black;Male;None - Rural Crash;Rutherford;No;01/01/2005;14/12/2012;Motorist Overtaking Bicyclist;13;Intersection;01/12/2001;01/01/2001 13:14;Motorist Overtaking - Other /;NA;2012;C: Possible Injury;Residential;NA;NA;Missing;16-20 mph;Injury;/Missing;NA;Passenger Car;No;Yes;Daylight;Mixed (30% To 70% Developed);2 lanes;2;Straight - Level;State Secondary Route;Dry;Two-Way, Not Divided;None;Four-Way Intersection;Smooth Asphalt;Mountains;Rural;50 - 55  MPH;No Control Present;Clear;No;35.3514, -81.871
984;985;Yes;70;0;No;With Traffic;B: Evident Injury;Travel Lane;Hispanic;Male;None - Rural Crash;Pitt;No;01/01/2002;11/12/2012;Motorist Overtaking Bicyclist;7;Non-Intersection;01/12/2001;01/01/2001 07:51;Motorist Overtaking - Other /;NA;2012;B: Evident Injury;Farms, Woods, Pastures;0-19;19;No;46-50 mph;B: Evident Injury;Hispanic;Male;Passenger Car;No;No;Daylight;Rural (<30% Developed);2 lanes;2;Straight - Level;State Secondary Route;Dry;Two-Way, Not Divided;None;No Special Feature;Coarse Asphalt;Coastal;Rural;50 - 55  MPH;No Control Present;Clear;No;35.61602, -77.5772
988;989;Yes;40-49;48;Yes;With Traffic;A: Disabling Injury;Travel Lane;Black;Male;None - Rural Crash;Richmond;Yes;01/01/2002;25/12/2012;Bicyclist Failed to Yield - Sign-Controlled Intersection;13;Intersection;01/12/2001;01/01/2001 13:23;Bicyclist Ride Through - Sign-Controlled Intersection;NA;2012;A: Disabling Injury;Farms, Woods, Pastures;60-69;68;No;51-55 mph;O: No Injury;White;Male;Sport Utility;No;No;Daylight;Rural (<30% Developed);2 lanes;2;Straight - Grade;NC Route;Dry;Two-Way, Not Divided;None;Four-Way Intersection;Smooth Asphalt;Piedmont;Rural;50 - 55  MPH;Stop Sign;Clear;No;35.10957, -79.796
989;990;Yes;25-29;29;No;Not Applicable;B: Evident Injury;Sidewalk / Crosswalk / Driveway Crossing;Black;Male;Greenville;Pitt;No;01/01/2003;19/12/2012;Other /  - Insufficient Details;13;Non-Intersection;01/12/2001;01/01/2001 13:10;Approach Paths;NA;2012;B: Evident Injury;Commercial;20-24;24;No;36-40 mph;O: No Injury;Black;Male;Passenger Car;No;No;Daylight;Urban (>70% Developed);5 lanes;2;Straight - Level;US Route;Dry;Two-Way, Divided, Unprotected Median;None;No Special Feature;Smooth Asphalt;Coastal;Urban;40 - 45  MPH;No Control Present;Clear;No;35.57668, -77.3825
994;995;No;16-19;19;No;Facing Traffic;C: Possible Injury;Sidewalk / Crosswalk / Driveway Crossing;White;Male;Fayetteville;Cumberland;No;01/01/2003;19/12/2012;Motorist Failed to Yield - Midblock;17;Non-Intersection;01/12/2001;01/01/2001 17:33;Motorist Drive Out - Commercial Driveway / Alley;NA;2012;C: Possible Injury;Residential;30-39;32;No;0-5 mph;C: Possible Injury;White;Female;Passenger Car;No;No;Daylight;Urban (>70% Developed);2 lanes;2;Straight - Hillcrest;Local Street;Dry;Two-Way, Not Divided;None;T-Intersection;Coarse Asphalt;Coastal;Urban;40 - 45  MPH;Stop Sign;Cloudy;No;35.05797, -78.9958
996;997;Yes;25-29;29;No;With Traffic;K: Killed;Travel Lane;White;Male;Wentworth;Rockingham;No;01/01/2006;15/12/2012;Motorist Overtaking Bicyclist;1;Non-Intersection;01/12/2001;01/01/2001 01:45;Motorist Overtaking - Undetected Bicyclist;NA;2012;K: Killed;Farms, Woods, Pastures;40-49;42;No;41-45 mph;O: No Injury;White;Male;Sport Utility;No;No;Dark - Roadway Not Lighted;Rural (<30% Developed);2 lanes;2;Straight - Level;State Secondary Route;Dry;Two-Way, Not Divided;None;No Special Feature;Smooth Asphalt;Piedmont;Rural;40 - 45  MPH;Double Yellow Line, No Passing Zone;Clear;No;36.35636, -79.7601
1000;1001;No;16-19;16;No;With Traffic;C: Possible Injury;Travel Lane;Black;Male;Wilmington;New Hanover;No;01/01/2005;14/12/2012;Bicyclist Failed to Yield - Sign-Controlled Intersection;17;Intersection;01/12/2001;01/01/2001 17:33;Bicyclist Ride Through - Sign-Controlled Intersection;NA;2012;C: Possible Injury;Residential;40-49;42;No;11-15 mph;O: No Injury;Black;Female;Passenger Car;No;No;Dark - Lighted Roadway;Urban (>70% Developed);2 lanes;2;Straight - Level;Local Street;Dry;Two-Way, Not Divided;None;Four-Way Intersection;Coarse Asphalt;Coastal;Urban;30 - 35  MPH;Stop Sign;Clear;No;34.22628, -77.9343
1003;1004;Yes;30-39;38;No;With Traffic;C: Possible Injury;Travel Lane;Black;Male;Rocky Mount;Nash;No;01/01/2007;16/12/2012;Bicyclist Overtaking Motorist;10;Intersection-Related;01/12/2001;01/01/2001 10:14;Bicyclist Overtaking - Parked Vehicle;NA;2012;C: Possible Injury;Residential;50-59;51;No;NA;O: No Injury;Black;Male;Pickup;No;No;Daylight;Urban (>70% Developed);2 lanes;2;Straight - Level;Local Street;Dry;Two-Way, Not Divided;None;No Special Feature;Smooth Asphalt;Coastal;Urban;30 - 35  MPH;No Control Present;Cloudy;No;35.93136, -77.8165
1007;1008;No;60-69;63;No;With Traffic;Injury;Travel Lane;/Missing;Male;Dunn;Harnett;No;01/01/2005;26/10/2012;Motorist Overtaking Bicyclist;19;Non-Intersection;01/10/2001;01/01/2001 19:14;Motorist Overtaking - Undetected Bicyclist;NA;2012;O: No Injury;Residential;70;70;No;31-35 mph;O: No Injury;Black;Male;Passenger Car;No;No;Dark - Roadway Not Lighted;Mixed (30% To 70% Developed);2 lanes;2;Straight - Level;Local Street;Dry;Two-Way, Not Divided;None;No Special Feature;Coarse Asphalt;Coastal;Urban;30 - 35  MPH;No Control Present;Clear;No;35.30407, -78.6273
1011;1012;Yes;10-juin;10;No;With Traffic;A: Disabling Injury;Travel Lane;Black;Female;High Point;Guilford;No;NA;31/12/2012;Bicyclist Failed to Yield - Sign-Controlled Intersection;13;Intersection-Related;01/12/2001;01/01/2001 13:28;Bicyclist Ride Through - Sign-Controlled Intersection;NA;2012;A: Disabling Injury;Residential;20-24;22;No;26-30 mph;O: No Injury;Black;Male;Passenger Car;No;No;Daylight;Urban (>70% Developed);2 lanes;2;Straight - Grade;Local Street;Dry;Two-Way, Not Divided;None;T-Intersection;Coarse Asphalt;Piedmont;Urban;30 - 35  MPH;Stop Sign;Cloudy;No;35.94374, -79.9944
1014;1015;Yes;20-24;24;No;With Traffic;B: Evident Injury;Travel Lane;White;Female;Carrboro;Orange;No;NA;10/12/2012;Parallel Paths - Other Circumstances;17;Non-Intersection;01/12/2001;01/01/2001 17:12;Motorist Turn / Merge - Other /;NA;2012;B: Evident Injury;Commercial;NA;NA;Missing;6-10 mph;Injury;/Missing;NA;NA;No;Yes;Dusk;Urban (>70% Developed);4 lanes;2;Straight - Bottom;Local Street;Dry;Two-Way, Divided, Positive Median Barrier;None;Four-Way Intersection;Smooth Asphalt;Piedmont;Urban;30 - 35  MPH;Stop And Go Signal;Clear;No;35.90505, -79.0883
198;199;Yes;40-49;46;No;With Traffic;C: Possible Injury;Travel Lane;White;Male;Asheville;Buncombe;No;01/01/2005;23/04/2010;Motorist Left Turn / Merge;16;Non-Intersection;01/04/2001;01/01/2001 16:56;Motorist Left Turn - Opposite Direction;0;2010;C: Possible Injury;Commercial;60-69;63;No;6-10 mph;O: No Injury;White;Male;Passenger Car;No;No;Daylight;Urban (>70% Developed);5 lanes;2;Straight - Grade;NC Route;Dry;Two-Way, Divided, Unprotected Median;None;Driveway, Public;Smooth Asphalt;Mountains;Urban;40 - 45  MPH;No Control Present;Clear;No;35.599155, -82.62198
202;203;Yes;15-nov;14;No;With Traffic;C: Possible Injury;Travel Lane;Black;Male;New Bern;Craven;No;NA;26/04/2010;Bicyclist Failed to Yield - Sign-Controlled Intersection;17;Intersection;01/04/2001;01/01/2001 17:17;Bicyclist Ride Through - Sign-Controlled Intersection;0;2010;C: Possible Injury;Residential;70+;NA;No;21-25 mph;O: No Injury;White;Female;Passenger Car;No;No;Daylight;Urban (>70% Developed);2 lanes;2;Straight - Level;Local Street;Dry;Two-Way, Not Divided;None;No Special Feature;Smooth Asphalt;Coastal;Urban;20 - 25  MPH;Stop Sign;Clear;No;35.106915, -77.046394
203;204;No;20-24;23;No;NA;B: Evident Injury;Sidewalk / Crosswalk / Driveway Crossing;White;Male;Charlotte;Mecklenburg;No;01/01/2004;29/04/2010;Motorist Failed to Yield - Signalized Intersection;9;Intersection;01/04/2001;01/01/2001 09:24;Motorist Drive Out - Right Turn on Red;0;2010;B: Evident Injury;Residential;70+;NA;No;6-10 mph;O: No Injury;White;Male;Passenger Car;No;No;Daylight;Urban (>70% Developed);4 lanes;2;Straight - Grade;Local Street;Dry;Two-Way, Divided, Positive Median Barrier;None;Four-Way Intersection;Smooth Asphalt;Piedmont;Urban;40 - 45  MPH;Stop And Go Signal;Clear;No;35.070465, -80.77324
205;206;No;15-nov;12;No;Facing Traffic;B: Evident Injury;Sidewalk / Crosswalk / Driveway Crossing;White;Male;Cary;Wake;No;01/01/2004;06/05/2010;Motorist Failed to Yield - Sign-Controlled Intersection;7;Intersection;01/05/2001;01/01/2001 07:54;Motorist Drive Out - Sign-Controlled Intersection;0;2010;B: Evident Injury;Commercial;50-59;53;No;0-5 mph;O: No Injury;White;Male;Sport Utility;No;No;Daylight;Urban (>70% Developed);2 lanes;2;Straight - Level;Local Street;Dry;Two-Way, Not Divided;None;T-Intersection;Smooth Asphalt;Piedmont;Urban;20 - 25  MPH;Stop Sign;Clear;No;35.78208, -78.84743
207;208;Yes;50-59;54;No;With Traffic;A: Disabling Injury;Travel Lane;Hispanic;Male;None - Rural Crash;Stanly;No;01/01/2005;07/05/2010;Bicyclist Failed to Yield - Sign-Controlled Intersection;15;Intersection;01/05/2001;01/01/2001 15:11;Bicyclist Ride Through - Sign-Controlled Intersection;0;2010;A: Disabling Injury;Farms, Woods, Pastures;30-39;38;No;41-45 mph;C: Possible Injury;White;Female;Sport Utility;No;No;Daylight;Rural (<30% Developed);2 lanes;2;Curve - Grade;State Secondary Route;Dry;Two-Way, Not Divided;None;Four-Way Intersection;Smooth Asphalt;Piedmont;Rural;40 - 45  MPH;Stop Sign;Clear;No;35.373356, -80.117134
212;213;No;40-49;47;No;With Traffic;O: No Injury;Travel Lane;White;Female;Raleigh;Wake;No;01/01/2006;17/04/2010;Bicyclist Overtaking Motorist;8;Intersection-Related;01/04/2001;01/01/2001 08:00;Bicyclist Overtaking - Other /;0;2010;O: No Injury;Commercial;50-59;58;No;21-25 mph;O: No Injury;White;Female;Passenger Car;No;No;Daylight;Urban (>70% Developed);5 lanes;2;Straight - Level;Local Street;Dry;Two-Way, Not Divided;None;No Special Feature;Smooth Asphalt;Piedmont;Urban;40 - 45  MPH;No Control Present;Cloudy;No;35.890625, -78.62748