FID;OBJECTID;AmbulanceR;BikeAge_Gr;Bike_Age;Bike_Alc_D;Bike_Dir;Bike_Injur;Bike_Pos;Bike_Race;Bike_Sex;City;County;CrashAlcoh;CrashDay;Crash_Date;Crash_Grp;Crash_Hour;Crash_Loc;Crash_Mont;Crash_Time;Crash_Type;Crash_Ty_1;Crash_Year;Crsh_Sevri;Developmen;DrvrAge_Gr;Drvr_Age;Drvr_Alc_D;Drvr_EstSp;Drvr_Injur;Drvr_Race;Drvr_Sex;Drvr_VehTy;ExcsSpdInd;Hit_Run;Light_Cond;Locality;Num_Lanes;Num_Units;Rd_Charact;Rd_Class;Rd_Conditi;Rd_Config;Rd_Defects;Rd_Feature;Rd_Surface;Region;Rural_Urba;Speed_Limi;Traff_Cntr;Weather;Workzone_I;Location
208;209;Yes;40-49;46;No;With Traffic;K: Killed;Travel Lane;White;Male;None - Rural Crash;Caldwell;No;01/01/2004;12/04/2007;Motorist Overtaking Bicyclist;5;Non-Intersection;01/04/2001;01/01/2001 05:29;Motorist Overtaking - Undetected Bicyclist;311231;2007;K: Killed;Farms, Woods, Pastures;0-19;19;No;56-60 mph;O: No Injury;White;Male;Sport Utility;No;No;Dark - Roadway Not Lighted;Rural (<30% Developed);4 lanes;2;Straight - Level;US Route;Wet;Two-Way, Divided, Unprotected Median;None;No Special Feature;Smooth Asphalt;Mountains;Rural;50 - 55  MPH;No Control Present;Fog, Smog, Smoke;No;35.810543, -81.43168
215;216;No;25-29;29;No;With Traffic;O: No Injury;NA;White;Male;Carrboro;Orange;No;01/01/2002;10/04/2007;Motorist Right Turn / Merge;15;Intersection;01/04/2001;01/01/2001 15:08;Motorist Right Turn - Same Direction;191213;2007;O: No Injury;Commercial;20-24;22;No;31-35 mph;O: No Injury;Black;Male;NA;No;Yes;Daylight;Urban (>70% Developed);4 lanes;2;Straight - Level;Local Street;Dry;Two-Way, Not Divided;None;No Special Feature;Coarse Asphalt;Piedmont;Urban;20 - 25  MPH;No Control Present;Clear;No;35.910706, -79.06949
216;217;No;30-39;34;Yes;NA;C: Possible Injury;NA;White;Male;North Wilkesboro;Wilkes;Yes;01/01/2006;14/04/2007;Bicyclist Failed to Yield - Midblock;21;Non-Intersection;01/04/2001;01/01/2001 21:29;Bicyclist Ride Out - Midblock -;399319;2007;C: Possible Injury;Commercial;40-49;40;No;21-25 mph;O: No Injury;White;Female;Passenger Car;No;No;Dark - Lighted Roadway;Urban (>70% Developed);5 lanes;2;Straight - Level;Local Street;Wet;Two-Way, Not Divided;None;No Special Feature;Smooth Asphalt;Mountains;Rural;30 - 35  MPH;No Control Present;Rain;No;36.159138, -81.154594
217;218;Yes;20-24;20;No;With Traffic;A: Disabling Injury;Travel Lane;White;Male;None - Rural Crash;Buncombe;Yes;NA;16/04/2007;Motorist Overtaking Bicyclist;22;Non-Intersection;01/04/2001;01/01/2001 22:49;Motorist Overtaking - Other /;311239;2007;A: Disabling Injury;Farms, Woods, Pastures;40-49;40;Yes;36-40 mph;O: No Injury;White;Female;Passenger Car;No;No;Dark - Roadway Not Lighted;Rural (<30% Developed);5 lanes;2;Straight - Grade;US Route;Dry;Two-Way, Not Divided;None;No Special Feature;Smooth Asphalt;Mountains;Rural;50 - 55  MPH;No Control Present;Clear;No;35.59247, -82.43785
219;220;No;10-juin;8;No;Not Applicable;O: No Injury;Driveway / Alley;Black;Male;Raleigh;Wake;No;01/01/2002;10/04/2007;Bicyclist Failed to Yield - Midblock;18;Non-Intersection;01/04/2001;01/01/2001 18:43;Bicyclist Ride Out - Commercial Driveway / Alley;353312;2007;O: No Injury;Residential;25-29;29;No;16-20 mph;O: No Injury;Black;Female;Passenger Car;No;No;Daylight;Urban (>70% Developed);1 lane;2;Straight - Grade;Local Street;Dry;Two-Way, Not Divided;None;No Special Feature;Smooth Asphalt;Piedmont;Urban;20 - 25  MPH;No Control Present;Clear;No;35.766575, -78.64119
225;226;Yes;10-juin;9;No;Not Applicable;C: Possible Injury;Bike Lane / Paved Shoulder;Black;Female;Raleigh;Wake;No;01/01/2002;17/04/2007;Bicyclist Failed to Yield - Midblock;16;Non-Intersection;01/04/2001;01/01/2001 16:48;Bicyclist Ride Out - Other Midblock;323318;2007;C: Possible Injury;Residential;50-59;52;No;31-35 mph;O: No Injury;Black;Male;Passenger Car;No;No;Daylight;Urban (>70% Developed);2 lanes;2;Straight - Level;Local Street;Dry;Two-Way, Divided, Unprotected Median;Road Surface Condition;No Special Feature;Smooth Asphalt;Piedmont;Urban;30 - 35  MPH;No Control Present;Clear;No;35.792843, -78.6126
230;231;Yes;20-24;20;No;With Traffic;C: Possible Injury;Travel Lane;Black;Male;Rocky Mount;Nash;No;01/01/2004;19/04/2007;Crossing Paths - Other Circumstances;17;Intersection;01/04/2001;01/01/2001 17:07;Crossing Paths - Intersection - Other /;111180;2007;C: Possible Injury;Residential;NA;NA;Missing;31-35 mph;Injury;/Missing;NA;NA;No;Yes;Daylight;Urban (>70% Developed);5 lanes;2;Straight - Level;Local Street;Dry;Two-Way, Not Divided;None;Four-Way Intersection;Smooth Asphalt;Coastal;Urban;30 - 35  MPH;No Control Present;Clear;No;35.944916, -77.80094
232;233;Yes;20-24;21;No;With Traffic;B: Evident Injury;Travel Lane;White;Male;Raleigh;Wake;No;01/01/2004;19/04/2007;Motorist Left Turn / Merge;21;Intersection;01/04/2001;01/01/2001 21:51;Motorist Left Turn - Opposite Direction;111212;2007;B: Evident Injury;Institutional;20-24;20;No;16-20 mph;O: No Injury;White;Male;Passenger Car;No;No;Dark - Lighted Roadway;Urban (>70% Developed);2 lanes;2;Straight - Grade;Local Street;Wet;Two-Way, Divided, Unprotected Median;None;Four-Way Intersection;Smooth Asphalt;Piedmont;Urban;20 - 25  MPH;No Control Present;Rain;No;35.78869, -78.68437
234;235;No;NA;NA;Missing;Facing Traffic;Injury;Travel Lane;/Missing;NA;None - Rural Crash;Sampson;No;01/01/2006;21/04/2007;Bicyclist Right Turn / Merge;17;Non-Intersection;01/04/2001;01/01/2001 17:44;Bicyclist Right Turn - Same Direction;312223;2007;O: No Injury;Farms, Woods, Pastures;30-39;35;No;51-55 mph;O: No Injury;White;Female;Passenger Car;No;No;Daylight;Rural (<30% Developed);2 lanes;2;Straight - Level;State Secondary Route;Dry;Two-Way, Not Divided;None;No Special Feature;Coarse Asphalt;Coastal;Rural;50 - 55  MPH;Double Yellow Line, No Passing Zone;Clear;No;35.030262, -78.483154
242;243;Yes;40-49;48;Yes;Facing Traffic;B: Evident Injury;Travel Lane;Black;Male;None - Rural Crash;Duplin;Yes;01/01/2002;24/04/2007;Parallel Paths - Other Circumstances;21;Non-Intersection;01/04/2001;01/01/2001 21:04;Motorist Turn / Merge - Other /;312219;2007;B: Evident Injury;Farms, Woods, Pastures;20-24;21;No;51-55 mph;O: No Injury;White;Male;Pickup;No;No;Dark - Roadway Not Lighted;Rural (<30% Developed);2 lanes;2;Straight - Level;State Secondary Route;Dry;Two-Way, Not Divided;None;No Special Feature;Coarse Asphalt;Coastal;Rural;50 - 55  MPH;No Control Present;Clear;No;35.00986, -78.04757
252;253;No;10-juin;6;No;With Traffic;C: Possible Injury;Travel Lane;White;Female;Raleigh;Wake;No;01/01/2003;25/04/2007;Backing Vehicle;18;Non-Intersection;01/04/2001;01/01/2001 18:15;Backing Vehicle;311600;2007;C: Possible Injury;Residential;40-49;41;No;0-5 mph;O: No Injury;White;Female;Passenger Car;No;No;Daylight;Urban (>70% Developed);1 lane;2;Straight - Level;Local Street;Dry;Two-Way, Not Divided;None;No Special Feature;Coarse Asphalt;Piedmont;Urban;20 - 25  MPH;No Control Present;Clear;No;35.844627, -78.63595
255;256;No;10-juin;7;No;Facing Traffic;C: Possible Injury;Travel Lane;Black;Female;Charlotte;Mecklenburg;No;01/01/2004;26/04/2007;Head-On;17;Non-Intersection;01/04/2001;01/01/2001 17:44;Head-On - Bicyclist;312250;2007;C: Possible Injury;Residential;40-49;41;No;16-20 mph;O: No Injury;White;Male;Pickup;No;No;Daylight;Urban (>70% Developed);2 lanes;2;Curve - Level;Local Street;Dry;Two-Way, Not Divided;None;No Special Feature;Smooth Asphalt;Piedmont;Urban;30 - 35  MPH;No Control Present;Clear;No;35.22301, -80.709564
263;264;Yes;10-juin;9;No;Facing Traffic;A: Disabling Injury;NA;Hispanic;Male;Monroe;Union;No;01/01/2007;29/04/2007;Bicyclist Failed to Yield - Sign-Controlled Intersection;18;Intersection;01/04/2001;01/01/2001 18:00;Bicyclist Ride Through - Sign-Controlled Intersection;192144;2007;A: Disabling Injury;Residential;0-19;17;No;31-35 mph;O: No Injury;Black;Female;Passenger Car;No;No;Daylight;Urban (>70% Developed);2 lanes;2;Straight - Level;Local Street;Dry;Two-Way, Not Divided;None;Four-Way Intersection;Smooth Asphalt;Piedmont;Urban;30 - 35  MPH;Stop Sign;Clear;No;34.9877, -80.52082
266;267;Yes;15-nov;13;No;With Traffic;C: Possible Injury;Travel Lane;Black;Male;Asheboro;Randolph;No;NA;30/04/2007;Bicyclist Failed to Yield - Sign-Controlled Intersection;16;Intersection;01/04/2001;01/01/2001 16:32;Bicyclist Ride Through - Sign-Controlled Intersection;111144;2007;C: Possible Injury;Residential;40-49;43;No;16-20 mph;O: No Injury;White;Female;Passenger Car;No;No;Daylight;Mixed (30% To 70% Developed);2 lanes;2;Straight - Grade;Local Street;Dry;Two-Way, Not Divided;None;T-Intersection;Smooth Asphalt;Piedmont;Urban;30 - 35  MPH;Stop Sign;Clear;No;35.702316, -79.8219
270;271;No;15-nov;13;No;Facing Traffic;O: No Injury;Sidewalk / Crosswalk / Driveway Crossing;White;Male;Charlotte;Mecklenburg;No;NA;30/04/2007;Bicyclist Failed to Yield - Signalized Intersection;16;Intersection;01/04/2001;01/01/2001 16:33;Bicyclist Ride Out - Signalized  Intersection;132153;2007;O: No Injury;Residential;50-59;57;No;16-20 mph;O: No Injury;Black;Male;Pickup;No;No;Daylight;Urban (>70% Developed);4 lanes;2;Straight - Level;Local Street;Dry;Two-Way, Divided, Unprotected Median;None;No Special Feature;Smooth Asphalt;Piedmont;Urban;30 - 35  MPH;Stop And Go Signal;Clear;No;35.030426, -80.82064
274;275;No;25-29;28;No;With Traffic;C: Possible Injury;Travel Lane;White;Male;Charlotte;Mecklenburg;No;01/01/2003;02/05/2007;Motorist Left Turn / Merge;9;Intersection;01/05/2001;01/01/2001 09:55;Motorist Left Turn - Opposite Direction;111212;2007;C: Possible Injury;Commercial;30-39;36;No;0-5 mph;O: No Injury;Black;Male;Single Unit Truck (2-Axle, 6-Tire);No;No;Daylight;Urban (>70% Developed);7 lanes;2;Straight - Level;Local Street;Dry;Two-Way, Not Divided;None;Four-Way Intersection;Smooth Asphalt;Piedmont;Urban;30 - 35  MPH;Stop And Go Signal;Clear;No;35.213024, -80.82566
275;276;No;40-49;47;No;Facing Traffic;O: No Injury;Sidewalk / Crosswalk / Driveway Crossing;White;Male;Charlotte;Mecklenburg;No;01/01/2005;27/04/2007;Motorist Failed to Yield - Midblock;15;Non-Intersection;01/04/2001;01/01/2001 15:01;Motorist Drive Out - Commercial Driveway / Alley;332322;2007;O: No Injury;Commercial;60-69;66;No;0-5 mph;O: No Injury;White;Female;Passenger Car;No;No;Daylight;Urban (>70% Developed);8 lanes;2;Straight - Level;Local Street;Dry;Two-Way, Divided, Unprotected Median;None;No Special Feature;Smooth Asphalt;Piedmont;Urban;40 - 45  MPH;Stop Sign;Clear;No;35.16513, -80.881874
282;283;Yes;20-24;20;No;With Traffic;B: Evident Injury;Travel Lane;Asian;Male;Durham;Durham;No;01/01/2003;01/08/2007;Motorist Failed to Yield - Sign-Controlled Intersection;10;Intersection;01/08/2001;01/01/2001 10:48;Motorist Drive Out - Sign-Controlled Intersection;111141;2007;B: Evident Injury;Residential;25-29;26;No;0-5 mph;O: No Injury;Asian;Female;Passenger Car;No;No;Daylight;Urban (>70% Developed);2 lanes;2;Straight - Grade;Local Street;Dry;Two-Way, Divided, Unprotected Median;None;T-Intersection;Coarse Asphalt;Piedmont;Urban;30 - 35  MPH;Stop Sign;Clear;No;36.009567, -78.94863
287;288;No;50-59;56;No;Facing Traffic;C: Possible Injury;Sidewalk / Crosswalk / Driveway Crossing;Black;Male;Charlotte;Mecklenburg;No;01/01/2006;21/07/2007;Motorist Failed to Yield - Midblock;17;Non-Intersection;01/07/2001;01/01/2001 17:08;Motorist Drive Out - Commercial Driveway / Alley;332322;2007;C: Possible Injury;Commercial;20-24;21;No;0-5 mph;O: No Injury;Black;Male;Passenger Car;No;No;Daylight;Urban (>70% Developed);4 lanes;2;Straight - Level;Local Street;Dry;Two-Way, Not Divided;None;No Special Feature;Smooth Asphalt;Piedmont;Urban;30 - 35  MPH;No Control Present;Clear;No;35.2545, -80.82469
295;296;No;20-24;22;No;NA;O: No Injury;Non-Roadway;White;Male;Raleigh;Wake;No;01/01/2004;10/05/2007;Non-Roadway;15;Non-Roadway;01/05/2001;01/01/2001 15:37;Non-Roadway;460910;2007;O: No Injury;Residential;20-24;22;No;11-15 mph;O: No Injury;Hispanic;Female;Pickup;No;No;Daylight;Mixed (30% To 70% Developed);2 lanes;2;Straight - Level;Local Street;Dry;Two-Way, Not Divided;None;No Special Feature;Grooved Concrete;Piedmont;Urban;30 - 35  MPH;No Control Present;Clear;No;35.774277, -78.686226
297;298;No;25-29;29;No;With Traffic;O: No Injury;Sidewalk / Crosswalk / Driveway Crossing;Hispanic;Male;Charlotte;Mecklenburg;No;01/01/2006;04/08/2007;Motorist Right Turn / Merge;12;Non-Intersection;01/08/2001;01/01/2001 12:28;Motorist Right Turn - Same Direction;331213;2007;O: No Injury;Commercial;20-24;23;No;0-5 mph;O: No Injury;Black;Female;Passenger Car;No;No;Daylight;Urban (>70% Developed);NA;2;Straight - Level;Public Vehicular Area;Dry;Two-Way, Not Divided;None;No Special Feature;Smooth Asphalt;Piedmont;Urban;30 - 35  MPH;No Control Present;Clear;No;35.213333, -80.855774
300;301;No;30-39;32;No;With Traffic;C: Possible Injury;Travel Lane;White;Male;Raleigh;Wake;No;01/01/2005;11/05/2007;Motorist Overtaking Bicyclist;9;Non-Intersection;01/05/2001;01/01/2001 09:07;Motorist Overtaking - Other /;311239;2007;C: Possible Injury;Commercial;25-29;27;No;0-5 mph;O: No Injury;White;Male;Pickup;No;No;Daylight;Urban (>70% Developed);8 lanes;2;Straight - Level;Local Street;Dry;One-Way, Not Divided;None;No Special Feature;Smooth Asphalt;Piedmont;Urban;30 - 35  MPH;Stop And Go Signal;Clear;No;35.776566, -78.636665
303;304;Yes;40-49;42;No;With Traffic;C: Possible Injury;Travel Lane;Black;Male;Kinston;Lenoir;No;01/01/2006;12/05/2007;Motorist Overtaking Bicyclist;2;Non-Intersection;01/05/2001;01/01/2001 02:50;Motorist Overtaking - Undetected Bicyclist;311231;2007;C: Possible Injury;Commercial;40-49;42;No;11-15 mph;O: No Injury;Black;Male;Passenger Car;No;No;Dark - Lighted Roadway;Urban (>70% Developed);2 lanes;2;Straight - Level;Local Street;Dry;Two-Way, Not Divided;None;No Special Feature;Smooth Asphalt;Coastal;Urban;30 - 35  MPH;No Control Present;Clear;No;35.26213, -77.57594
304;305;Yes;40-49;44;No;With Traffic;B: Evident Injury;Travel Lane;Black;Male;Raleigh;Wake;No;01/01/2006;12/05/2007;Motorist Overtaking Bicyclist;5;Non-Intersection;01/05/2001;01/01/2001 04:59;Motorist Overtaking - Other /;311239;2007;B: Evident Injury;Commercial;NA;NA;Missing;16-20 mph;Injury;/Missing;NA;NA;No;Yes;Dark - Lighted Roadway;Urban (>70% Developed);4 lanes;2;Straight - Level;Local Street;Dry;Two-Way, Divided, Positive Median Barrier;None;No Special Feature;Smooth Asphalt;Piedmont;Urban;40 - 45  MPH;No Control Present;Clear;No;35.747086, -78.644646
310;311;Yes;25-29;28;No;With Traffic;B: Evident Injury;Travel Lane;White;Male;Asheville;Buncombe;No;01/01/2004;10/05/2007;Motorist Overtaking Bicyclist;18;Non-Intersection;01/05/2001;01/01/2001 18:05;Motorist Overtaking - Other /;311239;2007;B: Evident Injury;Commercial;0-19;16;No;26-30 mph;O: No Injury;White;Female;NA;No;Yes;Daylight;Urban (>70% Developed);2 lanes;2;Straight - Level;Local Street;Dry;Two-Way, Not Divided;None;Bridge;Concrete;Mountains;Urban;30 - 35  MPH;Double Yellow Line, No Passing Zone;Clear;No;35.567356, -82.50817
321;322;Yes;50-59;55;No;Facing Traffic;C: Possible Injury;Travel Lane;Black;Male;Durham;Durham;No;01/01/2005;17/08/2007;Bicyclist Failed to Yield - Signalized Intersection;19;Intersection;01/08/2001;01/01/2001 19:29;Bicyclist Ride Through - Signalized Intersection;112155;2007;C: Possible Injury;Commercial;NA;NA;Missing;11-15 mph;Injury;/Missing;NA;Sport Utility;No;Yes;Dusk;Urban (>70% Developed);2 lanes;2;Straight - Level;Local Street;Dry;Two-Way, Not Divided;None;Four-Way Intersection;Smooth Asphalt;Piedmont;Urban;30 - 35  MPH;Stop And Go Signal;Clear;No;35.99196, -78.86576
323;324;Yes;25-29;26;No;With Traffic;B: Evident Injury;Travel Lane;White;Male;Wilmington;New Hanover;No;01/01/2005;18/05/2007;Motorist Failed to Yield - Sign-Controlled Intersection;14;Intersection;01/05/2001;01/01/2001 14:15;Motorist Drive Out - Sign-Controlled Intersection;111141;2007;B: Evident Injury;Commercial;70+;NA;No;11-15 mph;O: No Injury;White;Male;Pickup;No;No;Daylight;Urban (>70% Developed);3 lanes;2;Straight - Level;Local Street;Dry;Two-Way, Not Divided;Other;Railroad Crossing;Smooth Asphalt;Coastal;Urban;30 - 35  MPH;Stop Sign;Clear;No;34.222664, -77.947266
328;329;Yes;40-49;40;No;With Traffic;B: Evident Injury;Travel Lane;White;Male;Cary;Wake;No;01/01/2002;21/08/2007;Bicyclist Left Turn / Merge;18;Intersection;01/08/2001;01/01/2001 18:50;Bicyclist Left Turn - Same Direction;111221;2007;B: Evident Injury;Residential;40-49;44;No;16-20 mph;O: No Injury;White;Female;Passenger Car;No;No;Daylight;Urban (>70% Developed);4 lanes;2;Straight - Level;Local Street;Wet;Two-Way, Not Divided;None;No Special Feature;Coarse Asphalt;Piedmont;Urban;20 - 25  MPH;No Control Present;Cloudy;No;35.78178, -78.76757
329;330;Yes;40-49;45;No;With Traffic;O: No Injury;Bike Lane / Paved Shoulder;White;Male;Duck;Dare;No;01/01/2005;06/04/2007;Motorist Left Turn / Merge;16;Non-Intersection;01/04/2001;01/01/2001 16:29;Motorist Left Turn - Opposite Direction;321212;2007;O: No Injury;Commercial;40-49;49;No;16-20 mph;O: No Injury;White;Male;Van;No;No;Daylight;Urban (>70% Developed);3 lanes;3;Straight - Level;NC Route;Dry;Two-Way, Divided, Unprotected Median;None;No Special Feature;Smooth Asphalt;Coastal;Rural;20 - 25  MPH;No Control Present;Clear;No;36.16543, -75.75305
331;332;Yes;16-19;18;No;Facing Traffic;B: Evident Injury;Travel Lane;White;Male;None - Rural Crash;Carteret;No;NA;21/05/2007;Motorist Overtaking Bicyclist;22;Non-Intersection;01/05/2001;01/01/2001 22:14;Motorist Overtaking - Other /;312239;2007;B: Evident Injury;Residential;NA;NA;Missing;NA;Injury;/Missing;NA;Van;No;Yes;Dark - Roadway Not Lighted;Mixed (30% To 70% Developed);2 lanes;2;Curve - Level;State Secondary Route;Dry;Two-Way, Not Divided;None;No Special Feature;Coarse Asphalt;Coastal;Rural;30 - 35  MPH;Double Yellow Line, No Passing Zone;Clear;No;34.721848, -76.93759
338;339;Yes;25-29;28;No;Facing Traffic;C: Possible Injury;Sidewalk / Crosswalk / Driveway Crossing;Black;Female;Wilmington;New Hanover;No;01/01/2002;22/05/2007;Motorist Failed to Yield - Midblock;11;Non-Intersection;01/05/2001;01/01/2001 11:31;Motorist Drive Out - Commercial Driveway / Alley;332322;2007;C: Possible Injury;Commercial;50-59;52;No;0-5 mph;O: No Injury;White;Male;Pickup;No;No;Daylight;Urban (>70% Developed);5 lanes;2;Straight - Level;Local Street;Dry;Two-Way, Not Divided;None;No Special Feature;Smooth Asphalt;Coastal;Urban;40 - 45  MPH;No Control Present;Clear;No;34.24383, -77.882996
344;345;Yes;50-59;51;Yes;Facing Traffic;B: Evident Injury;Travel Lane;White;Male;Kinston;Lenoir;Yes;01/01/2006;25/08/2007;Bicyclist Right Turn / Merge;16;Non-Intersection;01/08/2001;01/01/2001 16:48;Bicyclist Right Turn - Same Direction;312223;2007;B: Evident Injury;Commercial;0-19;17;No;31-35 mph;O: No Injury;White;Female;Pickup;No;No;Daylight;Urban (>70% Developed);5 lanes;2;Straight - Level;US Route;Dry;Two-Way, Divided, Unprotected Median;None;No Special Feature;Smooth Asphalt;Coastal;Urban;30 - 35  MPH;No Control Present;Clear;No;35.26905, -77.58668
350;351;No;15-nov;12;No;Facing Traffic;O: No Injury;Travel Lane;Other;Male;Charlotte;Mecklenburg;No;01/01/2007;26/08/2007;Motorist Failed to Yield - Midblock;18;Non-Intersection;01/08/2001;01/01/2001 18:37;Motorist Drive Out - Commercial Driveway / Alley;312322;2007;O: No Injury;Commercial;30-39;39;No;NA;O: No Injury;Black;Male;Passenger Car;No;No;Dawn;Urban (>70% Developed);2 lanes;2;Straight - Level;Local Street;Wet;Two-Way, Divided, Positive Median Barrier;None;No Special Feature;Coarse Asphalt;Piedmont;Urban;5 - 15 MPH;No Control Present;Rain;No;35.2047, -80.72006
361;362;No;25-29;27;No;Facing Traffic;C: Possible Injury;Sidewalk / Crosswalk / Driveway Crossing;White;Male;Asheville;Buncombe;No;01/01/2003;02/05/2007;Crossing Paths - Other Circumstances;17;Intersection;01/05/2001;01/01/2001 17:14;Signalized Intersection - Other /;132158;2007;C: Possible Injury;Commercial;NA;NA;Missing;NA;Injury;/Missing;NA;NA;No;Yes;Daylight;Urban (>70% Developed);2 lanes;2;Straight - Level;Local Street;Dry;Two-Way, Not Divided;None;Related To Intersection;Smooth Asphalt;Mountains;Urban;NA;Stop And Go Signal;Clear;No;35.59406, -82.55698
371;372;No;20-24;22;Yes;With Traffic;C: Possible Injury;Travel Lane;/Missing;Male;Chapel Hill;Orange;Yes;01/01/2004;31/05/2007;Motorist Failed to Yield - Sign-Controlled Intersection;23;Intersection;01/05/2001;01/01/2001 23:08;Motorist Drive Out - Sign-Controlled Intersection;111141;2007;C: Possible Injury;Residential;40-49;48;No;6-10 mph;O: No Injury;Black;Male;Sport Utility;No;No;Dark - Roadway Not Lighted;Urban (>70% Developed);4 lanes;2;Straight - Level;Local Street;Dry;Two-Way, Not Divided;None;No Special Feature;Smooth Asphalt;Piedmont;Urban;20 - 25  MPH;Stop Sign;Clear;No;35.91605, -79.048004
377;378;Yes;40-49;48;No;With Traffic;B: Evident Injury;Travel Lane;White;Male;Lewisville;Forsyth;No;01/01/2005;01/06/2007;Motorist Failed to Yield - Sign-Controlled Intersection;16;Intersection;01/06/2001;01/01/2001 16:07;Motorist Drive Out - Sign-Controlled Intersection;111141;2007;B: Evident Injury;Residential;0-19;17;No;0-5 mph;O: No Injury;White;Male;Passenger Car;No;No;Daylight;Mixed (30% To 70% Developed);2 lanes;2;Straight - Level;State Secondary Route;Dry;Two-Way, Not Divided;None;T-Intersection;Smooth Asphalt;Piedmont;Urban;40 - 45  MPH;Stop Sign;Clear;No;36.112484, -80.403244
383;384;Yes;40-49;44;No;With Traffic;B: Evident Injury;Travel Lane;White;Male;None - Rural Crash;Guilford;No;NA;04/06/2007;Motorist Failed to Yield - Sign-Controlled Intersection;6;Intersection;01/06/2001;01/01/2001 06:19;Motorist Drive Out - Sign-Controlled Intersection;111141;2007;B: Evident Injury;Residential;50-59;50;No;11-15 mph;O: No Injury;White;Male;Passenger Car;No;No;Daylight;Mixed (30% To 70% Developed);2 lanes;2;Straight - Level;State Secondary Route;Dry;Two-Way, Not Divided;None;T-Intersection;Smooth Asphalt;Piedmont;Rural;30 - 35  MPH;Stop Sign;Clear;No;36.15143, -79.932045
386;387;No;25-29;26;No;Facing Traffic;C: Possible Injury;Travel Lane;Black;Male;Raleigh;Wake;No;01/01/2002;05/06/2007;Motorist Failed to Yield - Sign-Controlled Intersection;13;Intersection;01/06/2001;01/01/2001 13:25;Motorist Drive Out - Sign-Controlled Intersection;112141;2007;C: Possible Injury;Commercial;40-49;41;No;0-5 mph;O: No Injury;White;Female;Passenger Car;No;No;Daylight;Urban (>70% Developed);2 lanes;2;Straight - Level;Public Vehicular Area;Dry;Two-Way, Not Divided;None;No Special Feature;Smooth Asphalt;Piedmont;Urban;5 - 15 MPH;Stop Sign;Clear;No;35.800056, -78.56247
400;401;No;50-59;51;No;NA;C: Possible Injury;NA;Black;Male;Raleigh;Wake;No;01/01/2006;09/06/2007;Non-Roadway;22;Non-Roadway;01/06/2001;01/01/2001 21:59;Non-Roadway;490910;2007;C: Possible Injury;Commercial;NA;NA;Missing;0-5 mph;Injury;/Missing;NA;Pickup;No;Yes;Dark -  Lighting;Urban (>70% Developed);2 lanes;2;Straight - Level;Public Vehicular Area;Dry;Two-Way, Not Divided;None;Driveway, Public;Grooved Concrete;Piedmont;Urban;5 - 15 MPH;No Control Present;Cloudy;No;35.797234, -78.57758
409;410;Yes;16-19;18;No;Facing Traffic;C: Possible Injury;Travel Lane;White;Male;Jacksonville;Onslow;No;NA;11/06/2007;Motorist Failed to Yield - Midblock;16;Non-Intersection;01/06/2001;01/01/2001 16:40;Motorist Drive Out - Commercial Driveway / Alley;312322;2007;C: Possible Injury;Commercial;20-24;23;No;0-5 mph;O: No Injury;White;Male;Passenger Car;No;No;Daylight;Urban (>70% Developed);4 lanes;2;Straight - Level;Local Street;Dry;Two-Way, Not Divided;None;No Special Feature;Smooth Asphalt;Coastal;Urban;40 - 45  MPH;Stop Sign;Clear;No;34.785446, -77.42511
413;414;Yes;15-nov;13;No;With Traffic;B: Evident Injury;Travel Lane;White;Male;Elon College;Alamance;No;NA;11/06/2007;Bicyclist Left Turn / Merge;14;Intersection;01/06/2001;01/01/2001 14:49;Bicyclist Left Turn - Same Direction;111221;2007;B: Evident Injury;Residential;0-19;16;No;36-40 mph;O: No Injury;White;Female;Passenger Car;No;No;Daylight;Mixed (30% To 70% Developed);2 lanes;2;Straight - Level;Local Street;NA;Two-Way, Divided, Unprotected Median;NA;No Special Feature;Smooth Asphalt;Piedmont;Urban;30 - 35  MPH;Stop Sign;Clear;No;36.08698, -79.512054
421;422;Yes;40-49;48;Yes;With Traffic;A: Disabling Injury;Travel Lane;White;Male;None - Rural Crash;Buncombe;Yes;01/01/2004;14/06/2007;Motorist Overtaking Bicyclist;21;Non-Intersection;01/06/2001;01/01/2001 21:44;Motorist Overtaking - Undetected Bicyclist;311231;2007;A: Disabling Injury;Commercial;30-39;37;No;41-45 mph;O: No Injury;Black;Female;Passenger Car;No;No;Dark - Roadway Not Lighted;Mixed (30% To 70% Developed);5 lanes;2;Straight - Level;NC Route;Wet;Two-Way, Not Divided;None;No Special Feature;Coarse Asphalt;Mountains;Rural;40 - 45  MPH;No Control Present;Cloudy;No;35.454765, -82.52196
431;432;Yes;30-39;31;No;With Traffic;A: Disabling Injury;Travel Lane;Hispanic;Female;Charlotte;Mecklenburg;Yes;01/01/2005;04/05/2007;Motorist Overtaking Bicyclist;23;Non-Intersection;01/05/2001;01/01/2001 23:53;Motorist Overtaking - Other /;311239;2007;A: Disabling Injury;Residential;30-39;35;Yes;0-5 mph;O: No Injury;White;Male;Sport Utility;No;No;Dark - Roadway Not Lighted;Mixed (30% To 70% Developed);2 lanes;3;Straight - Level;Local Street;Dry;Two-Way, Not Divided;None;No Special Feature;Coarse Asphalt;Piedmont;Urban;40 - 45  MPH;Double Yellow Line, No Passing Zone;Cloudy;No;35.374477, -80.80304