FID;OBJECTID;AmbulanceR;BikeAge_Gr;Bike_Age;Bike_Alc_D;Bike_Dir;Bike_Injur;Bike_Pos;Bike_Race;Bike_Sex;City;County;CrashAlcoh;CrashDay;Crash_Date;Crash_Grp;Crash_Hour;Crash_Loc;Crash_Mont;Crash_Time;Crash_Type;Crash_Ty_1;Crash_Year;Crsh_Sevri;Developmen;DrvrAge_Gr;Drvr_Age;Drvr_Alc_D;Drvr_EstSp;Drvr_Injur;Drvr_Race;Drvr_Sex;Drvr_VehTy;ExcsSpdInd;Hit_Run;Light_Cond;Locality;Num_Lanes;Num_Units;Rd_Charact;Rd_Class;Rd_Conditi;Rd_Config;Rd_Defects;Rd_Feature;Rd_Surface;Region;Rural_Urba;Speed_Limi;Traff_Cntr;Weather;Workzone_I;Location
436;437;Yes;15-nov;15;No;With Traffic;K: Killed;Travel Lane;Black;Female;None - Rural Crash;Wake;No;01/01/2002;19/06/2007;Bicyclist Failed to Yield - Signalized Intersection;19;Intersection;01/06/2001;01/01/2001 19:18;Bicyclist Ride Through - Signalized Intersection;111155;2007;K: Killed;Residential;60-69;60;No;6-10 mph;O: No Injury;White;Female;Sport Utility;No;No;Daylight;Mixed (30% To 70% Developed);2 lanes;2;Straight - Level;State Secondary Route;Dry;Two-Way, Not Divided;None;Four-Way Intersection;Smooth Asphalt;Piedmont;Rural;40 - 45  MPH;Stop And Go Signal;Clear;No;35.88315, -78.51006
451;452;No;30-39;30;Yes;Facing Traffic;B: Evident Injury;Travel Lane;White;Male;None - Rural Crash;Hyde;Yes;01/01/2007;24/06/2007;Loss of Control / Turning Error;0;Non-Intersection;01/06/2001;01/01/2001 00:48;Motorist Lost Control - Other /;312139;2007;B: Evident Injury;Commercial;40-49;48;Yes;31-35 mph;O: No Injury;White;Male;Passenger Car;No;No;Dark - Roadway Not Lighted;Mixed (30% To 70% Developed);2 lanes;2;Straight - Level;NC Route;Dry;Two-Way, Not Divided;None;No Special Feature;Smooth Asphalt;Coastal;Rural;30 - 35  MPH;Double Yellow Line, No Passing Zone;Clear;No;35.407093, -76.33018
465;466;No;NA;NA;Missing;NA;Injury;NA;/Missing;NA;Fayetteville;Cumberland;No;01/01/2006;23/06/2007;Bicyclist Failed to Yield - Midblock;19;Non-Intersection;01/06/2001;01/01/2001 19:10;Bicyclist Ride Out - Midblock -;399319;2007;O: No Injury;Commercial;30-39;36;No;0-5 mph;O: No Injury;White;Female;Sport Utility;No;No;Daylight;Urban (>70% Developed);3 lanes;2;Straight - Level;Local Street;Dry;Two-Way, Not Divided;None;No Special Feature;Smooth Asphalt;Coastal;Urban;20 - 25  MPH;Stop And Go Signal;Clear;No;35.044807, -78.95712
467;468;No;70+;NA;No;With Traffic;B: Evident Injury;Travel Lane;White;Male;Raleigh;Wake;No;01/01/2002;26/06/2007;Bicyclist Failed to Yield - Sign-Controlled Intersection;8;Intersection;01/06/2001;01/01/2001 08:01;Bicyclist Ride Out - Sign-Controlled Intersection;111142;2007;B: Evident Injury;Residential;20-24;22;No;21-25 mph;O: No Injury;Black;Male;Van;No;No;Daylight;Urban (>70% Developed);2 lanes;2;Straight - Grade;Local Street;Dry;Two-Way, Not Divided;None;Four-Way Intersection;Smooth Asphalt;Piedmont;Urban;30 - 35  MPH;Stop Sign;Clear;No;35.80053, -78.61585
473;474;No;16-19;16;No;NA;C: Possible Injury;Travel Lane;Black;Male;None - Rural Crash;Guilford;No;01/01/2004;28/06/2007;Non-Roadway;17;Non-Roadway;01/06/2001;01/01/2001 17:42;Non-Roadway;410910;2007;C: Possible Injury;Residential;30-39;32;No;0-5 mph;O: No Injury;Hispanic;Male;Passenger Car;No;No;Daylight;Urban (>70% Developed);NA;2;Curve - Grade;Public Vehicular Area;Dry;Two-Way, Not Divided;None;Driveway, Public;Smooth Asphalt;Piedmont;Rural;5 - 15 MPH;No Control Present;Cloudy;No;36.130672, -79.93471
474;475;No;30-39;35;No;With Traffic;O: No Injury;Travel Lane;White;Male;Stallings;Union;No;01/01/2003;03/10/2007;Motorist Overtaking Bicyclist;8;Non-Intersection;01/10/2001;01/01/2001 08:34;Motorist Overtaking - Other /;311239;2007;O: No Injury;Commercial;NA;NA;Missing;11-15 mph;Injury;/Missing;NA;Pickup;No;Yes;Daylight;Urban (>70% Developed);2 lanes;2;Straight - Level;Local Street;Dry;Two-Way, Not Divided;None;No Special Feature;Smooth Asphalt;Piedmont;Urban;30 - 35  MPH;No Control Present;Clear;No;35.085304, -80.69663
488;489;Yes;50-59;50;No;With Traffic;C: Possible Injury;Travel Lane;White;Male;None - Rural Crash;New Hanover;No;01/01/2005;21/09/2007;Motorist Overtaking Bicyclist;9;Non-Intersection;01/09/2001;01/01/2001 09:25;Motorist Overtaking - Misjudged Space;311232;2007;C: Possible Injury;Commercial;40-49;45;No;41-45 mph;O: No Injury;Black;Male;Single Unit Truck (2-Axle, 6-Tire);No;No;Daylight;Urban (>70% Developed);2 lanes;2;Straight - Level;NC Route;Dry;Two-Way, Not Divided;None;No Special Feature;Smooth Asphalt;Coastal;Rural;50 - 55  MPH;No Control Present;Clear;No;34.30819, -77.921936
492;493;No;40-49;44;No;With Traffic;B: Evident Injury;Travel Lane;Black;Male;Rocky Mount;Nash;No;01/01/2007;01/07/2007;Motorist Failed to Yield - Midblock;4;Non-Intersection;01/07/2001;01/01/2001 04:41;Motorist Drive Out - Commercial Driveway / Alley;311322;2007;B: Evident Injury;Residential;NA;NA;No;0-5 mph;Injury;/Missing;NA;NA;No;Yes;Daylight;Urban (>70% Developed);2 lanes;2;Straight - Level;Local Street;Dry;Two-Way, Not Divided;None;No Special Feature;Smooth Asphalt;Coastal;Urban;30 - 35  MPH;No Control Present;Cloudy;No;35.953472, -77.79304
493;494;Yes;50-59;50;No;With Traffic;B: Evident Injury;Travel Lane;Black;Male;Charlotte;Mecklenburg;No;01/01/2006;06/10/2007;Crossing Paths - Other Circumstances;19;Intersection;01/10/2001;01/01/2001 19:17;Crossing Paths - Intersection - Other /;111180;2007;B: Evident Injury;Residential;30-39;35;No;31-35 mph;O: No Injury;Black;Male;Passenger Car;No;No;Dark - Lighted Roadway;Urban (>70% Developed);5 lanes;2;Straight - Level;Local Street;Dry;Two-Way, Divided, Unprotected Median;None;No Special Feature;Coarse Asphalt;Piedmont;Urban;30 - 35  MPH;No Control Present;Clear;No;35.24764, -80.84343
495;496;Yes;20-24;23;No;Facing Traffic;C: Possible Injury;Travel Lane;White;Male;Morehead City;Carteret;No;NA;02/07/2007;Motorist Failed to Yield - Sign-Controlled Intersection;15;Intersection;01/07/2001;01/01/2001 15:08;Motorist Drive Out - Sign-Controlled Intersection;112141;2007;C: Possible Injury;Commercial;70+;NA;No;0-5 mph;O: No Injury;White;Male;Sport Utility;No;No;Daylight;Urban (>70% Developed);3 lanes;2;Straight - Hillcrest;Local Street;Dry;Two-Way, Not Divided;None;No Special Feature;Coarse Asphalt;Coastal;Urban;30 - 35  MPH;No Control Present;Clear;No;34.724514, -76.736786
134;135;No;15-nov;13;No;Facing Traffic;C: Possible Injury;Travel Lane;Native American;Male;None - Rural Crash;Robeson;No;01/01/2005;29/02/2008;Bicyclist Right Turn / Merge;15;Non-Intersection;01/02/2001;01/01/2001 15:49;Bicyclist Right Turn - Same Direction;312223;2008;C: Possible Injury;Residential;20-24;21;No;51-55 mph;O: No Injury;Native American;Male;Passenger Car;No;No;Daylight;Rural (<30% Developed);2 lanes;2;Straight - Level;State Secondary Route;Dry;Two-Way, Not Divided;None;Driveway, Private;Coarse Asphalt;Coastal;Rural;50 - 55  MPH;No Control Present;Clear;No;0.0, 0.0
135;136;Yes;20-24;21;No;With Traffic;C: Possible Injury;Travel Lane;White;Female;Charlotte;Mecklenburg;No;01/01/2005;02/05/2008;Bicyclist Overtaking Motorist;18;Non-Intersection;01/05/2001;01/01/2001 18:32;Bicyclist Overtaking - Other /;311249;2008;C: Possible Injury;Residential;40-49;44;No;21-25 mph;O: No Injury;White;Female;Van;No;No;Daylight;Urban (>70% Developed);2 lanes;2;Straight - Level;Local Street;Dry;Two-Way, Divided, Positive Median Barrier;None;No Special Feature;Smooth Asphalt;Piedmont;Urban;20 - 25  MPH;Stop And Go Signal;Clear;No;0.0, 0.0
140;141;No;10-juin;9;No;Not Applicable;C: Possible Injury;Non-Roadway;Asian;Male;Cary;Wake;No;01/01/2006;03/05/2008;Non-Roadway;17;Non-Roadway;01/05/2001;01/01/2001 16:59;Non-Roadway;460910;2008;C: Possible Injury;Residential;NA;NA;Missing;0-5 mph;Injury;/Missing;NA;Passenger Car;No;No;Daylight;Urban (>70% Developed);2 lanes;2;Curve - Grade;Local Street;Dry;Two-Way, Not Divided;None;No Special Feature;Smooth Asphalt;Piedmont;Urban;5 - 15 MPH;No Control Present;Clear;No;0.0, 0.0
143;144;Yes;16-19;17;No;With Traffic;C: Possible Injury;Travel Lane;Black;Male;None - Rural Crash;Halifax;No;NA;03/03/2008;Bicyclist Left Turn / Merge;17;Non-Intersection;01/03/2001;01/01/2001 17:13;Bicyclist Left Turn - Same Direction;311221;2008;C: Possible Injury;Farms, Woods, Pastures;40-49;46;No;51-55 mph;O: No Injury;Black;Female;Passenger Car;No;No;Daylight;Rural (<30% Developed);2 lanes;2;Straight - Level;NC Route;Dry;Two-Way, Divided, Unprotected Median;None;No Special Feature;Smooth Asphalt;Coastal;Rural;50 - 55  MPH;Missing;Clear;No;0.0, 0.0
146;147;Yes;NA;NA;No;With Traffic;C: Possible Injury;Travel Lane;White;Male;Asheville;Buncombe;No;01/01/2003;05/03/2008;Head-On;14;Non-Intersection;01/03/2001;01/01/2001 14:40;Head-On -;311259;2008;C: Possible Injury;Residential;50-59;53;No;16-20 mph;O: No Injury;White;Female;Passenger Car;No;No;Daylight;Rural (<30% Developed);2 lanes;2;Curve - Grade;Local Street;Dry;Two-Way, Not Divided;None;No Special Feature;Smooth Asphalt;Mountains;Urban;20 - 25  MPH;No Control Present;Clear;No;0.0, 0.0
153;154;Yes;70+;NA;No;With Traffic;B: Evident Injury;Travel Lane;White;Male;Conover;Catawba;No;01/01/2003;07/05/2008;Motorist Left Turn / Merge;15;Intersection;01/05/2001;01/01/2001 15:21;Motorist Left Turn - Opposite Direction;111212;2008;B: Evident Injury;Commercial;40-49;44;No;6-10 mph;O: No Injury;White;Male;Pickup;No;No;Daylight;Mixed (30% To 70% Developed);2 lanes;2;Straight - Level;Local Street;Dry;Two-Way, Divided, Unprotected Median;None;Four-Way Intersection;Smooth Asphalt;Piedmont;Urban;40 - 45  MPH;Stop And Go Signal;Clear;No;0.0, 0.0
155;156;No;16-19;18;No;With Traffic;B: Evident Injury;Travel Lane;Black;Male;None - Rural Crash;Halifax;No;01/01/2007;09/03/2008;Bicyclist Left Turn / Merge;12;Non-Intersection;01/03/2001;01/01/2001 12:08;Bicyclist Left Turn - Same Direction;311221;2008;B: Evident Injury;Residential;25-29;28;No;NA;O: No Injury;Black;Male;Sport Utility;No;No;Daylight;Mixed (30% To 70% Developed);2 lanes;2;Straight - Level;State Secondary Route;Dry;Two-Way, Not Divided;None;No Special Feature;Smooth Asphalt;Coastal;Rural;NA;Double Yellow Line, No Passing Zone;Clear;No;0.0, 0.0
171;172;Yes;20-24;24;No;Facing Traffic;B: Evident Injury;Sidewalk / Crosswalk / Driveway Crossing;White;Male;Raleigh;Wake;No;01/01/2005;14/03/2008;Crossing Paths - Other Circumstances;18;Intersection;01/03/2001;01/01/2001 18:19;Signalized Intersection - Other /;132158;2008;B: Evident Injury;Commercial;40-49;48;No;41-45 mph;B: Evident Injury;White;Male;Passenger Car;No;No;Daylight;Urban (>70% Developed);4 lanes;2;Straight - Level;Local Street;Dry;Two-Way, Not Divided;None;Four-Way Intersection;Smooth Asphalt;Piedmont;Urban;40 - 45  MPH;Stop And Go Signal;Clear;No;0.0, 0.0
173;174;Yes;60-69;64;No;Facing Traffic;O: No Injury;Travel Lane;White;Male;None - Rural Crash;Richmond;Yes;01/01/2003;12/03/2008;Bicyclist Right Turn / Merge;20;Non-Intersection;01/03/2001;01/01/2001 20:24;Bicyclist Right Turn - Same Direction;312223;2008;A: Disabling Injury;Institutional;40-49;49;Yes;NA;A: Disabling Injury;Black;Female;Pedalcycle;No;No;Dark - Roadway Not Lighted;Mixed (30% To 70% Developed);2 lanes;2;Straight - Level;State Secondary Route;Dry;Two-Way, Not Divided;None;No Special Feature;Smooth Asphalt;Piedmont;Rural;NA;Double Yellow Line, No Passing Zone;Clear;No;0.0, 0.0
175;176;Yes;25-29;28;No;Facing Traffic;C: Possible Injury;Sidewalk / Crosswalk / Driveway Crossing;Hispanic;Male;Raleigh;Wake;No;NA;17/03/2008;Motorist Failed to Yield - Midblock;18;Non-Intersection;01/03/2001;01/01/2001 18:32;Motorist Drive Out - Commercial Driveway / Alley;332322;2008;C: Possible Injury;Commercial;20-24;24;No;NA;O: No Injury;Hispanic;Male;Pickup;No;No;Daylight;Urban (>70% Developed);4 lanes;2;Straight - Grade;Public Vehicular Area;Dry;Two-Way, Not Divided;None;No Special Feature;Concrete;Piedmont;Urban;NA;No Control Present;Cloudy;No;0.0, 0.0
176;177;Yes;40-49;43;No;With Traffic;C: Possible Injury;Travel Lane;White;Male;None - Rural Crash;Henderson;No;01/01/2002;18/03/2008;Motorist Overtaking Bicyclist;7;Non-Intersection;01/03/2001;01/01/2001 07:31;Motorist Overtaking - Misjudged Space;311232;2008;C: Possible Injury;Residential;NA;NA;No;36-40 mph;Injury;/Missing;NA;NA;No;Yes;Daylight;Urban (>70% Developed);2 lanes;2;Straight - Level;US Route;Dry;Two-Way, Not Divided;None;No Special Feature;Smooth Asphalt;Mountains;Rural;40 - 45  MPH;Double Yellow Line, No Passing Zone;Clear;No;0.0, 0.0
177;178;No;15-nov;12;No;With Traffic;C: Possible Injury;Travel Lane;White;Male;Indian Trail;Union;No;01/01/2002;18/03/2008;Bicyclist Failed to Yield - Sign-Controlled Intersection;17;Intersection;01/03/2001;01/01/2001 17:06;Bicyclist Ride Through - Sign-Controlled Intersection;111144;2008;C: Possible Injury;Residential;30-39;38;No;31-35 mph;O: No Injury;White;Female;Sport Utility;No;No;Daylight;Urban (>70% Developed);2 lanes;2;Straight - Level;State Secondary Route;Dry;Two-Way, Not Divided;None;T-Intersection;Smooth Asphalt;Piedmont;Urban;40 - 45  MPH;Stop Sign;Cloudy;No;0.0, 0.0
180;181;Yes;0-5;5;No;Not Applicable;B: Evident Injury;Non-Roadway;Hispanic;Male;None - Rural Crash;Dare;No;01/01/2004;20/03/2008;Bicyclist Failed to Yield - Midblock;18;Non-Intersection;01/03/2001;01/01/2001 18:48;Bicyclist Ride Out - Commercial Driveway / Alley;363312;2008;B: Evident Injury;Residential;20-24;22;No;31-35 mph;O: No Injury;White;Female;Passenger Car;No;No;Dusk;Urban (>70% Developed);2 lanes;2;Straight - Level;State Secondary Route;Dry;Two-Way, Not Divided;None;Driveway, Public;Coarse Asphalt;Coastal;Rural;30 - 35  MPH;Double Yellow Line, No Passing Zone;Cloudy;No;0.0, 0.0
189;190;No;40-49;46;No;Facing Traffic;C: Possible Injury;Travel Lane;White;Male;Gastonia;Gaston;No;01/01/2003;26/03/2008;Motorist Failed to Yield - Midblock;14;Non-Intersection;01/03/2001;01/01/2001 14:06;Motorist Drive Out - Commercial Driveway / Alley;312322;2008;C: Possible Injury;Commercial;60-69;62;No;NA;O: No Injury;Black;Female;Passenger Car;No;No;Daylight;Urban (>70% Developed);5 lanes;2;Straight - Level;Local Street;Dry;Two-Way, Not Divided;None;Driveway, Public;Smooth Asphalt;Piedmont;Urban;NA;Missing;Clear;No;0.0, 0.0
193;194;Yes;40-49;44;Yes;With Traffic;C: Possible Injury;Travel Lane;Black;Male;None - Rural Crash;Wake;Yes;01/01/2007;18/05/2008;Motorist Overtaking Bicyclist;23;Non-Intersection;01/05/2001;01/01/2001 23:27;Motorist Overtaking - Other /;311239;2008;C: Possible Injury;Farms, Woods, Pastures;NA;NA;Missing;41-45 mph;Injury;/Missing;NA;NA;No;Yes;Dark - Roadway Not Lighted;Rural (<30% Developed);2 lanes;2;Straight - Level;State Secondary Route;Wet;Two-Way, Not Divided;None;No Special Feature;Smooth Asphalt;Piedmont;Rural;40 - 45  MPH;No Control Present;Cloudy;No;0.0, 0.0
197;198;Yes;25-29;28;No;With Traffic;B: Evident Injury;Travel Lane;White;Male;None - Rural Crash;Rowan;No;01/01/2004;27/03/2008;Loss of Control / Turning Error;15;Intersection;01/03/2001;01/01/2001 15:09;Motorist Turning Error - Left Turn;111111;2008;B: Evident Injury;Farms, Woods, Pastures;60-69;61;No;31-35 mph;O: No Injury;White;Male;Single Unit Truck (2-Axle, 6-Tire);No;No;Daylight;Rural (<30% Developed);2 lanes;2;Straight - Grade;State Secondary Route;Dry;Two-Way, Not Divided;None;T-Intersection;Smooth Asphalt;Piedmont;Rural;40 - 45  MPH;Stop Sign;Clear;No;0.0, 0.0
199;200;Yes;15-nov;14;No;With Traffic;C: Possible Injury;Travel Lane;White;Male;Greensboro;Guilford;No;01/01/2004;27/03/2008;Bicyclist Left Turn / Merge;16;Intersection;01/03/2001;01/01/2001 16:36;Bicyclist Left Turn - Same Direction;111221;2008;C: Possible Injury;Residential;25-29;29;No;31-35 mph;O: No Injury;White;Male;Passenger Car;No;No;Daylight;Urban (>70% Developed);2 lanes;2;Straight - Level;Local Street;Dry;Two-Way, Not Divided;None;No Special Feature;Coarse Asphalt;Piedmont;Urban;30 - 35  MPH;No Control Present;Clear;No;0.0, 0.0
208;209;Yes;25-29;27;No;With Traffic;B: Evident Injury;Travel Lane;White;Male;Raleigh;Wake;No;01/01/2003;02/04/2008;Bicyclist Failed to Yield - Sign-Controlled Intersection;19;Intersection;01/04/2001;01/01/2001 19:09;Bicyclist Ride Through - Sign-Controlled Intersection;111144;2008;B: Evident Injury;Residential;25-29;28;No;21-25 mph;O: No Injury;White;Female;Passenger Car;No;No;Daylight;Urban (>70% Developed);2 lanes;2;Straight - Bottom;Local Street;Dry;Two-Way, Not Divided;None;Four-Way Intersection;Smooth Asphalt;Piedmont;Urban;20 - 25  MPH;Stop Sign;Clear;No;0.0, 0.0
209;210;No;15-nov;13;No;With Traffic;C: Possible Injury;Multi-use Path;White;Female;Kill Devil Hills;Dare;No;01/01/2003;02/04/2008;Motorist Right Turn / Merge;7;Intersection;01/04/2001;01/01/2001 07:49;Motorist Right Turn - Same Direction;141213;2008;C: Possible Injury;Institutional;0-19;18;No;11-15 mph;O: No Injury;White;Male;Sport Utility;No;No;Daylight;Mixed (30% To 70% Developed);NA;2;Straight - Level;Public Vehicular Area;Dry;Two-Way, Not Divided;None;Driveway, Public;Smooth Asphalt;Coastal;Urban;20 - 25  MPH;Missing;Cloudy;No;0.0, 0.0
215;216;No;10-juin;10;No;With Traffic;Injury;Travel Lane;/Missing;NA;Rocky Mount;Nash;No;01/01/2003;09/04/2008;Loss of Control / Turning Error;16;Intersection;01/04/2001;01/01/2001 16:46;Bicyclist Lost Control - Mechanical Problems;111121;2008;O: No Injury;Commercial;25-29;25;No;16-20 mph;O: No Injury;Black;Female;Passenger Car;No;No;Daylight;Urban (>70% Developed);2 lanes;2;Straight - Level;Local Street;Dry;Two-Way, Not Divided;None;No Special Feature;Coarse Asphalt;Coastal;Urban;30 - 35  MPH;No Control Present;Clear;No;0.0, 0.0
217;218;No;15-nov;13;No;With Traffic;C: Possible Injury;NA;White;Female;Concord;Cabarrus;No;01/01/2005;04/04/2008;Loss of Control / Turning Error;17;Intersection;01/04/2001;01/01/2001 17:09;Bicyclist Lost Control - Other /;191129;2008;C: Possible Injury;Commercial;40-49;47;No;0-5 mph;O: No Injury;White;Female;Passenger Car;No;No;Daylight;Urban (>70% Developed);5 lanes;2;Straight - Hillcrest;Local Street;Dry;Two-Way, Not Divided;None;T-Intersection;Smooth Asphalt;Piedmont;Urban;30 - 35  MPH;Stop Sign;Clear;No;0.0, 0.0
218;219;Yes;16-19;16;No;NA;B: Evident Injury;Travel Lane;White;Male;Charlotte;Mecklenburg;No;01/01/2005;23/05/2008;Bicyclist Failed to Yield - Midblock;15;Non-Intersection;01/05/2001;01/01/2001 15:45;Multiple Threat - Midblock;319357;2008;B: Evident Injury;Commercial;25-29;25;No;21-25 mph;O: No Injury;Black;Female;Passenger Car;No;No;Daylight;Urban (>70% Developed);4 lanes;2;Straight - Level;Local Street;Dry;Two-Way, Divided, Unprotected Median;None;No Special Feature;Smooth Asphalt;Piedmont;Urban;30 - 35  MPH;Stop And Go Signal;Clear;No;0.0, 0.0
222;223;No;30-39;36;No;With Traffic;B: Evident Injury;NA;White;Male;Carrboro;Orange;No;01/01/2002;08/04/2008;Motorist Overtaking Bicyclist;17;Intersection;01/04/2001;01/01/2001 17:36;Motorist Overtaking - Bicyclist Swerved;191235;2008;B: Evident Injury;Residential;50-59;50;No;31-35 mph;O: No Injury;White;Female;Passenger Car;No;No;Daylight;Urban (>70% Developed);2 lanes;2;Straight - Level;Local Street;Dry;Two-Way, Not Divided;None;T-Intersection;Smooth Asphalt;Piedmont;Urban;30 - 35  MPH;No Control Present;Clear;No;0.0, 0.0
229;230;Yes;0-5;5;No;NA;A: Disabling Injury;NA;Black;Female;Charlotte;Mecklenburg;No;NA;12/05/2008;Other /  - Insufficient Details;16;Intersection-Related;01/05/2001;01/01/2001 16:55;Approach Paths;2990970;2008;A: Disabling Injury;Residential;30-39;37;No;0-5 mph;O: No Injury;Black;Female;School Bus;No;No;Daylight;Urban (>70% Developed);2 lanes;2;Straight - Grade;Local Street;Dry;Two-Way, Not Divided;None;T-Intersection;Smooth Asphalt;Piedmont;Urban;20 - 25  MPH;Stop Sign;Clear;No;0.0, 0.0
232;233;Yes;50-59;51;No;Not Applicable;B: Evident Injury;Bike Lane / Paved Shoulder;Black;Male;Lumber Bridge;Robeson;No;01/01/2006;12/04/2008;Non-Roadway;11;Non-Roadway;01/04/2001;01/01/2001 11:24;Non-Roadway;420910;2008;B: Evident Injury;Residential;30-39;36;No;16-20 mph;O: No Injury;Black;Male;Police;No;No;Daylight;Urban (>70% Developed);NA;2;Straight - Level;Public Vehicular Area;Dry;NA;None;Other;Other;Coastal;Rural;20 - 25  MPH;Missing;Clear;No;0.0, 0.0
249;250;No;15-nov;15;No;Facing Traffic;O: No Injury;Sidewalk / Crosswalk / Driveway Crossing;Black;Male;Raleigh;Wake;No;01/01/2006;31/05/2008;Motorist Failed to Yield - Sign-Controlled Intersection;11;Intersection;01/05/2001;01/01/2001 11:53;Motorist Drive Out - Sign-Controlled Intersection;132141;2008;O: No Injury;Residential;25-29;29;No;0-5 mph;O: No Injury;White;Female;Sport Utility;No;No;Daylight;Mixed (30% To 70% Developed);2 lanes;2;Straight - Level;Private Road, Driveway;Dry;Two-Way, Not Divided;None;Driveway, Private;Coarse Asphalt;Piedmont;Urban;20 - 25  MPH;Stop Sign;Clear;No;0.0, 0.0
257;258;Yes;10-juin;6;No;With Traffic;B: Evident Injury;Travel Lane;Black;Male;Enfield;Halifax;No;01/01/2006;19/04/2008;Bicyclist Failed to Yield - Sign-Controlled Intersection;16;Intersection;01/04/2001;01/01/2001 16:31;Bicyclist Ride Through - Sign-Controlled Intersection;111144;2008;B: Evident Injury;Residential;20-24;24;No;21-25 mph;O: No Injury;Black;Male;Passenger Car;No;No;Daylight;Urban (>70% Developed);2 lanes;2;Curve - Grade;Local Street;Dry;Two-Way, Not Divided;None;No Special Feature;Smooth Asphalt;Coastal;Rural;20 - 25  MPH;Stop Sign;Clear;No;0.0, 0.0
265;266;No;40-49;49;No;With Traffic;B: Evident Injury;Travel Lane;White;Male;None - Rural Crash;Durham;No;01/01/2004;24/04/2008;Motorist Failed to Yield - Sign-Controlled Intersection;17;Intersection;01/04/2001;01/01/2001 17:24;Motorist Drive Out - Sign-Controlled Intersection;111141;2008;B: Evident Injury;Farms, Woods, Pastures;40-49;40;No;NA;O: No Injury;White;Female;Passenger Car;No;No;Daylight;Rural (<30% Developed);2 lanes;2;Curve - Bottom;State Secondary Route;Dry;Two-Way, Not Divided;None;Four-Way Intersection;Smooth Asphalt;Piedmont;Rural;NA;Stop Sign;Clear;No;0.0, 0.0
354;355;Yes;16-19;17;No;With Traffic;B: Evident Injury;Travel Lane;Black;Male;Wilmington;New Hanover;No;01/01/2005;11/06/2010;Bicyclist Failed to Yield - Sign-Controlled Intersection;12;Intersection;01/06/2001;01/01/2001 12:52;Bicyclist Ride Through - Sign-Controlled Intersection;0;2010;B: Evident Injury;Residential;30-39;39;No;31-35 mph;O: No Injury;White;Male;Sport Utility;No;No;Daylight;Urban (>70% Developed);3 lanes;2;Straight - Level;Local Street;Dry;One-Way, Not Divided;None;Four-Way Intersection;Smooth Asphalt;Coastal;Urban;30 - 35  MPH;Stop Sign;Clear;No;34.22666, -77.93029
355;356;Yes;20-24;22;No;Facing Traffic;C: Possible Injury;Sidewalk / Crosswalk / Driveway Crossing;Black;Male;Fayetteville;Cumberland;No;NA;21/06/2010;Motorist Failed to Yield - Midblock;16;Non-Intersection;01/06/2001;01/01/2001 16:57;Motorist Drive Out - Midblock -;0;2010;C: Possible Injury;Commercial;25-29;25;No;0-5 mph;O: No Injury;White;Female;Sport Utility;No;No;Daylight;Urban (>70% Developed);NA;2;Straight - Level;Public Vehicular Area;Dry;Two-Way, Not Divided;None;Driveway, Public;Smooth Asphalt;Coastal;Urban;20 - 25  MPH;No Control Present;Clear;No;35.06693, -78.9488
357;358;Yes;40-49;49;No;With Traffic;C: Possible Injury;Travel Lane;Black;Male;None - Rural Crash;Granville;No;01/01/2007;20/06/2010;Motorist Overtaking Bicyclist;14;Non-Intersection;01/06/2001;01/01/2001 14:26;Motorist Overtaking - Other /;0;2010;C: Possible Injury;Residential;0-19;17;No;41-45 mph;O: No Injury;Black;Male;Sport Utility;No;No;Daylight;Mixed (30% To 70% Developed);2 lanes;2;Curve - Level;State Secondary Route;Dry;Two-Way, Not Divided;None;No Special Feature;Coarse Asphalt;Piedmont;Rural;40 - 45  MPH;Double Yellow Line, No Passing Zone;Clear;No;36.311058, -78.55274
366;367;No;15-nov;13;No;With Traffic;C: Possible Injury;Sidewalk / Crosswalk / Driveway Crossing;Black;Male;Greensboro;Guilford;No;NA;07/06/2010;Crossing Paths - Other Circumstances;21;Intersection;01/06/2001;01/01/2001 21:17;Signalized Intersection - Other /;0;2010;C: Possible Injury;Residential;60-69;63;No;6-10 mph;O: No Injury;Black;Male;Passenger Car;No;No;Dark - Lighted Roadway;Urban (>70% Developed);4 lanes;2;Straight - Level;Local Street;Dry;Two-Way, Divided, Unprotected Median;None;No Special Feature;Smooth Asphalt;Piedmont;Urban;30 - 35  MPH;Stop And Go Signal;Clear;No;36.033146, -79.85014
369;370;Yes;10-juin;8;No;With Traffic;A: Disabling Injury;Travel Lane;Hispanic;Female;Charlotte;Mecklenburg;No;01/01/2003;16/06/2010;Bicyclist Failed to Yield - Sign-Controlled Intersection;14;Intersection;01/06/2001;01/01/2001 14:06;Bicyclist Ride Through - Sign-Controlled Intersection;0;2010;A: Disabling Injury;Residential;25-29;27;No;21-25 mph;O: No Injury;White;Male;Single Unit Truck (2-Axle, 6-Tire);No;No;Daylight;Urban (>70% Developed);2 lanes;2;Straight - Grade;Local Street;Dry;Two-Way, Not Divided;None;T-Intersection;Smooth Asphalt;Piedmont;Urban;30 - 35  MPH;Stop Sign;Clear;No;35.17051, -80.90014