FID;OBJECTID;AmbulanceR;BikeAge_Gr;Bike_Age;Bike_Alc_D;Bike_Dir;Bike_Injur;Bike_Pos;Bike_Race;Bike_Sex;City;County;CrashAlcoh;CrashDay;Crash_Date;Crash_Grp;Crash_Hour;Crash_Loc;Crash_Mont;Crash_Time;Crash_Type;Crash_Ty_1;Crash_Year;Crsh_Sevri;Developmen;DrvrAge_Gr;Drvr_Age;Drvr_Alc_D;Drvr_EstSp;Drvr_Injur;Drvr_Race;Drvr_Sex;Drvr_VehTy;ExcsSpdInd;Hit_Run;Light_Cond;Locality;Num_Lanes;Num_Units;Rd_Charact;Rd_Class;Rd_Conditi;Rd_Config;Rd_Defects;Rd_Feature;Rd_Surface;Region;Rural_Urba;Speed_Limi;Traff_Cntr;Weather;Workzone_I;Location
371;372;Yes;20-24;22;No;With Traffic;Injury;Travel Lane;Asian;Male;Holly Springs;Wake;No;01/01/2006;26/06/2010;Motorist Left Turn / Merge;10;Intersection;01/06/2001;01/01/2001 10:27;Motorist Left Turn - Opposite Direction;0;2010;O: No Injury;Residential;0-19;18;No;31-35 mph;O: No Injury;White;Male;Passenger Car;No;No;Daylight;Urban (>70% Developed);2 lanes;2;Straight - Level;Local Street;Dry;Two-Way, Not Divided;None;T-Intersection;Coarse Asphalt;Piedmont;Urban;20 - 25  MPH;No Control Present;Clear;No;35.654903, -78.83032
378;379;Yes;50-59;51;No;With Traffic;B: Evident Injury;Travel Lane;White;Male;Cary;Wake;No;NA;28/06/2010;Loss of Control / Turning Error;12;Non-Intersection;01/06/2001;01/01/2001 12:41;Motorist Turning Error - Left Turn;0;2010;B: Evident Injury;Residential;40-49;44;No;11-15 mph;O: No Injury;White;Male;Passenger Car;No;No;Daylight;Urban (>70% Developed);3 lanes;2;Straight - Level;NC Route;Dry;Two-Way, Not Divided;None;Related To Intersection;Smooth Asphalt;Piedmont;Urban;30 - 35  MPH;Stop Sign;Clear;No;35.784527, -78.85623
380;381;No;40-49;41;No;With Traffic;C: Possible Injury;Travel Lane;White;Male;Midway;Davidson;No;NA;28/06/2010;Motorist Failed to Yield - Sign-Controlled Intersection;13;Intersection;01/06/2001;01/01/2001 13:46;Motorist Drive Out - Sign-Controlled Intersection;0;2010;C: Possible Injury;Farms, Woods, Pastures;60-69;66;No;11-15 mph;O: No Injury;White;Female;Passenger Car;No;No;Daylight;Rural (<30% Developed);2 lanes;2;Straight - Level;State Secondary Route;Dry;Two-Way, Not Divided;None;T-Intersection;Smooth Asphalt;Piedmont;Rural;40 - 45  MPH;Stop Sign;Clear;No;35.975605, -80.24884
384;385;Yes;60-69;62;No;With Traffic;B: Evident Injury;Travel Lane;Native American;Male;Lumberton;Robeson;No;01/01/2005;18/06/2010;Motorist Failed to Yield - Sign-Controlled Intersection;8;Intersection;01/06/2001;01/01/2001 08:47;Motorist Drive Out - Sign-Controlled Intersection;0;2010;B: Evident Injury;Commercial;40-49;49;No;26-30 mph;O: No Injury;White;Male;Pickup;No;No;Daylight;Mixed (30% To 70% Developed);2 lanes;2;Straight - Level;NC Route;Dry;Two-Way, Not Divided;None;No Special Feature;Coarse Asphalt;Coastal;Urban;40 - 45  MPH;No Control Present;Clear;No;34.660053, -79.02712
387;388;Yes;50-59;53;No;Facing Traffic;B: Evident Injury;Travel Lane;Black;Male;Durham;Durham;No;NA;28/06/2010;Bicyclist Failed to Yield - Sign-Controlled Intersection;17;Intersection;01/06/2001;01/01/2001 17:48;Bicyclist Ride Out - Sign-Controlled Intersection;0;2010;B: Evident Injury;Commercial;50-59;55;No;6-10 mph;O: No Injury;White;Male;Passenger Car;No;No;Daylight;Urban (>70% Developed);2 lanes;2;Straight - Grade;Local Street;Dry;Two-Way, Not Divided;None;T-Intersection;Coarse Asphalt;Piedmont;Urban;30 - 35  MPH;Stop Sign;Clear;No;35.99054, -78.89605
390;391;Yes;40-49;44;No;Facing Traffic;B: Evident Injury;Travel Lane;White;Female;Emerald Isle;Carteret;No;01/01/2005;18/06/2010;Motorist Left Turn / Merge;9;Intersection;01/06/2001;01/01/2001 09:39;Motorist Left Turn - Opposite Direction;0;2010;B: Evident Injury;Commercial;25-29;25;No;41-45 mph;O: No Injury;White;Male;Passenger Car;No;No;Daylight;Urban (>70% Developed);9 or more lanes;2;Straight - Level;NC Route;Dry;Two-Way, Not Divided;None;Four-Way Intersection;Coarse Asphalt;Coastal;Rural;20 - 25  MPH;No Control Present;Clear;No;34.66111, -77.05265
392;393;Yes;0-5;2;No;Not Applicable;B: Evident Injury;Driveway / Alley;Black;Male;Durham;Durham;No;01/01/2004;01/07/2010;Bicyclist Failed to Yield - Midblock;17;Non-Intersection;01/07/2001;01/01/2001 17:17;Bicyclist Ride Out - Residential Driveway;0;2010;B: Evident Injury;Residential;40-49;44;No;26-30 mph;O: No Injury;Black;Male;Van;No;No;Daylight;Urban (>70% Developed);2 lanes;3;Straight - Hillcrest;Local Street;Dry;One-Way, Not Divided;None;Driveway, Private;Smooth Asphalt;Piedmont;Urban;30 - 35  MPH;No Control Present;Clear;No;36.009052, -78.905655
393;394;Yes;15-nov;12;No;With Traffic;B: Evident Injury;Travel Lane;White;Male;None - Rural Crash;Iredell;No;01/01/2005;02/07/2010;Bicyclist Left Turn / Merge;15;Non-Intersection;01/07/2001;01/01/2001 15:18;Bicyclist Left Turn - Same Direction;0;2010;B: Evident Injury;Farms, Woods, Pastures;70+;NA;No;0-5 mph;O: No Injury;White;Female;Passenger Car;No;No;Daylight;Rural (<30% Developed);2 lanes;2;Straight - Grade;State Secondary Route;Dry;Two-Way, Not Divided;None;No Special Feature;Coarse Asphalt;Piedmont;Rural;50 - 55  MPH;Double Yellow Line, No Passing Zone;Clear;No;36.011597, -80.96157
394;395;Yes;40-49;45;No;With Traffic;B: Evident Injury;Travel Lane;White;Male;None - Rural Crash;Dare;Yes;01/01/2004;01/07/2010;Motorist Right Turn / Merge;16;Non-Intersection;01/07/2001;01/01/2001 16:09;Motorist Right Turn - Same Direction;0;2010;B: Evident Injury;Farms, Woods, Pastures;40-49;49;Yes;41-45 mph;O: No Injury;White;Male;Sport Utility;No;No;Daylight;Rural (<30% Developed);2 lanes;2;Straight - Level;NC Route;Dry;Two-Way, Not Divided;None;No Special Feature;Smooth Asphalt;Coastal;Rural;50 - 55  MPH;No Control Present;Clear;No;35.16909, -75.8157
398;399;Yes;30-39;38;No;With Traffic;B: Evident Injury;Travel Lane;Black;Male;Durham;Durham;No;01/01/2006;03/07/2010;Bicyclist Overtaking Motorist;16;Non-Intersection;01/07/2001;01/01/2001 15:59;Bicyclist Overtaking - Other /;0;2010;B: Evident Injury;Commercial;40-49;47;No;0-5 mph;O: No Injury;White;Male;Passenger Car;No;No;Daylight;Urban (>70% Developed);2 lanes;2;Straight - Level;Local Street;Dry;Two-Way, Not Divided;None;No Special Feature;Coarse Asphalt;Piedmont;Urban;30 - 35  MPH;No Control Present;Clear;No;35.992947, -78.87036
400;401;Yes;30-39;39;No;With Traffic;B: Evident Injury;Travel Lane;White;Male;None - Rural Crash;Wake;No;NA;05/07/2010;Motorist Overtaking Bicyclist;19;Non-Intersection;01/07/2001;01/01/2001 19:44;Motorist Overtaking - Undetected Bicyclist;0;2010;B: Evident Injury;Farms, Woods, Pastures;25-29;27;No;41-45 mph;O: No Injury;White;Male;Van;No;No;Daylight;Rural (<30% Developed);2 lanes;2;Straight - Grade;State Secondary Route;Dry;Two-Way, Not Divided;None;No Special Feature;Coarse Asphalt;Piedmont;Rural;40 - 45  MPH;No Control Present;Clear;No;35.652107, -78.65876
415;416;No;16-19;17;No;Not Applicable;C: Possible Injury;Travel Lane;Black;Male;Charlotte;Mecklenburg;No;01/01/2005;25/06/2010;Bicyclist Failed to Yield - Midblock;11;Non-Intersection;01/06/2001;01/01/2001 11:37;Bicyclist Ride Out - Commercial Driveway / Alley;0;2010;C: Possible Injury;Commercial;70+;NA;No;26-30 mph;O: No Injury;Black;Male;Van;No;No;Daylight;Urban (>70% Developed);4 lanes;2;Straight - Level;Local Street;Dry;Two-Way, Divided, Unprotected Median;None;No Special Feature;Coarse Asphalt;Piedmont;Urban;30 - 35  MPH;No Control Present;Clear;No;35.250088, -80.77882
425;426;No;16-19;19;No;With Traffic;O: No Injury;Travel Lane;White;Male;Kill Devil Hills;Dare;No;01/01/2005;18/06/2010;Bicyclist Right Turn / Merge;21;Non-Intersection;01/06/2001;01/01/2001 21:50;Bicyclist Right Turn - Same Direction;0;2010;O: No Injury;Commercial;20-24;23;No;46-50 mph;O: No Injury;White;Female;Sport Utility;No;No;Dark - Lighted Roadway;Urban (>70% Developed);5 lanes;2;Straight - Level;US Route;Dry;Two-Way, Not Divided;None;No Special Feature;Coarse Asphalt;Coastal;Urban;50 - 55  MPH;No Control Present;Clear;No;36.000805, -75.653076
431;432;Yes;20-24;21;No;Not Applicable;B: Evident Injury;Sidewalk / Crosswalk / Driveway Crossing;White;Male;Charlotte;Mecklenburg;No;01/01/2002;29/06/2010;Bicyclist Failed to Yield - Sign-Controlled Intersection;9;Intersection;01/06/2001;01/01/2001 09:53;Bicyclist Ride Out - Sign-Controlled Intersection;0;2010;B: Evident Injury;Commercial;50-59;53;No;31-35 mph;O: No Injury;Hispanic;Male;Van;No;No;Daylight;Urban (>70% Developed);4 lanes;2;Straight - Level;Local Street;Dry;Two-Way, Divided, Unprotected Median;None;T-Intersection;Coarse Asphalt;Piedmont;Urban;40 - 45  MPH;Stop And Go Signal;Clear;No;35.119724, -80.88117
445;446;Yes;NA;NA;No;Facing Traffic;B: Evident Injury;Travel Lane;White;Male;Statesville;Iredell;No;01/01/2002;06/07/2010;Bicyclist Right Turn / Merge;22;Non-Intersection;01/07/2001;01/01/2001 22:44;Bicyclist Right Turn - Opposite Direction;0;2010;B: Evident Injury;Residential;0-19;19;No;NA;O: No Injury;White;Male;Passenger Car;No;No;Dark - Roadway Not Lighted;Urban (>70% Developed);2 lanes;2;Straight - Level;Local Street;Dry;Two-Way, Not Divided;None;No Special Feature;Smooth Asphalt;Piedmont;Urban;NA;No Control Present;Clear;No;35.798187, -80.83235
450;451;No;40-49;47;No;With Traffic;C: Possible Injury;Travel Lane;Hispanic;Male;Raleigh;Wake;No;01/01/2007;11/07/2010;Motorist Left Turn / Merge;20;Intersection;01/07/2001;01/01/2001 20:21;Motorist Left Turn - Opposite Direction;0;2010;C: Possible Injury;Residential;30-39;35;No;16-20 mph;O: No Injury;Black;Female;Passenger Car;No;Yes;Daylight;Urban (>70% Developed);8 lanes;2;Straight - Grade;Local Street;Dry;Two-Way, Not Divided;None;Four-Way Intersection;Coarse Asphalt;Piedmont;Urban;20 - 25  MPH;Stop Sign;Clear;No;35.76814, -78.62271
477;478;Yes;20-24;24;No;With Traffic;C: Possible Injury;Travel Lane;White;Male;Durham;Durham;No;NA;02/08/2010;Bicyclist Failed to Yield - Midblock;14;Non-Intersection;01/08/2001;01/01/2001 14:32;Bicyclist Ride Out - Commercial Driveway / Alley;0;2010;C: Possible Injury;Residential;NA;NA;Missing;NA;Injury;/Missing;NA;Passenger Car;No;Yes;Daylight;Urban (>70% Developed);2 lanes;2;Straight - Level;Local Street;Dry;Two-Way, Not Divided;None;No Special Feature;Smooth Asphalt;Piedmont;Urban;NA;No Control Present;Clear;No;35.99282, -78.865814
481;482;Yes;15-nov;15;No;Not Applicable;C: Possible Injury;Driveway / Alley;Black;Male;Raleigh;Wake;No;01/01/2002;13/07/2010;Motorist Failed to Yield - Midblock;12;Non-Intersection;01/07/2001;01/01/2001 12:41;Motorist Drive Out - Commercial Driveway / Alley;0;2010;C: Possible Injury;Commercial;50-59;50;No;0-5 mph;O: No Injury;Black;Male;Pickup;No;No;Daylight;Urban (>70% Developed);2 lanes;2;Straight - Level;Local Street;Dry;Two-Way, Not Divided;None;T-Intersection;Smooth Asphalt;Piedmont;Urban;30 - 35  MPH;No Control Present;Clear;No;35.851147, -78.614586
485;486;Yes;25-29;25;No;With Traffic;B: Evident Injury;Travel Lane;/Missing;Male;Asheville;Buncombe;No;01/01/2006;24/07/2010;Motorist Overtaking Bicyclist;13;Non-Intersection;01/07/2001;01/01/2001 13:34;Motorist Overtaking - Misjudged Space;0;2010;B: Evident Injury;Commercial;NA;NA;Missing;36-40 mph;Injury;/Missing;NA;NA;No;Yes;Daylight;Urban (>70% Developed);2 lanes;2;Curve - Level;Local Street;Dry;Two-Way, Not Divided;None;No Special Feature;Smooth Asphalt;Mountains;Urban;40 - 45  MPH;No Control Present;Clear;No;35.546013, -82.60249
494;495;No;40-49;42;No;With Traffic;C: Possible Injury;Travel Lane;Black;Male;Kannapolis;Cabarrus;No;01/01/2005;16/07/2010;Motorist Overtaking Bicyclist;10;Non-Intersection;01/07/2001;01/01/2001 10:58;Motorist Overtaking - Other /;0;2010;C: Possible Injury;Residential;20-24;20;No;21-25 mph;O: No Injury;White;Female;Passenger Car;No;No;Daylight;Rural (<30% Developed);2 lanes;2;Straight - Level;Local Street;Dry;Two-Way, Divided, Unprotected Median;None;No Special Feature;Smooth Asphalt;Piedmont;Urban;40 - 45  MPH;No Control Present;Clear;No;35.454586, -80.615974
506;507;Yes;30-39;30;No;With Traffic;C: Possible Injury;Travel Lane;White;Female;Raleigh;Wake;No;01/01/2002;20/07/2010;Other / Unusual Circumstances;20;Intersection;01/07/2001;01/01/2001 20:06;Bicycle Only;0;2010;C: Possible Injury;Commercial;30-39;35;No;0-5 mph;O: No Injury;Black;Male;Pickup;No;No;Daylight;Urban (>70% Developed);5 lanes;2;Straight - Level;Local Street;Dry;Two-Way, Not Divided;None;T-Intersection;Smooth Asphalt;Piedmont;Urban;30 - 35  MPH;Stop And Go Signal;Cloudy;No;35.788277, -78.642075
521;522;No;40-49;41;No;With Traffic;C: Possible Injury;Travel Lane;Black;Male;Fayetteville;Cumberland;No;NA;02/08/2010;Motorist Overtaking Bicyclist;22;Non-Intersection;01/08/2001;01/01/2001 22:44;Motorist Overtaking - Other /;0;2010;C: Possible Injury;Commercial;NA;NA;Missing;21-25 mph;Injury;/Missing;NA;NA;No;Yes;Dark - Lighted Roadway;Urban (>70% Developed);3 lanes;2;Straight - Level;Local Street;Dry;Two-Way, Divided, Unprotected Median;None;No Special Feature;Coarse Asphalt;Coastal;Urban;20 - 25  MPH;No Control Present;Clear;No;35.02701, -78.92887
523;524;No;NA;NA;Missing;Not Applicable;Injury;Travel Lane;/Missing;NA;Wilmington;New Hanover;No;01/01/2007;01/08/2010;Bicyclist Failed to Yield - Midblock;14;Non-Intersection;01/08/2001;01/01/2001 14:27;Bicyclist Ride Out - Other Midblock;0;2010;B: Evident Injury;Residential;NA;NA;Missing;NA;Injury;/Missing;NA;NA;No;Yes;Daylight;Urban (>70% Developed);2 lanes;2;Straight - Level;Local Street;Dry;Two-Way, Not Divided;None;No Special Feature;Smooth Asphalt;Coastal;Urban;20 - 25  MPH;No Control Present;Cloudy;No;34.244503, -77.90392
524;525;Yes;16-19;19;No;Facing Traffic;B: Evident Injury;Travel Lane;Hispanic;Male;Winston-Salem;Forsyth;No;NA;26/07/2010;Other / Unusual Circumstances;19;Intersection-Related;01/07/2001;01/01/2001 19:17;Motorist Intentionally Caused;0;2010;B: Evident Injury;Residential;NA;NA;No;11-15 mph;Injury;/Missing;NA;NA;No;Yes;Daylight;Urban (>70% Developed);2 lanes;2;Straight - Level;Local Street;Dry;Two-Way, Not Divided;None;No Special Feature;Smooth Asphalt;Piedmont;Urban;20 - 25  MPH;No Control Present;Clear;No;36.070343, -80.219284
529;530;Yes;30-39;35;No;With Traffic;B: Evident Injury;Travel Lane;White;Male;Raleigh;Wake;No;01/01/2004;29/07/2010;Motorist Failed to Yield - Sign-Controlled Intersection;22;Intersection;01/07/2001;01/01/2001 22:23;Motorist Drive Out - Sign-Controlled Intersection;0;2010;B: Evident Injury;Commercial;30-39;33;No;0-5 mph;O: No Injury;Hispanic;Male;Passenger Car;No;No;Dark - Lighted Roadway;Urban (>70% Developed);4 lanes;2;Straight - Grade;NC Route;Wet;Two-Way, Divided, Unprotected Median;None;No Special Feature;Smooth Asphalt;Piedmont;Urban;40 - 45  MPH;Stop Sign;Rain;No;35.842003, -78.57522
535;536;No;40-49;49;No;Facing Traffic;C: Possible Injury;Travel Lane;White;Female;Oak Island;Brunswick;No;01/01/2003;28/07/2010;Motorist Failed to Yield - Signalized Intersection;11;Intersection;01/07/2001;01/01/2001 11:29;Motorist Drive Out - Signalized Intersection;0;2010;C: Possible Injury;Commercial;70+;NA;No;0-5 mph;O: No Injury;White;Male;Van;No;No;Daylight;Urban (>70% Developed);3 lanes;2;Straight - Level;Local Street;Dry;Two-Way, Not Divided;None;Four-Way Intersection;Smooth Asphalt;Coastal;Urban;30 - 35  MPH;Stop And Go Signal;Clear;No;33.9121, -78.10598
543;544;Yes;30-39;36;No;Facing Traffic;C: Possible Injury;Travel Lane;Black;Male;High Point;Guilford;No;NA;26/07/2010;Crossing Paths - Other Circumstances;8;Intersection;01/07/2001;01/01/2001 08:51;Signalized Intersection - Other /;0;2010;C: Possible Injury;Residential;30-39;39;No;6-10 mph;O: No Injury;White;Male;Pickup;No;No;Daylight;Urban (>70% Developed);4 lanes;2;Straight - Level;Local Street;Dry;Two-Way, Not Divided;None;Four-Way Intersection;Smooth Asphalt;Piedmont;Urban;30 - 35  MPH;Stop And Go Signal;Clear;No;35.9317, -79.97825
545;546;Yes;16-19;16;No;With Traffic;B: Evident Injury;Multi-use Path;White;Male;Kitty Hawk;Dare;No;NA;05/07/2010;Bicyclist Failed to Yield - Sign-Controlled Intersection;18;Intersection;01/07/2001;01/01/2001 18:06;Bicyclist Ride Through - Sign-Controlled Intersection;0;2010;B: Evident Injury;Commercial;50-59;50;No;0-5 mph;O: No Injury;White;Male;Passenger Car;No;No;Daylight;Urban (>70% Developed);7 lanes;2;Straight - Bottom;US Route;Dry;Two-Way, Not Divided;None;Four-Way Intersection;Coarse Asphalt;Coastal;Rural;50 - 55  MPH;Stop And Go Signal;Clear;No;36.099117, -75.7205
548;549;Yes;16-19;17;No;With Traffic;B: Evident Injury;Travel Lane;White;Male;None - Rural Crash;Carteret;No;NA;16/08/2010;Motorist Overtaking Bicyclist;23;Non-Intersection;01/08/2001;01/01/2001 23:47;Motorist Overtaking - Undetected Bicyclist;0;2010;B: Evident Injury;Commercial;20-24;21;No;51-55 mph;O: No Injury;White;Male;Passenger Car;No;No;Dark - Roadway Not Lighted;Mixed (30% To 70% Developed);4 lanes;2;Straight - Level;US Route;Dry;Two-Way, Divided, Unprotected Median;None;No Special Feature;Coarse Asphalt;Coastal;Rural;50 - 55  MPH;No Control Present;Clear;No;34.743423, -76.82486
564;565;No;30-39;31;No;Facing Traffic;O: No Injury;Sidewalk / Crosswalk / Driveway Crossing;White;Male;Raleigh;Wake;No;01/01/2005;06/08/2010;Motorist Left Turn / Merge;22;Intersection;01/08/2001;01/01/2001 22:03;Motorist Left Turn - Same Direction;0;2010;O: No Injury;Commercial;25-29;27;No;16-20 mph;O: No Injury;Black;Male;NA;No;Yes;Daylight;Urban (>70% Developed);4 lanes;2;Straight - Level;Local Street;Dry;Two-Way, Not Divided;None;No Special Feature;Smooth Asphalt;Piedmont;Urban;30 - 35  MPH;Stop And Go Signal;Clear;No;35.78098, -78.65053
565;566;Yes;50-59;51;No;With Traffic;C: Possible Injury;Travel Lane;White;Male;Durham;Durham;No;01/01/2005;20/08/2010;Motorist Failed to Yield - Sign-Controlled Intersection;2;Intersection;01/08/2001;01/01/2001 02:00;Motorist Drive Out - Sign-Controlled Intersection;0;2010;C: Possible Injury;Commercial;40-49;44;No;0-5 mph;O: No Injury;Black;Female;Passenger Car;No;No;Dark - Lighted Roadway;Urban (>70% Developed);3 lanes;2;Straight - Level;Local Street;Dry;Two-Way, Not Divided;None;No Special Feature;Smooth Asphalt;Piedmont;Urban;30 - 35  MPH;Stop Sign;Cloudy;No;36.029102, -78.912476
568;569;No;20-24;24;No;Not Applicable;O: No Injury;Non-Roadway;White;Male;Jacksonville;Onslow;No;01/01/2002;10/08/2010;Non-Roadway;15;Non-Roadway;01/08/2001;01/01/2001 15:44;Non-Roadway;0;2010;O: No Injury;Commercial;30-39;34;No;11-15 mph;O: No Injury;Black;Female;Passenger Car;No;No;Daylight;Urban (>70% Developed);NA;2;Straight - Level;Public Vehicular Area;Dry;Two-Way, Not Divided;None;No Special Feature;Smooth Asphalt;Coastal;Urban;5 - 15 MPH;No Control Present;Clear;No;34.776756, -77.39129
571;572;Yes;25-29;29;No;With Traffic;B: Evident Injury;Travel Lane;Black;Male;Marietta;Robeson;No;01/01/2004;12/08/2010;Other / Unusual Circumstances;0;Non-Intersection;01/08/2001;01/01/2001 00:34;Unusual Circumstances;0;2010;B: Evident Injury;Residential;30-39;33;No;31-35 mph;O: No Injury;Black;Female;Passenger Car;No;No;Dark - Roadway Not Lighted;Mixed (30% To 70% Developed);2 lanes;2;Straight - Level;State Secondary Route;Dry;Two-Way, Not Divided;None;No Special Feature;Smooth Asphalt;Coastal;Rural;40 - 45  MPH;No Control Present;Clear;No;34.359737, -79.121506
574;575;Yes;30-39;36;No;Facing Traffic;C: Possible Injury;Travel Lane;Black;Male;Charlotte;Mecklenburg;No;01/01/2005;13/08/2010;Motorist Failed to Yield - Sign-Controlled Intersection;15;Intersection;01/08/2001;01/01/2001 15:19;Motorist Drive Out - Sign-Controlled Intersection;0;2010;C: Possible Injury;Residential;25-29;26;No;16-20 mph;O: No Injury;Black;Female;Passenger Car;No;No;Daylight;Urban (>70% Developed);4 lanes;2;Straight - Level;Local Street;Dry;Two-Way, Not Divided;None;No Special Feature;Smooth Asphalt;Piedmont;Urban;40 - 45  MPH;Yield Sign;Clear;No;35.156048, -80.74836
575;576;Yes;50-59;56;No;NA;B: Evident Injury;Travel Lane;Black;Male;Charlotte;Mecklenburg;No;01/01/2005;13/08/2010;Bicyclist Failed to Yield - Sign-Controlled Intersection;13;Intersection;01/08/2001;01/01/2001 13:15;Bicyclist Ride Through - Sign-Controlled Intersection;0;2010;B: Evident Injury;Residential;40-49;48;No;21-25 mph;O: No Injury;Black;Female;Sport Utility;No;No;Daylight;Urban (>70% Developed);2 lanes;2;Straight - Level;Local Street;Dry;Two-Way, Not Divided;Rut, Holes, Bumps;Four-Way Intersection;Smooth Asphalt;Piedmont;Urban;20 - 25  MPH;Stop Sign;Clear;No;35.23621, -80.8145
579;580;Yes;40-49;44;Yes;Not Applicable;B: Evident Injury;Non-Roadway;White;Male;Smithfield;Johnston;Yes;01/01/2006;07/08/2010;Non-Roadway;17;Non-Roadway;01/08/2001;01/01/2001 17:14;Non-Roadway;0;2010;B: Evident Injury;Commercial;50-59;58;No;6-10 mph;O: No Injury;Black;Female;Passenger Car;No;No;Daylight;Urban (>70% Developed);NA;2;Straight - Level;Public Vehicular Area;Dry;Two-Way, Not Divided;None;No Special Feature;Coarse Asphalt;Coastal;Urban;5 - 15 MPH;No Control Present;Clear;No;35.50488, -78.324936
583;584;Yes;20-24;20;No;With Traffic;C: Possible Injury;Travel Lane;Black;Male;Hickory;Catawba;No;01/01/2003;18/08/2010;Crossing Paths - Other Circumstances;18;Intersection;01/08/2001;01/01/2001 18:57;Signalized Intersection - Other /;0;2010;C: Possible Injury;Residential;40-49;49;No;16-20 mph;O: No Injury;Black;Male;Sport Utility;No;No;Daylight;Urban (>70% Developed);2 lanes;2;Straight - Grade;Local Street;Dry;Two-Way, Not Divided;None;Four-Way Intersection;Coarse Asphalt;Piedmont;Urban;20 - 25  MPH;Stop And Go Signal;Cloudy;No;35.723557, -81.33853
593;594;Yes;10-juin;10;No;With Traffic;C: Possible Injury;Travel Lane;Black;Female;Durham;Durham;No;01/01/2005;27/08/2010;Backing Vehicle;20;Non-Intersection;01/08/2001;01/01/2001 20:16;Backing Vehicle;0;2010;C: Possible Injury;Residential;40-49;40;No;0-5 mph;O: No Injury;Black;Female;Passenger Car;No;No;Dark - Lighted Roadway;Urban (>70% Developed);2 lanes;2;Straight - Level;Local Street;Dry;Two-Way, Not Divided;None;No Special Feature;Smooth Asphalt;Piedmont;Urban;20 - 25  MPH;No Control Present;Clear;No;36.039066, -78.884995
605;606;Yes;10-juin;6;No;Not Applicable;B: Evident Injury;Driveway / Alley;White;Male;None - Rural Crash;Dare;No;NA;30/08/2010;Non-Roadway;10;Non-Roadway;01/08/2001;01/01/2001 10:34;Non-Roadway;0;2010;B: Evident Injury;Residential;30-39;39;No;0-5 mph;O: No Injury;White;Male;Pickup;No;No;Daylight;Mixed (30% To 70% Developed);2 lanes;2;Straight - Level;Private Road, Driveway;Dry;Two-Way, Not Divided;None;No Special Feature;Smooth Asphalt;Coastal;Rural;20 - 25  MPH;No Control Present;Clear;No;35.571404, -75.46391
609;610;Yes;40-49;48;No;With Traffic;B: Evident Injury;Travel Lane;White;Male;None - Rural Crash;Wake;No;01/01/2002;31/08/2010;Motorist Left Turn / Merge;6;Intersection;01/08/2001;01/01/2001 06:02;Motorist Left Turn - Opposite Direction;0;2010;B: Evident Injury;Residential;30-39;32;No;11-15 mph;O: No Injury;White;Male;Pickup;No;No;Dark - Roadway Not Lighted;Mixed (30% To 70% Developed);2 lanes;2;Straight - Grade;State Secondary Route;Dry;Two-Way, Not Divided;None;No Special Feature;Smooth Asphalt;Piedmont;Rural;40 - 45  MPH;Double Yellow Line, No Passing Zone;Clear;No;35.63688, -78.67123
611;612;No;16-19;16;No;With Traffic;C: Possible Injury;Travel Lane;Black;Male;Fayetteville;Cumberland;No;01/01/2007;22/08/2010;Bicyclist Failed to Yield - Signalized Intersection;2;Intersection;01/08/2001;01/01/2001 02:44;Bicyclist Ride Through - Signalized Intersection;0;2010;C: Possible Injury;Commercial;30-39;33;No;26-30 mph;O: No Injury;White;Male;Passenger Car;No;No;Dark - Lighted Roadway;Mixed (30% To 70% Developed);4 lanes;2;Straight - Level;Local Street;Dry;Two-Way, Divided, Unprotected Median;None;No Special Feature;Smooth Asphalt;Coastal;Urban;40 - 45  MPH;Flashing Signal Without Stop Sign;Clear;No;35.088364, -78.92669
613;614;Yes;20-24;21;No;With Traffic;C: Possible Injury;Bike Lane / Paved Shoulder;White;Male;Greensboro;Guilford;No;01/01/2003;25/08/2010;Motorist Right Turn / Merge;18;Non-Intersection;01/08/2001;01/01/2001 18:28;Motorist Right Turn - Same Direction;0;2010;C: Possible Injury;Institutional;25-29;25;No;0-5 mph;O: No Injury;White;Female;Pickup;No;No;Daylight;Urban (>70% Developed);2 lanes;2;Straight - Level;Local Street;Dry;Two-Way, Divided, Positive Median Barrier;None;Driveway, Public;Smooth Asphalt;Piedmont;Urban;20 - 25  MPH;No Control Present;Cloudy;No;36.06576, -79.81083
624;625;Yes;30-39;34;No;With Traffic;C: Possible Injury;Travel Lane;White;Male;Statesville;Iredell;No;01/01/2004;19/08/2010;Motorist Failed to Yield - Sign-Controlled Intersection;5;Intersection;01/08/2001;01/01/2001 05:44;Motorist Drive Out - Sign-Controlled Intersection;0;2010;C: Possible Injury;Residential;60-69;60;No;11-15 mph;O: No Injury;Black;Male;Passenger Car;No;No;Dark - Lighted Roadway;Rural (<30% Developed);2 lanes;2;Straight - Level;Local Street;Wet;Two-Way, Divided, Unprotected Median;None;No Special Feature;Smooth Asphalt;Piedmont;Urban;30 - 35  MPH;Stop Sign;Rain;No;35.772644, -80.87967
629;630;Yes;40-49;47;Yes;Facing Traffic;K: Killed;Travel Lane;Native American;Male;None - Rural Crash;Robeson;Yes;01/01/2005;03/09/2010;Motorist Left Turn / Merge;20;Non-Intersection;01/09/2001;01/01/2001 20:56;Motorist Left Turn - Same Direction;0;2010;K: Killed;Residential;50-59;58;Yes;36-40 mph;B: Evident Injury;Native American;Female;Passenger Car;No;No;Dark - Roadway Not Lighted;Rural (<30% Developed);2 lanes;2;Straight - Level;State Secondary Route;Dry;Two-Way, Not Divided;None;No Special Feature;Coarse Asphalt;Coastal;Rural;50 - 55  MPH;Double Yellow Line, No Passing Zone;Clear;No;34.66236, -79.11961