FID;OBJECTID;AmbulanceR;BikeAge_Gr;Bike_Age;Bike_Alc_D;Bike_Dir;Bike_Injur;Bike_Pos;Bike_Race;Bike_Sex;City;County;CrashAlcoh;CrashDay;Crash_Date;Crash_Grp;Crash_Hour;Crash_Loc;Crash_Mont;Crash_Time;Crash_Type;Crash_Ty_1;Crash_Year;Crsh_Sevri;Developmen;DrvrAge_Gr;Drvr_Age;Drvr_Alc_D;Drvr_EstSp;Drvr_Injur;Drvr_Race;Drvr_Sex;Drvr_VehTy;ExcsSpdInd;Hit_Run;Light_Cond;Locality;Num_Lanes;Num_Units;Rd_Charact;Rd_Class;Rd_Conditi;Rd_Config;Rd_Defects;Rd_Feature;Rd_Surface;Region;Rural_Urba;Speed_Limi;Traff_Cntr;Weather;Workzone_I;Location
631;632;No;15-nov;15;No;Not Applicable;O: No Injury;Non-Roadway;White;Male;Boiling Springs;Cleveland;No;01/01/2006;07/08/2010;Non-Roadway;15;Non-Roadway;01/08/2001;01/01/2001 15:39;Non-Roadway;0;2010;O: No Injury;Commercial;40-49;49;No;0-5 mph;O: No Injury;White;Male;Pickup;No;No;Daylight;Mixed (30% To 70% Developed);NA;2;Straight - Grade;Private Road, Driveway;Dry;One-Way, Not Divided;None;No Special Feature;Concrete;Mountains;Rural;5 - 15 MPH;No Control Present;Clear;No;35.24609, -81.66543
636;637;Yes;25-29;26;No;With Traffic;A: Disabling Injury;Travel Lane;Hispanic;Male;Cary;Wake;Yes;01/01/2006;04/09/2010;Motorist Overtaking Bicyclist;21;Non-Intersection;01/09/2001;01/01/2001 21:42;Motorist Overtaking - Other /;0;2010;A: Disabling Injury;Commercial;25-29;26;Yes;31-35 mph;O: No Injury;White;Female;Passenger Car;No;Yes;Daylight;Urban (>70% Developed);2 lanes;2;Straight - Level;State Secondary Route;Dry;Two-Way, Not Divided;None;No Special Feature;Coarse Asphalt;Piedmont;Urban;30 - 35  MPH;No Control Present;Clear;No;35.791534, -78.78135
641;642;No;40-49;48;Yes;With Traffic;B: Evident Injury;Travel Lane;White;Male;Fayetteville;Cumberland;Yes;01/01/2003;01/09/2010;Motorist Overtaking Bicyclist;21;Intersection;01/09/2001;01/01/2001 21:25;Motorist Overtaking - Other /;0;2010;B: Evident Injury;Residential;NA;NA;Missing;26-30 mph;Injury;/Missing;NA;NA;No;Yes;Dark - Lighted Roadway;Mixed (30% To 70% Developed);2 lanes;2;Straight - Level;Local Street;Dry;Two-Way, Divided, Unprotected Median;None;No Special Feature;Smooth Asphalt;Coastal;Urban;30 - 35  MPH;No Control Present;Clear;No;35.067223, -78.88911
645;646;No;15-nov;11;Yes;Not Applicable;O: No Injury;Non-Roadway;White;Male;Ocean Isle Beach;Brunswick;Yes;01/01/2006;04/09/2010;Non-Roadway;14;Non-Roadway;01/09/2001;01/01/2001 14:49;Non-Roadway;0;2010;O: No Injury;Commercial;25-29;25;No;NA;O: No Injury;White;Male;Passenger Car;No;No;Daylight;Urban (>70% Developed);NA;2;Straight - Level;Public Vehicular Area;Dry;Two-Way, Not Divided;None;Driveway, Public;Smooth Asphalt;Coastal;Rural;NA;No Control Present;Clear;No;33.88742, -78.43631
647;648;Yes;15-nov;13;No;Facing Traffic;C: Possible Injury;Sidewalk / Crosswalk / Driveway Crossing;White;Male;Charlotte;Mecklenburg;No;NA;06/09/2010;Motorist Failed to Yield - Signalized Intersection;17;Intersection;01/09/2001;01/01/2001 17:33;Motorist Drive Out - Signalized Intersection;0;2010;C: Possible Injury;Commercial;70+;NA;No;0-5 mph;C: Possible Injury;White;Male;Passenger Car;No;No;Daylight;Urban (>70% Developed);6 lanes;2;Straight - Level;Local Street;Dry;Two-Way, Divided, Unprotected Median;None;Four-Way Intersection;Smooth Asphalt;Piedmont;Urban;40 - 45  MPH;Stop And Go Signal;Clear;No;35.15461, -80.79505
648;649;Yes;20-24;20;No;With Traffic;B: Evident Injury;Travel Lane;Black;Male;Winston-Salem;Forsyth;No;01/01/2005;03/09/2010;Motorist Right Turn / Merge;11;Non-Intersection;01/09/2001;01/01/2001 11:57;Motorist Right Turn - Same Direction;0;2010;B: Evident Injury;Residential;30-39;34;No;0-5 mph;O: No Injury;White;Female;Passenger Car;No;No;Daylight;Urban (>70% Developed);3 lanes;2;Straight - Grade;Local Street;Dry;Two-Way, Not Divided;None;No Special Feature;Coarse Asphalt;Piedmont;Urban;30 - 35  MPH;No Control Present;Clear;No;36.10046, -80.25456
650;651;Yes;50-59;52;No;With Traffic;A: Disabling Injury;Travel Lane;White;Male;None - Rural Crash;Hoke;No;01/01/2005;10/09/2010;Motorist Overtaking Bicyclist;21;Non-Intersection;01/09/2001;01/01/2001 21:15;Motorist Overtaking - Other /;0;2010;A: Disabling Injury;Farms, Woods, Pastures;NA;NA;No;NA;Injury;/Missing;NA;NA;No;Yes;Daylight;Rural (<30% Developed);2 lanes;2;Straight - Level;NC Route;Dry;Two-Way, Not Divided;None;No Special Feature;Coarse Asphalt;Coastal;Rural;50 - 55  MPH;No Control Present;Clear;No;34.957775, -79.1979
652;653;No;25-29;29;No;With Traffic;C: Possible Injury;Travel Lane;White;Male;Winston-Salem;Forsyth;No;01/01/2004;02/09/2010;Motorist Right Turn / Merge;11;Intersection;01/09/2001;01/01/2001 11:38;Motorist Right Turn on Red - Same Direction;0;2010;C: Possible Injury;Commercial;NA;NA;Missing;6-10 mph;Injury;/Missing;NA;NA;No;Yes;Daylight;Urban (>70% Developed);4 lanes;2;Straight - Level;Local Street;Dry;Two-Way, Not Divided;None;Four-Way Intersection;Coarse Asphalt;Piedmont;Urban;30 - 35  MPH;Stop And Go Signal;Clear;No;36.06863, -80.226974
655;656;Yes;15-nov;15;No;With Traffic;B: Evident Injury;Travel Lane;White;Male;None - Rural Crash;Lincoln;No;01/01/2007;15/08/2010;Bicyclist Left Turn / Merge;16;Non-Intersection;01/08/2001;01/01/2001 16:31;Bicyclist Left Turn - Same Direction;0;2010;B: Evident Injury;Residential;50-59;54;No;41-45 mph;O: No Injury;Black;Male;Passenger Car;No;No;Daylight;Mixed (30% To 70% Developed);2 lanes;2;Straight - Grade;State Secondary Route;Dry;Two-Way, Not Divided;None;No Special Feature;Smooth Asphalt;Piedmont;Rural;40 - 45  MPH;Double Yellow Line, No Passing Zone;Clear;No;35.517395, -81.133064
658;659;No;20-24;24;No;With Traffic;O: No Injury;Travel Lane;White;Male;Raleigh;Wake;No;01/01/2006;07/08/2010;Motorist Overtaking Bicyclist;0;Non-Intersection;01/08/2001;01/01/2001 00:20;Motorist Overtaking - Other /;0;2010;O: No Injury;Commercial;40-49;49;No;6-10 mph;O: No Injury;White;Male;NA;No;Yes;Dark - Lighted Roadway;Urban (>70% Developed);2 lanes;2;Straight - Level;Local Street;Dry;Two-Way, Not Divided;None;No Special Feature;Smooth Asphalt;Piedmont;Urban;30 - 35  MPH;Double Yellow Line, No Passing Zone;Clear;No;35.781353, -78.64751
659;660;Yes;15-nov;11;No;With Traffic;C: Possible Injury;Travel Lane;Hispanic;Male;Raleigh;Wake;No;01/01/2007;01/08/2010;Head-On;18;Non-Intersection;01/08/2001;01/01/2001 18:21;Head-On -;0;2010;C: Possible Injury;Residential;40-49;40;No;6-10 mph;O: No Injury;Black;Female;Passenger Car;No;No;Daylight;Urban (>70% Developed);2 lanes;2;Straight - Hillcrest;Local Street;Dry;Two-Way, Not Divided;None;No Special Feature;Smooth Asphalt;Piedmont;Urban;20 - 25  MPH;No Control Present;Clear;No;35.75314, -78.60386
660;661;No;40-49;46;No;With Traffic;C: Possible Injury;Travel Lane;Black;Male;Raleigh;Wake;No;01/01/2003;21/07/2010;Motorist Overtaking Bicyclist;16;Intersection;01/07/2001;01/01/2001 16:34;Motorist Overtaking - Misjudged Space;0;2010;C: Possible Injury;Commercial;NA;NA;Missing;26-30 mph;Injury;/Missing;NA;NA;No;Yes;Daylight;Urban (>70% Developed);1 lane;2;Straight - Level;Local Street;Dry;One-Way, Not Divided;None;Traffic Circle/Roundabout;Smooth Asphalt;Piedmont;Urban;30 - 35  MPH;Yield Sign;Clear;No;35.78262, -78.655396
662;663;No;25-29;29;No;With Traffic;B: Evident Injury;Sidewalk / Crosswalk / Driveway Crossing;White;Male;Raleigh;Wake;No;01/01/2006;21/08/2010;Motorist Left Turn / Merge;1;Intersection;01/08/2001;01/01/2001 01:12;Motorist Left Turn - Opposite Direction;0;2010;B: Evident Injury;Residential;20-24;24;No;6-10 mph;O: No Injury;Black;Male;Passenger Car;No;No;Dark - Lighted Roadway;Urban (>70% Developed);2 lanes;2;Straight - Level;Local Street;Dry;Two-Way, Not Divided;None;No Special Feature;Coarse Asphalt;Piedmont;Urban;30 - 35  MPH;Stop Sign;Clear;No;35.875404, -78.72042
677;678;Yes;40-49;40;No;With Traffic;O: No Injury;Travel Lane;/Missing;NA;Charlotte;Mecklenburg;No;01/01/2002;07/09/2010;Motorist Left Turn / Merge;22;Intersection;01/09/2001;01/01/2001 22:53;Motorist Left Turn - Opposite Direction;0;2010;O: No Injury;Commercial;25-29;27;No;16-20 mph;O: No Injury;Black;Male;Sport Utility;No;No;Dark - Lighted Roadway;Urban (>70% Developed);4 lanes;2;Straight - Level;Local Street;Dry;Two-Way, Divided, Unprotected Median;None;Four-Way Intersection;Smooth Asphalt;Piedmont;Urban;30 - 35  MPH;Stop And Go Signal;Clear;No;35.18874, -80.87549
678;679;No;16-19;17;No;With Traffic;C: Possible Injury;Travel Lane;Black;Male;Charlotte;Mecklenburg;No;01/01/2006;11/09/2010;Motorist Overtaking Bicyclist;16;Non-Intersection;01/09/2001;01/01/2001 16:41;Motorist Overtaking - Other /;0;2010;C: Possible Injury;Residential;NA;NA;Missing;31-35 mph;Injury;/Missing;NA;NA;No;Yes;Daylight;Urban (>70% Developed);2 lanes;3;Straight - Level;Local Street;Dry;Two-Way, Not Divided;None;No Special Feature;Smooth Asphalt;Piedmont;Urban;30 - 35  MPH;No Control Present;Cloudy;No;35.204105, -80.89236
679;680;No;10-juin;8;No;NA;C: Possible Injury;Travel Lane;Black;Female;Charlotte;Mecklenburg;No;01/01/2006;11/09/2010;Bicyclist Failed to Yield - Sign-Controlled Intersection;12;Intersection;01/09/2001;01/01/2001 12:37;Bicyclist Ride Through - Sign-Controlled Intersection;0;2010;C: Possible Injury;Residential;60-69;66;No;31-35 mph;O: No Injury;Black;Male;Passenger Car;No;No;Daylight;Urban (>70% Developed);2 lanes;2;Straight - Grade;Local Street;Dry;Two-Way, Not Divided;None;No Special Feature;Smooth Asphalt;Piedmont;Urban;20 - 25  MPH;Stop Sign;Cloudy;No;35.28064, -80.81792
680;681;No;15-nov;12;No;Facing Traffic;O: No Injury;Travel Lane;Black;Male;Charlotte;Mecklenburg;No;01/01/2004;09/09/2010;Motorist Failed to Yield - Sign-Controlled Intersection;21;Intersection;01/09/2001;01/01/2001 21:33;Motorist Drive Out - Sign-Controlled Intersection;0;2010;O: No Injury;Commercial;0-19;19;No;0-5 mph;O: No Injury;White;Female;Passenger Car;No;No;Dark - Lighted Roadway;Mixed (30% To 70% Developed);2 lanes;2;Straight - Level;Public Vehicular Area;Dry;Two-Way, Divided, Unprotected Median;None;No Special Feature;Smooth Asphalt;Piedmont;Urban;5 - 15 MPH;Stop Sign;Clear;No;35.212917, -80.68708
727;728;Yes;40-49;49;No;With Traffic;B: Evident Injury;Sidewalk / Crosswalk / Driveway Crossing;White;Male;None - Rural Crash;Iredell;No;01/01/2006;02/10/2010;Motorist Failed to Yield - Midblock;19;Non-Intersection;01/10/2001;01/01/2001 19:40;Motorist Drive Out - Other Midblock;0;2010;B: Evident Injury;Commercial;40-49;43;No;0-5 mph;O: No Injury;White;Male;Pickup;No;No;Dusk;Urban (>70% Developed);2 lanes;2;Straight - Level;State Secondary Route;Dry;Two-Way, Not Divided;None;No Special Feature;Smooth Asphalt;Piedmont;Rural;40 - 45  MPH;Double Yellow Line, No Passing Zone;Clear;No;35.782528, -81.004196
728;729;No;16-19;17;No;With Traffic;A: Disabling Injury;Travel Lane;White;Male;None - Rural Crash;New Hanover;No;01/01/2002;05/10/2010;Motorist Overtaking Bicyclist;6;Non-Intersection;01/10/2001;01/01/2001 06:42;Motorist Overtaking - Other /;0;2010;A: Disabling Injury;Residential;40-49;44;No;31-35 mph;O: No Injury;White;Female;Sport Utility;No;No;Dawn;Urban (>70% Developed);5 lanes;2;Straight - Level;State Secondary Route;Dry;Two-Way, Not Divided;None;No Special Feature;Smooth Asphalt;Coastal;Rural;40 - 45  MPH;No Control Present;Clear;No;34.26412, -77.832886
734;735;Yes;15-nov;13;No;With Traffic;C: Possible Injury;Travel Lane;Black;Male;None - Rural Crash;Northampton;No;01/01/2006;18/09/2010;Motorist Overtaking Bicyclist;11;Non-Intersection;01/09/2001;01/01/2001 11:30;Motorist Overtaking - Bicyclist Swerved;0;2010;C: Possible Injury;Farms, Woods, Pastures;70+;NA;No;46-50 mph;O: No Injury;White;Male;Pickup;No;No;Daylight;Rural (<30% Developed);2 lanes;2;Curve - Level;NC Route;Dry;Two-Way, Not Divided;None;No Special Feature;Smooth Asphalt;Coastal;Rural;50 - 55  MPH;Double Yellow Line, No Passing Zone;Clear;No;36.488716, -77.20151
741;742;Yes;15-nov;12;No;With Traffic;B: Evident Injury;Travel Lane;White;Male;None - Rural Crash;Cleveland;No;01/01/2006;09/10/2010;Bicyclist Failed to Yield - Midblock;9;Non-Intersection;01/10/2001;01/01/2001 09:49;Bicyclist Ride Out - Other Midblock;0;2010;B: Evident Injury;Residential;30-39;37;No;36-40 mph;O: No Injury;White;Female;Passenger Car;No;No;Daylight;Urban (>70% Developed);2 lanes;2;Straight - Level;State Secondary Route;Dry;Two-Way, Not Divided;None;No Special Feature;Smooth Asphalt;Mountains;Rural;50 - 55  MPH;Double Yellow Line, No Passing Zone;Clear;No;35.28767, -81.64033
742;743;Yes;30-39;39;No;Facing Traffic;B: Evident Injury;Sidewalk / Crosswalk / Driveway Crossing;White;Female;Swansboro;Onslow;Yes;01/01/2006;09/10/2010;Motorist Failed to Yield - Midblock;12;Non-Intersection;01/10/2001;01/01/2001 12:29;Motorist Drive Out - Commercial Driveway / Alley;0;2010;B: Evident Injury;Commercial;40-49;43;Yes;0-5 mph;O: No Injury;White;Female;Passenger Car;No;No;Daylight;Mixed (30% To 70% Developed);5 lanes;2;Straight - Level;NC Route;Dry;Two-Way, Not Divided;None;Driveway, Public;Coarse Asphalt;Coastal;Rural;50 - 55  MPH;No Control Present;Clear;No;34.684746, -77.11465
759;760;Yes;25-29;26;No;Facing Traffic;C: Possible Injury;NA;White;Female;Statesville;Iredell;No;01/01/2004;07/10/2010;Motorist Failed to Yield - Sign-Controlled Intersection;14;Intersection;01/10/2001;01/01/2001 14:54;Motorist Drive Out - Sign-Controlled Intersection;0;2010;C: Possible Injury;Residential;70+;NA;No;6-10 mph;O: No Injury;White;Male;Passenger Car;No;No;Daylight;Urban (>70% Developed);2 lanes;2;Straight - Level;Local Street;Dry;Two-Way, Not Divided;None;No Special Feature;Smooth Asphalt;Piedmont;Urban;30 - 35  MPH;Stop Sign;Clear;No;35.790733, -80.88098
766;767;Yes;15-nov;13;No;Not Applicable;C: Possible Injury;Driveway / Alley;Hispanic;Male;Asheboro;Randolph;No;01/01/2002;05/10/2010;Bicyclist Failed to Yield - Midblock;17;Non-Intersection;01/10/2001;01/01/2001 17:48;Bicyclist Ride Out - Residential Driveway;0;2010;C: Possible Injury;Commercial;30-39;39;No;31-35 mph;O: No Injury;White;Female;Passenger Car;No;No;Daylight;Urban (>70% Developed);2 lanes;2;Straight - Level;State Secondary Route;Dry;Two-Way, Not Divided;None;No Special Feature;Coarse Asphalt;Piedmont;Urban;30 - 35  MPH;No Control Present;Clear;No;35.77037, -79.80864
770;771;Yes;10-juin;9;No;NA;C: Possible Injury;Travel Lane;Black;Female;Charlotte;Mecklenburg;No;01/01/2005;08/10/2010;Other /  - Insufficient Details;17;Non-Intersection;01/10/2001;01/01/2001 16:59;Approach Paths;0;2010;C: Possible Injury;Residential;0-19;17;No;6-10 mph;O: No Injury;Black;Female;Sport Utility;No;No;Daylight;Urban (>70% Developed);NA;2;Straight - Level;Local Street;Dry;Two-Way, Not Divided;None;No Special Feature;Smooth Asphalt;Piedmont;Urban;20 - 25  MPH;No Control Present;Clear;No;35.271988, -80.74406
783;784;Yes;50-59;53;No;With Traffic;B: Evident Injury;Travel Lane;White;Male;None - Rural Crash;Johnston;No;01/01/2004;21/10/2010;Bicyclist Left Turn / Merge;10;Non-Intersection;01/10/2001;01/01/2001 10:57;Bicyclist Left Turn - Same Direction;0;2010;B: Evident Injury;Farms, Woods, Pastures;30-39;34;No;51-55 mph;O: No Injury;White;Male;Pickup;No;No;Daylight;Rural (<30% Developed);2 lanes;2;Straight - Level;State Secondary Route;Dry;Two-Way, Not Divided;None;No Special Feature;Coarse Asphalt;Coastal;Rural;50 - 55  MPH;Double Yellow Line, No Passing Zone;Clear;No;35.260273, -78.407295
784;785;Yes;10-juin;8;No;Not Applicable;B: Evident Injury;Non-Roadway;Hispanic;Male;Burlington;Alamance;No;01/01/2006;16/10/2010;Bicyclist Failed to Yield - Midblock;17;Non-Intersection;01/10/2001;01/01/2001 17:29;Bicyclist Ride Out - Other Midblock;0;2010;B: Evident Injury;Residential;40-49;49;No;21-25 mph;O: No Injury;Black;Male;Passenger Car;No;No;Daylight;Urban (>70% Developed);2 lanes;2;Straight - Grade;Local Street;Dry;Two-Way, Not Divided;None;No Special Feature;Coarse Asphalt;Piedmont;Urban;30 - 35  MPH;No Control Present;Clear;No;36.086166, -79.43628
788;789;Yes;25-29;25;No;With Traffic;B: Evident Injury;Travel Lane;White;Male;None - Rural Crash;Rutherford;No;01/01/2002;19/10/2010;Motorist Overtaking Bicyclist;20;Non-Intersection;01/10/2001;01/01/2001 20:14;Motorist Overtaking - Misjudged Space;0;2010;B: Evident Injury;Residential;30-39;36;No;36-40 mph;O: No Injury;Black;Female;Passenger Car;No;No;Dark - Roadway Not Lighted;Urban (>70% Developed);2 lanes;2;Straight - Level;State Secondary Route;Dry;Two-Way, Not Divided;None;No Special Feature;Coarse Asphalt;Mountains;Rural;40 - 45  MPH;Double Yellow Line, No Passing Zone;Clear;No;35.333424, -81.91065
793;794;Yes;30-39;38;No;With Traffic;B: Evident Injury;Travel Lane;White;Male;Chapel Hill;Orange;No;01/01/2006;16/10/2010;Motorist Left Turn / Merge;16;Intersection;01/10/2001;01/01/2001 16:57;Motorist Left Turn - Opposite Direction;0;2010;B: Evident Injury;Commercial;60-69;68;No;16-20 mph;O: No Injury;White;Female;Passenger Car;No;No;Daylight;Urban (>70% Developed);2 lanes;2;Straight - Level;Local Street;Dry;Two-Way, Not Divided;None;T-Intersection;Smooth Asphalt;Piedmont;Urban;20 - 25  MPH;Stop And Go Signal;Clear;No;35.911137, -79.06375
816;817;Yes;50-59;56;No;With Traffic;K: Killed;Travel Lane;White;Male;None - Rural Crash;Nash;No;01/01/2005;29/10/2010;Motorist Overtaking Bicyclist;17;Non-Intersection;01/10/2001;01/01/2001 17:14;Motorist Overtaking - Other /;0;2010;K: Killed;Farms, Woods, Pastures;20-24;21;No;51-55 mph;O: No Injury;Black;Male;Passenger Car;No;No;Daylight;Rural (<30% Developed);2 lanes;2;Curve - Grade;State Secondary Route;Dry;Two-Way, Not Divided;None;No Special Feature;Coarse Asphalt;Coastal;Rural;50 - 55  MPH;Double Yellow Line, No Passing Zone;Clear;No;36.162876, -77.975876
817;818;Yes;50-59;55;No;With Traffic;C: Possible Injury;Travel Lane;White;Male;None - Rural Crash;Buncombe;No;NA;01/11/2010;Motorist Overtaking Bicyclist;7;Non-Intersection;01/11/2001;01/01/2001 07:24;Motorist Overtaking - Misjudged Space;0;2010;C: Possible Injury;Residential;70+;NA;No;31-35 mph;O: No Injury;White;Male;Passenger Car;No;No;Dark - Roadway Not Lighted;Mixed (30% To 70% Developed);2 lanes;2;Curve - Grade;State Secondary Route;Dry;Two-Way, Not Divided;None;No Special Feature;Smooth Asphalt;Mountains;Rural;30 - 35  MPH;Double Yellow Line, No Passing Zone;Clear;No;35.62075, -82.47211
819;820;Yes;16-19;18;No;With Traffic;B: Evident Injury;Sidewalk / Crosswalk / Driveway Crossing;White;Female;Boone;Watauga;No;01/01/2003;27/10/2010;Bicyclist Failed to Yield - Signalized Intersection;16;Intersection;01/10/2001;01/01/2001 16:54;Bicyclist Ride Out - Signalized  Intersection;0;2010;B: Evident Injury;Commercial;50-59;58;No;31-35 mph;O: No Injury;White;Male;Light Truck (Mini-Van, Panel);No;No;Daylight;Urban (>70% Developed);7 lanes;2;Straight - Level;NC Route;Dry;Two-Way, Not Divided;None;Four-Way Intersection;Smooth Asphalt;Mountains;Urban;30 - 35  MPH;Stop And Go Signal;Clear;No;36.20544, -81.66955
841;842;Yes;NA;NA;No;Not Applicable;Injury;Driveway / Alley;/Missing;NA;None - Rural Crash;Cleveland;No;01/01/2002;09/11/2010;Non-Roadway;19;Non-Roadway;01/11/2001;01/01/2001 19:56;Non-Roadway;0;2010;O: No Injury;Farms, Woods, Pastures;60-69;66;No;0-5 mph;O: No Injury;White;Male;Passenger Car;No;No;Dark - Roadway Not Lighted;Rural (<30% Developed);NA;2;Straight - Level;Private Road, Driveway;Dry;Two-Way, Not Divided;None;Driveway, Private;Concrete;Mountains;Rural;5 - 15 MPH;No Control Present;Clear;No;35.29338, -81.48698
848;849;No;40-49;40;No;Facing Traffic;Injury;Sidewalk / Crosswalk / Driveway Crossing;Hispanic;Male;Cary;Wake;No;01/01/2004;11/11/2010;Crossing Paths - Other Circumstances;11;Intersection;01/11/2001;01/01/2001 11:51;Crossing Paths - Intersection - Other /;0;2010;O: No Injury;Commercial;30-39;35;No;11-15 mph;O: No Injury;Black;Male;Passenger Car;No;No;Daylight;Urban (>70% Developed);2 lanes;2;Straight - Level;Local Street;Dry;Two-Way, Not Divided;None;Related To Intersection;Smooth Asphalt;Piedmont;Urban;30 - 35  MPH;No Control Present;Clear;No;35.77352, -78.781586
851;852;Yes;50-59;59;No;With Traffic;B: Evident Injury;Travel Lane;White;Male;None - Rural Crash;New Hanover;No;01/01/2006;13/11/2010;Motorist Left Turn / Merge;13;Non-Intersection;01/11/2001;01/01/2001 13:23;Motorist Left Turn - Same Direction;0;2010;B: Evident Injury;Farms, Woods, Pastures;30-39;32;No;11-15 mph;O: No Injury;Black;Female;Passenger Car;No;No;Daylight;Mixed (30% To 70% Developed);5 lanes;2;Straight - Level;US Route;Dry;Two-Way, Not Divided;None;No Special Feature;Coarse Asphalt;Coastal;Rural;50 - 55  MPH;Other;Clear;No;34.254635, -77.9571
859;860;Yes;25-29;28;Yes;With Traffic;A: Disabling Injury;Travel Lane;Black;Male;Winston-Salem;Forsyth;Yes;01/01/2003;03/11/2010;Motorist Left Turn / Merge;21;Intersection;01/11/2001;01/01/2001 21:10;Motorist Left Turn - Opposite Direction;0;2010;A: Disabling Injury;Residential;30-39;36;No;NA;O: No Injury;White;Male;Passenger Car;No;No;Dark - Lighted Roadway;Rural (<30% Developed);2 lanes;2;Straight - Hillcrest;Local Street;Dry;Two-Way, Not Divided;None;Four-Way Intersection;Smooth Asphalt;Piedmont;Urban;30 - 35  MPH;Stop And Go Signal;Clear;No;36.09764, -80.267
866;867;Yes;25-29;26;No;With Traffic;C: Possible Injury;Travel Lane;White;Male;Asheville;Buncombe;No;01/01/2003;10/11/2010;Motorist Failed to Yield - Sign-Controlled Intersection;17;Intersection;01/11/2001;01/01/2001 17:36;Motorist Drive Out - Sign-Controlled Intersection;0;2010;C: Possible Injury;Commercial;70+;NA;No;6-10 mph;O: No Injury;White;Female;Passenger Car;No;No;Dusk;Urban (>70% Developed);2 lanes;2;Straight - Hillcrest;Local Street;Dry;Two-Way, Not Divided;None;T-Intersection;Smooth Asphalt;Mountains;Urban;30 - 35  MPH;Stop Sign;Clear;No;35.583916, -82.57
867;868;Yes;15-nov;13;No;With Traffic;C: Possible Injury;Travel Lane;White;Male;Charlotte;Mecklenburg;No;NA;15/11/2010;Bicyclist Failed to Yield - Signalized Intersection;16;Intersection-Related;01/11/2001;01/01/2001 16:22;Bicyclist Ride Through - Signalized Intersection;0;2010;C: Possible Injury;Commercial;70+;NA;No;26-30 mph;O: No Injury;White;Female;Sport Utility;No;No;Daylight;Urban (>70% Developed);4 lanes;2;Straight - Level;Local Street;Dry;Two-Way, Divided, Unprotected Median;None;No Special Feature;Smooth Asphalt;Piedmont;Urban;30 - 35  MPH;No Control Present;Cloudy;No;35.154877, -80.83087
886;887;Yes;16-19;17;No;Facing Traffic;B: Evident Injury;Travel Lane;White;Male;Raleigh;Wake;No;01/01/2007;24/10/2010;Bicyclist Failed to Yield - Midblock;1;Non-Intersection;01/10/2001;01/01/2001 01:51;Bicyclist Ride Out - Commercial Driveway / Alley;0;2010;B: Evident Injury;Commercial;25-29;27;No;16-20 mph;O: No Injury;Other;Female;Passenger Car;No;No;Dark - Lighted Roadway;Urban (>70% Developed);2 lanes;2;Straight - Level;Local Street;Dry;Two-Way, Not Divided;None;No Special Feature;Smooth Asphalt;Piedmont;Urban;30 - 35  MPH;No Control Present;Clear;No;35.842796, -78.67904
888;889;No;40-49;47;No;With Traffic;B: Evident Injury;Travel Lane;White;Male;Asheville;Buncombe;No;01/01/2005;12/11/2010;Motorist Failed to Yield - Sign-Controlled Intersection;17;Intersection;01/11/2001;01/01/2001 17:19;Motorist Drive Out - Sign-Controlled Intersection;0;2010;B: Evident Injury;Residential;30-39;35;No;6-10 mph;O: No Injury;Black;Female;Sport Utility;No;No;Dusk;Urban (>70% Developed);2 lanes;2;Curve - Grade;Local Street;Dry;Two-Way, Divided, Unprotected Median;None;Related To Intersection;Smooth Asphalt;Mountains;Urban;30 - 35  MPH;Stop Sign;Clear;No;35.576553, -82.609245
889;890;Yes;10-juin;10;No;With Traffic;A: Disabling Injury;Travel Lane;White;Male;None - Rural Crash;Dare;No;01/01/2002;30/11/2010;Bicyclist Failed to Yield - Sign-Controlled Intersection;16;Intersection;01/11/2001;01/01/2001 16:21;Bicyclist Ride Through - Sign-Controlled Intersection;0;2010;A: Disabling Injury;Residential;40-49;46;No;16-20 mph;O: No Injury;White;Male;Van;No;No;Daylight;Mixed (30% To 70% Developed);2 lanes;2;Straight - Level;Public Vehicular Area;Dry;Two-Way, Not Divided;None;Four-Way Intersection;Coarse Asphalt;Coastal;Rural;20 - 25  MPH;Double Yellow Line, No Passing Zone;Cloudy;No;36.014156, -75.71266
895;896;No;50-59;51;No;Not Applicable;B: Evident Injury;Travel Lane;Black;Male;Charlotte;Mecklenburg;No;01/01/2007;21/11/2010;Non-Roadway;17;Non-Roadway;01/11/2001;01/01/2001 17:18;Non-Roadway;0;2010;B: Evident Injury;Commercial;30-39;36;No;0-5 mph;O: No Injury;Black;Male;Passenger Car;No;No;Dark - Lighted Roadway;Urban (>70% Developed);2 lanes;2;Straight - Level;Public Vehicular Area;Dry;Two-Way, Divided, Unprotected Median;None;No Special Feature;Smooth Asphalt;Piedmont;Urban;5 - 15 MPH;No Control Present;Clear;No;35.263878, -80.85464