FID;OBJECTID;AmbulanceR;BikeAge_Gr;Bike_Age;Bike_Alc_D;Bike_Dir;Bike_Injur;Bike_Pos;Bike_Race;Bike_Sex;City;County;CrashAlcoh;CrashDay;Crash_Date;Crash_Grp;Crash_Hour;Crash_Loc;Crash_Mont;Crash_Time;Crash_Type;Crash_Ty_1;Crash_Year;Crsh_Sevri;Developmen;DrvrAge_Gr;Drvr_Age;Drvr_Alc_D;Drvr_EstSp;Drvr_Injur;Drvr_Race;Drvr_Sex;Drvr_VehTy;ExcsSpdInd;Hit_Run;Light_Cond;Locality;Num_Lanes;Num_Units;Rd_Charact;Rd_Class;Rd_Conditi;Rd_Config;Rd_Defects;Rd_Feature;Rd_Surface;Region;Rural_Urba;Speed_Limi;Traff_Cntr;Weather;Workzone_I;Location
935;936;Yes;20-24;21;No;Facing Traffic;B: Evident Injury;Travel Lane;Black;Male;Rocky Mount;Nash;No;01/01/2002;16/11/2010;Motorist Failed to Yield - Sign-Controlled Intersection;15;Intersection;01/11/2001;01/01/2001 15:53;Motorist Drive Out - Sign-Controlled Intersection;0;2010;B: Evident Injury;Residential;30-39;38;No;NA;O: No Injury;White;Female;Sport Utility;No;No;Daylight;Urban (>70% Developed);2 lanes;2;Straight - Level;Local Street;Wet;Two-Way, Not Divided;None;Four-Way Intersection;Smooth Asphalt;Coastal;Urban;30 - 35  MPH;Stop Sign;Rain;No;35.930595, -77.820076
941;942;No;10-juin;9;No;With Traffic;C: Possible Injury;Travel Lane;Black;Male;Durham;Durham;No;01/01/2006;25/12/2010;Motorist Overtaking Bicyclist;17;Intersection-Related;01/12/2001;01/01/2001 17:52;Motorist Overtaking - Other /;0;2010;C: Possible Injury;Residential;20-24;22;No;16-20 mph;O: No Injury;Black;Female;Passenger Car;No;No;Dark - Lighted Roadway;Urban (>70% Developed);2 lanes;2;Straight - Level;Local Street;Wet;Two-Way, Not Divided;None;No Special Feature;Smooth Asphalt;Piedmont;Urban;30 - 35  MPH;No Control Present;Rain;No;36.001183, -78.88575
964;965;No;40-49;44;No;Not Applicable;C: Possible Injury;Travel Lane;Black;Male;Greenville;Pitt;No;01/01/2002;23/11/2010;Bicyclist Failed to Yield - Signalized Intersection;14;Intersection-Related;01/11/2001;01/01/2001 14:58;Bicyclist Ride Through - Signalized Intersection;0;2010;C: Possible Injury;Commercial;30-39;36;No;31-35 mph;O: No Injury;Black;Male;Passenger Car;No;No;Daylight;Urban (>70% Developed);2 lanes;2;Straight - Level;NC Route;Dry;Two-Way, Divided, Unprotected Median;None;No Special Feature;Smooth Asphalt;Coastal;Urban;50 - 55  MPH;Stop And Go Signal;Clear;No;35.616764, -77.3913
6;7;No;40-49;46;No;Facing Traffic;O: No Injury;Travel Lane;White;Male;Durham;Durham;No;01/01/2003;12/01/2011;Motorist Overtaking Bicyclist;14;Intersection;NA;01/01/2001 14:28;Motorist Overtaking - Misjudged Space;112232;2011;O: No Injury;Commercial;NA;NA;Missing;31-35 mph;Injury;/Missing;NA;Van;No;Yes;Daylight;Urban (>70% Developed);2 lanes;2;Straight - Level;Local Street;Dry;Two-Way, Not Divided;None;T-Intersection;Coarse Asphalt;Piedmont;Urban;30 - 35  MPH;Stop And Go Signal;Clear;No;36.02161, -78.9361
666;667;No;20-24;20;No;NA;B: Evident Injury;Multi-use Path;White;Male;Raleigh;Wake;No;01/01/2004;09/09/2010;Other /  - Insufficient Details;17;Intersection-Related;01/09/2001;01/01/2001 17:56;Approach Paths;0;2010;B: Evident Injury;Institutional;20-24;21;No;6-10 mph;B: Evident Injury;Hispanic;Female;Passenger Car;No;No;Daylight;Urban (>70% Developed);4 lanes;2;Straight - Grade;Local Street;Dry;Two-Way, Not Divided;None;Four-Way Intersection;Smooth Asphalt;Piedmont;Urban;20 - 25  MPH;Stop Sign;Clear;No;35.786587, -78.68092
219;220;Yes;60-69;64;No;Facing Traffic;B: Evident Injury;Travel Lane;White;Male;None - Rural Crash;New Hanover;No;01/01/2002;03/05/2011;Motorist Failed to Yield - Sign-Controlled Intersection;16;Intersection;01/05/2001;01/01/2001 16:34;Motorist Drive Out - Sign-Controlled Intersection;112141;2011;B: Evident Injury;Commercial;60-69;61;No;6-10 mph;O: No Injury;White;Male;Sport Utility;No;No;Daylight;Urban (>70% Developed);9 or more lanes;2;Straight - Level;NC Route;Dry;Two-Way, Divided, Positive Median Barrier;None;T-Intersection;Smooth Asphalt;Coastal;Rural;40 - 45  MPH;Stop Sign;Clear;No;34.23159, -77.876
234;235;Yes;10-juin;7;No;Not Applicable;C: Possible Injury;Travel Lane;White;Male;Wilmington;New Hanover;No;01/01/2003;20/04/2011;Other /  - Insufficient Details;23;Non-Intersection;01/04/2001;01/01/2001 23:18;Approach Paths;313970;2011;C: Possible Injury;Residential;50-59;58;No;NA;O: No Injury;White;Female;Passenger Car;No;No;Daylight;Urban (>70% Developed);2 lanes;2;Straight - Level;Local Street;Dry;Two-Way, Not Divided;None;No Special Feature;Coarse Asphalt;Coastal;Urban;NA;No Control Present;Clear;No;34.20501, -77.8959
237;238;Yes;16-19;17;No;Not Applicable;B: Evident Injury;Bike Lane / Paved Shoulder;White;Male;Brevard;Transylvania;No;01/01/2006;21/05/2011;Bicyclist Failed to Yield - Signalized Intersection;14;Intersection;01/05/2001;01/01/2001 14:48;Bicyclist Ride Through - Signalized Intersection;123155;2011;B: Evident Injury;Commercial;30-39;33;No;31-35 mph;O: No Injury;Black;Male;Passenger Car;No;No;Daylight;Urban (>70% Developed);5 lanes;2;Straight - Grade;Local Street;Dry;Two-Way, Not Divided;None;Four-Way Intersection;Smooth Asphalt;Mountains;Urban;40 - 45  MPH;Stop And Go Signal;Clear;No;35.24952, -82.7218
241;242;Yes;50-59;51;No;With Traffic;B: Evident Injury;Travel Lane;White;Female;Asheville;Buncombe;No;01/01/2004;12/05/2011;Motorist Overtaking Bicyclist;20;Non-Intersection;01/05/2001;01/01/2001 20:13;Motorist Overtaking - Misjudged Space;311232;2011;B: Evident Injury;Residential;NA;NA;Missing;21-25 mph;Injury;/Missing;NA;Passenger Car;No;Yes;Daylight;Urban (>70% Developed);2 lanes;2;Straight - Hillcrest;Local Street;Dry;Two-Way, Divided, Unprotected Median;None;No Special Feature;Smooth Asphalt;Mountains;Urban;30 - 35  MPH;No Control Present;Clear;No;35.5974, -82.5602
887;888;Yes;50-59;54;No;With Traffic;C: Possible Injury;Travel Lane;White;Male;Greensboro;Guilford;No;01/01/2005;30/12/2011;Motorist Left Turn / Merge;15;Intersection-Related;01/12/2001;01/01/2001 15:19;Motorist Left Turn - Opposite Direction;211212;2011;C: Possible Injury;Commercial;40-49;48;No;6-10 mph;O: No Injury;Black;Female;Passenger Car;No;No;Daylight;Urban (>70% Developed);7 lanes;2;Straight - Grade;Local Street;Dry;Two-Way, Divided, Unprotected Median;None;No Special Feature;Smooth Asphalt;Piedmont;Urban;30 - 35  MPH;No Control Present;Cloudy;No;36.04383, -79.801
890;891;Yes;16-19;19;No;Facing Traffic;B: Evident Injury;Travel Lane;Black;Male;Winterville;Pitt;No;01/01/2006;24/12/2011;Motorist Failed to Yield - Sign-Controlled Intersection;20;Intersection;01/12/2001;01/01/2001 20:14;Motorist Drive Out - Sign-Controlled Intersection;112141;2011;B: Evident Injury;Residential;30-39;36;No;0-5 mph;O: No Injury;Black;Female;Passenger Car;No;No;Dark - Roadway Not Lighted;Urban (>70% Developed);2 lanes;2;Straight - Level;Local Street;Dry;Two-Way, Not Divided;None;No Special Feature;Smooth Asphalt;Coastal;Urban;20 - 25  MPH;Stop Sign;Clear;No;35.5308, -77.3988
901;902;Yes;NA;13;No;Facing Traffic;B: Evident Injury;Travel Lane;White;Female;Stanley;Gaston;No;01/01/2005;08/07/2011;Motorist Failed to Yield - Sign-Controlled Intersection;14;Intersection;01/07/2001;01/01/2001 14:57;Motorist Drive Out - Sign-Controlled Intersection;112141;2011;B: Evident Injury;Commercial;30-39;35;No;NA;O: No Injury;White;Female;Passenger Car;No;No;Daylight;Mixed (30% To 70% Developed);2 lanes;2;Straight - Level;NC Route;Dry;Two-Way, Not Divided;None;T-Intersection;Smooth Asphalt;Piedmont;Rural;30 - 35  MPH;Stop Sign;Clear;No;35.35843, -81.0953
7;8;Yes;30-39;39;No;With Traffic;B: Evident Injury;Other;Hispanic;Male;Durham;Durham;No;01/01/2002;10/01/2012;Motorist Left Turn / Merge;10;Intersection;NA;01/01/2001 10:41;Motorist Left Turn - Opposite Direction;NA;2012;B: Evident Injury;Residential;25-29;25;No;16-20 mph;O: No Injury;Black;Male;Passenger Car;No;No;Daylight;Urban (>70% Developed);2 lanes;2;Straight - Level;Local Street;Dry;Two-Way, Not Divided;None;No Special Feature;Smooth Asphalt;Piedmont;Urban;30 - 35  MPH;No Control Present;Clear;No;36.01239, -78.8867
10;11;No;15-nov;15;No;With Traffic;B: Evident Injury;Travel Lane;Black;Male;Charlotte;Mecklenburg;No;01/01/2004;12/01/2012;Bicyclist Left Turn / Merge;17;Non-Intersection;NA;01/01/2001 17:12;Bicyclist Left Turn - Same Direction;NA;2012;B: Evident Injury;Residential;50-59;56;No;41-45 mph;O: No Injury;White;Male;Passenger Car;No;No;Daylight;Mixed (30% To 70% Developed);2 lanes;2;Straight - Grade;NC Route;Dry;Two-Way, Not Divided;None;No Special Feature;Smooth Asphalt;Piedmont;Urban;50 - 55  MPH;No Control Present;Cloudy;No;35.08166, -80.9907
17;18;Yes;40-49;49;Yes;With Traffic;C: Possible Injury;Travel Lane;White;Male;Greensboro;Guilford;Yes;01/01/2005;06/01/2012;Motorist Left Turn / Merge;19;Intersection;NA;01/01/2001 19:29;Motorist Left Turn - Opposite Direction;NA;2012;C: Possible Injury;Commercial;30-39;37;No;11-15 mph;O: No Injury;White;Male;Pickup;No;No;Dark - Lighted Roadway;Urban (>70% Developed);6 lanes;2;Straight - Level;Local Street;Dry;Two-Way, Divided, Positive Median Barrier;None;No Special Feature;Smooth Asphalt;Piedmont;Urban;30 - 35  MPH;Stop And Go Signal;Clear;No;36.11272, -79.7537
22;23;Yes;40-49;46;No;With Traffic;B: Evident Injury;Bike Lane / Paved Shoulder;White;Male;Huntersville;Mecklenburg;No;01/01/2004;05/01/2012;Motorist Failed to Yield - Sign-Controlled Intersection;17;Intersection;NA;01/01/2001 17:02;Motorist Drive Out - Sign-Controlled Intersection;NA;2012;B: Evident Injury;Commercial;60-69;63;No;0-5 mph;O: No Injury;White;Male;Passenger Car;No;No;Daylight;Urban (>70% Developed);3 lanes;2;Straight - Grade;Local Street;Dry;Two-Way, Not Divided;None;T-Intersection;Smooth Asphalt;Piedmont;Urban;30 - 35  MPH;Stop Sign;Clear;No;35.4023, -80.8619
23;24;Yes;40-49;47;Yes;Facing Traffic;O: No Injury;Travel Lane;Black;Male;None - Rural Crash;Scotland;Yes;01/01/2006;28/01/2012;Motorist Failed to Yield - Sign-Controlled Intersection;18;Intersection;NA;01/01/2001 17:59;Motorist Drive Out - Sign-Controlled Intersection;NA;2012;B: Evident Injury;Residential;20-24;23;No;11-15 mph;B: Evident Injury;Native American;Female;Passenger Car;No;No;Dark - Roadway Not Lighted;Rural (<30% Developed);2 lanes;2;Straight - Level;State Secondary Route;Dry;Two-Way, Not Divided;None;T-Intersection;Smooth Asphalt;Coastal;Rural;50 - 55  MPH;Stop Sign;Clear;No;34.73037, -79.4532
27;28;Yes;60-69;60;No;With Traffic;B: Evident Injury;Travel Lane;White;Male;None - Rural Crash;Wake;No;01/01/2003;01/02/2012;Motorist Right Turn / Merge;15;Intersection;01/02/2001;01/01/2001 15:06;Motorist Right Turn - Same Direction;NA;2012;B: Evident Injury;Farms, Woods, Pastures;NA;NA;No;6-10 mph;Injury;/Missing;NA;Pickup;No;Yes;Daylight;Rural (<30% Developed);4 lanes;2;Straight - Grade;State Secondary Route;Dry;Two-Way, Not Divided;None;T-Intersection;Coarse Asphalt;Piedmont;Rural;40 - 45  MPH;Stop Sign;Clear;No;35.69888, -78.7363
31;32;Yes;50-59;52;No;With Traffic;C: Possible Injury;Travel Lane;Black;Male;Kannapolis;Cabarrus;No;01/01/2004;19/01/2012;Motorist Failed to Yield - Sign-Controlled Intersection;15;Intersection;NA;01/01/2001 15:28;Motorist Drive Out - Sign-Controlled Intersection;NA;2012;C: Possible Injury;Commercial;60-69;69;No;16-20 mph;O: No Injury;White;Male;Pickup;No;No;Daylight;Urban (>70% Developed);2 lanes;2;Straight - Level;Local Street;Dry;Two-Way, Not Divided;None;T-Intersection;Smooth Asphalt;Piedmont;Urban;30 - 35  MPH;Stop Sign;Cloudy;No;35.48339, -80.6151
34;35;No;25-29;26;No;With Traffic;C: Possible Injury;Travel Lane;Asian;Female;Asheville;Buncombe;Yes;01/01/2007;15/01/2012;Motorist Failed to Yield - Signalized Intersection;0;Intersection;NA;01/01/2001 00:57;Motorist Drive Through - Signalized Intersection;NA;2012;C: Possible Injury;Commercial;20-24;24;Yes;21-25 mph;O: No Injury;White;Male;Sport Utility;No;Yes;Dark - Lighted Roadway;Urban (>70% Developed);3 lanes;2;Straight - Level;US Route;Wet;Two-Way, Not Divided;None;On or Off Ramp;Smooth Asphalt;Mountains;Urban;20 - 25  MPH;Stop And Go Signal;Snow, Sleet, Hail, Freezing Rain/Drizzle;No;35.57803, -82.5832
36;37;Yes;16-19;19;No;NA;C: Possible Injury;NA;White;Male;Wilmington;New Hanover;No;01/01/2004;12/01/2012;Bicyclist Failed to Yield - Midblock;17;Non-Intersection;NA;01/01/2001 17:33;Bicyclist Ride Out - Midblock -;NA;2012;C: Possible Injury;Commercial;60-69;68;No;11-15 mph;O: No Injury;White;Female;Passenger Car;No;No;Dark - Lighted Roadway;Urban (>70% Developed);7 lanes;2;Straight - Level;Local Street;Dry;Two-Way, Divided, Unprotected Median;None;No Special Feature;Smooth Asphalt;Coastal;Urban;40 - 45  MPH;No Control Present;Clear;No;34.23597, -77.8734
42;43;Yes;15-nov;15;No;With Traffic;C: Possible Injury;Travel Lane;Black;Male;High Point;Guilford;No;01/01/2007;29/01/2012;Motorist Overtaking Bicyclist;13;Non-Intersection;NA;01/01/2001 13:07;Motorist Overtaking - Other /;NA;2012;C: Possible Injury;Residential;40-49;48;No;31-35 mph;O: No Injury;White;Male;Motorcycle;No;No;Daylight;Urban (>70% Developed);2 lanes;2;Straight - Grade;Local Street;Dry;Two-Way, Not Divided;None;No Special Feature;Smooth Asphalt;Piedmont;Urban;30 - 35  MPH;No Control Present;Clear;No;35.93886, -80.0059
43;44;Yes;40-49;42;No;Facing Traffic;C: Possible Injury;Sidewalk / Crosswalk / Driveway Crossing;Black;Male;Charlotte;Mecklenburg;No;01/01/2003;15/02/2012;Backing Vehicle;12;Non-Intersection;01/02/2001;01/01/2001 12:18;Backing Vehicle;NA;2012;C: Possible Injury;Commercial;60-69;65;No;0-5 mph;O: No Injury;White;Male;Pickup;No;No;Daylight;Urban (>70% Developed);4 lanes;2;Straight - Grade;Local Street;Dry;Two-Way, Not Divided;None;No Special Feature;Concrete;Piedmont;Urban;30 - 35  MPH;No Control Present;Clear;No;35.22061, -80.8146
46;47;No;20-24;24;No;With Traffic;Injury;Travel Lane;White;Female;None - Rural Crash;Guilford;No;01/01/2003;01/02/2012;Motorist Right Turn / Merge;12;Intersection;01/02/2001;01/01/2001 12:03;Motorist Right Turn - Same Direction;NA;2012;O: No Injury;Institutional;25-29;25;No;NA;O: No Injury;White;Male;Passenger Car;No;No;Daylight;Urban (>70% Developed);2 lanes;2;Straight - Level;Local Street;Dry;Two-Way, Divided, Unprotected Median;None;Shared-Use Paths Or Trails;Coarse Asphalt;Piedmont;Rural;20 - 25  MPH;Stop Sign;Clear;No;36.06578, -79.8113
50;51;Yes;16-19;17;No;With Traffic;C: Possible Injury;Travel Lane;White;Male;None - Rural Crash;Gaston;No;01/01/2004;23/02/2012;Motorist Overtaking Bicyclist;17;Non-Intersection;01/02/2001;01/01/2001 17:42;Motorist Overtaking - Other /;NA;2012;C: Possible Injury;Residential;20-24;21;No;41-45 mph;O: No Injury;White;Female;Passenger Car;No;Yes;Dusk;Rural (<30% Developed);2 lanes;2;Straight - Level;State Secondary Route;Dry;Two-Way, Not Divided;None;No Special Feature;Smooth Asphalt;Piedmont;Rural;40 - 45  MPH;Double Yellow Line, No Passing Zone;Clear;No;35.37117, -81.0221
62;63;No;20-24;24;No;With Traffic;C: Possible Injury;Travel Lane;White;Male;None - Rural Crash;Buncombe;No;01/01/2004;01/03/2012;Bicyclist Left Turn / Merge;17;Intersection;01/03/2001;01/01/2001 17:48;Bicyclist Left Turn - Same Direction;NA;2012;C: Possible Injury;Residential;30-39;36;No;16-20 mph;O: No Injury;White;Male;Passenger Car;No;No;Daylight;Urban (>70% Developed);2 lanes;2;Straight - Level;State Secondary Route;Dry;Two-Way, Not Divided;None;T-Intersection;Coarse Asphalt;Mountains;Rural;30 - 35  MPH;Double Yellow Line, No Passing Zone;Clear;No;35.47524, -82.558
63;64;Yes;30-39;30;No;With Traffic;C: Possible Injury;Travel Lane;White;Male;Wilmington;New Hanover;No;01/01/2003;22/02/2012;Motorist Right Turn / Merge;15;Intersection;01/02/2001;01/01/2001 15:29;Motorist Right Turn - Same Direction;NA;2012;C: Possible Injury;Commercial;40-49;44;No;31-35 mph;O: No Injury;Black;Male;Passenger Car;No;No;Daylight;Rural (<30% Developed);2 lanes;2;Straight - Level;Local Street;Dry;Two-Way, Not Divided;None;Four-Way Intersection;Coarse Asphalt;Coastal;Urban;30 - 35  MPH;No Control Present;Clear;No;34.23748, -77.9368
64;65;Yes;20-24;20;No;With Traffic;C: Possible Injury;Travel Lane;White;Male;Mount Olive;Wayne;No;01/01/2002;14/02/2012;Motorist Left Turn / Merge;18;Non-Intersection;01/02/2001;01/01/2001 18:29;Motorist Left Turn - Opposite Direction;NA;2012;C: Possible Injury;Commercial;70;70;No;0-5 mph;O: No Injury;White;Male;Van;No;No;Dark - Lighted Roadway;Urban (>70% Developed);2 lanes;2;Straight - Level;Local Street;Dry;Two-Way, Not Divided;None;Driveway, Public;Smooth Asphalt;Coastal;Rural;20 - 25  MPH;No Control Present;Clear;No;35.2117, -78.0661
68;69;No;30-39;34;Yes;With Traffic;C: Possible Injury;Travel Lane;White;Female;Asheville;Buncombe;Yes;01/01/2003;22/02/2012;Motorist Failed to Yield - Sign-Controlled Intersection;22;Intersection;01/02/2001;01/01/2001 22:17;Motorist Drive Out - Sign-Controlled Intersection;NA;2012;C: Possible Injury;Residential;20-24;24;No;6-10 mph;O: No Injury;White;Male;Police;No;No;Dark - Lighted Roadway;Urban (>70% Developed);2 lanes;2;Straight - Level;Local Street;Wet;Two-Way, Not Divided;None;No Special Feature;Smooth Asphalt;Mountains;Urban;30 - 35  MPH;No Control Present;Cloudy;No;35.59887, -82.5615
69;70;No;16-19;16;No;With Traffic;B: Evident Injury;Travel Lane;White;Male;Asheville;Buncombe;No;01/01/2004;23/02/2012;Motorist Failed to Yield - Sign-Controlled Intersection;14;Intersection;01/02/2001;01/01/2001 14:43;Motorist Drive Out - Sign-Controlled Intersection;NA;2012;B: Evident Injury;Commercial;20-24;23;No;NA;O: No Injury;White;Male;Pickup;No;No;Daylight;Urban (>70% Developed);2 lanes;2;Straight - Level;Local Street;Dry;Two-Way, Not Divided;None;T-Intersection;Smooth Asphalt;Mountains;Urban;30 - 35  MPH;Stop Sign;Cloudy;No;35.58443, -82.5663
74;75;Yes;15-nov;13;No;With Traffic;B: Evident Injury;Travel Lane;White;Male;Morganton;Burke;No;01/01/2004;02/02/2012;Bicyclist Failed to Yield - Signalized Intersection;17;Intersection;01/02/2001;01/01/2001 17:48;Bicyclist Ride Through - Signalized Intersection;NA;2012;B: Evident Injury;Commercial;40-49;44;No;16-20 mph;O: No Injury;White;Male;Passenger Car;No;No;Daylight;Urban (>70% Developed);3 lanes;2;Straight - Grade;Local Street;Dry;One-Way, Not Divided;None;Related To Intersection;Smooth Asphalt;Mountains;Urban;20 - 25  MPH;Flashing Stop And Go Signal;Clear;No;35.74482, -81.687
75;76;Yes;40-49;40;No;Facing Traffic;B: Evident Injury;Sidewalk / Crosswalk / Driveway Crossing;White;Male;Greensboro;Guilford;No;01/01/2004;02/02/2012;Motorist Failed to Yield - Midblock;22;Non-Intersection;01/02/2001;01/01/2001 22:15;Motorist Drive Out - Commercial Driveway / Alley;NA;2012;B: Evident Injury;Commercial;20-24;21;No;0-5 mph;O: No Injury;Black;Female;Passenger Car;No;No;Daylight;Urban (>70% Developed);NA;2;Straight - Level;Public Vehicular Area;Dry;NA;None;Driveway, Public;Smooth Asphalt;Piedmont;Urban;NA;No Control Present;Clear;No;36.09579, -79.8172
78;79;Yes;50-59;52;No;With Traffic;B: Evident Injury;Travel Lane;White;Male;Raleigh;Wake;No;01/01/2004;08/03/2012;Crossing Paths - Other Circumstances;14;Intersection;01/03/2001;01/01/2001 14:39;Signalized Intersection - Other /;NA;2012;B: Evident Injury;Commercial;NA;NA;Missing;46-50 mph;Injury;/Missing;NA;NA;No;Yes;Daylight;Urban (>70% Developed);6 lanes;2;Straight - Level;Local Street;Dry;Two-Way, Not Divided;None;Four-Way Intersection;Smooth Asphalt;Piedmont;Urban;40 - 45  MPH;Stop And Go Signal;Clear;No;35.86105, -78.6007
79;80;No;20-24;20;Missing;Facing Traffic;B: Evident Injury;Travel Lane;Asian;Male;Charlotte;Mecklenburg;No;01/01/2007;11/03/2012;Motorist Failed to Yield - Sign-Controlled Intersection;15;Intersection;01/03/2001;01/01/2001 15:36;Motorist Drive Out - Sign-Controlled Intersection;NA;2012;B: Evident Injury;Residential;20-24;23;No;6-10 mph;O: No Injury;Asian;Female;Passenger Car;No;No;Daylight;Urban (>70% Developed);9 or more lanes;2;Straight - Level;Local Street;Dry;Two-Way, Divided, Unprotected Median;None;No Special Feature;Smooth Asphalt;Piedmont;Urban;30 - 35  MPH;Stop Sign;Clear;No;35.24001, -80.7978
82;83;No;50-59;56;Yes;Facing Traffic;C: Possible Injury;Sidewalk / Crosswalk / Driveway Crossing;Black;Male;Greensboro;Guilford;Yes;01/01/2002;21/02/2012;Motorist Failed to Yield - Sign-Controlled Intersection;16;Intersection;01/02/2001;01/01/2001 16:46;Motorist Drive Out - Sign-Controlled Intersection;NA;2012;C: Possible Injury;Commercial;30-39;32;No;0-5 mph;O: No Injury;White;Female;Passenger Car;No;No;Daylight;Urban (>70% Developed);2 lanes;2;Straight - Hillcrest;Local Street;Dry;Two-Way, Not Divided;None;T-Intersection;Smooth Asphalt;Piedmont;Urban;30 - 35  MPH;Stop Sign;Clear;No;36.06386, -79.8019
83;84;Yes;20-24;21;No;With Traffic;B: Evident Injury;Sidewalk / Crosswalk / Driveway Crossing;White;Male;Rocky Mount;Nash;No;01/01/2004;16/02/2012;Parallel Paths - Other Circumstances;20;Intersection-Related;01/02/2001;01/01/2001 20:43;Bicyclist Ride Out - Parallel Path;NA;2012;B: Evident Injury;Commercial;0-19;19;No;41-45 mph;O: No Injury;Black;Male;Passenger Car;No;No;Dark - Lighted Roadway;Urban (>70% Developed);4 lanes;2;Straight - Level;Local Street;Wet;Two-Way, Divided, Unprotected Median;None;Four-Way Intersection;Coarse Asphalt;Coastal;Urban;40 - 45  MPH;No Control Present;Rain;No;35.96208, -77.8279
85;86;Yes;15-nov;12;No;NA;C: Possible Injury;NA;Black;Male;Cary;Wake;No;01/01/2006;25/02/2012;Other /  - Insufficient Details;18;Location;01/02/2001;01/01/2001 18:29;Location;NA;2012;C: Possible Injury;Commercial;NA;NA;Missing;NA;Injury;/Missing;NA;NA;No;Yes;Dusk;Urban (>70% Developed);2 lanes;2;Straight - Level;Local Street;Dry;Two-Way, Not Divided;Road Surface Condition;No Special Feature;Smooth Asphalt;Piedmont;Urban;30 - 35  MPH;Stop Sign;Clear;No;35.80145, -78.7677
87;88;No;60-69;69;No;NA;Injury;Sidewalk / Crosswalk / Driveway Crossing;/Missing;NA;Stanley;Gaston;No;01/01/2006;07/01/2012;Other /  - Insufficient Details;12;Intersection;NA;01/01/2001 12:14;Approach Paths;NA;2012;Injury;Commercial;NA;NA;No;11-15 mph;Injury;/Missing;NA;Tractor/Semi-Trailer;No;Yes;Daylight;Mixed (30% To 70% Developed);2 lanes;2;Straight - Grade;NC Route;Dry;Two-Way, Not Divided;None;Four-Way Intersection;Smooth Asphalt;Piedmont;Rural;30 - 35  MPH;Stop And Go Signal;Clear;No;35.35336, -81.0904
93;94;Yes;30-39;30;No;With Traffic;K: Killed;Bike Lane / Paved Shoulder;White;Male;None - Rural Crash;Davidson;Yes;01/01/2002;13/03/2012;Loss of Control / Turning Error;15;Non-Intersection;01/03/2001;01/01/2001 14:59;Motorist Lost Control - Other /;NA;2012;K: Killed;Farms, Woods, Pastures;25-29;29;Yes;51-55 mph;O: No Injury;White;Male;Pickup;No;No;Daylight;Rural (<30% Developed);4 lanes;3;Straight - Level;US Route;Dry;Two-Way, Divided, Unprotected Median;None;No Special Feature;Smooth Asphalt;Piedmont;Rural;50 - 55  MPH;No Control Present;Clear;No;35.8439, -80.2121
118;119;Yes;15-nov;15;No;With Traffic;B: Evident Injury;Travel Lane;White;Male;Apex;Wake;No;01/01/2006;24/03/2012;Motorist Failed to Yield - Signalized Intersection;13;Intersection;01/03/2001;01/01/2001 13:00;Motorist Drive Out - Right Turn on Red;NA;2012;B: Evident Injury;Commercial;30-39;35;No;0-5 mph;O: No Injury;Other;Female;Sport Utility;No;No;Daylight;Urban (>70% Developed);6 lanes;2;Straight - Grade;NC Route;Wet;Two-Way, Not Divided;None;Four-Way Intersection;Coarse Asphalt;Piedmont;Urban;40 - 45  MPH;Stop And Go Signal;Rain;No;35.75152, -78.8772
126;127;Yes;70;0;No;With Traffic;B: Evident Injury;Travel Lane;White;Male;None - Rural Crash;Rowan;No;01/01/2005;30/03/2012;Motorist Overtaking Bicyclist;15;Non-Intersection;01/03/2001;01/01/2001 15:14;Motorist Overtaking - Other /;NA;2012;B: Evident Injury;Commercial;30-39;35;No;31-35 mph;O: No Injury;Hispanic;Male;Van;No;No;Daylight;Mixed (30% To 70% Developed);5 lanes;2;Straight - Level;US Route;Dry;Two-Way, Divided, Unprotected Median;None;No Special Feature;Smooth Asphalt;Piedmont;Rural;50 - 55  MPH;No Control Present;Clear;No;35.6009, -80.5437
130;131;Yes;25-29;29;No;Facing Traffic;C: Possible Injury;Travel Lane;Black;Male;Durham;Durham;No;01/01/2003;28/03/2012;Motorist Failed to Yield - Sign-Controlled Intersection;17;Intersection;01/03/2001;01/01/2001 17:29;Motorist Drive Out - Sign-Controlled Intersection;NA;2012;C: Possible Injury;Residential;60-69;65;No;0-5 mph;O: No Injury;White;Male;Sport Utility;No;No;Daylight;Urban (>70% Developed);2 lanes;2;Straight - Level;Local Street;Dry;Two-Way, Divided, Unprotected Median;None;No Special Feature;Smooth Asphalt;Piedmont;Urban;30 - 35  MPH;Stop Sign;Clear;No;36.01101, -78.9056
132;133;Yes;16-19;19;No;NA;B: Evident Injury;NA;Black;Male;Jacksonville;Onslow;No;01/01/2006;03/03/2012;Other /  - Insufficient Details;21;Non-Intersection;01/03/2001;01/01/2001 21:44;Approach Paths;NA;2012;B: Evident Injury;Residential;NA;NA;Missing;NA;Injury;/Missing;NA;NA;No;Yes;Dark -  Lighting;Urban (>70% Developed);2 lanes;2;Straight - Level;Local Street;Wet;Two-Way, Not Divided;None;No Special Feature;Coarse Asphalt;Coastal;Urban;NA;No Control Present;Rain;No;34.78026, -77.4293
134;135;Yes;15-nov;14;No;Not Applicable;C: Possible Injury;Non-Roadway;Hispanic;Male;None - Rural Crash;Beaufort;No;01/01/2002;03/04/2012;Bicyclist Failed to Yield - Midblock;23;Non-Intersection;01/04/2001;01/01/2001 23:12;Bicyclist Ride Out - Midblock -;NA;2012;C: Possible Injury;Residential;60-69;60;No;31-35 mph;O: No Injury;White;Male;Pickup;No;No;Daylight;Rural (<30% Developed);2 lanes;2;Straight - Level;State Secondary Route;Dry;Two-Way, Not Divided;None;No Special Feature;Coarse Asphalt;Coastal;Rural;40 - 45  MPH;Double Yellow Line, No Passing Zone;Clear;No;35.51682, -77.0398