FID;OBJECTID;AmbulanceR;BikeAge_Gr;Bike_Age;Bike_Alc_D;Bike_Dir;Bike_Injur;Bike_Pos;Bike_Race;Bike_Sex;City;County;CrashAlcoh;CrashDay;Crash_Date;Crash_Grp;Crash_Hour;Crash_Loc;Crash_Mont;Crash_Time;Crash_Type;Crash_Ty_1;Crash_Year;Crsh_Sevri;Developmen;DrvrAge_Gr;Drvr_Age;Drvr_Alc_D;Drvr_EstSp;Drvr_Injur;Drvr_Race;Drvr_Sex;Drvr_VehTy;ExcsSpdInd;Hit_Run;Light_Cond;Locality;Num_Lanes;Num_Units;Rd_Charact;Rd_Class;Rd_Conditi;Rd_Config;Rd_Defects;Rd_Feature;Rd_Surface;Region;Rural_Urba;Speed_Limi;Traff_Cntr;Weather;Workzone_I;Location
139;140;Yes;20-24;23;No;With Traffic;C: Possible Injury;Travel Lane;Black;Male;None - Rural Crash;Guilford;No;01/01/2006;07/04/2012;Bicyclist Left Turn / Merge;12;Non-Intersection;01/04/2001;01/01/2001 12:57;Bicyclist Left Turn - Same Direction;NA;2012;C: Possible Injury;Residential;30-39;39;No;41-45 mph;O: No Injury;Black;Male;Passenger Car;No;No;Daylight;Rural (<30% Developed);2 lanes;2;Straight - Grade;State Secondary Route;Dry;Two-Way, Not Divided;None;No Special Feature;Smooth Asphalt;Piedmont;Rural;40 - 45  MPH;Double Yellow Line, No Passing Zone;Clear;No;36.04823, -79.7189
142;143;No;16-19;17;No;With Traffic;B: Evident Injury;Travel Lane;White;Male;Southern Pines;Moore;No;01/01/2006;17/03/2012;Bicyclist Overtaking Motorist;17;Intersection;01/03/2001;01/01/2001 17:16;Bicyclist Overtaking - Passing on Right;NA;2012;B: Evident Injury;Residential;25-29;26;No;6-10 mph;O: No Injury;Black;Male;Passenger Car;No;No;Daylight;Mixed (30% To 70% Developed);3 lanes;2;Straight - Grade;State Secondary Route;Wet;Two-Way, Not Divided;None;Four-Way Intersection;Coarse Asphalt;Piedmont;Urban;30 - 35  MPH;No Control Present;Rain;No;35.18245, -79.3999
163;164;No;16-19;16;No;With Traffic;B: Evident Injury;Travel Lane;White;Male;Havelock;Craven;No;01/01/2003;28/03/2012;Motorist Overtaking Bicyclist;23;Non-Intersection;01/03/2001;01/01/2001 23:33;Motorist Overtaking - Other /;NA;2012;B: Evident Injury;Commercial;NA;NA;No;31-35 mph;Injury;/Missing;NA;NA;No;Yes;Daylight;Urban (>70% Developed);2 lanes;2;Curve - Grade;Local Street;Dry;Two-Way, Not Divided;None;Bridge Approach;Coarse Asphalt;Coastal;Urban;30 - 35  MPH;No Control Present;Clear;No;34.88551, -76.9236
167;168;No;30-39;31;No;Facing Traffic;O: No Injury;Travel Lane;Black;Male;Durham;Durham;No;01/01/2005;13/04/2012;Loss of Control / Turning Error;14;Non-Intersection;01/04/2001;01/01/2001 14:25;Bicyclist Lost Control - Mechanical Problems;NA;2012;O: No Injury;Commercial;30-39;33;No;0-5 mph;O: No Injury;Black;Male;Passenger Car;No;No;Daylight;Urban (>70% Developed);2 lanes;2;Straight - Level;Public Vehicular Area;Dry;Two-Way, Not Divided;None;No Special Feature;Smooth Asphalt;Piedmont;Urban;5 - 15 MPH;No Control Present;Clear;No;36.03634, -78.8948
169;170;Yes;60-69;66;No;With Traffic;C: Possible Injury;Sidewalk / Crosswalk / Driveway Crossing;Black;Male;Charlotte;Mecklenburg;No;01/01/2006;14/04/2012;Motorist Right Turn / Merge;12;Non-Intersection;01/04/2001;01/01/2001 12:03;Motorist Right Turn - Same Direction;NA;2012;C: Possible Injury;Commercial;NA;NA;Missing;0-5 mph;Injury;/Missing;NA;NA;No;Yes;Daylight;Urban (>70% Developed);4 lanes;2;Straight - Level;Local Street;Dry;Two-Way, Not Divided;None;Driveway, Public;Smooth Asphalt;Piedmont;Urban;30 - 35  MPH;No Control Present;Clear;No;35.18427, -80.749
176;177;Yes;50-59;57;No;With Traffic;B: Evident Injury;Travel Lane;Black;Male;Durham;Durham;No;NA;16/04/2012;Crossing Paths - Other Circumstances;14;Intersection;01/04/2001;01/01/2001 14:57;Signalized Intersection - Other /;NA;2012;B: Evident Injury;Commercial;60-69;61;No;0-5 mph;O: No Injury;White;Female;Sport Utility;No;No;Daylight;Urban (>70% Developed);4 lanes;2;Straight - Level;Local Street;Dry;Two-Way, Not Divided;None;No Special Feature;Smooth Asphalt;Piedmont;Urban;20 - 25  MPH;Stop And Go Signal;Clear;No;36.00232, -78.9129
178;179;Yes;15-nov;12;No;With Traffic;B: Evident Injury;Travel Lane;White;Male;None - Rural Crash;Davie;No;01/01/2006;14/04/2012;Bicyclist Failed to Yield - Sign-Controlled Intersection;11;Intersection;01/04/2001;01/01/2001 11:33;Bicyclist Ride Through - Sign-Controlled Intersection;NA;2012;B: Evident Injury;Farms, Woods, Pastures;70;70;No;41-45 mph;O: No Injury;White;Male;Van;No;No;Daylight;Rural (<30% Developed);2 lanes;2;Curve - Level;US Route;Dry;Two-Way, Not Divided;None;T-Intersection;Smooth Asphalt;Piedmont;Rural;40 - 45  MPH;Stop Sign;Clear;No;35.94164, -80.6022
179;180;Yes;70;0;No;With Traffic;B: Evident Injury;Travel Lane;White;Male;High Point;Guilford;No;01/01/2002;03/04/2012;Bicyclist Left Turn / Merge;9;Non-Intersection;01/04/2001;01/01/2001 09:17;Bicyclist Left Turn - Same Direction;NA;2012;B: Evident Injury;Commercial;40-49;42;No;31-35 mph;O: No Injury;White;Female;Sport Utility;No;No;Daylight;Urban (>70% Developed);4 lanes;2;Straight - Level;Local Street;Dry;Two-Way, Not Divided;None;No Special Feature;Coarse Asphalt;Piedmont;Urban;30 - 35  MPH;No Control Present;Cloudy;No;35.93655, -80.0298
183;184;No;25-29;28;No;With Traffic;C: Possible Injury;Travel Lane;White;Male;None - Rural Crash;Onslow;No;NA;16/04/2012;Motorist Right Turn / Merge;16;Intersection;01/04/2001;01/01/2001 16:27;Motorist Right Turn - Same Direction;NA;2012;C: Possible Injury;Farms, Woods, Pastures;50-59;51;No;16-20 mph;O: No Injury;Black;Male;Sport Utility;No;No;Daylight;Rural (<30% Developed);2 lanes;2;Straight - Level;State Secondary Route;Dry;Two-Way, Not Divided;None;T-Intersection;Coarse Asphalt;Coastal;Rural;40 - 45  MPH;Double Yellow Line, No Passing Zone;Clear;No;34.7275, -77.321
184;185;No;40-49;43;No;NA;C: Possible Injury;NA;White;Female;Wilmington;New Hanover;No;01/01/2004;29/03/2012;Other /  - Insufficient Details;17;Intersection-Related;01/03/2001;01/01/2001 17:41;Approach Paths;NA;2012;C: Possible Injury;Commercial;50-59;56;No;0-5 mph;O: No Injury;White;Female;Sport Utility;No;No;Daylight;Urban (>70% Developed);6 lanes;2;Straight - Level;NC Route;Dry;Two-Way, Not Divided;None;No Special Feature;Coarse Asphalt;Coastal;Urban;40 - 45  MPH;Stop And Go Signal;Clear;No;34.2151, -77.886
191;192;No;15-nov;11;No;Facing Traffic;C: Possible Injury;Travel Lane;Black;Female;Greensboro;Guilford;No;NA;26/03/2012;Head-On;18;Non-Intersection;01/03/2001;01/01/2001 18:52;Head-On - Bicyclist;NA;2012;C: Possible Injury;Residential;40-49;48;No;16-20 mph;Injury;Black;Male;Passenger Car;No;No;Daylight;Urban (>70% Developed);2 lanes;2;Straight - Level;Local Street;Dry;Two-Way, Not Divided;None;No Special Feature;Smooth Asphalt;Piedmont;Urban;NA;No Control Present;Clear;No;36.08663, -79.7469
198;199;Yes;20-24;20;No;With Traffic;C: Possible Injury;Travel Lane;Black;Female;New Bern;Craven;No;01/01/2005;20/04/2012;Bicyclist Failed to Yield - Sign-Controlled Intersection;13;Intersection;01/04/2001;01/01/2001 13:22;Bicyclist Ride Through - Sign-Controlled Intersection;NA;2012;C: Possible Injury;Residential;60-69;63;No;11-15 mph;O: No Injury;Black;Male;Pickup;No;No;Daylight;Urban (>70% Developed);2 lanes;2;Straight - Level;Local Street;Dry;Two-Way, Not Divided;None;Four-Way Intersection;Smooth Asphalt;Coastal;Urban;20 - 25  MPH;Stop Sign;Clear;No;35.11413, -77.0523
199;200;No;60-69;67;No;With Traffic;C: Possible Injury;Travel Lane;Black;Male;Southport;Brunswick;No;NA;26/03/2012;Bicyclist Left Turn / Merge;16;Non-Intersection;01/03/2001;01/01/2001 16:39;Bicyclist Left Turn - Same Direction;NA;2012;C: Possible Injury;Commercial;0-19;18;No;NA;O: No Injury;White;Male;Pickup;No;No;Daylight;Urban (>70% Developed);NA;2;NA;NA;Dry;Two-Way, Divided, Unprotected Median;None;No Special Feature;Smooth Asphalt;Coastal;Rural;NA;No Control Present;Clear;No;33.92113, -78.0202
210;211;Yes;40-49;49;Yes;With Traffic;B: Evident Injury;Sidewalk / Crosswalk / Driveway Crossing;White;Male;Greensboro;Guilford;Yes;01/01/2004;26/04/2012;Loss of Control / Turning Error;21;Non-Intersection;01/04/2001;01/01/2001 21:28;Bicyclist Turning Error - Right Turn;NA;2012;B: Evident Injury;Commercial;60-69;66;No;0-5 mph;O: No Injury;White;Male;Passenger Car;No;No;Dusk;Urban (>70% Developed);NA;2;Straight - Bottom;Public Vehicular Area;Dry;NA;None;No Special Feature;Smooth Asphalt;Piedmont;Urban;5 - 15 MPH;No Control Present;Clear;No;36.11516, -79.7814
218;219;Yes;30-39;35;No;With Traffic;B: Evident Injury;Travel Lane;Black;Female;Greensboro;Guilford;No;01/01/2006;14/04/2012;Motorist Overtaking Bicyclist;18;Intersection-Related;01/04/2001;01/01/2001 18:53;Motorist Overtaking - Undetected Bicyclist;NA;2012;B: Evident Injury;Residential;40-49;49;No;21-25 mph;O: No Injury;Black;Male;Passenger Car;No;No;Daylight;Urban (>70% Developed);4 lanes;2;Straight - Grade;Local Street;Dry;Two-Way, Not Divided;None;Four-Way Intersection;Coarse Asphalt;Piedmont;Urban;30 - 35  MPH;Stop And Go Signal;Other;No;36.05188, -79.7983
234;235;Yes;16-19;19;No;Facing Traffic;B: Evident Injury;Sidewalk / Crosswalk / Driveway Crossing;White;Female;Chapel Hill;Orange;No;01/01/2005;27/04/2012;Motorist Failed to Yield - Sign-Controlled Intersection;13;Intersection;01/04/2001;01/01/2001 13:54;Motorist Drive Out - Sign-Controlled Intersection;NA;2012;B: Evident Injury;Residential;60-69;60;No;NA;O: No Injury;White;Male;Pickup;No;No;Daylight;Urban (>70% Developed);5 lanes;2;Straight - Grade;Local Street;Dry;Two-Way, Not Divided;None;T-Intersection;Smooth Asphalt;Piedmont;Urban;20 - 25  MPH;Stop Sign;Clear;No;35.90454, -79.0647
236;237;Yes;15-nov;13;No;With Traffic;B: Evident Injury;Travel Lane;White;Male;Wilmington;New Hanover;No;01/01/2006;28/04/2012;Motorist Overtaking Bicyclist;11;Intersection-Related;01/04/2001;01/01/2001 11:10;Motorist Overtaking - Other /;NA;2012;B: Evident Injury;Residential;NA;NA;Missing;NA;Injury;/Missing;NA;NA;No;Yes;Daylight;Urban (>70% Developed);2 lanes;2;Straight - Level;NA;Dry;Two-Way, Not Divided;None;No Special Feature;Coarse Asphalt;Coastal;Urban;30 - 35  MPH;No Control Present;Clear;No;34.22151, -77.8918
240;241;No;50-59;53;No;With Traffic;B: Evident Injury;Travel Lane;White;Female;Raleigh;Wake;No;01/01/2003;11/04/2012;Motorist Left Turn / Merge;15;Intersection-Related;01/04/2001;01/01/2001 15:14;Motorist Left Turn - Opposite Direction;NA;2012;B: Evident Injury;Commercial;25-29;28;No;31-35 mph;O: No Injury;White;Female;Sport Utility;No;No;Daylight;Urban (>70% Developed);3 lanes;2;Straight - Hillcrest;Local Street;Dry;Two-Way, Not Divided;None;No Special Feature;Coarse Asphalt;Piedmont;Urban;30 - 35  MPH;No Control Present;Clear;No;35.79076, -78.6594
244;245;Yes;20-24;21;No;Facing Traffic;B: Evident Injury;Travel Lane;Black;Male;Wilmington;New Hanover;No;01/01/2003;02/05/2012;Other / Unusual Circumstances;16;Non-Intersection;01/05/2001;01/01/2001 16:35;Motorist Intentionally Caused;NA;2012;B: Evident Injury;Residential;NA;NA;Missing;NA;Injury;/Missing;NA;NA;No;Yes;Daylight;Urban (>70% Developed);2 lanes;2;Straight - Level;Local Street;Dry;Two-Way, Not Divided;None;No Special Feature;Coarse Asphalt;Coastal;Urban;NA;No Control Present;Clear;No;34.2394, -77.9024
247;248;Yes;30-39;30;No;With Traffic;B: Evident Injury;Travel Lane;Black;Male;Charlotte;Mecklenburg;No;01/01/2004;03/05/2012;Motorist Overtaking Bicyclist;15;Non-Intersection;01/05/2001;01/01/2001 15:45;Motorist Overtaking - Bicyclist Swerved;NA;2012;B: Evident Injury;Residential;40-49;48;No;31-35 mph;B: Evident Injury;White;Male;Motorcycle;No;No;Daylight;Urban (>70% Developed);2 lanes;2;Straight - Level;Local Street;Dry;Two-Way, Not Divided;None;No Special Feature;Smooth Asphalt;Piedmont;Urban;30 - 35  MPH;No Control Present;Clear;No;35.28304, -80.6966
256;257;Yes;20-24;20;No;With Traffic;B: Evident Injury;Travel Lane;White;Female;Boone;Watauga;No;01/01/2002;08/05/2012;Motorist Left Turn / Merge;10;Non-Intersection;01/05/2001;01/01/2001 10:49;Motorist Left Turn - Opposite Direction;NA;2012;B: Evident Injury;Institutional;40-49;43;No;6-10 mph;O: No Injury;White;Female;Passenger Car;No;No;Daylight;Urban (>70% Developed);4 lanes;2;Straight - Level;Local Street;Wet;Two-Way, Not Divided;None;No Special Feature;Smooth Asphalt;Mountains;Urban;20 - 25  MPH;No Control Present;Rain;No;36.21435, -81.6826
266;267;Yes;70;0;No;With Traffic;B: Evident Injury;Travel Lane;White;Male;None - Rural Crash;Dare;No;01/01/2005;11/05/2012;Loss of Control / Turning Error;7;Intersection;01/05/2001;01/01/2001 07:29;Bicyclist Turning Error - Left Turn;NA;2012;B: Evident Injury;Residential;50-59;58;No;21-25 mph;O: No Injury;White;Male;Passenger Car;No;No;Daylight;Urban (>70% Developed);2 lanes;2;Straight - Level;Public Vehicular Area;Dry;Two-Way, Not Divided;None;T-Intersection;Coarse Asphalt;Coastal;Rural;20 - 25  MPH;Yield Sign;Clear;No;36.11226, -75.7463
268;269;No;40-49;47;No;Facing Traffic;C: Possible Injury;Sidewalk / Crosswalk / Driveway Crossing;Black;Male;Rocky Mount;Nash;No;01/01/2002;10/04/2012;Motorist Failed to Yield - Midblock;15;Non-Intersection;01/04/2001;01/01/2001 15:20;Motorist Drive Out - Commercial Driveway / Alley;NA;2012;C: Possible Injury;Commercial;0-19;18;No;0-5 mph;O: No Injury;White;Male;Sport Utility;No;No;Daylight;Urban (>70% Developed);2 lanes;2;Straight - Level;Local Street;Dry;Two-Way, Not Divided;None;T-Intersection;Smooth Asphalt;Coastal;Urban;NA;No Control Present;Clear;No;35.96307, -77.8387
279;280;Yes;16-19;18;No;With Traffic;B: Evident Injury;Travel Lane;White;Female;Wilmington;New Hanover;No;01/01/2002;01/05/2012;Crossing Paths - Other Circumstances;11;Intersection;01/05/2001;01/01/2001 11:57;Crossing Paths - Intersection - Other /;NA;2012;B: Evident Injury;Commercial;60-69;61;No;41-45 mph;O: No Injury;Black;Male;Pickup;No;No;Daylight;Urban (>70% Developed);6 lanes;2;Straight - Level;Local Street;Dry;One-Way, Not Divided;None;No Special Feature;Coarse Asphalt;Coastal;Urban;50 - 55  MPH;No Control Present;Clear;No;34.19294, -77.9226
292;293;Yes;10-juin;9;No;With Traffic;B: Evident Injury;Travel Lane;White;Male;None - Rural Crash;Haywood;No;NA;14/05/2012;Bicyclist Failed to Yield - Sign-Controlled Intersection;15;Intersection;01/05/2001;01/01/2001 15:29;Bicyclist Ride Through - Sign-Controlled Intersection;NA;2012;B: Evident Injury;Residential;50-59;51;No;0-5 mph;O: No Injury;White;Female;Sport Utility;No;No;Daylight;Urban (>70% Developed);2 lanes;2;Straight - Grade;State Secondary Route;Dry;Two-Way, Not Divided;None;Alley Intersection;Coarse Asphalt;Mountains;Rural;20 - 25  MPH;Stop Sign;Clear;No;35.53844, -82.8635
302;303;Yes;10-juin;9;No;Not Applicable;B: Evident Injury;Non-Roadway;White;Male;Cary;Wake;No;01/01/2004;03/05/2012;Non-Roadway;18;Non-Roadway;01/05/2001;01/01/2001 18:25;Non-Roadway;NA;2012;B: Evident Injury;Residential;70;70;No;16-20 mph;O: No Injury;Black;Female;Sport Utility;No;No;Daylight;Urban (>70% Developed);2 lanes;2;Straight - Level;Public Vehicular Area;Dry;Two-Way, Not Divided;None;T-Intersection;Smooth Asphalt;Piedmont;Urban;NA;Stop Sign;Clear;No;35.74909, -78.7504
303;304;Yes;50-59;56;No;Facing Traffic;C: Possible Injury;Travel Lane;Black;Male;High Point;Guilford;No;01/01/2003;16/05/2012;Bicyclist Failed to Yield - Signalized Intersection;14;Intersection;01/05/2001;01/01/2001 14:32;Bicyclist Ride Through - Signalized Intersection;NA;2012;C: Possible Injury;Commercial;25-29;26;No;6-10 mph;C: Possible Injury;White;Male;Sport Utility;No;No;Daylight;Urban (>70% Developed);5 lanes;2;Straight - Level;Local Street;Dry;Two-Way, Not Divided;None;Four-Way Intersection;Coarse Asphalt;Piedmont;Urban;30 - 35  MPH;Stop And Go Signal;Clear;No;35.96576, -80.0125
499;500;No;50-59;56;No;With Traffic;B: Evident Injury;Bike Lane / Paved Shoulder;White;Male;None - Rural Crash;Bladen;No;NA;08/08/2011;Motorist Overtaking Bicyclist;18;Non-Intersection;01/08/2001;01/01/2001 18:29;Motorist Overtaking - Other /;321239;2011;B: Evident Injury;Farms, Woods, Pastures;NA;NA;Missing;51-55 mph;Injury;/Missing;NA;Passenger Car;No;Yes;Daylight;Rural (<30% Developed);2 lanes;2;Straight - Level;State Secondary Route;Dry;Two-Way, Not Divided;None;No Special Feature;Smooth Asphalt;Coastal;Rural;50 - 55  MPH;No Control Present;Clear;No;34.62808, -78.663
507;508;No;50-59;55;No;With Traffic;O: No Injury;Travel Lane;White;Male;Troutman;Iredell;No;01/01/2006;16/07/2011;Backing Vehicle;10;Non-Intersection;01/07/2001;01/01/2001 10:29;Backing Vehicle;311600;2011;O: No Injury;Residential;30-39;35;No;NA;O: No Injury;White;Male;Pickup;No;No;Daylight;Urban (>70% Developed);2 lanes;2;Straight - Level;Local Street;Dry;Two-Way, Divided, Unprotected Median;None;No Special Feature;Coarse Asphalt;Piedmont;Rural;NA;No Control Present;Cloudy;No;35.71136, -80.8928
513;514;Yes;50-59;50;No;With Traffic;A: Disabling Injury;Travel Lane;White;Female;Summerfield;Guilford;No;01/01/2005;12/08/2011;Motorist Left Turn / Merge;18;Intersection;01/08/2001;01/01/2001 18:38;Motorist Left Turn - Opposite Direction;111212;2011;A: Disabling Injury;Farms, Woods, Pastures;30-39;36;No;36-40 mph;O: No Injury;Other;Female;Light Truck (Mini-Van, Panel);No;No;Daylight;Rural (<30% Developed);2 lanes;2;Straight - Level;NC Route;Wet;Two-Way, Not Divided;None;T-Intersection;Smooth Asphalt;Piedmont;Urban;40 - 45  MPH;Double Yellow Line, No Passing Zone;Rain;No;36.20944, -79.8259
516;517;Yes;30-39;36;No;With Traffic;A: Disabling Injury;Travel Lane;White;Male;None - Rural Crash;Buncombe;No;01/01/2007;14/08/2011;Motorist Left Turn / Merge;17;Intersection;01/08/2001;01/01/2001 16:59;Motorist Left Turn - Opposite Direction;111212;2011;A: Disabling Injury;Residential;40-49;44;No;26-30 mph;O: No Injury;White;Female;Sport Utility;No;No;Daylight;Urban (>70% Developed);2 lanes;2;Straight - Grade;State Secondary Route;Dry;Two-Way, Not Divided;None;T-Intersection;Coarse Asphalt;Mountains;Rural;30 - 35  MPH;Double Yellow Line, No Passing Zone;Clear;No;35.6329, -82.4184
521;522;Yes;15-nov;14;No;With Traffic;C: Possible Injury;Travel Lane;White;Male;None - Rural Crash;New Hanover;No;01/01/2007;14/08/2011;Bicyclist Left Turn / Merge;14;Non-Intersection;01/08/2001;01/01/2001 14:55;Bicyclist Left Turn - Same Direction;311221;2011;C: Possible Injury;Residential;40-49;48;No;41-45 mph;O: No Injury;White;Male;Pickup;No;No;Daylight;Mixed (30% To 70% Developed);2 lanes;2;Straight - Level;State Secondary Route;Dry;Two-Way, Not Divided;None;Related To Intersection;Coarse Asphalt;Coastal;Rural;40 - 45  MPH;Double Yellow Line, No Passing Zone;Clear;No;34.13515, -77.8771
526;527;Yes;25-29;25;No;With Traffic;B: Evident Injury;Travel Lane;White;Male;Winston-Salem;Forsyth;No;NA;08/08/2011;Motorist Failed to Yield - Signalized Intersection;9;Intersection;01/08/2001;01/01/2001 09:36;Motorist Drive Through - Signalized Intersection;111154;2011;B: Evident Injury;Commercial;NA;NA;No;31-35 mph;Injury;/Missing;NA;NA;No;Yes;Daylight;Urban (>70% Developed);3 lanes;2;Straight - Level;Local Street;Dry;Two-Way, Not Divided;None;Four-Way Intersection;Smooth Asphalt;Piedmont;Urban;40 - 45  MPH;Stop And Go Signal;Clear;No;36.06984, -80.2772
538;539;Yes;10-juin;7;No;With Traffic;B: Evident Injury;Travel Lane;White;Female;Winston-Salem;Forsyth;No;01/01/2004;11/08/2011;Bicyclist Failed to Yield - Sign-Controlled Intersection;20;Intersection;01/08/2001;01/01/2001 20:07;Bicyclist Ride Out - Sign-Controlled Intersection;111142;2011;B: Evident Injury;Residential;40-49;47;No;6-10 mph;O: No Injury;White;Male;Passenger Car;No;No;Dusk;Urban (>70% Developed);4 lanes;2;Straight - Level;Local Street;Dry;Two-Way, Not Divided;None;T-Intersection;Smooth Asphalt;Piedmont;Urban;30 - 35  MPH;Stop Sign;Clear;No;36.05483, -80.2209
539;540;No;20-24;21;No;With Traffic;O: No Injury;Travel Lane;White;Male;Boone;Watauga;No;01/01/2006;06/08/2011;Motorist Overtaking Bicyclist;19;Non-Intersection;01/08/2001;01/01/2001 19:22;Motorist Overtaking - Misjudged Space;311232;2011;O: No Injury;Commercial;NA;NA;Missing;NA;Injury;/Missing;NA;NA;No;Yes;Daylight;Urban (>70% Developed);2 lanes;2;Straight - Level;Local Street;Dry;Two-Way, Not Divided;None;No Special Feature;Smooth Asphalt;Mountains;Urban;20 - 25  MPH;Double Yellow Line, No Passing Zone;Clear;No;36.19801, -81.6653
541;542;No;16-19;17;No;With Traffic;A: Disabling Injury;Travel Lane;White;Male;Wilmington;New Hanover;No;01/01/2002;09/08/2011;Bicyclist Failed to Yield - Sign-Controlled Intersection;22;Intersection;01/08/2001;01/01/2001 22:00;Bicyclist Ride Out - Sign-Controlled Intersection;111142;2011;A: Disabling Injury;Commercial;60-69;68;No;21-25 mph;O: No Injury;White;Male;Pickup;No;No;Dark - Lighted Roadway;Urban (>70% Developed);NA;2;Straight - Grade;Local Street;Dry;Two-Way, Not Divided;None;No Special Feature;Coarse Asphalt;Coastal;Urban;20 - 25  MPH;Stop Sign;Clear;No;34.24311, -77.9504
543;544;No;20-24;20;No;Facing Traffic;O: No Injury;Travel Lane;White;Male;Raleigh;Wake;No;01/01/2003;17/08/2011;Motorist Left Turn / Merge;12;Non-Intersection;01/08/2001;01/01/2001 12:40;Motorist Left Turn - Same Direction;312211;2011;O: No Injury;Commercial;40-49;47;No;6-10 mph;O: No Injury;Black;Male;Passenger Car;No;No;Daylight;Urban (>70% Developed);5 lanes;2;Straight - Level;Local Street;Dry;Two-Way, Divided, Unprotected Median;None;No Special Feature;Smooth Asphalt;Piedmont;Urban;30 - 35  MPH;No Control Present;Clear;No;35.78927, -78.6751
544;545;Yes;50-59;56;No;With Traffic;B: Evident Injury;Travel Lane;Black;Male;Asheville;Buncombe;No;01/01/2007;14/08/2011;Bicyclist Overtaking Motorist;13;Non-Intersection;01/08/2001;01/01/2001 13:42;Bicyclist Overtaking - Parked Vehicle;311243;2011;B: Evident Injury;Residential;NA;NA;Missing;NA;Injury;/Missing;NA;Passenger Car;No;No;Daylight;Urban (>70% Developed);2 lanes;2;Straight - Grade;Local Street;Dry;Two-Way, Not Divided;None;No Special Feature;Smooth Asphalt;Mountains;Urban;30 - 35  MPH;No Control Present;Clear;No;35.59076, -82.559
556;557;Yes;30-39;30;No;Not Applicable;C: Possible Injury;Non-Roadway;Black;Male;Durham;Durham;No;01/01/2005;26/08/2011;Non-Roadway;16;Non-Roadway;01/08/2001;01/01/2001 16:03;Non-Roadway;460910;2011;C: Possible Injury;Commercial;NA;NA;Missing;6-10 mph;Injury;/Missing;NA;Passenger Car;No;Yes;Daylight;Urban (>70% Developed);2 lanes;2;Straight - Level;Public Vehicular Area;Dry;Two-Way, Not Divided;None;No Special Feature;Smooth Asphalt;Piedmont;Urban;20 - 25  MPH;No Control Present;Clear;No;35.90216, -78.8956
560;561;Yes;25-29;25;No;With Traffic;B: Evident Injury;Sidewalk / Crosswalk / Driveway Crossing;Hispanic;Male;Charlotte;Mecklenburg;No;NA;22/08/2011;Parallel Paths - Other Circumstances;19;Intersection-Related;01/08/2001;01/01/2001 19:34;Bicyclist Ride Out - Parallel Path;231225;2011;B: Evident Injury;Commercial;20-24;20;No;16-20 mph;O: No Injury;White;Female;Passenger Car;No;No;Daylight;Urban (>70% Developed);6 lanes;2;Straight - Level;Local Street;Dry;Two-Way, Divided, Unprotected Median;None;No Special Feature;Smooth Asphalt;Piedmont;Urban;40 - 45  MPH;No Control Present;Clear;No;35.23435, -80.7332
562;563;Yes;20-24;24;No;Facing Traffic;C: Possible Injury;Sidewalk / Crosswalk / Driveway Crossing;White;Male;Greensboro;Guilford;No;01/01/2002;23/08/2011;Motorist Failed to Yield - Signalized Intersection;13;Intersection;01/08/2001;01/01/2001 13:07;Motorist Drive Out - Signalized Intersection;132152;2011;C: Possible Injury;Commercial;60-69;68;No;6-10 mph;O: No Injury;White;Female;Passenger Car;No;Yes;Daylight;Urban (>70% Developed);NA;2;Straight - Level;Local Street;Dry;Two-Way, Not Divided;None;Related To Intersection;Smooth Asphalt;Piedmont;Urban;30 - 35  MPH;Stop And Go Signal;Clear;No;36.08508, -79.8212
572;573;Yes;10-juin;10;No;Not Applicable;B: Evident Injury;Travel Lane;White;Male;Winston-Salem;Forsyth;No;01/01/2003;24/08/2011;Bicyclist Failed to Yield - Midblock;19;Non-Intersection;01/08/2001;01/01/2001 19:08;Bicyclist Ride Out - Other Midblock;313318;2011;B: Evident Injury;Residential;50-59;55;No;26-30 mph;O: No Injury;White;Male;Passenger Car;No;No;Daylight;Urban (>70% Developed);2 lanes;2;Straight - Level;Local Street;Dry;Two-Way, Not Divided;None;No Special Feature;Smooth Asphalt;Piedmont;Urban;20 - 25  MPH;No Control Present;Clear;No;36.06325, -80.2252
574;575;Yes;15-nov;14;No;With Traffic;B: Evident Injury;Travel Lane;Black;Male;Cary;Wake;No;01/01/2007;21/08/2011;Bicyclist Failed to Yield - Signalized Intersection;13;Intersection;01/08/2001;01/01/2001 13:46;Bicyclist Ride Out - Signalized  Intersection;111153;2011;B: Evident Injury;Commercial;25-29;29;No;26-30 mph;O: No Injury;White;Male;Passenger Car;No;No;Daylight;Urban (>70% Developed);4 lanes;2;Straight - Level;State Secondary Route;Dry;Two-Way, Not Divided;None;No Special Feature;Smooth Asphalt;Piedmont;Urban;30 - 35  MPH;Stop And Go Signal;Clear;No;35.77137, -78.7853