FID;OBJECTID;AmbulanceR;BikeAge_Gr;Bike_Age;Bike_Alc_D;Bike_Dir;Bike_Injur;Bike_Pos;Bike_Race;Bike_Sex;City;County;CrashAlcoh;CrashDay;Crash_Date;Crash_Grp;Crash_Hour;Crash_Loc;Crash_Mont;Crash_Time;Crash_Type;Crash_Ty_1;Crash_Year;Crsh_Sevri;Developmen;DrvrAge_Gr;Drvr_Age;Drvr_Alc_D;Drvr_EstSp;Drvr_Injur;Drvr_Race;Drvr_Sex;Drvr_VehTy;ExcsSpdInd;Hit_Run;Light_Cond;Locality;Num_Lanes;Num_Units;Rd_Charact;Rd_Class;Rd_Conditi;Rd_Config;Rd_Defects;Rd_Feature;Rd_Surface;Region;Rural_Urba;Speed_Limi;Traff_Cntr;Weather;Workzone_I;Location
580;581;Yes;16-19;19;No;With Traffic;B: Evident Injury;Travel Lane;White;Male;Raleigh;Wake;No;01/01/2003;31/08/2011;Loss of Control / Turning Error;11;Intersection;01/08/2001;01/01/2001 11:54;Bicyclist Lost Control - Other /;111129;2011;B: Evident Injury;Institutional;NA;NA;Missing;0-5 mph;Injury;/Missing;NA;Pickup;No;No;Daylight;Urban (>70% Developed);3 lanes;2;Straight - Level;Local Street;Dry;Two-Way, Divided, Positive Median Barrier;None;T-Intersection;Smooth Asphalt;Piedmont;Urban;20 - 25  MPH;Stop And Go Signal;Clear;No;35.78753, -78.667
588;589;Yes;70+;NA;No;With Traffic;C: Possible Injury;Travel Lane;Black;Male;None - Rural Crash;Halifax;No;01/01/2002;06/09/2011;Bicyclist Left Turn / Merge;10;Intersection;01/09/2001;01/01/2001 10:01;Bicyclist Left Turn - Same Direction;111221;2011;C: Possible Injury;Farms, Woods, Pastures;50-59;54;No;21-25 mph;O: No Injury;Black;Female;Passenger Car;No;No;Daylight;Rural (<30% Developed);2 lanes;2;Straight - Level;NC Route;Dry;Two-Way, Not Divided;None;No Special Feature;Smooth Asphalt;Coastal;Rural;30 - 35  MPH;Stop Sign;Cloudy;No;36.13284, -77.4292
589;590;No;25-29;27;No;With Traffic;C: Possible Injury;Sidewalk / Crosswalk / Driveway Crossing;White;Male;Wilmington;New Hanover;No;01/01/2005;19/08/2011;Motorist Failed to Yield - Midblock;17;Non-Intersection;01/08/2001;01/01/2001 17:21;Motorist Drive Out - Commercial Driveway / Alley;331322;2011;C: Possible Injury;Commercial;30-39;35;No;6-10 mph;O: No Injury;White;Female;Passenger Car;No;No;Daylight;Urban (>70% Developed);2 lanes;2;Straight - Level;Public Vehicular Area;Dry;Two-Way, Not Divided;None;Driveway, Public;Smooth Asphalt;Coastal;Urban;30 - 35  MPH;No Control Present;Clear;No;34.24074, -77.901
590;591;Yes;60-69;61;No;With Traffic;B: Evident Injury;Travel Lane;White;Male;None - Rural Crash;Moore;No;01/01/2003;07/09/2011;Motorist Overtaking Bicyclist;9;Non-Intersection;01/09/2001;01/01/2001 09:15;Motorist Overtaking - Undetected Bicyclist;311231;2011;B: Evident Injury;Farms, Woods, Pastures;40-49;45;No;41-45 mph;O: No Injury;White;Female;Passenger Car;No;No;Daylight;Rural (<30% Developed);2 lanes;2;Straight - Level;State Secondary Route;Dry;Two-Way, Not Divided;None;No Special Feature;Smooth Asphalt;Piedmont;Rural;40 - 45  MPH;Double Yellow Line, No Passing Zone;Clear;No;35.27206, -79.5692
596;597;Yes;50-59;55;No;With Traffic;B: Evident Injury;Travel Lane;White;Male;Stanfield;Stanly;No;NA;29/08/2011;Motorist Overtaking Bicyclist;18;Non-Intersection;01/08/2001;01/01/2001 18:47;Motorist Overtaking - Misjudged Space;311232;2011;B: Evident Injury;Residential;0-19;19;No;41-45 mph;O: No Injury;White;Male;Pickup;No;No;Daylight;Mixed (30% To 70% Developed);2 lanes;3;Straight - Level;NC Route;Dry;Two-Way, Not Divided;None;No Special Feature;Smooth Asphalt;Piedmont;Rural;40 - 45  MPH;No Control Present;Cloudy;No;35.24518, -80.4248
601;602;Yes;50-59;57;No;With Traffic;B: Evident Injury;Travel Lane;Other;Male;Charlotte;Mecklenburg;No;01/01/2005;02/09/2011;Bicyclist Failed to Yield - Sign-Controlled Intersection;19;Intersection;01/09/2001;01/01/2001 19:08;Bicyclist Ride Through - Sign-Controlled Intersection;111144;2011;B: Evident Injury;Commercial;50-59;52;No;36-40 mph;O: No Injury;Black;Male;Van;No;No;Daylight;Mixed (30% To 70% Developed);4 lanes;2;Straight - Level;Local Street;Dry;Two-Way, Not Divided;None;No Special Feature;Smooth Asphalt;Piedmont;Urban;40 - 45  MPH;Stop Sign;Cloudy;No;35.26327, -80.8544
604;605;No;50-59;59;No;With Traffic;C: Possible Injury;Bike Lane / Paved Shoulder;White;Male;None - Rural Crash;Randolph;No;NA;05/09/2011;Parallel Paths - Other Circumstances;12;Non-Intersection;01/09/2001;01/01/2001 12:29;Parallel Paths - Other /;321280;2011;C: Possible Injury;Farms, Woods, Pastures;NA;NA;No;51-55 mph;Injury;/Missing;NA;Pickup;No;Yes;Daylight;Mixed (30% To 70% Developed);2 lanes;2;Straight - Level;State Secondary Route;Dry;Two-Way, Not Divided;None;No Special Feature;Coarse Asphalt;Piedmont;Rural;50 - 55  MPH;Double Yellow Line, No Passing Zone;Clear;No;35.86706, -79.5692
605;606;Yes;40-49;43;No;Facing Traffic;C: Possible Injury;Sidewalk / Crosswalk / Driveway Crossing;Black;Male;Wilmington;New Hanover;No;01/01/2005;26/08/2011;Motorist Left Turn / Merge;8;Non-Intersection;01/08/2001;01/01/2001 08:27;Motorist Left Turn - Same Direction;332211;2011;C: Possible Injury;Commercial;50-59;59;No;6-10 mph;O: No Injury;White;Female;Pickup;No;No;Daylight;Urban (>70% Developed);NA;2;Straight - Level;Local Street;Wet;Two-Way, Divided, Unprotected Median;None;No Special Feature;Smooth Asphalt;Coastal;Urban;30 - 35  MPH;No Control Present;Cloudy;No;34.23136, -77.8789
609;610;Yes;15-nov;14;No;With Traffic;B: Evident Injury;Travel Lane;Black;Male;Reidsville;Rockingham;No;01/01/2002;09/08/2011;Bicyclist Failed to Yield - Signalized Intersection;15;Intersection;01/08/2001;01/01/2001 15:47;Bicyclist Ride Through - Signalized Intersection;111155;2011;B: Evident Injury;Commercial;50-59;54;No;31-35 mph;O: No Injury;Black;Female;Passenger Car;No;No;Daylight;Urban (>70% Developed);2 lanes;2;Straight - Level;Local Street;Dry;Two-Way, Not Divided;None;Four-Way Intersection;Smooth Asphalt;Piedmont;Urban;30 - 35  MPH;Stop And Go Signal;Clear;No;36.35851, -79.6767
612;613;Yes;60-69;65;Yes;Not Applicable;K: Killed;Driveway / Alley;White;Male;None - Rural Crash;Hertford;Yes;01/01/2003;07/09/2011;Bicyclist Failed to Yield - Midblock;17;Non-Intersection;01/09/2001;01/01/2001 17:19;Bicyclist Ride Out - Residential Driveway;353311;2011;K: Killed;Residential;40-49;44;No;41-45 mph;O: No Injury;White;Male;Passenger Car;No;No;Daylight;Rural (<30% Developed);2 lanes;2;Straight - Level;US Route;Wet;Two-Way, Not Divided;None;Driveway, Private;Coarse Asphalt;Coastal;Rural;40 - 45  MPH;Double Yellow Line, No Passing Zone;Cloudy;No;36.43953, -77.1272
618;619;Yes;40-49;45;Yes;With Traffic;B: Evident Injury;Travel Lane;White;Male;Carolina Beach;New Hanover;Yes;NA;22/08/2011;Bicyclist Left Turn / Merge;17;Intersection-Related;01/08/2001;01/01/2001 17:33;Bicyclist Left Turn - Same Direction;211221;2011;B: Evident Injury;Commercial;40-49;44;No;16-20 mph;O: No Injury;White;Male;Passenger Car;No;No;Daylight;Urban (>70% Developed);2 lanes;2;Straight - Level;Local Street;Wet;Two-Way, Not Divided;None;Four-Way Intersection;Smooth Asphalt;Coastal;Urban;20 - 25  MPH;Stop Sign;Rain;No;34.02724, -77.8954
623;624;No;40-49;48;No;With Traffic;O: No Injury;Travel Lane;Hispanic;Male;None - Rural Crash;New Hanover;No;01/01/2005;16/09/2011;Motorist Overtaking Bicyclist;17;Non-Intersection;01/09/2001;01/01/2001 17:48;Motorist Overtaking - Misjudged Space;311232;2011;O: No Injury;Commercial;50-59;55;No;41-45 mph;O: No Injury;White;Female;Passenger Car;No;No;Daylight;Urban (>70% Developed);4 lanes;2;Straight - Level;US Route;Dry;Two-Way, Divided, Unprotected Median;None;No Special Feature;Smooth Asphalt;Coastal;Rural;50 - 55  MPH;No Control Present;Clear;No;34.10539, -77.8998
630;631;Yes;50-59;51;No;With Traffic;B: Evident Injury;Sidewalk / Crosswalk / Driveway Crossing;White;Male;Wilmington;New Hanover;No;01/01/2003;07/09/2011;Motorist Failed to Yield - Midblock;18;Non-Intersection;01/09/2001;01/01/2001 18:53;Motorist Drive Out - Other Midblock;331328;2011;B: Evident Injury;Residential;60-69;67;No;0-5 mph;O: No Injury;White;Female;Passenger Car;No;No;Daylight;Urban (>70% Developed);2 lanes;2;Straight - Level;Local Street;Dry;Two-Way, Divided, Unprotected Median;NA;No Special Feature;Coarse Asphalt;Coastal;Urban;20 - 25  MPH;No Control Present;Clear;No;34.19452, -77.88
640;641;Yes;50-59;57;No;Facing Traffic;B: Evident Injury;Travel Lane;Hispanic;Male;Raleigh;Wake;No;01/01/2002;20/09/2011;Crossing Paths - Other Circumstances;13;Intersection;01/09/2001;01/01/2001 13:18;Signalized Intersection - Other /;112158;2011;B: Evident Injury;Commercial;40-49;46;No;16-20 mph;O: No Injury;White;Male;Sport Utility;No;No;Daylight;Urban (>70% Developed);6 lanes;2;Straight - Level;Local Street;Dry;Two-Way, Divided, Unprotected Median;None;On or Off Ramp;Smooth Asphalt;Piedmont;Urban;40 - 45  MPH;Stop And Go Signal;Cloudy;No;35.75152, -78.6483
644;645;Yes;20-24;21;No;With Traffic;C: Possible Injury;Travel Lane;White;Male;Boone;Watauga;No;NA;12/09/2011;Bicyclist Left Turn / Merge;9;Non-Intersection;01/09/2001;01/01/2001 09:42;Bicyclist Left Turn - Same Direction;311221;2011;C: Possible Injury;Commercial;20-24;20;No;41-45 mph;O: No Injury;White;Male;Passenger Car;No;No;Daylight;Urban (>70% Developed);4 lanes;2;Straight - Grade;US Route;Dry;Two-Way, Not Divided;None;No Special Feature;Smooth Asphalt;Mountains;Urban;40 - 45  MPH;Double Yellow Line, No Passing Zone;Clear;No;36.18722, -81.6528
648;649;Yes;25-29;28;No;With Traffic;B: Evident Injury;Travel Lane;White;Female;Chapel Hill;Orange;No;01/01/2002;20/09/2011;Motorist Left Turn / Merge;22;Intersection;01/09/2001;01/01/2001 22:50;Motorist Left Turn - Opposite Direction;111212;2011;B: Evident Injury;Commercial;0-19;19;No;0-5 mph;O: No Injury;White;Male;Passenger Car;No;No;Dark - Lighted Roadway;Urban (>70% Developed);4 lanes;2;Straight - Level;Local Street;Dry;Two-Way, Not Divided;None;No Special Feature;Smooth Asphalt;Piedmont;Urban;20 - 25  MPH;No Control Present;Clear;No;35.91121, -79.0605
664;665;Yes;40-49;48;No;With Traffic;B: Evident Injury;Sidewalk / Crosswalk / Driveway Crossing;Hispanic;Female;Charlotte;Mecklenburg;No;01/01/2004;22/09/2011;Motorist Failed to Yield - Signalized Intersection;19;Intersection;01/09/2001;01/01/2001 19:01;Motorist Drive Out - Right Turn on Red;131151;2011;B: Evident Injury;Commercial;25-29;28;No;0-5 mph;O: No Injury;Black;Female;Passenger Car;No;No;Daylight;Urban (>70% Developed);5 lanes;2;Straight - Level;Local Street;Dry;Two-Way, Divided, Unprotected Median;None;T-Intersection;Smooth Asphalt;Piedmont;Urban;30 - 35  MPH;Stop And Go Signal;Clear;No;35.22437, -80.8911
686;687;Yes;25-29;25;No;Not Applicable;B: Evident Injury;Non-Roadway;Hispanic;Male;Durham;Durham;No;01/01/2005;07/10/2011;Non-Roadway;8;Non-Roadway;01/10/2001;01/01/2001 08:58;Non-Roadway;460910;2011;B: Evident Injury;Commercial;40-49;41;No;0-5 mph;O: No Injury;White;Male;Pickup;No;No;Daylight;Urban (>70% Developed);1 lane;2;Straight - Level;Public Vehicular Area;Dry;Two-Way, Not Divided;None;No Special Feature;Smooth Asphalt;Piedmont;Urban;5 - 15 MPH;No Control Present;Clear;No;35.92397, -78.927
692;693;Yes;15-nov;15;No;With Traffic;B: Evident Injury;Travel Lane;White;Male;None - Rural Crash;Gaston;No;01/01/2006;24/09/2011;Bicyclist Left Turn / Merge;10;Non-Intersection;01/09/2001;01/01/2001 10:16;Bicyclist Left Turn - Same Direction;311221;2011;B: Evident Injury;Farms, Woods, Pastures;50-59;52;No;41-45 mph;B: Evident Injury;White;Male;Motorcycle;No;No;Daylight;Rural (<30% Developed);2 lanes;2;Straight - Hillcrest;State Secondary Route;Dry;Two-Way, Not Divided;None;No Special Feature;Smooth Asphalt;Piedmont;Rural;40 - 45  MPH;Double Yellow Line, No Passing Zone;Clear;No;35.37729, -81.0909
697;698;No;20-24;22;No;Not Applicable;O: No Injury;Non-Roadway;White;Female;Greenville;Pitt;No;01/01/2003;21/09/2011;Non-Roadway;10;Non-Roadway;01/09/2001;01/01/2001 10:02;Non-Roadway;460910;2011;O: No Injury;Institutional;20-24;22;No;0-5 mph;O: No Injury;White;Female;Sport Utility;No;No;Daylight;Urban (>70% Developed);1 lane;2;Straight - Level;Public Vehicular Area;Dry;One-Way, Not Divided;None;No Special Feature;Smooth Asphalt;Coastal;Urban;NA;No Control Present;Clear;No;35.60521, -77.3609
304;305;No;30-39;36;Yes;With Traffic;C: Possible Injury;Travel Lane;White;Male;Cornelius;Mecklenburg;Yes;01/01/2002;15/05/2012;Loss of Control / Turning Error;16;Non-Intersection;01/05/2001;01/01/2001 15:59;Bicyclist Lost Control - Other /;NA;2012;C: Possible Injury;Residential;NA;NA;Missing;NA;Injury;/Missing;NA;Passenger Car;No;No;Daylight;Urban (>70% Developed);2 lanes;2;Straight - Level;Local Street;Dry;Two-Way, Not Divided;None;No Special Feature;Smooth Asphalt;Piedmont;Urban;20 - 25  MPH;No Control Present;Clear;No;35.48853, -80.8668
306;307;Yes;16-19;19;No;Facing Traffic;B: Evident Injury;Sidewalk / Crosswalk / Driveway Crossing;White;Female;Winston-Salem;Forsyth;No;01/01/2006;12/05/2012;Motorist Failed to Yield - Sign-Controlled Intersection;10;Intersection;01/05/2001;01/01/2001 10:02;Motorist Drive Out - Sign-Controlled Intersection;NA;2012;B: Evident Injury;Residential;20-24;23;No;6-10 mph;O: No Injury;White;Female;Sport Utility;No;No;Daylight;Urban (>70% Developed);2 lanes;2;Straight - Grade;Local Street;Dry;Two-Way, Not Divided;None;Four-Way Intersection;Smooth Asphalt;Piedmont;Urban;30 - 35  MPH;Stop Sign;Cloudy;No;36.08654, -80.2649
795;796;Yes;10-juin;9;No;Not Applicable;C: Possible Injury;Non-Roadway;Black;Male;Charlotte;Mecklenburg;No;01/01/2004;02/07/2009;Non-Roadway;19;Non-Roadway;01/07/2001;01/01/2001 19:38;Non-Roadway;460910;2009;C: Possible Injury;Residential;30-39;32;No;0-5 mph;O: No Injury;Black;Female;Passenger Car;No;No;Daylight;Urban (>70% Developed);1 lane;2;Straight - Level;Public Vehicular Area;Dry;Two-Way, Not Divided;None;No Special Feature;Smooth Asphalt;Piedmont;Urban;5 - 15 MPH;No Control Present;Clear;No;35.19995, -80.73841
796;797;No;10-juin;6;No;With Traffic;C: Possible Injury;Travel Lane;Black;Male;Charlotte;Mecklenburg;No;01/01/2004;09/07/2009;Motorist Overtaking Bicyclist;17;Non-Intersection;01/07/2001;01/01/2001 17:42;Motorist Overtaking - Other /;311239;2009;C: Possible Injury;Residential;0-19;18;No;21-25 mph;O: No Injury;Asian;Male;Sport Utility;No;Yes;Daylight;Urban (>70% Developed);2 lanes;2;Straight - Level;Local Street;Wet;Two-Way, Not Divided;None;No Special Feature;Smooth Asphalt;Piedmont;Urban;20 - 25  MPH;No Control Present;Cloudy;No;35.240658, -80.75871
799;800;No;25-29;26;No;With Traffic;A: Disabling Injury;Travel Lane;White;Male;Charlotte;Mecklenburg;Yes;01/01/2002;26/05/2009;Other /  - Insufficient Details;0;Intersection;01/05/2001;01/01/2001 00:43;Approach Paths;111970;2009;A: Disabling Injury;Commercial;20-24;22;Yes;26-30 mph;O: No Injury;White;Female;Sport Utility;No;No;Dark - Lighted Roadway;Urban (>70% Developed);4 lanes;2;Straight - Level;Local Street;Dry;Two-Way, Not Divided;None;Four-Way Intersection;Other;Piedmont;Urban;30 - 35  MPH;Stop And Go Signal;Clear;No;35.223717, -80.83909
800;801;Yes;NA;NA;No;NA;C: Possible Injury;NA;Black;Male;Charlotte;Mecklenburg;No;01/01/2004;14/05/2009;Other /  - Insufficient Details;19;Intersection;01/05/2001;01/01/2001 19:50;Approach Paths;199970;2009;C: Possible Injury;Commercial;40-49;44;No;0-5 mph;O: No Injury;Black;Male;Passenger Car;No;No;Daylight;Urban (>70% Developed);4 lanes;2;Straight - Level;Local Street;Dry;Two-Way, Divided, Positive Median Barrier;None;No Special Feature;Concrete;Piedmont;Urban;5 - 15 MPH;Stop And Go Signal;Clear;No;35.216057, -80.88382
805;806;No;16-19;16;No;With Traffic;C: Possible Injury;Sidewalk / Crosswalk / Driveway Crossing;White;Male;Charlotte;Mecklenburg;No;01/01/2007;29/03/2009;Motorist Left Turn / Merge;16;Non-Intersection;01/03/2001;01/01/2001 16:43;Motorist Left Turn - Opposite Direction;331212;2009;C: Possible Injury;Commercial;40-49;44;No;31-35 mph;O: No Injury;Black;Female;Passenger Car;No;Yes;Daylight;Urban (>70% Developed);4 lanes;2;Straight - Level;Local Street;Dry;Two-Way, Divided, Unprotected Median;None;No Special Feature;Smooth Asphalt;Piedmont;Urban;40 - 45  MPH;No Control Present;Clear;No;35.21068, -80.90493
810;811;No;50-59;51;No;Facing Traffic;C: Possible Injury;Travel Lane;White;Male;Charlotte;Mecklenburg;No;01/01/2002;13/01/2009;Motorist Failed to Yield - Sign-Controlled Intersection;18;Intersection;NA;01/01/2001 18:46;Motorist Drive Out - Sign-Controlled Intersection;112141;2009;C: Possible Injury;Residential;20-24;22;No;0-5 mph;O: No Injury;Black;Female;Passenger Car;No;No;Dark - Roadway Not Lighted;Urban (>70% Developed);2 lanes;2;Straight - Level;Local Street;Dry;Two-Way, Divided, Positive Median Barrier;None;T-Intersection;Smooth Asphalt;Piedmont;Urban;20 - 25  MPH;Stop Sign;Clear;No0;35.15677, -80.92221
4;5;No;60-69;61;No;With Traffic;C: Possible Injury;Travel Lane;White;Male;None - Rural Crash;Cumberland;No;01/01/2005;15/01/2010;Motorist Overtaking Bicyclist;18;Non-Intersection;NA;01/01/2001 18:54;Motorist Overtaking - Bicyclist Swerved;0;2010;C: Possible Injury;Farms, Woods, Pastures;40-49;44;No;51-55 mph;O: No Injury;White;Male;Pickup;No;No;Dark - Roadway Not Lighted;Mixed (30% To 70% Developed);2 lanes;2;Straight - Level;NC Route;Dry;Two-Way, Not Divided;None;No Special Feature;Coarse Asphalt;Coastal;Rural;50 - 55  MPH;Double Yellow Line, No Passing Zone;Clear;No;35.01903, -78.71812
11;12;Yes;40-49;47;No;With Traffic;C: Possible Injury;Bike Lane / Paved Shoulder;Black;Male;None - Rural Crash;Martin;No;01/01/2004;28/01/2010;Motorist Overtaking Bicyclist;18;Non-Intersection;NA;01/01/2001 18:39;Motorist Overtaking - Misjudged Space;0;2010;C: Possible Injury;Farms, Woods, Pastures;20-24;23;No;51-55 mph;O: No Injury;White;Male;Pickup;No;No;Dark - Roadway Not Lighted;Rural (<30% Developed);2 lanes;2;Straight - Level;NC Route;Dry;Two-Way, Not Divided;None;No Special Feature;Coarse Asphalt;Coastal;Rural;50 - 55  MPH;No Control Present;Clear;No;35.850315, -77.248055
12;13;No;40-49;47;No;With Traffic;C: Possible Injury;Travel Lane;White;Male;None - Rural Crash;Pasquotank;No;01/01/2007;10/01/2010;Motorist Failed to Yield - Midblock;16;Non-Intersection;NA;01/01/2001 16:09;Motorist Drive Out - Other Midblock;0;2010;C: Possible Injury;Farms, Woods, Pastures;30-39;30;No;11-15 mph;O: No Injury;Black;Male;Passenger Car;No;No;Daylight;Rural (<30% Developed);2 lanes;2;Straight - Level;State Secondary Route;Dry;Two-Way, Not Divided;None;Driveway, Public;Smooth Asphalt;Coastal;Rural;50 - 55  MPH;Double Yellow Line, No Passing Zone;Clear;No;36.364285, -76.29191
13;14;No;30-39;34;Yes;With Traffic;Injury;Travel Lane;Black;Male;None - Rural Crash;Edgecombe;Yes;01/01/2002;26/01/2010;Bicyclist Left Turn / Merge;20;Non-Intersection;NA;01/01/2001 20:38;Bicyclist Left Turn - Same Direction;0;2010;O: No Injury;Farms, Woods, Pastures;40-49;42;No;51-55 mph;O: No Injury;Black;Male;Passenger Car;No;No;Dark - Roadway Not Lighted;Rural (<30% Developed);2 lanes;2;Straight - Level;NC Route;Dry;Two-Way, Not Divided;None;No Special Feature;Coarse Asphalt;Coastal;Rural;50 - 55  MPH;No Control Present;Clear;No;35.831352, -77.41647
15;16;Yes;20-24;22;No;With Traffic;C: Possible Injury;Travel Lane;White;Female;Spring Lake;Cumberland;No;01/01/2004;04/02/2010;Bicyclist Left Turn / Merge;16;Non-Intersection;01/02/2001;01/01/2001 16:48;Bicyclist Left Turn - Same Direction;0;2010;C: Possible Injury;Residential;40-49;42;No;31-35 mph;O: No Injury;Black;Female;Passenger Car;No;No;Dusk;Mixed (30% To 70% Developed);2 lanes;2;Straight - Hillcrest;State Secondary Route;Dry;Two-Way, Not Divided;None;No Special Feature;Coarse Asphalt;Coastal;Urban;40 - 45  MPH;Double Yellow Line, No Passing Zone;Clear;No;35.183395, -78.977875
21;22;No;15-nov;14;No;With Traffic;O: No Injury;Sidewalk / Crosswalk / Driveway Crossing;White;Male;Cary;Wake;No;01/01/2006;06/02/2010;Motorist Left Turn / Merge;22;Intersection;01/02/2001;01/01/2001 22:43;Motorist Left Turn - Opposite Direction;0;2010;O: No Injury;Commercial;25-29;25;No;11-15 mph;O: No Injury;White;Male;Sport Utility;No;No;Dark - Lighted Roadway;Urban (>70% Developed);2 lanes;2;Straight - Grade;Public Vehicular Area;Dry;Two-Way, Not Divided;Other;Driveway, Public;Smooth Asphalt;Piedmont;Urban;5 - 15 MPH;No Control Present;Clear;No;35.786266, -78.81007
24;25;Yes;40-49;49;No;With Traffic;C: Possible Injury;Travel Lane;Black;Male;Wilmington;New Hanover;No;01/01/2007;17/01/2010;Motorist Failed to Yield - Signalized Intersection;17;Intersection;NA;01/01/2001 17:49;Motorist Drive Out - Signalized Intersection;0;2010;C: Possible Injury;Commercial;20-24;20;No;0-5 mph;O: No Injury;White;Male;Passenger Car;No;No;Dark - Roadway Not Lighted;Urban (>70% Developed);6 lanes;2;Straight - Level;Local Street;Wet;Two-Way, Not Divided;None;Four-Way Intersection;Smooth Asphalt;Coastal;Urban;30 - 35  MPH;Stop And Go Signal;Rain;No;34.229527, -77.9047
26;27;Yes;30-39;31;No;With Traffic;C: Possible Injury;Travel Lane;White;Male;Chapel Hill;Orange;No;01/01/2004;21/01/2010;Motorist Right Turn / Merge;18;Non-Intersection;NA;01/01/2001 17:59;Motorist Right Turn - Same Direction;0;2010;C: Possible Injury;Residential;NA;NA;Missing;NA;Injury;/Missing;NA;NA;No;Yes;Dark - Lighted Roadway;Urban (>70% Developed);4 lanes;2;Straight - Grade;Local Street;Wet;Two-Way, Not Divided;None;No Special Feature;Smooth Asphalt;Piedmont;Urban;30 - 35  MPH;No Control Present;Rain;No;35.91675, -79.043335
34;35;Yes;20-24;21;No;With Traffic;C: Possible Injury;Travel Lane;Hispanic;Male;Charlotte;Mecklenburg;No;NA;25/01/2010;Motorist Failed to Yield - Sign-Controlled Intersection;16;Intersection;NA;01/01/2001 16:49;Motorist Drive Out - Sign-Controlled Intersection;0;2010;C: Possible Injury;Commercial;NA;NA;Missing;6-10 mph;Injury;/Missing;NA;NA;No;Yes;Daylight;Urban (>70% Developed);4 lanes;2;Straight - Level;Local Street;Dry;Two-Way, Divided, Unprotected Median;None;No Special Feature;Smooth Asphalt;Piedmont;Urban;30 - 35  MPH;Stop Sign;Clear;No;35.250675, -80.79072
37;38;Yes;20-24;20;No;Facing Traffic;B: Evident Injury;Travel Lane;Black;Male;Rocky Mount;Nash;No;01/01/2002;12/01/2010;Motorist Left Turn / Merge;18;Non-Intersection;NA;01/01/2001 18:00;Motorist Left Turn - Same Direction;0;2010;B: Evident Injury;Residential;70+;NA;No;26-30 mph;O: No Injury;Black;Male;Passenger Car;No;No;Dark - Roadway Not Lighted;Urban (>70% Developed);2 lanes;2;Straight - Level;Local Street;Dry;Two-Way, Not Divided;None;No Special Feature;Smooth Asphalt;Coastal;Urban;30 - 35  MPH;No Control Present;Clear;No;35.930485, -77.78356
38;39;Yes;50-59;53;Yes;With Traffic;B: Evident Injury;Travel Lane;Black;Male;Greensboro;Guilford;Yes;01/01/2003;03/02/2010;Bicyclist Left Turn / Merge;14;Non-Intersection;01/02/2001;01/01/2001 14:12;Bicyclist Left Turn - Same Direction;0;2010;B: Evident Injury;Residential;30-39;31;No;36-40 mph;O: No Injury;Black;Female;Passenger Car;No;No;Daylight;Urban (>70% Developed);6 lanes;2;Straight - Level;Local Street;Wet;Two-Way, Divided, Positive Median Barrier;None;No Special Feature;Smooth Asphalt;Piedmont;Urban;30 - 35  MPH;No Control Present;Clear;No;36.0504, -79.79807
51;52;Yes;40-49;42;Yes;With Traffic;C: Possible Injury;Bike Lane / Paved Shoulder;Native American;Male;None - Rural Crash;Robeson;Yes;01/01/2003;24/02/2010;Bicyclist Left Turn / Merge;6;Non-Intersection;01/02/2001;01/01/2001 06:54;Bicyclist Left Turn - Same Direction;0;2010;C: Possible Injury;Farms, Woods, Pastures;40-49;40;No;51-55 mph;C: Possible Injury;Native American;Male;Pickup;No;No;Dark - Roadway Not Lighted;Rural (<30% Developed);2 lanes;2;Straight - Level;NC Route;Wet;Two-Way, Not Divided;None;No Special Feature;Smooth Asphalt;Coastal;Rural;50 - 55  MPH;Double Yellow Line, No Passing Zone;Cloudy;No;34.67417, -79.18547
56;57;Yes;16-19;17;No;With Traffic;B: Evident Injury;Travel Lane;White;Male;None - Rural Crash;Davidson;No;01/01/2004;18/02/2010;Bicyclist Left Turn / Merge;8;Non-Intersection;01/02/2001;01/01/2001 08:48;Bicyclist Left Turn - Same Direction;0;2010;B: Evident Injury;Residential;40-49;42;No;51-55 mph;O: No Injury;White;Male;Pickup;No;No;Daylight;Rural (<30% Developed);2 lanes;2;Straight - Level;NC Route;Dry;Two-Way, Not Divided;None;No Special Feature;Smooth Asphalt;Piedmont;Rural;50 - 55  MPH;Double Yellow Line, No Passing Zone;Clear;No;35.649864, -80.205605
58;59;No;50-59;53;No;With Traffic;B: Evident Injury;Travel Lane;White;Male;Charlotte;Mecklenburg;No;01/01/2006;20/02/2010;Motorist Overtaking Bicyclist;17;Non-Intersection;01/02/2001;01/01/2001 17:19;Motorist Overtaking - Undetected Bicyclist;0;2010;B: Evident Injury;Residential;70+;NA;No;31-35 mph;O: No Injury;White;Male;Passenger Car;No;No;Daylight;Urban (>70% Developed);3 lanes;2;Straight - Level;Local Street;Dry;Two-Way, Not Divided;None;No Special Feature;Smooth Asphalt;Piedmont;Urban;30 - 35  MPH;No Control Present;Clear;No;35.111164, -80.79208
60;61;No;10-juin;10;No;Not Applicable;B: Evident Injury;Travel Lane;Asian;Male;Charlotte;Mecklenburg;No;01/01/2007;21/02/2010;Crossing Paths - Other Circumstances;14;Intersection;01/02/2001;01/01/2001 14:40;Crossing Paths - Uncontrolled Intersection;0;2010;B: Evident Injury;Residential;60-69;63;No;16-20 mph;O: No Injury;White;Male;Passenger Car;No;No;Daylight;Urban (>70% Developed);2 lanes;2;Straight - Level;Local Street;Dry;Two-Way, Not Divided;None;Driveway, Private;Smooth Asphalt;Piedmont;Urban;30 - 35  MPH;No Control Present;Clear;No;35.214188, -80.79397