FID;OBJECTID;AmbulanceR;BikeAge_Gr;Bike_Age;Bike_Alc_D;Bike_Dir;Bike_Injur;Bike_Pos;Bike_Race;Bike_Sex;City;County;CrashAlcoh;CrashDay;Crash_Date;Crash_Grp;Crash_Hour;Crash_Loc;Crash_Mont;Crash_Time;Crash_Type;Crash_Ty_1;Crash_Year;Crsh_Sevri;Developmen;DrvrAge_Gr;Drvr_Age;Drvr_Alc_D;Drvr_EstSp;Drvr_Injur;Drvr_Race;Drvr_Sex;Drvr_VehTy;ExcsSpdInd;Hit_Run;Light_Cond;Locality;Num_Lanes;Num_Units;Rd_Charact;Rd_Class;Rd_Conditi;Rd_Config;Rd_Defects;Rd_Feature;Rd_Surface;Region;Rural_Urba;Speed_Limi;Traff_Cntr;Weather;Workzone_I;Location
66;67;Yes;15-nov;11;No;With Traffic;B: Evident Injury;Bike Lane / Paved Shoulder;White;Male;Cary;Wake;No;01/01/2003;17/03/2010;Motorist Overtaking Bicyclist;17;Non-Intersection;01/03/2001;01/01/2001 17:09;Motorist Overtaking - Bicyclist Swerved;0;2010;B: Evident Injury;Residential;30-39;36;No;6-10 mph;O: No Injury;Asian;Male;Sport Utility;No;No;Daylight;Urban (>70% Developed);2 lanes;2;Straight - Level;Local Street;Dry;Two-Way, Not Divided;None;No Special Feature;Smooth Asphalt;Piedmont;Urban;20 - 25  MPH;No Control Present;Cloudy;No;35.807526, -78.86056
71;72;Yes;60-69;64;No;NA;K: Killed;Travel Lane;Black;Male;Charlotte;Mecklenburg;No;NA;08/02/2010;Bicyclist Failed to Yield - Midblock;14;Non-Intersection;01/02/2001;01/01/2001 14:47;Bicyclist Ride Out - Other Midblock;0;2010;K: Killed;Commercial;40-49;44;No;56-60 mph;O: No Injury;Hispanic;Male;Passenger Car;No;No;Daylight;Urban (>70% Developed);8 lanes;2;Straight - Level;US Route;Dry;Two-Way, Divided, Positive Median Barrier;None;No Special Feature;Coarse Asphalt;Piedmont;Urban;50 - 55  MPH;No Control Present;Clear;No;35.210632, -80.80127
82;83;No;40-49;46;No;With Traffic;O: No Injury;Travel Lane;White;Male;Thomasville;Davidson;No;01/01/2006;06/03/2010;Motorist Left Turn / Merge;15;Intersection;01/03/2001;01/01/2001 15:14;Motorist Left Turn - Opposite Direction;0;2010;O: No Injury;Commercial;70+;NA;No;NA;O: No Injury;Black;Male;Passenger Car;No;No;Daylight;Mixed (30% To 70% Developed);4 lanes;2;Straight - Level;Local Street;Dry;Two-Way, Not Divided;None;Four-Way Intersection;Smooth Asphalt;Piedmont;Urban;NA;Stop And Go Signal;Clear;No;35.881283, -80.09931
92;93;Yes;30-39;35;No;With Traffic;K: Killed;Travel Lane;White;Male;Concord;Cabarrus;No;01/01/2003;17/03/2010;Motorist Overtaking Bicyclist;7;Non-Intersection;01/03/2001;01/01/2001 07:29;Motorist Overtaking - Misjudged Space;0;2010;K: Killed;Commercial;20-24;24;No;51-55 mph;O: No Injury;White;Female;Passenger Car;No;No;Daylight;Urban (>70% Developed);2 lanes;2;Straight - Level;NC Route;Dry;Two-Way, Divided, Positive Median Barrier;None;No Special Feature;Coarse Asphalt;Piedmont;Urban;50 - 55  MPH;No Control Present;Clear;No;35.373264, -80.55152
94;95;Yes;40-49;49;No;Not Applicable;B: Evident Injury;Bike Lane / Paved Shoulder;Black;Male;Raleigh;Wake;No;01/01/2007;14/02/2010;Bicyclist Failed to Yield - Midblock;5;Non-Intersection;01/02/2001;01/01/2001 05:11;Bicyclist Ride Out - Midblock -;0;2010;B: Evident Injury;Commercial;50-59;56;No;11-15 mph;O: No Injury;Black;Male;Passenger Car;No;No;Dusk;Mixed (30% To 70% Developed);4 lanes;2;Straight - Level;Local Street;Dry;Two-Way, Divided, Unprotected Median;None;No Special Feature;Smooth Asphalt;Piedmont;Urban;30 - 35  MPH;No Control Present;Clear;No;35.780025, -78.61373
98;99;Yes;15-nov;12;No;Not Applicable;C: Possible Injury;Non-Roadway;Black;Male;Hickory;Catawba;No;01/01/2005;19/03/2010;Loss of Control / Turning Error;19;Intersection;01/03/2001;01/01/2001 19:23;Bicyclist Lost Control - Mechanical Problems;0;2010;C: Possible Injury;Residential;40-49;46;No;21-25 mph;O: No Injury;White;Female;Passenger Car;No;No;Dusk;Urban (>70% Developed);2 lanes;2;Straight - Hillcrest;Local Street;Dry;Two-Way, Not Divided;None;No Special Feature;Coarse Asphalt;Piedmont;Urban;20 - 25  MPH;No Control Present;Clear;No;35.754593, -81.32914
114;115;No;20-24;20;No;With Traffic;C: Possible Injury;Travel Lane;White;Female;Boone;Watauga;No;01/01/2004;08/04/2010;Motorist Right Turn / Merge;16;Intersection;01/04/2001;01/01/2001 16:16;Motorist Right Turn - Same Direction;0;2010;C: Possible Injury;Institutional;NA;NA;Missing;0-5 mph;Injury;/Missing;NA;NA;No;Yes;Daylight;Urban (>70% Developed);4 lanes;2;Straight - Level;Local Street;Dry;Two-Way, Not Divided;None;No Special Feature;Coarse Asphalt;Mountains;Urban;20 - 25  MPH;Stop And Go Signal;Cloudy;No;36.211716, -81.6784
116;117;No;50-59;55;No;Facing Traffic;B: Evident Injury;Travel Lane;Black;Male;Fayetteville;Cumberland;No;01/01/2004;01/04/2010;Motorist Failed to Yield - Sign-Controlled Intersection;18;Intersection;01/04/2001;01/01/2001 18:25;Motorist Drive Out - Sign-Controlled Intersection;0;2010;B: Evident Injury;Commercial;25-29;29;No;0-5 mph;O: No Injury;Black;Female;Sport Utility;No;No;Daylight;Urban (>70% Developed);8 lanes;2;Straight - Level;Local Street;Dry;Two-Way, Not Divided;None;T-Intersection;Coarse Asphalt;Coastal;Urban;20 - 25  MPH;Stop Sign;Clear;No;35.090954, -78.954384
134;135;Yes;20-24;22;No;Facing Traffic;C: Possible Injury;Sidewalk / Crosswalk / Driveway Crossing;White;Male;Wilmington;New Hanover;No;01/01/2005;02/04/2010;Motorist Failed to Yield - Midblock;12;Non-Intersection;01/04/2001;01/01/2001 12:20;Motorist Drive Out - Commercial Driveway / Alley;0;2010;C: Possible Injury;Commercial;40-49;41;No;NA;O: No Injury;Black;Male;Passenger Car;No;No;Daylight;Urban (>70% Developed);3 lanes;2;Straight - Level;Local Street;Dry;Two-Way, Not Divided;None;No Special Feature;Smooth Asphalt;Coastal;Urban;NA;No Control Present;Clear;No;34.214596, -77.88599
135;136;No;20-24;21;No;With Traffic;B: Evident Injury;Travel Lane;White;Male;Raleigh;Wake;No;01/01/2004;15/04/2010;Loss of Control / Turning Error;15;Intersection;01/04/2001;01/01/2001 15:16;Bicyclist Lost Control - Other /;0;2010;B: Evident Injury;Residential;0-19;17;No;0-5 mph;O: No Injury;White;Male;Passenger Car;No;No;Daylight;Mixed (30% To 70% Developed);2 lanes;2;Straight - Level;State Secondary Route;Dry;Two-Way, Not Divided;None;Four-Way Intersection;Smooth Asphalt;Piedmont;Urban;40 - 45  MPH;Stop And Go Signal;Clear;No;35.892853, -78.71675
140;141;Yes;30-39;35;No;With Traffic;B: Evident Injury;Other;White;Male;None - Rural Crash;Mcdowell;No;01/01/2006;17/04/2010;Parallel Paths - Other Circumstances;20;Intersection-Related;01/04/2001;01/01/2001 20:19;Bicyclist Ride Out - Parallel Path;0;2010;B: Evident Injury;Farms, Woods, Pastures;0-19;18;No;51-55 mph;C: Possible Injury;White;Female;Sport Utility;No;No;Dusk;Rural (<30% Developed);2 lanes;2;Straight - Grade;US Route;Dry;Two-Way, Not Divided;None;No Special Feature;Smooth Asphalt;Mountains;Rural;50 - 55  MPH;No Control Present;Clear;No;35.639553, -81.98594
142;143;Yes;20-24;20;No;With Traffic;C: Possible Injury;Travel Lane;Native American;Male;Pembroke;Robeson;No;01/01/2007;18/04/2010;Head-On;11;Non-Intersection;01/04/2001;01/01/2001 11:52;Head-On - Motorist;0;2010;C: Possible Injury;Residential;NA;NA;Missing;36-40 mph;Injury;/Missing;NA;NA;No;Yes;Daylight;Urban (>70% Developed);2 lanes;2;Straight - Level;Local Street;Dry;Two-Way, Not Divided;None;No Special Feature;Coarse Asphalt;Coastal;Rural;20 - 25  MPH;No Control Present;Clear;No;34.679417, -79.19719
149;150;Yes;10-juin;9;No;Not Applicable;B: Evident Injury;Driveway / Alley;Black;Male;Raleigh;Wake;No;01/01/2004;18/03/2010;Bicyclist Failed to Yield - Midblock;18;Non-Intersection;01/03/2001;01/01/2001 17:59;Bicyclist Ride Out - Commercial Driveway / Alley;0;2010;B: Evident Injury;Residential;50-59;53;No;6-10 mph;O: No Injury;White;Male;Pickup;No;No;Daylight;Urban (>70% Developed);2 lanes;2;Straight - Level;Local Street;Dry;Two-Way, Not Divided;None;No Special Feature;Smooth Asphalt;Piedmont;Urban;20 - 25  MPH;No Control Present;Clear;No;35.73657, -78.660545
151;152;Yes;16-19;16;No;With Traffic;C: Possible Injury;Bike Lane / Paved Shoulder;White;Male;Fayetteville;Cumberland;No;01/01/2002;20/04/2010;Bicyclist Left Turn / Merge;15;Non-Intersection;01/04/2001;01/01/2001 15:41;Bicyclist Left Turn - Same Direction;0;2010;C: Possible Injury;Residential;50-59;51;No;16-20 mph;O: No Injury;White;Female;School Bus;No;No;Daylight;Urban (>70% Developed);2 lanes;2;Straight - Level;Local Street;Dry;Two-Way, Not Divided;None;No Special Feature;Coarse Asphalt;Coastal;Urban;20 - 25  MPH;Stop And Go Signal;Clear;No;35.025806, -78.94257
155;156;Yes;40-49;42;Yes;With Traffic;B: Evident Injury;Travel Lane;Black;Male;Concord;Cabarrus;Yes;01/01/2007;11/04/2010;Motorist Failed to Yield - Sign-Controlled Intersection;17;Intersection;01/04/2001;01/01/2001 17:50;Motorist Drive Through - Sign-Controlled Intersection;0;2010;B: Evident Injury;Residential;25-29;29;No;16-20 mph;O: No Injury;/Missing;Female;Passenger Car;No;No;Daylight;Urban (>70% Developed);4 lanes;2;Straight - Hillcrest;Local Street;Dry;Two-Way, Not Divided;None;Four-Way Intersection;Smooth Asphalt;Piedmont;Urban;30 - 35  MPH;Stop Sign;Clear;No;35.410313, -80.58836
165;166;No;15-nov;13;No;Not Applicable;C: Possible Injury;NA;White;Male;None - Rural Crash;New Hanover;No;01/01/2005;23/04/2010;Bicyclist Failed to Yield - Midblock;15;Non-Intersection;01/04/2001;01/01/2001 15:58;Bicyclist Ride Out - Midblock -;0;2010;C: Possible Injury;Commercial;50-59;51;No;21-25 mph;O: No Injury;Black;Male;Passenger Car;No;No;Daylight;Urban (>70% Developed);3 lanes;2;Straight - Level;US Route;Dry;Two-Way, Not Divided;None;No Special Feature;Smooth Asphalt;Coastal;Rural;30 - 35  MPH;No Control Present;Clear;No;34.349842, -77.88347
1003;1004;Yes;10-juin;7;No;With Traffic;C: Possible Injury;Travel Lane;Black;Male;Charlotte;Mecklenburg;No;01/01/2003;13/02/2008;Crossing Paths - Other Circumstances;17;Intersection;01/02/2001;01/01/2001 17:32;Sign-Controlled Intersection - Other /;111148;2008;C: Possible Injury;Residential;40-49;44;No;41-45 mph;Injury;Other;Male;Pickup;Yes;No;Daylight;Mixed (30% To 70% Developed);NA;2;NA;Local Street;Dry;NA;None;No Special Feature;NA;Piedmont;Urban;30 - 35  MPH;Missing;Clear;No;0.0, 0.0
1005;1006;Yes;40-49;49;No;NA;C: Possible Injury;Travel Lane;Black;Male;Greensboro;Guilford;No;01/01/2002;22/07/2008;Other /  - Insufficient Details;0;Non-Intersection;01/07/2001;01/01/2001 00:29;Approach Paths;3190970;2008;C: Possible Injury;Residential;20-24;22;No;0-5 mph;O: No Injury;Black;Male;Passenger Car;No;No;Dark - Lighted Roadway;Rural (<30% Developed);2 lanes;2;Straight - Level;Local Street;Wet;Two-Way, Not Divided;None;No Special Feature;Smooth Asphalt;Piedmont;Urban;30 - 35  MPH;No Control Present;Clear;No;0.0, 0.0
1007;1008;No;15-nov;13;No;NA;C: Possible Injury;Travel Lane;Black;Male;Greensboro;Guilford;No;01/01/2002;05/08/2008;Bicyclist Failed to Yield - Sign-Controlled Intersection;11;Intersection;01/08/2001;01/01/2001 11:54;Bicyclist Ride Through - Sign-Controlled Intersection;119144;2008;C: Possible Injury;Residential;50-59;57;No;31-35 mph;O: No Injury;Black;Male;Pickup;No;No;Daylight;Urban (>70% Developed);2 lanes;2;Straight - Level;Local Street;Dry;Two-Way, Divided, Unprotected Median;None;Four-Way Intersection;Smooth Asphalt;Piedmont;Urban;30 - 35  MPH;Stop Sign;Clear;No;0.0, 0.0
1010;1011;Yes;70+;NA;No;With Traffic;C: Possible Injury;Travel Lane;White;Male;Greensboro;Guilford;No;01/01/2002;20/05/2008;Motorist Overtaking Bicyclist;11;Non-Intersection;01/05/2001;01/01/2001 11:38;Motorist Overtaking - Misjudged Space;311232;2008;C: Possible Injury;Commercial;NA;NA;Missing;16-20 mph;Injury;/Missing;NA;NA;No;Yes;Daylight;Urban (>70% Developed);6 lanes;2;Straight - Level;Local Street;Dry;Two-Way, Not Divided;None;Four-Way Intersection;Smooth Asphalt;Piedmont;Urban;40 - 45  MPH;Stop And Go Signal;Cloudy;No;0.0, 0.0
1012;1013;No;40-49;41;No;With Traffic;K: Killed;Travel Lane;White;Male;Charlotte;Mecklenburg;No;NA;01/12/2008;Motorist Overtaking Bicyclist;14;Non-Intersection;01/12/2001;01/01/2001 14:10;Motorist Overtaking - Other /;311239;2008;K: Killed;Commercial;20-24;22;No;36-40 mph;O: No Injury;Asian;Male;Passenger Car;No;No;Daylight;Urban (>70% Developed);5 lanes;2;Straight - Level;Local Street;Dry;Two-Way, Divided, Unprotected Median;None;No Special Feature;Smooth Asphalt;Piedmont;Urban;40 - 45  MPH;No Control Present;Clear;No;0.0, 0.0
3;4;Yes;25-29;29;No;With Traffic;C: Possible Injury;Travel Lane;Black;Male;Cary;Wake;No;01/01/2003;14/01/2009;Motorist Overtaking Bicyclist;16;Non-Intersection;NA;01/01/2001 16:48;Motorist Overtaking - Bicyclist Swerved;311235;2009;C: Possible Injury;Residential;25-29;25;No;41-45 mph;O: No Injury;Other;Male;Motorcycle;No;No;Daylight;Urban (>70% Developed);5 lanes;2;Straight - Level;State Secondary Route;Dry;Two-Way, Not Divided;None;No Special Feature;Smooth Asphalt;Piedmont;Urban;40 - 45  MPH;No Control Present;Clear;No;35.824387, -78.77068
9;10;Yes;25-29;27;Yes;Facing Traffic;B: Evident Injury;Travel Lane;White;Male;None - Rural Crash;Cumberland;Yes;01/01/2007;18/01/2009;Head-On;20;Non-Intersection;NA;01/01/2001 20:19;Head-On - Bicyclist;312250;2009;B: Evident Injury;Farms, Woods, Pastures;30-39;33;No;36-40 mph;O: No Injury;White;Male;Passenger Car;No;No;Dark - Roadway Not Lighted;Rural (<30% Developed);2 lanes;2;Straight - Level;State Secondary Route;Dry;Two-Way, Not Divided;None;No Special Feature;Coarse Asphalt;Coastal;Rural;50 - 55  MPH;No Control Present;Fog, Smog, Smoke;No;34.901127, -78.901
18;19;Yes;20-24;21;No;With Traffic;C: Possible Injury;Bike Lane / Paved Shoulder;Black;Male;None - Rural Crash;Hertford;No;NA;09/02/2009;Motorist Overtaking Bicyclist;18;Non-Intersection;01/02/2001;01/01/2001 18:57;Motorist Overtaking - Misjudged Space;321232;2009;C: Possible Injury;Commercial;70+;NA;No;51-55 mph;O: No Injury;White;Male;Sport Utility;No;No;Dark - Roadway Not Lighted;Rural (<30% Developed);2 lanes;2;Curve - Level;NC Route;Dry;Two-Way, Not Divided;None;No Special Feature;Coarse Asphalt;Coastal;Rural;50 - 55  MPH;Double Yellow Line, No Passing Zone;Clear;No;36.27684, -77.01139
42;43;Yes;40-49;43;No;Facing Traffic;C: Possible Injury;Bike Lane / Paved Shoulder;White;Male;Goldsboro;Wayne;No;01/01/2003;11/02/2009;Bicyclist Failed to Yield - Signalized Intersection;17;Intersection;01/02/2001;01/01/2001 17:09;Bicyclist Ride Out - Signalized  Intersection;122153;2009;C: Possible Injury;Commercial;70+;NA;No;21-25 mph;O: No Injury;White;Female;Passenger Car;No;No;Daylight;Urban (>70% Developed);6 lanes;2;Straight - Level;Local Street;Dry;Two-Way, Not Divided;None;No Special Feature;Coarse Asphalt;Coastal;Urban;20 - 25  MPH;Stop And Go Signal;Clear;No;35.38444, -77.9967
59;60;Yes;50-59;51;No;With Traffic;C: Possible Injury;Travel Lane;White;Male;None - Rural Crash;Johnston;No;01/01/2004;05/03/2009;Bicyclist Overtaking Motorist;16;Intersection-Related;01/03/2001;01/01/2001 16:44;Bicyclist Overtaking - Other /;211249;2009;C: Possible Injury;Farms, Woods, Pastures;50-59;51;No;0-5 mph;O: No Injury;White;Male;Passenger Car;No;No;Daylight;Rural (<30% Developed);2 lanes;2;Straight - Level;State Secondary Route;Dry;Two-Way, Not Divided;None;T-Intersection;Smooth Asphalt;Coastal;Rural;50 - 55  MPH;Double Yellow Line, No Passing Zone;Clear;No;35.37243, -78.444786
60;61;Yes;20-24;22;No;With Traffic;B: Evident Injury;Travel Lane;White;Male;None - Rural Crash;Wake;No;01/01/2004;19/03/2009;Bicyclist Failed to Yield - Sign-Controlled Intersection;15;Intersection;01/03/2001;01/01/2001 15:06;Bicyclist Ride Out - Sign-Controlled Intersection;111142;2009;B: Evident Injury;Farms, Woods, Pastures;20-24;21;No;6-10 mph;O: No Injury;White;Male;Pickup;No;No;Daylight;Rural (<30% Developed);2 lanes;2;Curve - Grade;State Secondary Route;Dry;Two-Way, Not Divided;None;T-Intersection;Coarse Asphalt;Piedmont;Rural;40 - 45  MPH;Double Yellow Line, No Passing Zone;Clear;No;35.72253, -78.71577
64;65;Yes;15-nov;12;No;Facing Traffic;B: Evident Injury;Sidewalk / Crosswalk / Driveway Crossing;White;Female;Cary;Wake;No;01/01/2007;22/03/2009;Crossing Paths - Other Circumstances;14;Intersection;01/03/2001;01/01/2001 14:29;Signalized Intersection - Other /;132158;2009;B: Evident Injury;Commercial;NA;NA;Missing;6-10 mph;Injury;/Missing;NA;Passenger Car;No;Yes;Daylight;Urban (>70% Developed);3 lanes;2;Straight - Hillcrest;Local Street;Dry;Two-Way, Not Divided;None;Four-Way Intersection;Smooth Asphalt;Piedmont;Urban;20 - 25  MPH;Stop And Go Signal;Clear;No;35.764786, -78.78362
67;68;No;25-29;26;Yes;NA;B: Evident Injury;NA;White;Male;Statesville;Iredell;Yes;01/01/2004;12/03/2009;Other /  - Insufficient Details;20;Intersection-Related;01/03/2001;01/01/2001 20:14;Approach Paths;299970;2009;B: Evident Injury;Residential;NA;NA;Missing;NA;Injury;/Missing;NA;NA;No;Yes;Dark - Lighted Roadway;Urban (>70% Developed);2 lanes;2;Straight - Level;Local Street;Dry;Two-Way, Not Divided;None;No Special Feature;Smooth Asphalt;Piedmont;Urban;30 - 35  MPH;No Control Present;Clear;No;35.782326, -80.89593
69;70;No;40-49;42;No;With Traffic;C: Possible Injury;Travel Lane;Black;Female;Wilson;Wilson;No;01/01/2005;06/03/2009;Motorist Left Turn / Merge;17;Intersection;01/03/2001;01/01/2001 17:56;Motorist Left Turn - Opposite Direction;111212;2009;C: Possible Injury;Commercial;NA;NA;Missing;NA;Injury;/Missing;NA;NA;No;Yes;Dusk;Urban (>70% Developed);2 lanes;2;Straight - Level;Local Street;Dry;Two-Way, Not Divided;None;T-Intersection;Smooth Asphalt;Coastal;Urban;30 - 35  MPH;No Control Present;Clear;No;35.72093, -77.90823
77;78;No;25-29;27;No;With Traffic;O: No Injury;Sidewalk / Crosswalk / Driveway Crossing;Black;Male;Wilmington;New Hanover;No;01/01/2006;14/03/2009;Bicyclist Overtaking Motorist;20;Intersection-Related;01/03/2001;01/01/2001 20:42;Bicyclist Overtaking - Other /;231249;2009;O: No Injury;Residential;20-24;23;No;0-5 mph;O: No Injury;White;Male;Passenger Car;No;No;Dark - Lighted Roadway;Urban (>70% Developed);2 lanes;2;Straight - Level;Local Street;Dry;Two-Way, Divided, Unprotected Median;None;No Special Feature;Coarse Asphalt;Coastal;Urban;20 - 25  MPH;No Control Present;Cloudy;No;34.24249, -77.94266
81;82;Yes;15-nov;13;No;Not Applicable;C: Possible Injury;Travel Lane;White;Male;None - Rural Crash;Alamance;No;01/01/2004;05/03/2009;Bicyclist Failed to Yield - Midblock;20;Non-Intersection;01/03/2001;01/01/2001 19:59;Bicyclist Ride Out - Other Midblock;313318;2009;C: Possible Injury;Residential;NA;NA;Missing;46-50 mph;Injury;/Missing;NA;NA;No;Yes;Dark - Roadway Not Lighted;Rural (<30% Developed);2 lanes;2;Straight - Level;State Secondary Route;Dry;Two-Way, Not Divided;None;No Special Feature;Smooth Asphalt;Piedmont;Rural;50 - 55  MPH;No Control Present;Clear;No;36.095142, -79.32742
91;92;No;10-juin;10;No;Not Applicable;C: Possible Injury;Driveway / Alley;White;Male;Mint Hill;Mecklenburg;No;01/01/2002;31/03/2009;Bicyclist Failed to Yield - Midblock;17;Non-Intersection;01/03/2001;01/01/2001 17:38;Bicyclist Ride Out - Residential Driveway;353311;2009;C: Possible Injury;Residential;30-39;37;No;16-20 mph;O: No Injury;White;Female;Van;No;No;Daylight;Mixed (30% To 70% Developed);NA;2;NA;NA;Dry;NA;None;No Special Feature;NA;Piedmont;Urban;20 - 25  MPH;No Control Present;Clear;No;35.163906, -80.61446
103;104;Yes;40-49;41;No;With Traffic;B: Evident Injury;Travel Lane;White;Male;None - Rural Crash;Yancey;No;NA;23/03/2009;Motorist Left Turn / Merge;15;Non-Intersection;01/03/2001;01/01/2001 15:38;Motorist Left Turn - Opposite Direction;311212;2009;B: Evident Injury;Farms, Woods, Pastures;20-24;21;No;11-15 mph;O: No Injury;White;Male;Passenger Car;No;No;Daylight;Rural (<30% Developed);2 lanes;2;Curve - Grade;NC Route;Dry;Two-Way, Not Divided;None;No Special Feature;Smooth Asphalt;Mountains;Rural;30 - 35  MPH;Double Yellow Line, No Passing Zone;Cloudy;No;35.730255, -82.27928
104;105;Yes;40-49;49;No;With Traffic;A: Disabling Injury;Travel Lane;Black;Male;None - Rural Crash;Robeson;No;01/01/2003;08/04/2009;Parallel Paths - Other Circumstances;19;Non-Intersection;01/04/2001;01/01/2001 19:09;Parallel Paths - Other /;311280;2009;A: Disabling Injury;Farms, Woods, Pastures;30-39;35;No;51-55 mph;O: No Injury;Native American;Female;Sport Utility;No;No;Daylight;Rural (<30% Developed);2 lanes;2;Straight - Level;State Secondary Route;Dry;Two-Way, Not Divided;None;No Special Feature;Coarse Asphalt;Coastal;Rural;50 - 55  MPH;No Control Present;Clear;No;34.85171, -79.09158
105;106;Yes;20-24;21;No;Not Applicable;O: No Injury;Non-Roadway;Other;Male;Cary;Wake;No;01/01/2006;18/04/2009;Non-Roadway;16;Non-Roadway;01/04/2001;01/01/2001 16:48;Non-Roadway;460910;2009;O: No Injury;Commercial;40-49;45;No;0-5 mph;O: No Injury;White;Female;Sport Utility;No;No;Daylight;Urban (>70% Developed);NA;2;Straight - Grade;Public Vehicular Area;Dry;Two-Way, Not Divided;None;Driveway, Public;Smooth Asphalt;Piedmont;Urban;5 - 15 MPH;No Control Present;Clear;No;35.771732, -78.76127
111;112;Yes;30-39;38;No;With Traffic;B: Evident Injury;Travel Lane;White;Male;None - Rural Crash;Rowan;No;01/01/2007;08/03/2009;Loss of Control / Turning Error;11;Intersection-Related;01/03/2001;01/01/2001 11:18;Motorist Turning Error - Left Turn;211111;2009;B: Evident Injury;Farms, Woods, Pastures;50-59;57;No;0-5 mph;O: No Injury;White;Female;Sport Utility;No;No;Daylight;Rural (<30% Developed);2 lanes;2;Straight - Level;State Secondary Route;Dry;Two-Way, Not Divided;None;No Special Feature;Smooth Asphalt;Piedmont;Rural;50 - 55  MPH;Double Yellow Line, No Passing Zone;Clear;No;35.558395, -80.2833
112;113;Yes;15-nov;14;No;NA;B: Evident Injury;NA;Black;Male;Rocky Mount;Nash;No;01/01/2005;20/03/2009;Other /  - Insufficient Details;19;Location;01/03/2001;01/01/2001 19:54;Location;999980;2009;B: Evident Injury;Residential;NA;NA;No;11-15 mph;Injury;/Missing;NA;Passenger Car;No;Yes;Dark - Roadway Not Lighted;Urban (>70% Developed);2 lanes;3;Straight - Level;Local Street;Dry;Two-Way, Not Divided;None;No Special Feature;Coarse Asphalt;Coastal;Urban;30 - 35  MPH;No Control Present;Clear;No;35.927265, -77.814865
116;117;Yes;60-69;62;No;With Traffic;C: Possible Injury;Travel Lane;White;Male;None - Rural Crash;Nash;No;01/01/2005;17/04/2009;Motorist Overtaking Bicyclist;12;Intersection-Related;01/04/2001;01/01/2001 12:32;Motorist Overtaking - Bicyclist Swerved;211235;2009;C: Possible Injury;Institutional;50-59;51;No;41-45 mph;O: No Injury;White;Female;Passenger Car;No;No;Daylight;Mixed (30% To 70% Developed);3 lanes;2;Straight - Level;State Secondary Route;Dry;Two-Way, Not Divided;None;Driveway, Public;Coarse Asphalt;Coastal;Rural;40 - 45  MPH;Double Yellow Line, No Passing Zone;Clear;No;35.975384, -77.8964
117;118;No;15-nov;15;No;Not Applicable;C: Possible Injury;Non-Roadway;Hispanic;Male;Cary;Wake;No;01/01/2004;23/04/2009;Non-Roadway;16;Non-Roadway;01/04/2001;01/01/2001 16:56;Non-Roadway;460910;2009;C: Possible Injury;Residential;20-24;24;No;21-25 mph;O: No Injury;Black;Female;Passenger Car;No;No;Daylight;Urban (>70% Developed);2 lanes;2;Curve - Grade;Local Street;Dry;Two-Way, Not Divided;None;No Special Feature;Coarse Asphalt;Piedmont;Urban;30 - 35  MPH;No Control Present;Clear;No;35.779346, -78.76079
118;119;Yes;16-19;16;No;Not Applicable;B: Evident Injury;NA;Black;Male;Charlotte;Mecklenburg;No;01/01/2003;15/04/2009;Bicyclist Failed to Yield - Midblock;0;Non-Intersection;01/04/2001;01/01/2001 00:20;Bicyclist Ride Out - Midblock -;393319;2009;B: Evident Injury;Residential;NA;NA;Missing;26-30 mph;Injury;/Missing;NA;NA;No;Yes;Dark - Lighted Roadway;Urban (>70% Developed);4 lanes;2;Straight - Level;Local Street;Dry;Two-Way, Divided, Positive Median Barrier;None;No Special Feature;Smooth Asphalt;Piedmont;Urban;30 - 35  MPH;No Control Present;Clear;No;35.249397, -80.764755
125;126;Yes;40-49;43;Yes;With Traffic;C: Possible Injury;Travel Lane;Black;Male;Raleigh;Wake;Yes;01/01/2005;20/03/2009;Parallel Paths - Other Circumstances;23;Intersection;01/03/2001;01/01/2001 23:48;Parallel Paths - Other /;111280;2009;C: Possible Injury;Residential;40-49;49;Yes;0-5 mph;O: No Injury;Black;Male;Passenger Car;No;No;Dark - Lighted Roadway;Urban (>70% Developed);3 lanes;2;Straight - Level;Local Street;Dry;One-Way, Not Divided;None;Four-Way Intersection;Concrete;Piedmont;Urban;30 - 35  MPH;Stop And Go Signal;Clear;No;35.76705, -78.6355
126;127;Yes;50-59;51;No;Not Applicable;K: Killed;Travel Lane;Black;Male;Shelby;Cleveland;Yes;01/01/2005;17/04/2009;Bicyclist Failed to Yield - Midblock;21;Non-Intersection;01/04/2001;01/01/2001 21:10;Bicyclist Ride Out - Other Midblock;313318;2009;K: Killed;Commercial;50-59;55;Yes;36-40 mph;C: Possible Injury;White;Male;Passenger Car;No;No;Dark - Roadway Not Lighted;Urban (>70% Developed);NA;2;Straight - Level;US Route;Dry;Two-Way, Divided, Unprotected Median;None;No Special Feature;Smooth Asphalt;Mountains;Urban;40 - 45  MPH;No Control Present;Clear;No;35.280735, -81.54936
132;133;No;25-29;26;No;With Traffic;C: Possible Injury;Travel Lane;White;Female;Charlotte;Mecklenburg;No;01/01/2005;24/04/2009;Motorist Right Turn / Merge;8;Non-Intersection;01/04/2001;01/01/2001 08:19;Motorist Right Turn - Same Direction;311213;2009;C: Possible Injury;Residential;40-49;44;No;0-5 mph;O: No Injury;White;Male;Passenger Car;No;No;Daylight;Urban (>70% Developed);2 lanes;2;Straight - Grade;Local Street;Dry;Two-Way, Not Divided;None;No Special Feature;Smooth Asphalt;Piedmont;Urban;20 - 25  MPH;No Control Present;Clear;No;35.233505, -80.79283