FID;OBJECTID;AmbulanceR;BikeAge_Gr;Bike_Age;Bike_Alc_D;Bike_Dir;Bike_Injur;Bike_Pos;Bike_Race;Bike_Sex;City;County;CrashAlcoh;CrashDay;Crash_Date;Crash_Grp;Crash_Hour;Crash_Loc;Crash_Mont;Crash_Time;Crash_Type;Crash_Ty_1;Crash_Year;Crsh_Sevri;Developmen;DrvrAge_Gr;Drvr_Age;Drvr_Alc_D;Drvr_EstSp;Drvr_Injur;Drvr_Race;Drvr_Sex;Drvr_VehTy;ExcsSpdInd;Hit_Run;Light_Cond;Locality;Num_Lanes;Num_Units;Rd_Charact;Rd_Class;Rd_Conditi;Rd_Config;Rd_Defects;Rd_Feature;Rd_Surface;Region;Rural_Urba;Speed_Limi;Traff_Cntr;Weather;Workzone_I;Location
136;137;Yes;40-49;48;No;With Traffic;B: Evident Injury;Travel Lane;Black;Male;Garysburg;Northampton;No;01/01/2005;01/05/2009;Motorist Overtaking Bicyclist;20;Non-Intersection;01/05/2001;01/01/2001 19:59;Motorist Overtaking - Other /;311239;2009;B: Evident Injury;Farms, Woods, Pastures;NA;NA;No;41-45 mph;Injury;/Missing;Male;NA;No;Yes;Daylight;Rural (<30% Developed);2 lanes;2;Straight - Level;NC Route;Dry;Two-Way, Not Divided;None;No Special Feature;Smooth Asphalt;Coastal;Rural;40 - 45  MPH;No Control Present;Clear;No;36.455456, -77.551674
139;140;No;40-49;48;No;Facing Traffic;B: Evident Injury;Sidewalk / Crosswalk / Driveway Crossing;Black;Male;Raleigh;Wake;No;01/01/2005;27/03/2009;Crossing Paths - Other Circumstances;7;Intersection;01/03/2001;01/01/2001 07:54;Signalized Intersection - Other /;132158;2009;B: Evident Injury;Commercial;50-59;57;No;0-5 mph;O: No Injury;White;Male;Pickup;No;No;Daylight;Urban (>70% Developed);4 lanes;2;Straight - Level;Local Street;Dry;Two-Way, Not Divided;None;Four-Way Intersection;Smooth Asphalt;Piedmont;Urban;30 - 35  MPH;Stop And Go Signal;Cloudy;No;35.79325, -78.68431
149;150;Yes;25-29;25;No;Facing Traffic;C: Possible Injury;Travel Lane;White;Female;Greensboro;Guilford;No;01/01/2003;29/04/2009;Motorist Failed to Yield - Signalized Intersection;17;Intersection;01/04/2001;01/01/2001 17:13;Motorist Drive Out - Right Turn on Red;112151;2009;C: Possible Injury;Commercial;40-49;46;No;11-15 mph;O: No Injury;Black;Female;Passenger Car;No;No;Daylight;Urban (>70% Developed);NA;2;Straight - Hillcrest;Local Street;Dry;Two-Way, Not Divided;None;Four-Way Intersection;Smooth Asphalt;Piedmont;Urban;30 - 35  MPH;Stop And Go Signal;Clear;No;36.08042, -79.82714
154;155;Yes;25-29;26;No;Not Applicable;C: Possible Injury;Non-Roadway;White;Male;None - Rural Crash;Pender;No;01/01/2005;08/05/2009;Bicyclist Failed to Yield - Midblock;15;Non-Intersection;01/05/2001;01/01/2001 15:29;Bicyclist Ride Out - Commercial Driveway / Alley;363312;2009;C: Possible Injury;Commercial;20-24;20;No;41-45 mph;O: No Injury;White;Male;Pickup;No;No;Daylight;Urban (>70% Developed);5 lanes;2;Straight - Level;US Route;Dry;Two-Way, Not Divided;None;Driveway, Public;Coarse Asphalt;Coastal;Rural;40 - 45  MPH;No Control Present;Clear;No;34.390038, -77.68332
158;159;Yes;15-nov;12;No;With Traffic;B: Evident Injury;Sidewalk / Crosswalk / Driveway Crossing;Black;Male;Cary;Wake;No;01/01/2002;12/05/2009;Motorist Right Turn / Merge;15;Intersection;01/05/2001;01/01/2001 15:29;Motorist Right Turn - Same Direction;131213;2009;B: Evident Injury;Residential;70+;NA;No;0-5 mph;O: No Injury;White;Female;Passenger Car;No;No;Daylight;Urban (>70% Developed);2 lanes;2;Straight - Grade;Local Street;Dry;Two-Way, Not Divided;None;T-Intersection;Smooth Asphalt;Piedmont;Urban;20 - 25  MPH;Stop And Go Signal;Clear;No;35.771008, -78.82089
159;160;Yes;30-39;31;No;With Traffic;C: Possible Injury;Travel Lane;White;Female;Durham;Durham;No;01/01/2003;13/05/2009;Motorist Failed to Yield - Sign-Controlled Intersection;12;Intersection;01/05/2001;01/01/2001 12:07;Motorist Drive Out - Sign-Controlled Intersection;111141;2009;C: Possible Injury;Commercial;25-29;27;No;0-5 mph;O: No Injury;White;Male;Pickup;No;No;Daylight;Urban (>70% Developed);4 lanes;2;Straight - Level;Local Street;Dry;Two-Way, Not Divided;None;Four-Way Intersection;Smooth Asphalt;Piedmont;Urban;30 - 35  MPH;Stop Sign;Clear;No;35.87327, -78.8459
163;164;Yes;30-39;35;No;Not Applicable;C: Possible Injury;NA;White;Male;Mebane;Alamance;No;01/01/2005;08/05/2009;Bicyclist Failed to Yield - Midblock;19;Non-Intersection;01/05/2001;01/01/2001 19:15;Bicyclist Ride Out - Residential Driveway;393311;2009;C: Possible Injury;Commercial;30-39;38;No;31-35 mph;O: No Injury;White;Male;Pickup;No;No;Daylight;Urban (>70% Developed);3 lanes;2;Straight - Level;Local Street;Dry;Two-Way, Not Divided;None;No Special Feature;Smooth Asphalt;Piedmont;Urban;30 - 35  MPH;Stop And Go Signal;Clear;No;36.0685, -79.270035
170;171;Yes;40-49;45;No;With Traffic;A: Disabling Injury;Travel Lane;Black;Male;Gibson;Scotland;No;01/01/2004;30/04/2009;Bicyclist Failed to Yield - Sign-Controlled Intersection;15;Intersection;01/04/2001;01/01/2001 15:15;Bicyclist Ride Through - Sign-Controlled Intersection;111144;2009;A: Disabling Injury;Residential;30-39;30;No;31-35 mph;C: Possible Injury;White;Male;Pickup;No;No;Daylight;Rural (<30% Developed);2 lanes;2;Curve - Level;NC Route;Dry;Two-Way, Not Divided;None;T-Intersection;Smooth Asphalt;Coastal;Rural;30 - 35  MPH;Stop Sign;Clear;No;34.758793, -79.61536
172;173;Yes;30-39;36;No;With Traffic;C: Possible Injury;Travel Lane;White;Female;Charlotte;Mecklenburg;No;01/01/2004;30/04/2009;Crossing Paths - Other Circumstances;10;Intersection;01/04/2001;01/01/2001 10:16;Signalized Intersection - Other /;111158;2009;C: Possible Injury;Residential;25-29;27;No;6-10 mph;O: No Injury;Asian;Male;Passenger Car;No;No;Daylight;Urban (>70% Developed);4 lanes;2;Straight - Level;Local Street;Dry;Two-Way, Not Divided;None;Four-Way Intersection;Coarse Asphalt;Piedmont;Urban;30 - 35  MPH;Stop And Go Signal;Cloudy;No;35.16829, -80.822395
177;178;Yes;30-39;32;No;With Traffic;B: Evident Injury;Travel Lane;White;Male;Wilmington;New Hanover;No;01/01/2003;06/05/2009;Motorist Left Turn / Merge;22;Intersection;01/05/2001;01/01/2001 22:28;Motorist Left Turn - Opposite Direction;111212;2009;B: Evident Injury;Commercial;30-39;34;No;31-35 mph;O: No Injury;White;Male;Passenger Car;No;No;Dark - Roadway Not Lighted;Urban (>70% Developed);6 lanes;2;Straight - Level;US Route;Dry;Two-Way, Not Divided;None;Four-Way Intersection;Coarse Asphalt;Coastal;Urban;40 - 45  MPH;Stop And Go Signal;Clear;No;34.219433, -77.83266
189;190;Yes;40-49;41;No;With Traffic;B: Evident Injury;Travel Lane;White;Male;Cary;Wake;No;01/01/2004;28/05/2009;Motorist Overtaking Bicyclist;12;Intersection;01/05/2001;01/01/2001 12:40;Motorist Overtaking - Bicyclist Swerved;111235;2009;B: Evident Injury;Commercial;20-24;22;No;36-40 mph;O: No Injury;White;Female;Sport Utility;No;No;Daylight;Urban (>70% Developed);4 lanes;2;Straight - Level;Local Street;Dry;Two-Way, Divided, Unprotected Median;None;No Special Feature;Smooth Asphalt;Piedmont;Urban;40 - 45  MPH;No Control Present;Clear;No;35.830093, -78.77439
191;192;Yes;40-49;49;No;With Traffic;B: Evident Injury;Bike Lane / Paved Shoulder;White;Male;None - Rural Crash;Buncombe;No;01/01/2004;28/05/2009;Motorist Overtaking Bicyclist;21;Non-Intersection;01/05/2001;01/01/2001 21:05;Motorist Overtaking - Other /;321239;2009;B: Evident Injury;Farms, Woods, Pastures;25-29;28;No;36-40 mph;O: No Injury;White;Male;Passenger Car;No;No;Dark - Roadway Not Lighted;Rural (<30% Developed);5 lanes;2;Straight - Level;NC Route;Dry;Two-Way, Not Divided;None;No Special Feature;Smooth Asphalt;Mountains;Rural;50 - 55  MPH;No Control Present;Clear;No;35.619415, -82.65276
192;193;No;10-juin;7;No;Not Applicable;C: Possible Injury;Non-Roadway;Black;Female;Statesville;Iredell;No;NA;18/05/2009;Bicyclist Failed to Yield - Midblock;19;Non-Intersection;01/05/2001;01/01/2001 19:29;Multiple Threat - Midblock;363357;2009;C: Possible Injury;Residential;20-24;20;No;16-20 mph;O: No Injury;Hispanic;Male;Passenger Car;No;No;NA;Urban (>70% Developed);2 lanes;2;Straight - Level;Local Street;Dry;Two-Way, Not Divided;None;No Special Feature;Smooth Asphalt;Piedmont;Urban;30 - 35  MPH;No Control Present;Clear;No;35.768757, -80.88686
195;196;Yes;10-juin;10;No;Not Applicable;B: Evident Injury;Driveway / Alley;Black;Male;None - Rural Crash;Cabarrus;No;01/01/2006;16/05/2009;Loss of Control / Turning Error;19;Non-Intersection;01/05/2001;01/01/2001 19:29;Bicyclist Lost Control - Other /;353129;2009;B: Evident Injury;Residential;20-24;22;No;31-35 mph;O: No Injury;Black;Male;Passenger Car;No;No;Daylight;Mixed (30% To 70% Developed);2 lanes;2;Curve - Grade;State Secondary Route;Dry;Two-Way, Not Divided;None;No Special Feature;Coarse Asphalt;Piedmont;Rural;30 - 35  MPH;No Control Present;Clear;No;35.291553, -80.63521
196;197;No;50-59;54;Yes;With Traffic;C: Possible Injury;Travel Lane;Black;Male;Rocky Mount;Edgecombe;Yes;01/01/2005;03/04/2009;Bicyclist Failed to Yield - Sign-Controlled Intersection;14;Intersection;01/04/2001;01/01/2001 14:07;Bicyclist Ride Out - Sign-Controlled Intersection;111142;2009;C: Possible Injury;Residential;30-39;35;No;26-30 mph;O: No Injury;Black;Female;Passenger Car;No;No;Daylight;Urban (>70% Developed);4 lanes;2;Straight - Level;Local Street;Dry;Two-Way, Not Divided;None;No Special Feature;Smooth Asphalt;Coastal;Urban;30 - 35  MPH;Stop Sign;Clear;No;35.946587, -77.78812
198;199;Yes;50-59;58;No;Facing Traffic;C: Possible Injury;Non-Roadway;Black;Male;Asheville;Buncombe;No;01/01/2007;17/05/2009;Bicyclist Failed to Yield - Midblock;12;Non-Intersection;01/05/2001;01/01/2001 12:00;Bicyclist Ride Out - Other Midblock;362318;2009;C: Possible Injury;Commercial;60-69;63;No;6-10 mph;O: No Injury;White;Male;Passenger Car;No;No;Daylight;Urban (>70% Developed);2 lanes;2;Straight - Level;Local Street;Wet;Two-Way, Not Divided;None;T-Intersection;Concrete;Mountains;Urban;20 - 25  MPH;No Control Present;Rain;No;35.5868, -82.586754
203;204;Yes;16-19;16;No;With Traffic;A: Disabling Injury;Travel Lane;Other;Male;Raleigh;Wake;No;01/01/2006;09/05/2009;Bicyclist Left Turn / Merge;15;Non-Intersection;01/05/2001;01/01/2001 15:16;Bicyclist Left Turn - Opposite Direction;311222;2009;A: Disabling Injury;Residential;40-49;42;No;31-35 mph;O: No Injury;Black;Female;Sport Utility;No;No;Daylight;Urban (>70% Developed);2 lanes;2;Straight - Bottom;Local Street;Dry;Two-Way, Not Divided;None;No Special Feature;Smooth Asphalt;Piedmont;Urban;30 - 35  MPH;No Control Present;Clear;No;35.830837, -78.67436
204;205;No;60-69;64;No;With Traffic;C: Possible Injury;Bike Lane / Paved Shoulder;White;Male;None - Rural Crash;Orange;No;01/01/2002;02/06/2009;Loss of Control / Turning Error;9;Non-Intersection;01/06/2001;01/01/2001 09:12;Motorist Lost Control - Other /;321139;2009;C: Possible Injury;Farms, Woods, Pastures;NA;NA;No;36-40 mph;Injury;/Missing;NA;NA;No;Yes;Daylight;Rural (<30% Developed);2 lanes;2;Straight - Level;NC Route;Dry;Two-Way, Not Divided;None;No Special Feature;Smooth Asphalt;Piedmont;Rural;40 - 45  MPH;Double Yellow Line, No Passing Zone;Clear;No;35.921856, -79.10786
205;206;No;30-39;36;No;With Traffic;O: No Injury;Bike Lane / Paved Shoulder;White;Female;None - Rural Crash;Chowan;No;NA;01/06/2009;Motorist Overtaking Bicyclist;11;Non-Intersection;01/06/2001;01/01/2001 11:21;Motorist Overtaking - Misjudged Space;321232;2009;O: No Injury;Farms, Woods, Pastures;50-59;59;No;31-35 mph;O: No Injury;Black;Male;Pickup;No;No;Daylight;Rural (<30% Developed);2 lanes;2;Straight - Level;State Secondary Route;Dry;Two-Way, Not Divided;None;No Special Feature;Smooth Asphalt;Coastal;Rural;40 - 45  MPH;Double Yellow Line, No Passing Zone;Clear;No;36.07037, -76.64611
216;217;Yes;40-49;46;No;Not Applicable;B: Evident Injury;Travel Lane;White;Male;Durham;Durham;No;01/01/2005;22/05/2009;Non-Roadway;12;Non-Roadway;01/05/2001;01/01/2001 12:50;Non-Roadway;410910;2009;B: Evident Injury;Institutional;40-49;41;No;0-5 mph;O: No Injury;White;Female;Passenger Car;No;No;Daylight;Urban (>70% Developed);2 lanes;2;Straight - Grade;Public Vehicular Area;Dry;Two-Way, Not Divided;None;Driveway, Private;Coarse Asphalt;Piedmont;Urban;20 - 25  MPH;No Control Present;Cloudy;No;36.00432, -78.93957
218;219;Yes;50-59;51;No;Facing Traffic;C: Possible Injury;Sidewalk / Crosswalk / Driveway Crossing;Black;Male;Chapel Hill;Orange;No;01/01/2005;22/05/2009;Motorist Failed to Yield - Sign-Controlled Intersection;15;Intersection;01/05/2001;01/01/2001 15:31;Motorist Drive Out - Sign-Controlled Intersection;132141;2009;C: Possible Injury;Commercial;60-69;61;No;0-5 mph;O: No Injury;White;Female;Passenger Car;No;No;Daylight;Urban (>70% Developed);2 lanes;2;Straight - Level;Local Street;Dry;Two-Way, Not Divided;None;T-Intersection;Smooth Asphalt;Piedmont;Urban;20 - 25  MPH;Stop Sign;Clear;No;35.911034, -79.06614
219;220;Yes;15-nov;13;No;With Traffic;B: Evident Injury;Travel Lane;White;Male;Tabor City;Columbus;No;01/01/2005;22/05/2009;Bicyclist Left Turn / Merge;17;Non-Intersection;01/05/2001;01/01/2001 17:16;Bicyclist Left Turn - Opposite Direction;311222;2009;B: Evident Injury;Commercial;60-69;68;No;41-45 mph;O: No Injury;White;Male;Van;No;No;Daylight;Urban (>70% Developed);3 lanes;2;Straight - Level;Local Street;Dry;Two-Way, Divided, Unprotected Median;None;No Special Feature;Coarse Asphalt;Coastal;Rural;40 - 45  MPH;Double Yellow Line, No Passing Zone;Clear;No;34.154327, -78.86451
220;221;Yes;50-59;50;No;With Traffic;B: Evident Injury;Travel Lane;White;Female;Pinehurst;Moore;No;01/01/2005;22/05/2009;Parallel Paths - Other Circumstances;19;Intersection;01/05/2001;01/01/2001 19:05;Parallel Paths - Other /;111280;2009;B: Evident Injury;Residential;50-59;50;No;16-20 mph;O: No Injury;White;Female;Passenger Car;No;No;Daylight;Mixed (30% To 70% Developed);4 lanes;3;Straight - Level;US Route;Dry;Two-Way, Not Divided;None;Four-Way Intersection;Smooth Asphalt;Piedmont;Urban;30 - 35  MPH;Stop And Go Signal;Clear;No;35.206585, -79.451
223;224;Yes;20-24;23;Yes;Facing Traffic;C: Possible Injury;Other;Black;Male;Benson;Johnston;Yes;01/01/2003;20/05/2009;Crossing Paths - Other Circumstances;7;Intersection;01/05/2001;01/01/2001 07:34;Signalized Intersection - Other /;182158;2009;C: Possible Injury;Commercial;40-49;49;No;0-5 mph;O: No Injury;Black;Male;Passenger Car;No;No;Daylight;Mixed (30% To 70% Developed);2 lanes;2;Straight - Level;Local Street;Dry;Two-Way, Not Divided;None;Four-Way Intersection;Smooth Asphalt;Coastal;Rural;30 - 35  MPH;Stop And Go Signal;Clear;No;35.380676, -78.54679
226;227;No;20-24;21;No;Facing Traffic;C: Possible Injury;Travel Lane;Black;Female;Charlotte;Mecklenburg;No;01/01/2004;21/05/2009;Crossing Paths - Other Circumstances;19;Intersection;01/05/2001;01/01/2001 19:08;Signalized Intersection - Other /;112158;2009;C: Possible Injury;Commercial;20-24;24;No;0-5 mph;O: No Injury;White;Male;Sport Utility;No;No;Daylight;Urban (>70% Developed);4 lanes;2;Straight - Level;Local Street;Dry;Two-Way, Divided, Unprotected Median;None;No Special Feature;Smooth Asphalt;Piedmont;Urban;40 - 45  MPH;Stop And Go Signal;Clear;No;35.087498, -80.85281
230;231;No;40-49;47;No;Facing Traffic;B: Evident Injury;Sidewalk / Crosswalk / Driveway Crossing;Black;Male;Charlotte;Mecklenburg;No;01/01/2005;22/05/2009;Motorist Failed to Yield - Midblock;17;Non-Intersection;01/05/2001;01/01/2001 17:46;Motorist Drive Out - Other Midblock;332328;2009;B: Evident Injury;Commercial;NA;NA;No;0-5 mph;Injury;/Missing;NA;Sport Utility;No;Yes;Daylight;Urban (>70% Developed);NA;2;Straight - Grade;US Route;Dry;Two-Way, Not Divided;None;Driveway, Public;Concrete;Piedmont;Urban;5 - 15 MPH;No Control Present;Clear;No;35.247284, -80.81786
243;244;No;20-24;22;No;With Traffic;C: Possible Injury;Travel Lane;White;Male;Raleigh;Wake;No;01/01/2004;21/05/2009;Motorist Overtaking Bicyclist;2;Non-Intersection;01/05/2001;01/01/2001 02:53;Motorist Overtaking - Other /;311239;2009;C: Possible Injury;Commercial;NA;NA;Missing;31-35 mph;Injury;/Missing;NA;NA;No;Yes;Dark - Lighted Roadway;Urban (>70% Developed);2 lanes;2;Straight - Level;Local Street;Dry;Two-Way, Not Divided;None;No Special Feature;Smooth Asphalt;Piedmont;Urban;30 - 35  MPH;No Control Present;Clear;Yes;35.78782, -78.66822
245;246;Yes;50-59;53;No;With Traffic;C: Possible Injury;Travel Lane;Black;Male;Raleigh;Wake;No;01/01/2004;23/04/2009;Crossing Paths - Other Circumstances;17;Intersection;01/04/2001;01/01/2001 17:15;Signalized Intersection - Other /;111158;2009;C: Possible Injury;Residential;20-24;22;No;16-20 mph;O: No Injury;Black;Female;Passenger Car;No;No;Daylight;Urban (>70% Developed);3 lanes;2;Straight - Level;Local Street;Dry;One-Way, Not Divided;None;No Special Feature;Concrete;Piedmont;Urban;30 - 35  MPH;Stop And Go Signal;Clear;No;35.7808, -78.62826
252;253;No;0-5;5;No;Facing Traffic;B: Evident Injury;Sidewalk / Crosswalk / Driveway Crossing;Black;Male;Edenton;Chowan;No;01/01/2007;31/05/2009;Motorist Failed to Yield - Midblock;14;Non-Intersection;01/05/2001;01/01/2001 14:34;Motorist Drive Out - Commercial Driveway / Alley;332322;2009;B: Evident Injury;Residential;20-24;24;No;NA;O: No Injury;Black;Female;Van;No;No;Daylight;Mixed (30% To 70% Developed);2 lanes;2;Straight - Level;Local Street;Dry;Two-Way, Divided, Unprotected Median;None;No Special Feature;Coarse Asphalt;Coastal;Urban;20 - 25  MPH;Stop Sign;Clear;No;36.063137, -76.60346
260;261;Yes;50-59;55;No;Facing Traffic;C: Possible Injury;Sidewalk / Crosswalk / Driveway Crossing;Black;Male;Winston-Salem;Forsyth;No;01/01/2004;04/06/2009;Motorist Failed to Yield - Midblock;7;Non-Intersection;01/06/2001;01/01/2001 07:53;Motorist Drive Out - Commercial Driveway / Alley;332322;2009;C: Possible Injury;Commercial;60-69;66;No;0-5 mph;O: No Injury;White;Male;Passenger Car;No;No;Daylight;Urban (>70% Developed);6 lanes;2;Straight - Level;Local Street;Dry;Two-Way, Divided, Positive Median Barrier;None;Driveway, Public;Smooth Asphalt;Piedmont;Urban;40 - 45  MPH;No Control Present;Cloudy;No;36.071663, -80.258026
265;266;No;16-19;19;No;With Traffic;B: Evident Injury;Travel Lane;White;Male;Raleigh;Wake;No;01/01/2002;02/06/2009;Crossing Paths - Other Circumstances;11;Intersection;01/06/2001;01/01/2001 11:18;Crossing Paths - Intersection - Other /;111180;2009;B: Evident Injury;Farms, Woods, Pastures;25-29;27;No;0-5 mph;O: No Injury;Asian;Male;Passenger Car;No;No;Daylight;Mixed (30% To 70% Developed);2 lanes;2;Straight - Level;Local Street;Dry;Two-Way, Not Divided;None;T-Intersection;Smooth Asphalt;Piedmont;Urban;20 - 25  MPH;Stop Sign;Clear;No;35.784924, -78.67577
268;269;Yes;30-39;38;No;With Traffic;B: Evident Injury;Travel Lane;Native American;Male;None - Rural Crash;Robeson;No;01/01/2006;20/06/2009;Motorist Overtaking Bicyclist;22;Non-Intersection;01/06/2001;01/01/2001 22:16;Motorist Overtaking - Misjudged Space;311232;2009;B: Evident Injury;Farms, Woods, Pastures;40-49;40;No;51-55 mph;O: No Injury;White;Male;Pickup;No;No;Dark - Roadway Not Lighted;Rural (<30% Developed);2 lanes;2;Straight - Level;NC Route;Dry;Two-Way, Not Divided;None;No Special Feature;Coarse Asphalt;Coastal;Rural;50 - 55  MPH;No Control Present;Clear;No;34.770634, -79.20444
271;272;No;25-29;25;No;With Traffic;B: Evident Injury;Travel Lane;White;Female;None - Rural Crash;Hyde;Yes;NA;01/06/2009;Motorist Left Turn / Merge;22;Intersection;01/06/2001;01/01/2001 22:06;Motorist Left Turn - Opposite Direction;111212;2009;B: Evident Injury;Residential;30-39;39;Yes;6-10 mph;O: No Injury;White;Male;Passenger Car;No;No;Dark - Roadway Not Lighted;Mixed (30% To 70% Developed);2 lanes;2;Straight - Level;NC Route;Dry;Two-Way, Not Divided;None;T-Intersection;Smooth Asphalt;Coastal;Rural;20 - 25  MPH;Stop Sign;Clear;No;35.11083, -75.97992
274;275;Yes;25-29;29;No;With Traffic;B: Evident Injury;Travel Lane;White;Male;None - Rural Crash;Dare;No;01/01/2004;04/06/2009;Motorist Overtaking Bicyclist;17;Non-Intersection;01/06/2001;01/01/2001 17:54;Motorist Overtaking - Other /;311239;2009;B: Evident Injury;Farms, Woods, Pastures;20-24;22;No;31-35 mph;O: No Injury;White;Male;Pickup;No;No;Daylight;Rural (<30% Developed);2 lanes;2;Curve - Grade;NC Route;Dry;Two-Way, Not Divided;None;No Special Feature;Smooth Asphalt;Coastal;Rural;40 - 45  MPH;Double Yellow Line, No Passing Zone;Clear;No;35.8678, -75.64972
286;287;Yes;15-nov;15;No;With Traffic;C: Possible Injury;Travel Lane;White;Male;None - Rural Crash;Cleveland;No;NA;29/06/2009;Bicyclist Failed to Yield - Sign-Controlled Intersection;18;Intersection;01/06/2001;01/01/2001 18:18;Bicyclist Ride Through - Sign-Controlled Intersection;111144;2009;C: Possible Injury;Residential;20-24;21;No;31-35 mph;O: No Injury;White;Female;Passenger Car;No;No;Daylight;Mixed (30% To 70% Developed);2 lanes;2;Straight - Level;State Secondary Route;Dry;Two-Way, Not Divided;None;T-Intersection;Coarse Asphalt;Mountains;Rural;30 - 35  MPH;Stop Sign;Clear;No;35.33841, -81.51293
322;323;Yes;30-39;38;No;With Traffic;A: Disabling Injury;Travel Lane;White;Male;Wilmington;New Hanover;No;01/01/2003;26/05/2010;Crossing Paths - Other Circumstances;22;Intersection;01/05/2001;01/01/2001 22:23;Signalized Intersection - Other /;0;2010;A: Disabling Injury;Commercial;0-19;18;No;41-45 mph;O: No Injury;White;Male;Passenger Car;No;No;Dark - Lighted Roadway;Urban (>70% Developed);7 lanes;2;Straight - Level;Local Street;Wet;Two-Way, Divided, Positive Median Barrier;None;No Special Feature;Smooth Asphalt;Coastal;Urban;40 - 45  MPH;Stop And Go Signal;Cloudy;No;34.23642, -77.87267
332;333;Yes;30-39;38;No;Facing Traffic;B: Evident Injury;Sidewalk / Crosswalk / Driveway Crossing;White;Male;Charlotte;Mecklenburg;No;01/01/2004;27/05/2010;Motorist Failed to Yield - Signalized Intersection;12;Intersection;01/05/2001;01/01/2001 12:45;Motorist Drive Out - Right Turn on Red;0;2010;B: Evident Injury;Commercial;60-69;63;No;6-10 mph;O: No Injury;White;Male;Passenger Car;No;No;Daylight;Urban (>70% Developed);3 lanes;2;Straight - Grade;Local Street;Dry;Two-Way, Not Divided;None;Four-Way Intersection;Smooth Asphalt;Piedmont;Urban;30 - 35  MPH;Stop And Go Signal;Clear;No;35.16874, -80.85061
335;336;Yes;40-49;47;No;With Traffic;A: Disabling Injury;Travel Lane;White;Male;None - Rural Crash;Cabarrus;No;01/01/2003;19/05/2010;Head-On;19;Non-Intersection;01/05/2001;01/01/2001 19:31;Head-On - Motorist;0;2010;A: Disabling Injury;Residential;20-24;21;No;51-55 mph;O: No Injury;White;Male;NA;No;Yes;Daylight;Rural (<30% Developed);2 lanes;7;Straight - Grade;State Secondary Route;Dry;Two-Way, Not Divided;None;Driveway, Private;Smooth Asphalt;Piedmont;Rural;50 - 55  MPH;Double Yellow Line, No Passing Zone;Clear;No;35.475925, -80.371414
336;337;Yes;50-59;53;No;Not Applicable;B: Evident Injury;Bike Lane / Paved Shoulder;White;Male;Charlotte;Mecklenburg;No;01/01/2004;27/05/2010;Crossing Paths - Other Circumstances;17;Intersection;01/05/2001;01/01/2001 17:57;Crossing Paths - Intersection - Other /;0;2010;B: Evident Injury;Residential;30-39;35;No;11-15 mph;O: No Injury;White;Female;Passenger Car;No;No;Daylight;Urban (>70% Developed);2 lanes;2;Straight - Level;Local Street;Dry;Two-Way, Not Divided;None;No Special Feature;Smooth Asphalt;Piedmont;Urban;30 - 35  MPH;No Control Present;Clear;No;35.12698, -80.84903
339;340;No;10-juin;7;No;With Traffic;O: No Injury;Travel Lane;Black;Male;Charlotte;Mecklenburg;No;01/01/2006;29/05/2010;Loss of Control / Turning Error;12;Non-Intersection;01/05/2001;01/01/2001 12:51;Motorist Lost Control - Oversteering, Improper Braking, Speed;0;2010;O: No Injury;Residential;NA;NA;Missing;46-50 mph;Injury;/Missing;NA;Passenger Car;Yes;Yes;Daylight;Urban (>70% Developed);2 lanes;3;Curve - Grade;Local Street;Dry;Two-Way, Not Divided;None;No Special Feature;Smooth Asphalt;Piedmont;Urban;30 - 35  MPH;No Control Present;Cloudy;No;35.23104, -80.87843
340;341;Yes;40-49;45;Yes;With Traffic;B: Evident Injury;Travel Lane;White;Male;Shelby;Cleveland;Yes;01/01/2007;30/05/2010;Motorist Overtaking Bicyclist;21;Non-Intersection;01/05/2001;01/01/2001 21:22;Motorist Overtaking - Undetected Bicyclist;0;2010;B: Evident Injury;Residential;30-39;33;Yes;16-20 mph;O: No Injury;White;Male;Passenger Car;No;No;Dark - Lighted Roadway;Urban (>70% Developed);2 lanes;2;Straight - Grade;State Secondary Route;Dry;Two-Way, Not Divided;None;No Special Feature;Smooth Asphalt;Mountains;Urban;30 - 35  MPH;No Control Present;Clear;No;35.264584, -81.47558
349;350;Yes;50-59;59;No;With Traffic;B: Evident Injury;Travel Lane;White;Male;Charlotte;Mecklenburg;No;01/01/2002;01/06/2010;Crossing Paths - Other Circumstances;18;Intersection;01/06/2001;01/01/2001 18:19;Sign-Controlled Intersection - Other /;0;2010;B: Evident Injury;Residential;NA;NA;Missing;16-20 mph;Injury;/Missing;NA;NA;No;Yes;Daylight;Urban (>70% Developed);4 lanes;2;Straight - Level;Local Street;Dry;Two-Way, Not Divided;None;Four-Way Intersection;Smooth Asphalt;Piedmont;Urban;30 - 35  MPH;Stop Sign;Cloudy;No;35.221603, -80.81058