FID;OBJECTID;AmbulanceR;BikeAge_Gr;Bike_Age;Bike_Alc_D;Bike_Dir;Bike_Injur;Bike_Pos;Bike_Race;Bike_Sex;City;County;CrashAlcoh;CrashDay;Crash_Date;Crash_Grp;Crash_Hour;Crash_Loc;Crash_Mont;Crash_Time;Crash_Type;Crash_Ty_1;Crash_Year;Crsh_Sevri;Developmen;DrvrAge_Gr;Drvr_Age;Drvr_Alc_D;Drvr_EstSp;Drvr_Injur;Drvr_Race;Drvr_Sex;Drvr_VehTy;ExcsSpdInd;Hit_Run;Light_Cond;Locality;Num_Lanes;Num_Units;Rd_Charact;Rd_Class;Rd_Conditi;Rd_Config;Rd_Defects;Rd_Feature;Rd_Surface;Region;Rural_Urba;Speed_Limi;Traff_Cntr;Weather;Workzone_I;Location
555;556;Yes;40-49;40;No;Facing Traffic;B: Evident Injury;Sidewalk / Crosswalk / Driveway Crossing;White;Female;Wilmington;New Hanover;No;01/01/2006;31/07/2010;Motorist Failed to Yield - Sign-Controlled Intersection;17;Intersection;01/07/2001;01/01/2001 17:58;Motorist Drive Out - Sign-Controlled Intersection;0;2010;B: Evident Injury;Commercial;70+;NA;No;0-5 mph;O: No Injury;White;Male;Passenger Car;No;No;Daylight;Urban (>70% Developed);2 lanes;2;Straight - Level;Local Street;Dry;Two-Way, Not Divided;None;T-Intersection;Smooth Asphalt;Coastal;Urban;20 - 25  MPH;Stop Sign;Clear;No;34.251755, -77.82649
562;563;No;40-49;44;No;With Traffic;B: Evident Injury;Travel Lane;White;Male;None - Rural Crash;Harnett;No;01/01/2002;17/08/2010;Motorist Failed to Yield - Sign-Controlled Intersection;8;Intersection;01/08/2001;01/01/2001 08:38;Motorist Drive Out - Sign-Controlled Intersection;0;2010;B: Evident Injury;Institutional;0-19;17;No;11-15 mph;O: No Injury;White;Female;Passenger Car;No;No;Daylight;Rural (<30% Developed);2 lanes;3;Straight - Level;State Secondary Route;Dry;Two-Way, Not Divided;None;No Special Feature;Smooth Asphalt;Coastal;Rural;50 - 55  MPH;Stop Sign;Clear;No;35.460594, -78.77848
570;571;No;0-5;4;No;Not Applicable;C: Possible Injury;Non-Roadway;Black;Female;Greensboro;Guilford;No;NA;09/08/2010;Non-Roadway;19;Non-Roadway;01/08/2001;01/01/2001 18:59;Non-Roadway;0;2010;C: Possible Injury;Residential;60-69;62;No;6-10 mph;O: No Injury;Black;Female;Passenger Car;No;No;Daylight;Urban (>70% Developed);NA;2;Straight - Level;Public Vehicular Area;Dry;NA;None;Driveway, Public;Coarse Asphalt;Piedmont;Urban;5 - 15 MPH;No Control Present;Clear;No;36.065228, -79.76195
580;581;No;40-49;40;No;With Traffic;B: Evident Injury;Travel Lane;White;Male;None - Rural Crash;Wake;No;NA;16/08/2010;Loss of Control / Turning Error;9;Intersection-Related;01/08/2001;01/01/2001 09:44;Motorist Lost Control - Other /;0;2010;B: Evident Injury;Commercial;30-39;39;No;26-30 mph;O: No Injury;White;Male;Light Truck (Mini-Van, Panel);No;No;Daylight;Urban (>70% Developed);NA;2;Curve - Hillcrest;Local Street;Dry;Two-Way, Not Divided;None;No Special Feature;Smooth Asphalt;Piedmont;Rural;20 - 25  MPH;Stop And Go Signal;Clear;No;35.771698, -78.65276
600;601;Yes;16-19;19;No;NA;B: Evident Injury;Travel Lane;Hispanic;Male;Fayetteville;Cumberland;No;01/01/2004;19/08/2010;Crossing Paths - Other Circumstances;14;Intersection;01/08/2001;01/01/2001 14:14;Signalized Intersection - Other /;0;2010;B: Evident Injury;Farms, Woods, Pastures;30-39;31;No;36-40 mph;O: No Injury;White;Female;Pickup;No;No;Daylight;Urban (>70% Developed);7 lanes;2;Straight - Level;Local Street;Dry;Two-Way, Divided, Positive Median Barrier;None;No Special Feature;Smooth Asphalt;Coastal;Urban;40 - 45  MPH;Stop And Go Signal;Clear;No;35.04461, -78.934006
606;607;Yes;10-juin;8;No;With Traffic;C: Possible Injury;Travel Lane;White;Female;None - Rural Crash;Guilford;No;NA;16/08/2010;Backing Vehicle;14;Intersection-Related;01/08/2001;01/01/2001 14:20;Backing Vehicle;0;2010;C: Possible Injury;Farms, Woods, Pastures;0-19;18;No;0-5 mph;O: No Injury;White;Female;Passenger Car;No;No;Daylight;Mixed (30% To 70% Developed);2 lanes;2;Straight - Level;State Secondary Route;Dry;Two-Way, Not Divided;None;No Special Feature;Coarse Asphalt;Piedmont;Rural;30 - 35  MPH;Other;Clear;No;36.145813, -79.65233
614;615;Yes;25-29;26;No;Not Applicable;B: Evident Injury;Multi-use Path;White;Female;None - Rural Crash;Durham;No;01/01/2003;01/09/2010;Non-Roadway;8;Non-Roadway;01/09/2001;01/01/2001 08:42;Non-Roadway;0;2010;B: Evident Injury;Farms, Woods, Pastures;40-49;47;No;0-5 mph;O: No Injury;White;Male;Passenger Car;No;No;Daylight;Rural (<30% Developed);2 lanes;3;Straight - Level;State Secondary Route;Dry;Two-Way, Not Divided;None;Driveway, Private;Smooth Asphalt;Piedmont;Rural;30 - 35  MPH;Stop And Go Signal;Clear;No;35.8891, -78.88066
617;618;Yes;10-juin;10;No;Facing Traffic;C: Possible Injury;Travel Lane;Black;Male;Charlotte;Mecklenburg;No;01/01/2005;27/08/2010;Bicyclist Failed to Yield - Sign-Controlled Intersection;18;Intersection;01/08/2001;01/01/2001 18:14;Bicyclist Ride Through - Sign-Controlled Intersection;0;2010;C: Possible Injury;Residential;30-39;37;No;11-15 mph;O: No Injury;Asian;Female;Light Truck (Mini-Van, Panel);No;No;Daylight;Urban (>70% Developed);2 lanes;2;Straight - Level;Local Street;Dry;Two-Way, Not Divided;None;No Special Feature;Smooth Asphalt;Piedmont;Urban;30 - 35  MPH;Stop Sign;Clear;No;35.31459, -80.95956
620;621;Yes;20-24;24;No;With Traffic;C: Possible Injury;Travel Lane;White;Female;Greensboro;Guilford;No;NA;23/08/2010;Motorist Right Turn / Merge;17;Intersection;01/08/2001;01/01/2001 17:01;Motorist Right Turn - Same Direction;0;2010;C: Possible Injury;Commercial;25-29;25;No;11-15 mph;O: No Injury;White;Female;Passenger Car;No;No;Daylight;Urban (>70% Developed);NA;2;Straight - Level;Local Street;Dry;Two-Way, Not Divided;None;Four-Way Intersection;Smooth Asphalt;Piedmont;Urban;30 - 35  MPH;Stop And Go Signal;Clear;No;36.063725, -79.823845
626;627;Yes;30-39;30;No;Facing Traffic;C: Possible Injury;Bike Lane / Paved Shoulder;White;Male;Wilmington;New Hanover;No;01/01/2002;24/08/2010;Motorist Failed to Yield - Sign-Controlled Intersection;6;Intersection;01/08/2001;01/01/2001 06:56;Motorist Drive Out - Sign-Controlled Intersection;0;2010;C: Possible Injury;Residential;50-59;56;No;0-5 mph;O: No Injury;White;Male;Pickup;No;No;Daylight;Urban (>70% Developed);6 lanes;2;Straight - Level;US Route;Dry;Two-Way, Divided, Unprotected Median;None;No Special Feature;Smooth Asphalt;Coastal;Urban;20 - 25  MPH;Stop Sign;Clear;No;34.14818, -77.901215
627;628;No;15-nov;11;No;Not Applicable;O: No Injury;Non-Roadway;Black;Male;Wilson;Wilson;No;01/01/2003;25/08/2010;Loss of Control / Turning Error;17;Intersection-Related;01/08/2001;01/01/2001 17:29;Bicyclist Lost Control - Mechanical Problems;0;2010;O: No Injury;Residential;50-59;56;No;26-30 mph;O: No Injury;Black;Male;Passenger Car;No;No;Daylight;Urban (>70% Developed);2 lanes;2;Straight - Level;Local Street;Dry;Two-Way, Not Divided;None;No Special Feature;Coarse Asphalt;Coastal;Urban;30 - 35  MPH;No Control Present;Cloudy;No;35.732006, -77.89527
634;635;Yes;40-49;46;Yes;Facing Traffic;B: Evident Injury;Travel Lane;Black;Male;Burlington;Alamance;Yes;01/01/2004;02/09/2010;Bicyclist Failed to Yield - Signalized Intersection;13;Intersection-Related;01/09/2001;01/01/2001 13:05;Bicyclist Ride Through - Signalized Intersection;0;2010;B: Evident Injury;Commercial;50-59;50;No;21-25 mph;O: No Injury;White;Male;Passenger Car;No;No;Daylight;Urban (>70% Developed);4 lanes;2;Straight - Level;NC Route;Dry;Two-Way, Not Divided;None;T-Intersection;Smooth Asphalt;Piedmont;Urban;30 - 35  MPH;Stop And Go Signal;Clear;No;36.088802, -79.43039
635;636;No;16-19;19;No;With Traffic;B: Evident Injury;Travel Lane;White;Male;Chapel Hill;Orange;No;01/01/2003;25/08/2010;Motorist Left Turn / Merge;19;Intersection;01/08/2001;01/01/2001 19:24;Motorist Left Turn - Opposite Direction;0;2010;B: Evident Injury;Institutional;20-24;21;No;0-5 mph;O: No Injury;White;Male;Sport Utility;No;No;Daylight;Urban (>70% Developed);2 lanes;2;Straight - Grade;Local Street;Dry;Two-Way, Not Divided;None;No Special Feature;Smooth Asphalt;Piedmont;Urban;20 - 25  MPH;No Control Present;Clear;No;35.912685, -79.04899
642;643;Yes;15-nov;15;No;With Traffic;B: Evident Injury;Travel Lane;Asian;Male;Morganton;Burke;No;01/01/2007;05/09/2010;Bicyclist Left Turn / Merge;13;Non-Intersection;01/09/2001;01/01/2001 13:18;Bicyclist Left Turn - Same Direction;0;2010;B: Evident Injury;Commercial;40-49;48;No;16-20 mph;O: No Injury;White;Male;Pickup;No;No;Daylight;Urban (>70% Developed);2 lanes;2;Curve - Hillcrest;Local Street;Dry;Two-Way, Not Divided;None;No Special Feature;Smooth Asphalt;Mountains;Urban;40 - 45  MPH;No Control Present;Clear;No;35.724472, -81.743774
651;652;Yes;40-49;42;Yes;With Traffic;C: Possible Injury;Travel Lane;Native American;Male;None - Rural Crash;Robeson;Yes;NA;13/09/2010;Motorist Overtaking Bicyclist;19;Non-Intersection;01/09/2001;01/01/2001 19:57;Motorist Overtaking - Bicyclist Swerved;0;2010;C: Possible Injury;Residential;25-29;28;No;41-45 mph;O: No Injury;Native American;Male;Passenger Car;No;No;Dark - Roadway Not Lighted;Rural (<30% Developed);2 lanes;2;Straight - Level;NC Route;Dry;Two-Way, Not Divided;None;No Special Feature;Coarse Asphalt;Coastal;Rural;50 - 55  MPH;Double Yellow Line, No Passing Zone;Clear;No;34.702023, -79.150764
656;657;Yes;25-29;29;No;With Traffic;B: Evident Injury;Travel Lane;White;Male;Durham;Durham;No;NA;13/09/2010;Motorist Left Turn / Merge;18;Intersection;01/09/2001;01/01/2001 18:11;Motorist Left Turn - Opposite Direction;0;2010;B: Evident Injury;Commercial;40-49;43;No;6-10 mph;C: Possible Injury;Black;Male;Motorcycle;No;No;Daylight;Urban (>70% Developed);5 lanes;2;Straight - Grade;Local Street;Dry;Two-Way, Divided, Unprotected Median;None;Four-Way Intersection;Smooth Asphalt;Piedmont;Urban;20 - 25  MPH;Stop And Go Signal;Clear;No;35.963642, -78.907455
657;658;No;30-39;37;No;Facing Traffic;C: Possible Injury;Travel Lane;White;Male;Wilmington;New Hanover;No;NA;30/08/2010;Motorist Failed to Yield - Midblock;18;Non-Intersection;01/08/2001;01/01/2001 18:02;Motorist Drive Out - Midblock -;0;2010;C: Possible Injury;Commercial;40-49;43;No;0-5 mph;O: No Injury;White;Female;Passenger Car;No;No;Daylight;Urban (>70% Developed);4 lanes;2;Straight - Level;Public Vehicular Area;Dry;Two-Way, Not Divided;None;No Special Feature;Smooth Asphalt;Coastal;Urban;30 - 35  MPH;No Control Present;Clear;No;34.239086, -77.911026
661;662;No;16-19;16;No;Not Applicable;O: No Injury;Non-Roadway;White;Male;Brevard;Transylvania;No;01/01/2005;03/09/2010;Non-Roadway;15;Non-Roadway;01/09/2001;01/01/2001 15:09;Non-Roadway;0;2010;O: No Injury;Institutional;0-19;18;No;6-10 mph;O: No Injury;Other;Male;Sport Utility;No;No;Daylight;Urban (>70% Developed);2 lanes;2;Straight - Level;Public Vehicular Area;Dry;Two-Way, Not Divided;None;No Special Feature;Smooth Asphalt;Mountains;Urban;5 - 15 MPH;No Control Present;Clear;No;35.218315, -82.73537
671;672;Yes;40-49;41;No;With Traffic;B: Evident Injury;Travel Lane;White;Male;None - Rural Crash;Caldwell;No;01/01/2007;19/09/2010;Motorist Left Turn / Merge;9;Non-Intersection;01/09/2001;01/01/2001 09:31;Motorist Left Turn - Same Direction;0;2010;B: Evident Injury;Farms, Woods, Pastures;50-59;53;No;0-5 mph;O: No Injury;White;Male;Motorcycle;No;No;Daylight;Rural (<30% Developed);2 lanes;2;Straight - Grade;State Secondary Route;Dry;Two-Way, Not Divided;None;No Special Feature;Smooth Asphalt;Mountains;Rural;50 - 55  MPH;Double Yellow Line, No Passing Zone;Clear;No;36.048573, -81.47328
715;716;No;16-19;16;No;Facing Traffic;C: Possible Injury;Sidewalk / Crosswalk / Driveway Crossing;White;Male;Fayetteville;Cumberland;No;01/01/2005;26/09/2008;Motorist Failed to Yield - Midblock;13;Non-Intersection;01/09/2001;01/01/2001 13:38;Motorist Drive Out - Commercial Driveway / Alley;332322;2008;C: Possible Injury;Commercial;NA;NA;Missing;NA;Injury;/Missing;NA;Passenger Car;No;Yes;Daylight;Urban (>70% Developed);NA;2;Straight - Level;Public Vehicular Area;Dry;Two-Way, Not Divided;None;No Special Feature;Coarse Asphalt;Coastal;Urban;30 - 35  MPH;No Control Present;Cloudy;No;0.0, 0.0
717;718;No;40-49;43;No;Facing Traffic;C: Possible Injury;Sidewalk / Crosswalk / Driveway Crossing;White;Male;Wilmington;New Hanover;No;01/01/2005;22/08/2008;Motorist Failed to Yield - Signalized Intersection;11;Intersection;01/08/2001;01/01/2001 11:27;Motorist Drive Out - Right Turn on Red;132151;2008;C: Possible Injury;Commercial;NA;NA;Missing;NA;Injury;/Missing;NA;NA;No;Yes;Daylight;Urban (>70% Developed);2 lanes;2;Straight - Level;Local Street;Wet;Two-Way, Not Divided;None;Four-Way Intersection;Smooth Asphalt;Coastal;Urban;NA;Stop And Go Signal;Rain;No;0.0, 0.0
718;719;No;16-19;17;No;Not Applicable;O: No Injury;Non-Roadway;White;Male;Raleigh;Wake;No;01/01/2003;09/07/2008;Bicyclist Failed to Yield - Midblock;10;Non-Intersection;01/07/2001;01/01/2001 10:24;Bicyclist Ride Out - Other Midblock;363318;2008;O: No Injury;Commercial;50-59;52;No;0-5 mph;O: No Injury;Black;Female;Sport Utility;No;No;Daylight;Urban (>70% Developed);5 lanes;2;Straight - Level;Local Street;Dry;Two-Way, Divided, Unprotected Median;None;No Special Feature;Smooth Asphalt;Piedmont;Urban;30 - 35  MPH;No Control Present;Clear;No;0.0, 0.0
720;721;Yes;40-49;49;No;Facing Traffic;C: Possible Injury;Travel Lane;Hispanic;Male;Raleigh;Wake;No;01/01/2005;15/08/2008;Motorist Failed to Yield - Signalized Intersection;14;Intersection;01/08/2001;01/01/2001 14:53;Motorist Drive Out - Right Turn on Red;112151;2008;C: Possible Injury;Commercial;40-49;49;No;NA;O: No Injury;White;Female;Sport Utility;No;No;Daylight;Urban (>70% Developed);9 or more lanes;2;Straight - Level;Local Street;Dry;Two-Way, Divided, Unprotected Median;None;Four-Way Intersection;Smooth Asphalt;Piedmont;Urban;40 - 45  MPH;Stop And Go Signal;Clear;No;0.0, 0.0
730;731;Yes;40-49;43;Yes;Facing Traffic;B: Evident Injury;NA;Hispanic;Male;Statesville;Iredell;Yes;01/01/2007;14/09/2008;Crossing Paths - Other Circumstances;14;Intersection;01/09/2001;01/01/2001 14:41;Signalized Intersection - Other /;192158;2008;B: Evident Injury;Commercial;30-39;39;No;31-35 mph;O: No Injury;Hispanic;Male;Passenger Car;No;No;Daylight;Urban (>70% Developed);3 lanes;2;Straight - Grade;Local Street;Dry;Two-Way, Not Divided;None;Four-Way Intersection;Smooth Asphalt;Piedmont;Urban;30 - 35  MPH;Stop And Go Signal;Clear;No;0.0, 0.0
731;732;Yes;60-69;62;No;With Traffic;B: Evident Injury;Travel Lane;Black;Male;Goldsboro;Wayne;No;01/01/2003;17/09/2008;Motorist Overtaking Bicyclist;20;Non-Intersection;01/09/2001;01/01/2001 20:26;Motorist Overtaking - Other /;311239;2008;B: Evident Injury;Commercial;NA;NA;No;31-35 mph;Injury;/Missing;NA;Passenger Car;No;Yes;Dark - Roadway Not Lighted;Urban (>70% Developed);5 lanes;2;Straight - Level;Local Street;Dry;Two-Way, Divided, Positive Median Barrier;None;Bridge;Coarse Asphalt;Coastal;Urban;30 - 35  MPH;No Control Present;Clear;No;0.0, 0.0
734;735;No;25-29;25;No;NA;B: Evident Injury;Sidewalk / Crosswalk / Driveway Crossing;White;Female;Charlotte;Mecklenburg;No;01/01/2007;10/08/2008;Motorist Failed to Yield - Midblock;13;Non-Intersection;01/08/2001;01/01/2001 13:29;Motorist Drive Out - Commercial Driveway / Alley;339322;2008;B: Evident Injury;Commercial;20-24;22;No;6-10 mph;O: No Injury;White;Female;Passenger Car;No;No;Daylight;Urban (>70% Developed);3 lanes;2;Straight - Hillcrest;Local Street;Dry;One-Way, Not Divided;None;No Special Feature;Smooth Asphalt;Piedmont;Urban;30 - 35  MPH;No Control Present;Clear;No;0.0, 0.0
743;744;No;30-39;30;No;Facing Traffic;C: Possible Injury;Bike Lane / Paved Shoulder;White;Male;Jacksonville;Onslow;No;01/01/2003;17/09/2008;Motorist Failed to Yield - Midblock;12;Non-Intersection;01/09/2001;01/01/2001 12:55;Motorist Drive Out - Commercial Driveway / Alley;322322;2008;C: Possible Injury;Commercial;50-59;50;No;NA;O: No Injury;Black;Female;Pedalcycle;No;No;Daylight;Urban (>70% Developed);6 lanes;2;Straight - Grade;NC Route;Dry;Two-Way, Divided, Unprotected Median;None;No Special Feature;Smooth Asphalt;Coastal;Urban;NA;Missing;Cloudy;No;0.0, 0.0
749;750;Yes;16-19;18;No;With Traffic;B: Evident Injury;Travel Lane;Black;Male;Roanoke Rapids;Halifax;No;01/01/2004;25/09/2008;Motorist Failed to Yield - Sign-Controlled Intersection;17;Intersection;01/09/2001;01/01/2001 17:43;Motorist Drive Out - Sign-Controlled Intersection;111141;2008;B: Evident Injury;Residential;30-39;30;No;11-15 mph;O: No Injury;Black;Female;Passenger Car;No;Yes;Daylight;Urban (>70% Developed);2 lanes;2;Straight - Level;Local Street;Dry;Two-Way, Not Divided;None;No Special Feature;Concrete;Coastal;Urban;20 - 25  MPH;Stop Sign;Clear;No;0.0, 0.0
755;756;Yes;60-69;67;No;With Traffic;C: Possible Injury;Travel Lane;White;Male;Sunset Beach;Brunswick;No;01/01/2007;28/09/2008;Motorist Failed to Yield - Sign-Controlled Intersection;11;Intersection;01/09/2001;01/01/2001 11:04;Motorist Drive Out - Sign-Controlled Intersection;111141;2008;C: Possible Injury;Residential;50-59;58;No;NA;O: No Injury;White;Male;Pickup;No;No;Daylight;Rural (<30% Developed);2 lanes;2;Straight - Level;Local Street;Dry;Two-Way, Divided, Unprotected Median;None;T-Intersection;Smooth Asphalt;Coastal;Rural;30 - 35  MPH;Stop Sign;Clear;No;0.0, 0.0
759;760;Yes;30-39;38;No;With Traffic;C: Possible Injury;Travel Lane;White;Female;Charlotte;Mecklenburg;No;01/01/2006;11/10/2008;Motorist Failed to Yield - Sign-Controlled Intersection;11;Intersection;01/10/2001;01/01/2001 11:12;Motorist Drive Through - Sign-Controlled Intersection;111143;2008;C: Possible Injury;Residential;50-59;51;No;6-10 mph;O: No Injury;White;Male;Pickup;No;No;Daylight;Urban (>70% Developed);2 lanes;2;Straight - Level;Local Street;Dry;Two-Way, Not Divided;None;No Special Feature;Concrete;Piedmont;Urban;20 - 25  MPH;Stop Sign;Clear;No;0.0, 0.0
760;761;Yes;10-juin;10;No;With Traffic;C: Possible Injury;Travel Lane;Black;Male;Hendersonville;Henderson;No;NA;01/09/2008;Crossing Paths - Other Circumstances;17;Intersection;01/09/2001;01/01/2001 17:52;Sign-Controlled Intersection - Other /;111148;2008;C: Possible Injury;Commercial;40-49;41;No;16-20 mph;O: No Injury;Black;Male;Passenger Car;No;No;Daylight;Urban (>70% Developed);4 lanes;2;Straight - Level;Local Street;Dry;Two-Way, Not Divided;None;Four-Way Intersection;Coarse Asphalt;Mountains;Urban;20 - 25  MPH;Stop Sign;Clear;No;0.0, 0.0
766;767;No;25-29;28;No;Facing Traffic;C: Possible Injury;Travel Lane;White;Male;Hickory;Catawba;No;01/01/2005;03/10/2008;Motorist Failed to Yield - Sign-Controlled Intersection;12;Intersection;01/10/2001;01/01/2001 12:28;Motorist Drive Out - Sign-Controlled Intersection;112141;2008;C: Possible Injury;Commercial;70+;NA;No;31-35 mph;O: No Injury;White;Female;Passenger Car;No;No;Daylight;Urban (>70% Developed);5 lanes;2;Straight - Level;NC Route;Dry;Two-Way, Not Divided;None;No Special Feature;Smooth Asphalt;Piedmont;Urban;30 - 35  MPH;Stop Sign;Clear;No;0.0, 0.0
770;771;Yes;20-24;22;No;Facing Traffic;O: No Injury;Sidewalk / Crosswalk / Driveway Crossing;Hispanic;Male;Charlotte;Mecklenburg;No;01/01/2002;14/10/2008;Motorist Failed to Yield - Sign-Controlled Intersection;7;Intersection;01/10/2001;01/01/2001 07:17;Motorist Drive Out - Sign-Controlled Intersection;132141;2008;O: No Injury;Residential;40-49;47;No;0-5 mph;O: No Injury;Other;Female;Passenger Car;No;No;Dawn;Mixed (30% To 70% Developed);1 lane;2;Straight - Grade;Local Street;Dry;Two-Way, Not Divided;None;T-Intersection;Smooth Asphalt;Piedmont;Urban;30 - 35  MPH;Stop Sign;Clear;No;0.0, 0.0
778;779;No;25-29;27;No;With Traffic;B: Evident Injury;Travel Lane;White;Male;Winston-Salem;Forsyth;No;01/01/2003;08/10/2008;Motorist Failed to Yield - Sign-Controlled Intersection;6;Intersection;01/10/2001;01/01/2001 06:14;Motorist Drive Out - Sign-Controlled Intersection;111141;2008;B: Evident Injury;Commercial;NA;NA;Missing;0-5 mph;Injury;/Missing;NA;NA;No;Yes;Dark - Lighted Roadway;Urban (>70% Developed);3 lanes;2;Straight - Grade;Public Vehicular Area;Dry;Two-Way, Not Divided;None;Related To Intersection;Smooth Asphalt;Piedmont;Urban;30 - 35  MPH;Yield Sign;Cloudy;No;0.0, 0.0
782;783;Yes;10-juin;9;No;With Traffic;C: Possible Injury;Bike Lane / Paved Shoulder;White;Male;None - Rural Crash;Rowan;No;01/01/2004;16/10/2008;Bicyclist Left Turn / Merge;16;Non-Intersection;01/10/2001;01/01/2001 16:14;Bicyclist Left Turn - Same Direction;321221;2008;C: Possible Injury;Residential;50-59;53;No;51-55 mph;O: No Injury;White;Male;Passenger Car;No;No;Daylight;Urban (>70% Developed);2 lanes;2;Straight - Level;State Secondary Route;Dry;Two-Way, Not Divided;None;No Special Feature;Smooth Asphalt;Piedmont;Rural;50 - 55  MPH;No Control Present;Clear;No;0.0, 0.0
784;785;No;50-59;52;No;Not Applicable;C: Possible Injury;Non-Roadway;Black;Male;Charlotte;Mecklenburg;No;01/01/2003;15/10/2008;Non-Roadway;17;Non-Roadway;01/10/2001;01/01/2001 17:23;Non-Roadway;460910;2008;C: Possible Injury;Commercial;40-49;42;No;NA;O: No Injury;White;Female;Passenger Car;No;No;Daylight;Urban (>70% Developed);1 lane;2;Curve - Level;Public Vehicular Area;Dry;One-Way, Not Divided;None;No Special Feature;Smooth Asphalt;Piedmont;Urban;NA;No Control Present;Clear;No;0.0, 0.0
794;795;Yes;30-39;39;No;With Traffic;C: Possible Injury;Bike Lane / Paved Shoulder;Black;Male;None - Rural Crash;Greene;No;NA;13/10/2008;Motorist Overtaking Bicyclist;7;Non-Intersection;01/10/2001;01/01/2001 07:41;Motorist Overtaking - Misjudged Space;321232;2008;C: Possible Injury;Farms, Woods, Pastures;20-24;24;No;36-40 mph;O: No Injury;Black;Female;Passenger Car;No;No;Daylight;Rural (<30% Developed);2 lanes;2;Straight - Level;State Secondary Route;Dry;Two-Way, Not Divided;None;No Special Feature;Coarse Asphalt;Coastal;Rural;50 - 55  MPH;Double Yellow Line, No Passing Zone;Clear;No;0.0, 0.0
795;796;Yes;30-39;37;No;With Traffic;B: Evident Injury;Travel Lane;Black;Male;Charlotte;Mecklenburg;No;01/01/2004;23/10/2008;Loss of Control / Turning Error;11;Intersection;01/10/2001;01/01/2001 11:05;Motorist Turning Error - Left Turn;111111;2008;B: Evident Injury;Residential;60-69;63;No;21-25 mph;O: No Injury;White;Male;Passenger Car;No;No;Daylight;Urban (>70% Developed);2 lanes;2;Straight - Level;Local Street;Dry;Two-Way, Not Divided;None;T-Intersection;Smooth Asphalt;Piedmont;Urban;20 - 25  MPH;Stop Sign;Clear;No;0.0, 0.0
805;806;Yes;40-49;45;No;With Traffic;C: Possible Injury;Travel Lane;Black;Male;Wilson;Wilson;No;NA;26/05/2008;Bicyclist Left Turn / Merge;17;Intersection;01/05/2001;01/01/2001 17:58;Bicyclist Left Turn - Same Direction;111221;2008;C: Possible Injury;Commercial;0-19;19;No;46-50 mph;O: No Injury;Black;Female;Passenger Car;No;No;Daylight;Mixed (30% To 70% Developed);5 lanes;2;Straight - Hillcrest;Local Street;Dry;Two-Way, Not Divided;None;No Special Feature;Smooth Asphalt;Coastal;Urban;40 - 45  MPH;Stop And Go Signal;Clear;No;0.0, 0.0
810;811;Yes;16-19;17;No;Facing Traffic;C: Possible Injury;Bike Lane / Paved Shoulder;Black;Male;Mooresville;Iredell;No;01/01/2004;02/10/2008;Motorist Failed to Yield - Sign-Controlled Intersection;16;Intersection;01/10/2001;01/01/2001 16:49;Motorist Drive Out - Sign-Controlled Intersection;122141;2008;C: Possible Injury;Commercial;40-49;40;No;NA;O: No Injury;White;Female;Passenger Car;No;No;Daylight;Urban (>70% Developed);2 lanes;2;Straight - Bottom;Local Street;Dry;Two-Way, Not Divided;None;T-Intersection;Smooth Asphalt;Piedmont;Urban;30 - 35  MPH;Stop Sign;Clear;No;0.0, 0.0
813;814;Yes;16-19;18;No;Not Applicable;C: Possible Injury;Non-Roadway;Black;Male;Oxford;Granville;No;01/01/2002;26/08/2008;Non-Roadway;17;Non-Roadway;01/08/2001;01/01/2001 17:19;Non-Roadway;460910;2008;C: Possible Injury;Commercial;50-59;50;No;6-10 mph;O: No Injury;Black;Female;Passenger Car;No;No;Daylight;Urban (>70% Developed);NA;2;Straight - Level;Public Vehicular Area;Dry;One-Way, Not Divided;None;Driveway, Public;Smooth Asphalt;Piedmont;Urban;5 - 15 MPH;No Control Present;Clear;No;0.0, 0.0
816;817;Yes;30-39;39;No;Facing Traffic;C: Possible Injury;Sidewalk / Crosswalk / Driveway Crossing;Black;Male;Raleigh;Wake;No;NA;25/08/2008;Motorist Failed to Yield - Midblock;11;Non-Intersection;01/08/2001;01/01/2001 11:05;Motorist Drive Out - Commercial Driveway / Alley;332322;2008;C: Possible Injury;Commercial;40-49;46;No;NA;O: No Injury;White;Male;Sport Utility;No;No;Daylight;Urban (>70% Developed);2 lanes;2;Straight - Level;Local Street;Dry;Two-Way, Not Divided;None;Driveway, Public;Smooth Asphalt;Piedmont;Urban;5 - 15 MPH;Missing;Clear;No;0.0, 0.0
821;822;Yes;25-29;29;No;With Traffic;B: Evident Injury;Travel Lane;White;Male;Durham;Durham;No;01/01/2003;29/10/2008;Bicyclist Failed to Yield - Signalized Intersection;17;Intersection;01/10/2001;01/01/2001 17:16;Bicyclist Ride Through - Signalized Intersection;111155;2008;B: Evident Injury;Commercial;50-59;57;No;26-30 mph;O: No Injury;Black;Female;Passenger Car;No;No;Daylight;Urban (>70% Developed);2 lanes;2;Straight - Level;Local Street;Dry;Two-Way, Not Divided;None;No Special Feature;Coarse Asphalt;Piedmont;Urban;30 - 35  MPH;Stop And Go Signal;Clear;No;0.0, 0.0
826;827;No;50-59;53;No;With Traffic;B: Evident Injury;Travel Lane;White;Male;Eastover;Cumberland;No;01/01/2004;06/11/2008;Bicyclist Left Turn / Merge;17;Non-Intersection;01/11/2001;01/01/2001 17:36;Bicyclist Left Turn - Same Direction;311221;2008;B: Evident Injury;Residential;50-59;54;No;41-45 mph;O: No Injury;White;Female;Sport Utility;No;No;Dusk;Mixed (30% To 70% Developed);2 lanes;2;Straight - Level;US Route;Dry;Two-Way, Not Divided;None;No Special Feature;Coarse Asphalt;Coastal;Rural;40 - 45  MPH;Double Yellow Line, No Passing Zone;Clear;No;0.0, 0.0