FID;OBJECTID;AmbulanceR;BikeAge_Gr;Bike_Age;Bike_Alc_D;Bike_Dir;Bike_Injur;Bike_Pos;Bike_Race;Bike_Sex;City;County;CrashAlcoh;CrashDay;Crash_Date;Crash_Grp;Crash_Hour;Crash_Loc;Crash_Mont;Crash_Time;Crash_Type;Crash_Ty_1;Crash_Year;Crsh_Sevri;Developmen;DrvrAge_Gr;Drvr_Age;Drvr_Alc_D;Drvr_EstSp;Drvr_Injur;Drvr_Race;Drvr_Sex;Drvr_VehTy;ExcsSpdInd;Hit_Run;Light_Cond;Locality;Num_Lanes;Num_Units;Rd_Charact;Rd_Class;Rd_Conditi;Rd_Config;Rd_Defects;Rd_Feature;Rd_Surface;Region;Rural_Urba;Speed_Limi;Traff_Cntr;Weather;Workzone_I;Location
827;828;Yes;20-24;22;No;Facing Traffic;C: Possible Injury;Travel Lane;Hispanic;Male;Charlotte;Mecklenburg;No;01/01/2004;06/11/2008;Head-On;8;Intersection-Related;01/11/2001;01/01/2001 08:16;Head-On - Bicyclist;212250;2008;C: Possible Injury;Residential;0-19;16;No;31-35 mph;O: No Injury;Hispanic;Male;Passenger Car;No;Yes;Daylight;Urban (>70% Developed);2 lanes;2;Straight - Level;Local Street;Dry;Two-Way, Not Divided;None;T-Intersection;Smooth Asphalt;Piedmont;Urban;20 - 25  MPH;No Control Present;Clear;No;0.0, 0.0
834;835;Yes;10-juin;10;No;Not Applicable;B: Evident Injury;Non-Roadway;Other;Male;Cary;Wake;No;01/01/2006;01/11/2008;Non-Roadway;16;Non-Roadway;01/11/2001;01/01/2001 16:49;Non-Roadway;460910;2008;B: Evident Injury;Residential;NA;NA;Missing;11-15 mph;Injury;/Missing;NA;Pickup;No;Yes;Daylight;Urban (>70% Developed);NA;2;Straight - Level;Public Vehicular Area;Dry;Two-Way, Not Divided;None;Driveway, Public;Smooth Asphalt;Piedmont;Urban;5 - 15 MPH;No Control Present;Clear;No;0.0, 0.0
836;837;Yes;40-49;43;No;With Traffic;C: Possible Injury;Travel Lane;Black;Male;Winston-Salem;Forsyth;No;01/01/2005;05/09/2008;Parallel Paths - Other Circumstances;6;Intersection-Related;01/09/2001;01/01/2001 06:20;Parallel Paths - Other /;211280;2008;C: Possible Injury;Commercial;NA;NA;No;11-15 mph;Injury;/Missing;NA;Passenger Car;No;Yes;Daylight;Urban (>70% Developed);6 lanes;2;Straight - Level;Local Street;Dry;Two-Way, Divided, Positive Median Barrier;None;No Special Feature;Smooth Asphalt;Piedmont;Urban;40 - 45  MPH;Stop And Go Signal;Clear;No;0.0, 0.0
840;841;No;10-juin;9;No;Not Applicable;Injury;Travel Lane;Hispanic;Male;Charlotte;Mecklenburg;No;01/01/2002;11/11/2008;Bicyclist Failed to Yield - Midblock;17;Non-Intersection;01/11/2001;01/01/2001 17:32;Bicyclist Ride Out - Midblock -;313319;2008;O: No Injury;Commercial;40-49;44;No;26-30 mph;O: No Injury;White;Female;Passenger Car;No;No;Dark - Lighted Roadway;Urban (>70% Developed);5 lanes;2;NA;Local Street;Dry;Two-Way, Divided, Unprotected Median;None;No Special Feature;Smooth Asphalt;Piedmont;Urban;40 - 45  MPH;Stop And Go Signal;Clear;No;0.0, 0.0
845;846;Yes;40-49;44;No;With Traffic;B: Evident Injury;Travel Lane;White;Male;Wilmington;New Hanover;No;01/01/2002;21/10/2008;Motorist Right Turn / Merge;15;Intersection-Related;01/10/2001;01/01/2001 14:59;Motorist Right Turn - Same Direction;211213;2008;B: Evident Injury;Commercial;NA;NA;Missing;NA;Injury;/Missing;NA;NA;No;Yes;Daylight;Urban (>70% Developed);5 lanes;2;Straight - Level;Local Street;Dry;Two-Way, Divided, Positive Median Barrier;None;No Special Feature;Smooth Asphalt;Coastal;Urban;NA;Stop And Go Signal;Clear;No;0.0, 0.0
846;847;Yes;70+;NA;No;Not Applicable;B: Evident Injury;Non-Roadway;White;Male;Wilmington;New Hanover;No;01/01/2002;21/10/2008;Non-Roadway;6;Non-Roadway;01/10/2001;01/01/2001 06:50;Non-Roadway;460910;2008;B: Evident Injury;Commercial;40-49;44;No;6-10 mph;O: No Injury;Black;Male;Passenger Car;No;No;Dark - Lighted Roadway;Urban (>70% Developed);2 lanes;2;Curve - Level;Private Road, Driveway;Dry;Two-Way, Not Divided;None;T-Intersection;Coarse Asphalt;Coastal;Urban;NA;No Control Present;Clear;No;0.0, 0.0
267;268;Yes;20-24;20;No;With Traffic;A: Disabling Injury;Travel Lane;White;Male;Asheville;Buncombe;No;01/01/2004;24/04/2008;Bicyclist Left Turn / Merge;13;Intersection;01/04/2001;01/01/2001 13:32;Bicyclist Left Turn - Opposite Direction;111222;2008;A: Disabling Injury;Commercial;50-59;52;No;31-35 mph;O: No Injury;White;Male;Pickup;No;No;Daylight;Urban (>70% Developed);4 lanes;2;Straight - Grade;Local Street;Dry;Two-Way, Not Divided;None;Four-Way Intersection;Coarse Asphalt;Mountains;Urban;30 - 35  MPH;Stop And Go Signal;Clear;No;0.0, 0.0
296;297;No;15-nov;11;No;With Traffic;O: No Injury;Travel Lane;White;Female;Raleigh;Wake;No;NA;05/05/2008;Bicyclist Failed to Yield - Sign-Controlled Intersection;18;Intersection;01/05/2001;01/01/2001 18:39;Bicyclist Ride Through - Sign-Controlled Intersection;111144;2008;O: No Injury;Residential;25-29;28;No;21-25 mph;O: No Injury;White;Male;Pickup;No;No;Daylight;Urban (>70% Developed);2 lanes;2;Straight - Grade;Local Street;Dry;Two-Way, Not Divided;None;Four-Way Intersection;Smooth Asphalt;Piedmont;Urban;20 - 25  MPH;Stop Sign;Clear;No;0.0, 0.0
299;300;No;16-19;19;No;Not Applicable;O: No Injury;Non-Roadway;White;Male;Charlotte;Mecklenburg;No;01/01/2005;13/06/2008;Non-Roadway;16;Non-Roadway;01/06/2001;01/01/2001 16:38;Non-Roadway;460910;2008;O: No Injury;Commercial;70+;NA;No;6-10 mph;O: No Injury;Black;Female;Passenger Car;No;No;Daylight;Urban (>70% Developed);2 lanes;2;Straight - Level;Public Vehicular Area;Dry;Two-Way, Not Divided;None;No Special Feature;Smooth Asphalt;Piedmont;Urban;5 - 15 MPH;No Control Present;Clear;No;0.0, 0.0
301;302;Yes;10-juin;7;No;With Traffic;C: Possible Injury;Travel Lane;Black;Male;Kinston;Lenoir;No;01/01/2006;14/06/2008;Bicyclist Failed to Yield - Sign-Controlled Intersection;19;Intersection;01/06/2001;01/01/2001 19:35;Bicyclist Ride Through - Sign-Controlled Intersection;111144;2008;C: Possible Injury;Residential;40-49;48;No;31-35 mph;O: No Injury;Black;Male;Pickup;No;No;Daylight;Urban (>70% Developed);4 lanes;2;Straight - Level;NC Route;Dry;Two-Way, Divided, Unprotected Median;None;Four-Way Intersection;Coarse Asphalt;Coastal;Urban;30 - 35  MPH;Stop Sign;Clear;No;0.0, 0.0
303;304;No;15-nov;14;No;With Traffic;B: Evident Injury;Travel Lane;Hispanic;Male;None - Rural Crash;Durham;No;01/01/2003;07/05/2008;Motorist Overtaking Bicyclist;15;Non-Intersection;01/05/2001;01/01/2001 15:16;Motorist Overtaking - Bicyclist Swerved;311235;2008;B: Evident Injury;Farms, Woods, Pastures;50-59;50;No;41-45 mph;O: No Injury;Black;Female;Passenger Car;No;No;Daylight;Rural (<30% Developed);2 lanes;2;Straight - Level;State Secondary Route;Dry;Two-Way, Not Divided;None;No Special Feature;Coarse Asphalt;Piedmont;Rural;40 - 45  MPH;Double Yellow Line, No Passing Zone;Clear;No;0.0, 0.0
309;310;Yes;0-5;4;No;Not Applicable;C: Possible Injury;Non-Roadway;Black;Male;Burlington;Alamance;No;01/01/2004;08/05/2008;Non-Roadway;15;Non-Roadway;01/05/2001;01/01/2001 15:16;Non-Roadway;460910;2008;C: Possible Injury;Residential;25-29;27;No;0-5 mph;O: No Injury;White;Female;Passenger Car;No;No;Daylight;Urban (>70% Developed);NA;2;Straight - Level;Public Vehicular Area;Dry;Two-Way, Not Divided;None;No Special Feature;Smooth Asphalt;Piedmont;Urban;NA;No Control Present;Clear;No;0.0, 0.0
310;311;Yes;50-59;51;No;With Traffic;Injury;Travel Lane;/Missing;Male;Roxboro;Person;No;01/01/2004;08/05/2008;Bicyclist Failed to Yield - Sign-Controlled Intersection;20;Intersection;01/05/2001;01/01/2001 20:31;Bicyclist Ride Through - Sign-Controlled Intersection;111144;2008;C: Possible Injury;Residential;20-24;24;No;31-35 mph;C: Possible Injury;Black;Female;Passenger Car;No;No;Dark - Lighted Roadway;Urban (>70% Developed);2 lanes;2;Straight - Level;Local Street;Dry;Two-Way, Not Divided;None;Four-Way Intersection;Smooth Asphalt;Piedmont;Urban;30 - 35  MPH;Stop Sign;Clear;No;0.0, 0.0
316;317;Yes;60-69;60;Yes;With Traffic;K: Killed;Travel Lane;Native American;Male;Lumberton;Robeson;Yes;01/01/2006;10/05/2008;Motorist Overtaking Bicyclist;3;Non-Intersection;01/05/2001;01/01/2001 03:08;Motorist Overtaking - Other /;311239;2008;K: Killed;Residential;NA;NA;Missing;51-55 mph;Injury;/Missing;NA;NA;Yes;Yes;Dark - Lighted Roadway;Urban (>70% Developed);2 lanes;2;Curve - Level;Local Street;Dry;Two-Way, Not Divided;None;No Special Feature;Coarse Asphalt;Coastal;Urban;40 - 45  MPH;No Control Present;Clear;No;0.0, 0.0
317;318;No;30-39;37;No;With Traffic;O: No Injury;Travel Lane;Black;Male;Raleigh;Wake;No;01/01/2002;13/05/2008;Bicyclist Failed to Yield - Sign-Controlled Intersection;18;Intersection;01/05/2001;01/01/2001 18:12;Bicyclist Ride Through - Sign-Controlled Intersection;111144;2008;O: No Injury;Residential;60-69;65;No;11-15 mph;O: No Injury;Black;Male;Light Truck (Mini-Van, Panel);No;No;Daylight;Urban (>70% Developed);2 lanes;2;Straight - Grade;Local Street;Dry;Two-Way, Not Divided;None;Four-Way Intersection;Smooth Asphalt;Piedmont;Urban;20 - 25  MPH;Stop Sign;Clear;No;0.0, 0.0
318;319;Yes;40-49;43;No;With Traffic;B: Evident Injury;Travel Lane;Asian;Male;Raleigh;Wake;No;01/01/2002;13/05/2008;Motorist Overtaking Bicyclist;20;Non-Intersection;01/05/2001;01/01/2001 20:44;Motorist Overtaking - Misjudged Space;311232;2008;B: Evident Injury;Commercial;60-69;66;No;31-35 mph;O: No Injury;White;Male;Passenger Car;No;No;Dark - Roadway Not Lighted;Urban (>70% Developed);5 lanes;2;Straight - Level;Local Street;Dry;Two-Way, Not Divided;None;No Special Feature;Smooth Asphalt;Piedmont;Urban;40 - 45  MPH;No Control Present;Clear;No;0.0, 0.0
320;321;No;16-19;18;No;With Traffic;O: No Injury;Sidewalk / Crosswalk / Driveway Crossing;White;Male;Raleigh;Wake;No;01/01/2004;01/05/2008;Motorist Right Turn / Merge;19;Intersection;01/05/2001;01/01/2001 19:39;Motorist Right Turn - Same Direction;131213;2008;O: No Injury;Commercial;NA;NA;Missing;NA;Injury;/Missing;NA;NA;No;Yes;Daylight;Urban (>70% Developed);NA;2;NA;Local Street;Dry;NA;None;No Special Feature;NA;Piedmont;Urban;NA;Missing;Clear;No;0.0, 0.0
326;327;Yes;20-24;23;No;With Traffic;C: Possible Injury;Travel Lane;White;Male;Raleigh;Wake;Yes;01/01/2006;19/04/2008;Motorist Left Turn / Merge;2;Intersection;01/04/2001;01/01/2001 02:34;Motorist Left Turn - Opposite Direction;111212;2008;C: Possible Injury;Residential;20-24;23;Yes;16-20 mph;O: No Injury;White;Female;Passenger Car;No;No;Dark - Lighted Roadway;Urban (>70% Developed);5 lanes;2;Straight - Level;Local Street;Dry;Two-Way, Not Divided;None;T-Intersection;Smooth Asphalt;Piedmont;Urban;30 - 35  MPH;Stop And Go Signal;Clear;No;0.0, 0.0
329;330;Yes;16-19;16;No;Facing Traffic;C: Possible Injury;Travel Lane;Black;Male;Wilmington;New Hanover;No;01/01/2002;13/05/2008;Motorist Failed to Yield - Midblock;16;Non-Intersection;01/05/2001;01/01/2001 16:35;Motorist Drive Out - Other Midblock;312328;2008;C: Possible Injury;Commercial;25-29;27;No;NA;O: No Injury;White;Female;Sport Utility;No;No;Daylight;Urban (>70% Developed);6 lanes;2;Straight - Level;Local Street;Dry;Two-Way, Divided, Unprotected Median;None;No Special Feature;Smooth Asphalt;Coastal;Urban;NA;No Control Present;Clear;No;0.0, 0.0
330;331;Yes;60-69;69;No;With Traffic;A: Disabling Injury;Travel Lane;White;Male;None - Rural Crash;Davidson;No;01/01/2003;14/05/2008;Motorist Failed to Yield - Sign-Controlled Intersection;17;Intersection;01/05/2001;01/01/2001 17:34;Motorist Drive Out - Sign-Controlled Intersection;111141;2008;A: Disabling Injury;Farms, Woods, Pastures;40-49;40;No;0-5 mph;O: No Injury;White;Female;Passenger Car;No;No;Daylight;Rural (<30% Developed);2 lanes;2;Straight - Grade;State Secondary Route;Dry;Two-Way, Not Divided;None;Four-Way Intersection;Smooth Asphalt;Piedmont;Rural;40 - 45  MPH;Stop Sign;Cloudy;No;0.0, 0.0
332;333;No;40-49;49;No;NA;C: Possible Injury;NA;Black;Male;Raleigh;Wake;No;01/01/2005;02/05/2008;Crossing Paths - Other Circumstances;12;Non-Intersection;01/05/2001;01/01/2001 12:18;Crossing Paths - Midblock - Other /;399380;2008;C: Possible Injury;Residential;NA;NA;Missing;31-35 mph;Injury;/Missing;NA;NA;No;Yes;Daylight;Urban (>70% Developed);2 lanes;3;Straight - Hillcrest;Local Street;Dry;Two-Way, Not Divided;None;No Special Feature;Smooth Asphalt;Piedmont;Urban;30 - 35  MPH;Missing;Clear;No;0.0, 0.0
348;349;No;50-59;57;No;With Traffic;C: Possible Injury;Bike Lane / Paved Shoulder;White;Male;None - Rural Crash;Sampson;No;01/01/2003;21/05/2008;Motorist Right Turn / Merge;5;Non-Intersection;01/05/2001;01/01/2001 05:29;Motorist Right Turn - Same Direction;321213;2008;C: Possible Injury;Farms, Woods, Pastures;NA;NA;Missing;51-55 mph;Injury;/Missing;NA;NA;No;Yes;Dawn;Rural (<30% Developed);2 lanes;2;Straight - Level;NC Route;Dry;Two-Way, Not Divided;None;No Special Feature;Coarse Asphalt;Coastal;Rural;50 - 55  MPH;Double Yellow Line, No Passing Zone;Clear;No;0.0, 0.0
352;353;Yes;40-49;47;No;Not Applicable;C: Possible Injury;Non-Roadway;Black;Male;Rocky Mount;Nash;No;01/01/2003;21/05/2008;Non-Roadway;17;Non-Roadway;01/05/2001;01/01/2001 17:07;Non-Roadway;460910;2008;C: Possible Injury;Commercial;0-19;15;No;0-5 mph;O: No Injury;White;Male;Sport Utility;No;No;Daylight;Urban (>70% Developed);2 lanes;2;Curve - Level;Public Vehicular Area;Dry;Two-Way, Not Divided;None;Driveway, Public;Smooth Asphalt;Coastal;Urban;30 - 35  MPH;No Control Present;Cloudy;No;0.0, 0.0
353;354;Yes;60-69;60;No;Facing Traffic;B: Evident Injury;Travel Lane;White;Female;High Point;Guilford;No;01/01/2004;22/05/2008;Head-On;7;Intersection-Related;01/05/2001;01/01/2001 07:36;Head-On - Bicyclist;212250;2008;B: Evident Injury;Residential;0-19;16;No;16-20 mph;O: No Injury;White;Female;Passenger Car;No;No;Daylight;Urban (>70% Developed);2 lanes;2;Straight - Grade;Local Street;Dry;Two-Way, Not Divided;None;No Special Feature;Smooth Asphalt;Piedmont;Urban;20 - 25  MPH;Missing;Clear;No;0.0, 0.0
365;366;No;16-19;18;No;With Traffic;C: Possible Injury;Sidewalk / Crosswalk / Driveway Crossing;White;Female;Indian Trail;Union;No;NA;26/05/2008;Motorist Left Turn / Merge;19;Intersection;01/05/2001;01/01/2001 19:05;Motorist Left Turn - Opposite Direction;131212;2008;C: Possible Injury;Residential;30-39;32;No;16-20 mph;O: No Injury;White;Male;Pickup;No;No;Daylight;Urban (>70% Developed);2 lanes;2;Straight - Grade;State Secondary Route;Dry;Two-Way, Not Divided;None;Four-Way Intersection;Smooth Asphalt;Piedmont;Urban;30 - 35  MPH;Double Yellow Line, No Passing Zone;Clear;No;0.0, 0.0
366;367;Yes;40-49;48;No;With Traffic;B: Evident Injury;Travel Lane;White;Male;Charlotte;Mecklenburg;No;01/01/2006;07/06/2008;Motorist Failed to Yield - Sign-Controlled Intersection;12;Intersection;01/06/2001;01/01/2001 12:09;Motorist Drive Out - Sign-Controlled Intersection;111141;2008;B: Evident Injury;Commercial;40-49;49;No;6-10 mph;O: No Injury;White;Female;Passenger Car;No;No;Daylight;Urban (>70% Developed);2 lanes;2;Straight - Level;Local Street;Dry;Two-Way, Not Divided;None;Four-Way Intersection;Smooth Asphalt;Piedmont;Urban;30 - 35  MPH;Stop Sign;Clear;No;0.0, 0.0
373;374;No;50-59;51;Yes;With Traffic;C: Possible Injury;Travel Lane;White;Male;Greensboro;Guilford;Yes;01/01/2004;29/05/2008;Bicyclist Left Turn / Merge;15;Intersection;01/05/2001;01/01/2001 15:52;Bicyclist Left Turn - Opposite Direction;111222;2008;C: Possible Injury;Institutional;30-39;37;No;21-25 mph;O: No Injury;White;Female;Pickup;No;No;Daylight;Urban (>70% Developed);3 lanes;2;Straight - Bottom;Local Street;Dry;Two-Way, Not Divided;None;Four-Way Intersection;Smooth Asphalt;Piedmont;Urban;30 - 35  MPH;Missing;Clear;No;0.0, 0.0
376;377;Yes;16-19;16;No;Facing Traffic;B: Evident Injury;Bike Lane / Paved Shoulder;Black;Male;Winston-Salem;Forsyth;No;01/01/2004;29/05/2008;Motorist Failed to Yield - Midblock;18;Non-Intersection;01/05/2001;01/01/2001 18:02;Motorist Drive Out - Other Midblock;322328;2008;B: Evident Injury;Commercial;30-39;35;No;0-5 mph;O: No Injury;Black;Male;Pickup;No;No;Daylight;Urban (>70% Developed);4 lanes;2;Curve - Grade;Local Street;Dry;Two-Way, Divided, Positive Median Barrier;None;No Special Feature;Coarse Asphalt;Piedmont;Urban;30 - 35  MPH;Missing;Clear;No;0.0, 0.0
380;381;No;50-59;50;No;With Traffic;B: Evident Injury;Travel Lane;White;Male;Lewisville;Forsyth;No;01/01/2006;31/05/2008;Motorist Failed to Yield - Midblock;9;Non-Intersection;01/05/2001;01/01/2001 09:56;Motorist Drive Out - Residential Driveway;311321;2008;B: Evident Injury;Residential;70+;NA;No;0-5 mph;O: No Injury;White;Female;Passenger Car;No;Yes;Daylight;Mixed (30% To 70% Developed);2 lanes;3;Curve - Level;State Secondary Route;Dry;Two-Way, Not Divided;None;No Special Feature;Smooth Asphalt;Piedmont;Urban;30 - 35  MPH;Double Yellow Line, No Passing Zone;Clear;No;0.0, 0.0
384;385;Yes;25-29;28;No;Not Applicable;B: Evident Injury;Non-Roadway;White;Male;Greensboro;Guilford;No;01/01/2006;07/06/2008;Bicyclist Failed to Yield - Midblock;15;Non-Intersection;01/06/2001;01/01/2001 15:08;Bicyclist Ride Out - Commercial Driveway / Alley;363312;2008;B: Evident Injury;Commercial;30-39;30;No;31-35 mph;O: No Injury;White;Female;Sport Utility;No;No;Daylight;Urban (>70% Developed);5 lanes;2;Straight - Level;Local Street;Dry;Two-Way, Divided, Unprotected Median;None;No Special Feature;Smooth Asphalt;Piedmont;Urban;30 - 35  MPH;Missing;Clear;No;0.0, 0.0
386;387;No;50-59;57;Yes;Not Applicable;Injury;Non-Roadway;White;Male;Boone;Watauga;Yes;01/01/2002;03/06/2008;Non-Roadway;10;Non-Roadway;01/06/2001;01/01/2001 10:42;Non-Roadway;460910;2008;O: No Injury;Commercial;70+;NA;No;16-20 mph;O: No Injury;White;Female;Passenger Car;No;No;Daylight;Urban (>70% Developed);NA;2;Straight - Level;Public Vehicular Area;Dry;Two-Way, Not Divided;None;No Special Feature;Smooth Asphalt;Mountains;Urban;NA;Missing;Clear;No;0.0, 0.0
392;393;Yes;40-49;42;No;With Traffic;B: Evident Injury;Travel Lane;White;Male;Durham;Durham;No;01/01/2007;29/06/2008;Motorist Left Turn / Merge;20;Intersection;01/06/2001;01/01/2001 20:51;Motorist Left Turn - Opposite Direction;111212;2008;B: Evident Injury;Residential;30-39;36;No;6-10 mph;O: No Injury;Black;Male;Passenger Car;No;No;Dark - Lighted Roadway;Urban (>70% Developed);2 lanes;2;Straight - Level;Local Street;Wet;Two-Way, Not Divided;None;No Special Feature;Concrete;Piedmont;Urban;20 - 25  MPH;Stop Sign;Rain;No;0.0, 0.0
402;403;No;10-juin;9;No;NA;B: Evident Injury;NA;White;Male;None - Rural Crash;Nash;No;01/01/2003;18/06/2008;Bicyclist Failed to Yield - Midblock;14;Non-Intersection;01/06/2001;01/01/2001 14:48;Bicyclist Ride Out - Midblock -;399319;2008;B: Evident Injury;Farms, Woods, Pastures;60-69;60;No;51-55 mph;O: No Injury;Black;Male;Passenger Car;No;No;Daylight;Rural (<30% Developed);2 lanes;2;Straight - Grade;US Route;Dry;Two-Way, Not Divided;None;No Special Feature;Coarse Asphalt;Coastal;Rural;50 - 55  MPH;Missing;Clear;No;0.0, 0.0
410;411;No;16-19;17;No;Not Applicable;O: No Injury;Non-Roadway;White;Male;Fuquay-Varina;Wake;No;01/01/2003;04/06/2008;Non-Roadway;20;Non-Roadway;01/06/2001;01/01/2001 20:02;Non-Roadway;460910;2008;O: No Injury;Commercial;25-29;25;No;6-10 mph;O: No Injury;Black;Female;Passenger Car;No;No;Daylight;Urban (>70% Developed);NA;2;Straight - Level;Public Vehicular Area;Dry;Two-Way, Not Divided;None;No Special Feature;Smooth Asphalt;Piedmont;Urban;20 - 25  MPH;No Control Present;Clear;No;0.0, 0.0
414;415;Yes;15-nov;13;No;Not Applicable;A: Disabling Injury;Non-Roadway;Black;Male;Greensboro;Guilford;No;NA;09/06/2008;Bicyclist Failed to Yield - Sign-Controlled Intersection;9;Intersection;01/06/2001;01/01/2001 09:48;Bicyclist Ride Through - Sign-Controlled Intersection;163144;2008;A: Disabling Injury;Residential;60-69;61;No;21-25 mph;O: No Injury;Black;Male;Passenger Car;No;No;Daylight;Urban (>70% Developed);1 lane;2;Straight - Level;Local Street;Dry;Two-Way, Not Divided;None;Four-Way Intersection;Coarse Asphalt;Piedmont;Urban;20 - 25  MPH;Stop Sign;Clear;No;0.0, 0.0
417;418;Yes;15-nov;14;No;Facing Traffic;B: Evident Injury;Travel Lane;White;Male;None - Rural Crash;Pender;No;01/01/2005;13/06/2008;Bicyclist Failed to Yield - Sign-Controlled Intersection;15;Intersection;01/06/2001;01/01/2001 15:14;Bicyclist Ride Out - Sign-Controlled Intersection;112142;2008;B: Evident Injury;Residential;40-49;41;No;26-30 mph;O: No Injury;White;Female;Passenger Car;No;No;Daylight;Urban (>70% Developed);2 lanes;2;Straight - Level;State Secondary Route;Dry;Two-Way, Not Divided;None;T-Intersection;Smooth Asphalt;Coastal;Rural;30 - 35  MPH;Stop Sign;Clear;No;0.0, 0.0
425;426;Yes;16-19;19;No;With Traffic;C: Possible Injury;Travel Lane;White;Male;Raleigh;Wake;No;01/01/2003;18/06/2008;Motorist Left Turn / Merge;19;Non-Intersection;01/06/2001;01/01/2001 19:42;Motorist Left Turn - Opposite Direction;311212;2008;C: Possible Injury;Commercial;30-39;35;No;6-10 mph;O: No Injury;White;Male;Pickup;No;No;Daylight;Urban (>70% Developed);3 lanes;2;Straight - Level;Local Street;Dry;Two-Way, Not Divided;None;No Special Feature;Coarse Asphalt;Piedmont;Urban;30 - 35  MPH;No Control Present;Clear;No;0.0, 0.0
429;430;Yes;25-29;25;No;With Traffic;C: Possible Injury;Travel Lane;White;Male;Sylva;Jackson;No;NA;02/06/2008;Bicyclist Failed to Yield - Signalized Intersection;18;Intersection;01/06/2001;01/01/2001 18:09;Bicyclist Ride Through - Signalized Intersection;111155;2008;C: Possible Injury;Commercial;30-39;31;No;6-10 mph;O: No Injury;White;Male;Pickup;No;No;Daylight;Urban (>70% Developed);2 lanes;2;Straight - Level;NC Route;Dry;Two-Way, Not Divided;None;Four-Way Intersection;Coarse Asphalt;Mountains;Rural;20 - 25  MPH;Stop And Go Signal;Clear;No;0.0, 0.0
430;431;Yes;16-19;17;No;Facing Traffic;B: Evident Injury;Sidewalk / Crosswalk / Driveway Crossing;Hispanic;Male;Charlotte;Mecklenburg;No;01/01/2005;06/06/2008;Bicyclist Failed to Yield - Signalized Intersection;20;Intersection;01/06/2001;01/01/2001 20:29;Bicyclist Ride Through - Signalized Intersection;132155;2008;B: Evident Injury;Residential;70+;NA;No;0-5 mph;O: No Injury;White;Female;Sport Utility;No;No;Daylight;Urban (>70% Developed);2 lanes;2;Straight - Level;Local Street;Dry;Two-Way, Not Divided;None;Four-Way Intersection;Smooth Asphalt;Piedmont;Urban;30 - 35  MPH;Stop And Go Signal;Clear;No;0.0, 0.0
433;434;No;50-59;58;No;Not Applicable;B: Evident Injury;Driveway / Alley;White;Male;None - Rural Crash;Union;No;NA;16/06/2008;Bicyclist Failed to Yield - Midblock;8;Non-Intersection;01/06/2001;01/01/2001 08:27;Bicyclist Ride Out - Residential Driveway;353311;2008;B: Evident Injury;Farms, Woods, Pastures;40-49;44;No;0-5 mph;O: No Injury;White;Female;Passenger Car;No;No;Daylight;Rural (<30% Developed);2 lanes;2;Straight - Level;State Secondary Route;Dry;Two-Way, Not Divided;None;Driveway, Private;Smooth Asphalt;Piedmont;Rural;50 - 55  MPH;No Control Present;Clear;No;0.0, 0.0
442;443;No;16-19;18;No;Not Applicable;O: No Injury;Non-Roadway;White;Male;None - Rural Crash;Chatham;No;01/01/2004;17/07/2008;Non-Roadway;17;Non-Roadway;01/07/2001;01/01/2001 17:34;Non-Roadway;460910;2008;O: No Injury;Commercial;30-39;36;No;11-15 mph;O: No Injury;White;Female;Van;No;No;Daylight;Rural (<30% Developed);NA;2;Straight - Level;Public Vehicular Area;Dry;Two-Way, Not Divided;None;No Special Feature;Smooth Asphalt;Piedmont;Rural;5 - 15 MPH;No Control Present;Clear;No;0.0, 0.0
446;447;Yes;10-juin;8;No;With Traffic;A: Disabling Injury;Travel Lane;Black;Male;Selma;Johnston;No;01/01/2002;24/06/2008;Bicyclist Failed to Yield - Sign-Controlled Intersection;13;Intersection;01/06/2001;01/01/2001 13:21;Bicyclist Ride Out - Sign-Controlled Intersection;111142;2008;A: Disabling Injury;Commercial;60-69;60;No;31-35 mph;O: No Injury;White;Male;Van;No;No;Daylight;Urban (>70% Developed);5 lanes;2;Straight - Level;US Route;Dry;Two-Way, Divided, Unprotected Median;None;Four-Way Intersection;Smooth Asphalt;Coastal;Urban;30 - 35  MPH;Stop Sign;Clear;No;0.0, 0.0
454;455;Yes;16-19;18;No;With Traffic;K: Killed;Travel Lane;White;Male;Jacksonville;Onslow;Yes;01/01/2006;21/06/2008;Motorist Overtaking Bicyclist;23;Non-Intersection;01/06/2001;01/01/2001 23:31;Motorist Overtaking - Undetected Bicyclist;311231;2008;K: Killed;Commercial;20-24;23;Yes;56-60 mph;O: No Injury;Hispanic;Male;Passenger Car;No;Yes;Dark - Roadway Not Lighted;Urban (>70% Developed);6 lanes;3;Straight - Level;NC Route;Dry;Two-Way, Divided, Positive Median Barrier;None;Bridge Approach;Coarse Asphalt;Coastal;Urban;50 - 55  MPH;No Control Present;Clear;No;0.0, 0.0
457;458;Yes;16-19;18;No;With Traffic;C: Possible Injury;Sidewalk / Crosswalk / Driveway Crossing;White;Male;Gastonia;Gaston;No;01/01/2003;25/06/2008;Parallel Paths - Other Circumstances;12;Non-Intersection;01/06/2001;01/01/2001 12:08;Bicyclist Ride Out - Parallel Path;331225;2008;C: Possible Injury;Residential;70+;NA;No;36-40 mph;O: No Injury;White;Female;Passenger Car;No;No;Daylight;Urban (>70% Developed);5 lanes;2;Straight - Grade;Local Street;Dry;Two-Way, Not Divided;None;No Special Feature;Coarse Asphalt;Piedmont;Urban;40 - 45  MPH;No Control Present;Clear;No;0.0, 0.0