FID;OBJECTID;AmbulanceR;BikeAge_Gr;Bike_Age;Bike_Alc_D;Bike_Dir;Bike_Injur;Bike_Pos;Bike_Race;Bike_Sex;City;County;CrashAlcoh;CrashDay;Crash_Date;Crash_Grp;Crash_Hour;Crash_Loc;Crash_Mont;Crash_Time;Crash_Type;Crash_Ty_1;Crash_Year;Crsh_Sevri;Developmen;DrvrAge_Gr;Drvr_Age;Drvr_Alc_D;Drvr_EstSp;Drvr_Injur;Drvr_Race;Drvr_Sex;Drvr_VehTy;ExcsSpdInd;Hit_Run;Light_Cond;Locality;Num_Lanes;Num_Units;Rd_Charact;Rd_Class;Rd_Conditi;Rd_Config;Rd_Defects;Rd_Feature;Rd_Surface;Region;Rural_Urba;Speed_Limi;Traff_Cntr;Weather;Workzone_I;Location
464;465;No;25-29;28;No;With Traffic;B: Evident Injury;Bike Lane / Paved Shoulder;White;Male;Charlotte;Mecklenburg;No;NA;07/07/2008;Motorist Right Turn / Merge;7;Non-Intersection;01/07/2001;01/01/2001 07:23;Motorist Right Turn - Same Direction;321213;2008;B: Evident Injury;Commercial;40-49;46;No;31-35 mph;O: No Injury;Black;Male;Passenger Car;No;No;Daylight;Urban (>70% Developed);2 lanes;2;Straight - Level;Local Street;Dry;Two-Way, Divided, Unprotected Median;None;No Special Feature;Smooth Asphalt;Piedmont;Urban;30 - 35  MPH;No Control Present;Cloudy;No;0.0, 0.0
466;467;No;60-69;66;No;With Traffic;C: Possible Injury;Travel Lane;White;Male;None - Rural Crash;Davidson;No;NA;30/06/2008;Motorist Failed to Yield - Signalized Intersection;10;Intersection;01/06/2001;01/01/2001 10:10;Motorist Drive Through - Signalized Intersection;111154;2008;C: Possible Injury;Institutional;30-39;32;No;11-15 mph;O: No Injury;Hispanic;Female;Passenger Car;No;No;Daylight;Mixed (30% To 70% Developed);4 lanes;2;Straight - Level;NC Route;Dry;Two-Way, Divided, Unprotected Median;None;Four-Way Intersection;Smooth Asphalt;Piedmont;Rural;50 - 55  MPH;Stop And Go Signal;Clear;No;0.0, 0.0
468;469;No;40-49;45;No;With Traffic;C: Possible Injury;Travel Lane;White;Female;None - Rural Crash;Guilford;No;NA;30/06/2008;Motorist Failed to Yield - Sign-Controlled Intersection;11;Intersection;01/06/2001;01/01/2001 11:34;Motorist Drive Out - Sign-Controlled Intersection;111141;2008;C: Possible Injury;Commercial;30-39;39;No;11-15 mph;O: No Injury;White;Male;Passenger Car;No;No;Daylight;Urban (>70% Developed);4 lanes;2;Straight - Grade;Local Street;Dry;Two-Way, Divided, Unprotected Median;None;Four-Way Intersection;Smooth Asphalt;Piedmont;Rural;30 - 35  MPH;Stop Sign;Clear;No;0.0, 0.0
470;471;No;10-juin;10;No;With Traffic;C: Possible Injury;Travel Lane;White;Male;None - Rural Crash;Caldwell;No;01/01/2002;01/07/2008;Bicyclist Failed to Yield - Sign-Controlled Intersection;18;Intersection;01/07/2001;01/01/2001 18:20;Bicyclist Ride Through - Sign-Controlled Intersection;111144;2008;C: Possible Injury;Residential;20-24;23;No;11-15 mph;O: No Injury;White;Female;Passenger Car;No;No;Daylight;Mixed (30% To 70% Developed);2 lanes;2;Straight - Grade;State Secondary Route;Dry;Two-Way, Not Divided;None;Four-Way Intersection;Smooth Asphalt;Mountains;Rural;20 - 25  MPH;Stop Sign;Clear;No;0.0, 0.0
472;473;Yes;40-49;47;No;With Traffic;C: Possible Injury;Travel Lane;Black;Male;Greensboro;Guilford;No;01/01/2006;28/06/2008;Motorist Failed to Yield - Sign-Controlled Intersection;17;Intersection;01/06/2001;01/01/2001 16:59;Motorist Drive Out - Sign-Controlled Intersection;111141;2008;C: Possible Injury;Residential;70+;NA;No;16-20 mph;O: No Injury;White;Female;Passenger Car;No;No;Daylight;Urban (>70% Developed);5 lanes;2;Straight - Level;Local Street;Dry;Two-Way, Not Divided;None;No Special Feature;Smooth Asphalt;Piedmont;Urban;30 - 35  MPH;No Control Present;Clear;No;0.0, 0.0
473;474;Yes;50-59;59;No;Facing Traffic;C: Possible Injury;Travel Lane;White;Female;None - Rural Crash;Cumberland;No;NA;26/05/2008;Head-On;21;Non-Intersection;01/05/2001;01/01/2001 21:09;Head-On - Bicyclist;312250;2008;C: Possible Injury;Residential;25-29;25;No;41-45 mph;O: No Injury;White;Female;Passenger Car;No;No;Dark - Roadway Not Lighted;Mixed (30% To 70% Developed);2 lanes;2;Straight - Level;State Secondary Route;Dry;Two-Way, Not Divided;None;No Special Feature;Smooth Asphalt;Coastal;Rural;40 - 45  MPH;Double Yellow Line, No Passing Zone;Clear;No;0.0, 0.0
476;477;Yes;40-49;46;No;Facing Traffic;C: Possible Injury;Sidewalk / Crosswalk / Driveway Crossing;Black;Male;Gastonia;Gaston;No;01/01/2005;27/06/2008;Motorist Failed to Yield - Signalized Intersection;8;Intersection;01/06/2001;01/01/2001 08:31;Motorist Drive Out - Signalized Intersection;132152;2008;C: Possible Injury;Commercial;30-39;30;No;NA;O: No Injury;Black;Female;Passenger Car;No;No;Daylight;Urban (>70% Developed);2 lanes;2;Straight - Level;Local Street;Dry;Two-Way, Not Divided;None;Four-Way Intersection;Smooth Asphalt;Piedmont;Urban;30 - 35  MPH;Stop And Go Signal;Clear;No;0.0, 0.0
477;478;Yes;16-19;16;No;Not Applicable;B: Evident Injury;Non-Roadway;White;Male;Knightdale;Wake;No;01/01/2004;17/07/2008;Non-Roadway;13;Non-Roadway;01/07/2001;01/01/2001 13:09;Non-Roadway;460910;2008;B: Evident Injury;Commercial;70+;NA;No;11-15 mph;O: No Injury;White;Female;Passenger Car;No;No;Daylight;Urban (>70% Developed);NA;2;Straight - Grade;Public Vehicular Area;Dry;Two-Way, Not Divided;None;Driveway, Public;Coarse Asphalt;Piedmont;Urban;30 - 35  MPH;No Control Present;Clear;No;0.0, 0.0
478;479;Yes;50-59;55;No;With Traffic;B: Evident Injury;Sidewalk / Crosswalk / Driveway Crossing;White;Male;Wilmington;New Hanover;No;01/01/2003;21/05/2008;Motorist Failed to Yield - Midblock;15;Non-Intersection;01/05/2001;01/01/2001 15:55;Motorist Drive Out - Other Midblock;331328;2008;B: Evident Injury;Residential;50-59;50;No;0-5 mph;O: No Injury;White;Male;Single Unit Truck (2-Axle, 6-Tire);No;No;Daylight;Urban (>70% Developed);4 lanes;2;Straight - Grade;Local Street;Dry;Two-Way, Not Divided;None;Driveway, Private;Smooth Asphalt;Coastal;Urban;30 - 35  MPH;No Control Present;Clear;No;0.0, 0.0
481;482;Yes;10-juin;9;No;Not Applicable;B: Evident Injury;Driveway / Alley;White;Male;None - Rural Crash;Wilkes;No;01/01/2004;03/07/2008;Bicyclist Failed to Yield - Midblock;14;Non-Intersection;01/07/2001;01/01/2001 14:29;Bicyclist Ride Out - Residential Driveway;353311;2008;B: Evident Injury;Residential;70+;NA;No;16-20 mph;O: No Injury;White;Female;Passenger Car;No;No;Daylight;Rural (<30% Developed);2 lanes;2;Straight - Level;State Secondary Route;Dry;Two-Way, Not Divided;None;Driveway, Private;Smooth Asphalt;Mountains;Rural;30 - 35  MPH;Double Yellow Line, No Passing Zone;Clear;No;0.0, 0.0
496;497;Yes;25-29;27;No;Facing Traffic;B: Evident Injury;Travel Lane;White;Male;Greensboro;Guilford;No;NA;30/06/2008;Motorist Failed to Yield - Sign-Controlled Intersection;22;Intersection;01/06/2001;01/01/2001 22:18;Motorist Drive Out - Sign-Controlled Intersection;112141;2008;B: Evident Injury;Residential;25-29;29;No;6-10 mph;O: No Injury;White;Male;Passenger Car;No;No;Dark - Lighted Roadway;Urban (>70% Developed);4 lanes;2;Straight - Level;Local Street;Dry;Two-Way, Divided, Unprotected Median;None;Four-Way Intersection;Coarse Asphalt;Piedmont;Urban;30 - 35  MPH;Stop Sign;Clear;No;0.0, 0.0
4;5;No;50-59;57;No;Facing Traffic;C: Possible Injury;Sidewalk / Crosswalk / Driveway Crossing;Black;Male;Charlotte;Mecklenburg;No;NA;04/02/2008;Motorist Failed to Yield - Midblock;8;Non-Intersection;01/02/2001;01/01/2001 08:34;Motorist Drive Out - Commercial Driveway / Alley;332322;2008;C: Possible Injury;Commercial;30-39;39;No;0-5 mph;O: No Injury;Black;Female;Passenger Car;No;No;Daylight;Urban (>70% Developed);NA;2;Straight - Level;Private Road, Driveway;Dry;NA;None;Driveway, Public;Other;Piedmont;Urban;20 - 25  MPH;No Control Present;Cloudy;No;0.0, 0.0
7;8;No;20-24;22;No;Facing Traffic;C: Possible Injury;Sidewalk / Crosswalk / Driveway Crossing;Black;Male;Charlotte;Mecklenburg;No;NA;11/02/2008;Motorist Failed to Yield - Sign-Controlled Intersection;17;Intersection;01/02/2001;01/01/2001 17:42;Motorist Drive Out - Sign-Controlled Intersection;132141;2008;C: Possible Injury;Commercial;40-49;44;No;0-5 mph;O: No Injury;Black;Male;Passenger Car;No;No;Daylight;Urban (>70% Developed);2 lanes;2;Straight - Level;Local Street;Dry;Two-Way, Divided, Positive Median Barrier;None;T-Intersection;Smooth Asphalt;Piedmont;Urban;20 - 25  MPH;Stop Sign;Clear;No;0.0, 0.0
13;14;No;40-49;40;No;Facing Traffic;O: No Injury;Travel Lane;Black;Male;Charlotte;Mecklenburg;No;01/01/2002;22/01/2008;Crossing Paths - Other Circumstances;16;Intersection-Related;NA;01/01/2001 16:20;Crossing Paths - Intersection - Other /;212180;2008;O: No Injury;Commercial;25-29;29;No;11-15 mph;O: No Injury;Asian;Female;Passenger Car;No;No;Daylight;Urban (>70% Developed);8 lanes;2;Straight - Level;Local Street;Wet;Two-Way, Divided, Positive Median Barrier;None;No Special Feature;Coarse Asphalt;Piedmont;Urban;40 - 45  MPH;No Control Present;Rain;No;0.0, 0.0
14;15;No;30-39;38;No;With Traffic;C: Possible Injury;Travel Lane;White;Male;Lenoir;Caldwell;No;NA;25/02/2008;Motorist Failed to Yield - Sign-Controlled Intersection;9;Intersection;01/02/2001;01/01/2001 09:41;Motorist Drive Out - Sign-Controlled Intersection;111141;2008;C: Possible Injury;Commercial;70+;NA;No;0-5 mph;O: No Injury;White;Male;Passenger Car;No;No;Daylight;Urban (>70% Developed);5 lanes;2;Straight - Level;Local Street;Dry;Two-Way, Not Divided;None;Four-Way Intersection;Smooth Asphalt;Mountains;Urban;40 - 45  MPH;Stop Sign;Clear;No;0.0, 0.0
16;17;No;10-juin;8;No;With Traffic;C: Possible Injury;Sidewalk / Crosswalk / Driveway Crossing;Black;Male;Kinston;Lenoir;No;01/01/2007;02/03/2008;Bicyclist Failed to Yield - Sign-Controlled Intersection;14;Intersection;01/03/2001;01/01/2001 14:48;Bicyclist Ride Through - Sign-Controlled Intersection;131144;2008;C: Possible Injury;Commercial;70+;NA;No;NA;O: No Injury;Black;Female;Passenger Car;No;No;Daylight;Urban (>70% Developed);2 lanes;2;Straight - Bottom;Local Street;Dry;Two-Way, Not Divided;None;Four-Way Intersection;Coarse Asphalt;Coastal;Urban;NA;Stop Sign;Clear;No;0.0, 0.0
19;20;Yes;15-nov;11;No;Not Applicable;B: Evident Injury;Multi-use Path;White;Male;Cary;Wake;No;01/01/2005;14/03/2008;Bicyclist Failed to Yield - Sign-Controlled Intersection;13;Intersection;01/03/2001;01/01/2001 13:09;Bicyclist Ride Through - Sign-Controlled Intersection;143144;2008;B: Evident Injury;Residential;25-29;29;No;26-30 mph;O: No Injury;White;Female;Passenger Car;No;No;Daylight;Urban (>70% Developed);2 lanes;2;Straight - Grade;Local Street;Dry;Two-Way, Not Divided;None;Shared-Use Paths Or Trails;Smooth Asphalt;Piedmont;Urban;30 - 35  MPH;Stop Sign;Clear;No;0.0, 0.0
25;26;Yes;60-69;68;No;With Traffic;C: Possible Injury;Travel Lane;White;Male;None - Rural Crash;Guilford;No;01/01/2002;01/01/2008;Loss of Control / Turning Error;15;Intersection;NA;01/01/2001 15:40;Motorist Turning Error - Left Turn;111111;2008;C: Possible Injury;Farms, Woods, Pastures;70+;NA;No;11-15 mph;O: No Injury;White;Male;Pickup;No;No;Daylight;Rural (<30% Developed);2 lanes;2;Straight - Level;State Secondary Route;Dry;Two-Way, Not Divided;None;T-Intersection;Coarse Asphalt;Piedmont;Rural;40 - 45  MPH;Stop Sign;Clear;No;0.0, 0.0
28;29;No;0-5;5;No;Not Applicable;C: Possible Injury;Driveway / Alley;Black;Male;None - Rural Crash;Wake;No;01/01/2007;06/01/2008;Bicyclist Failed to Yield - Midblock;13;Non-Intersection;NA;01/01/2001 13:54;Bicyclist Ride Out - Residential Driveway;353311;2008;C: Possible Injury;Farms, Woods, Pastures;NA;NA;No;21-25 mph;Injury;/Missing;NA;NA;No;Yes;Daylight;Rural (<30% Developed);2 lanes;2;Straight - Level;Local Street;Dry;Two-Way, Not Divided;None;No Special Feature;Smooth Asphalt;Piedmont;Rural;40 - 45  MPH;No Control Present;Clear;No;0.0, 0.0
30;31;Yes;40-49;48;No;With Traffic;B: Evident Injury;Bike Lane / Paved Shoulder;White;Male;Charlotte;Mecklenburg;No;01/01/2003;02/04/2008;Motorist Left Turn / Merge;19;Intersection;01/04/2001;01/01/2001 19:40;Motorist Left Turn - Opposite Direction;121212;2008;B: Evident Injury;Commercial;30-39;34;No;6-10 mph;O: No Injury;White;Male;Passenger Car;No;No;Daylight;Urban (>70% Developed);2 lanes;2;Straight - Grade;Local Street;NA;Two-Way, Not Divided;None;T-Intersection;Coarse Asphalt;Piedmont;Urban;30 - 35  MPH;Stop Sign;Clear;No;0.0, 0.0
38;39;Yes;60-69;67;No;With Traffic;C: Possible Injury;Bike Lane / Paved Shoulder;Hispanic;Male;None - Rural Crash;Randolph;No;01/01/2003;09/01/2008;Motorist Overtaking Bicyclist;18;Non-Intersection;NA;01/01/2001 18:27;Motorist Overtaking - Misjudged Space;321232;2008;C: Possible Injury;Farms, Woods, Pastures;20-24;20;No;51-55 mph;O: No Injury;White;Male;Pickup;No;No;Dark - Roadway Not Lighted;Rural (<30% Developed);2 lanes;2;Straight - Level;US Route;Dry;Two-Way, Not Divided;None;No Special Feature;Smooth Asphalt;Piedmont;Rural;50 - 55  MPH;Double Yellow Line, No Passing Zone;Clear;No;0.0, 0.0
47;48;No;25-29;26;No;Not Applicable;O: No Injury;Sidewalk / Crosswalk / Driveway Crossing;White;Male;Raleigh;Wake;No;NA;14/01/2008;Non-Roadway;18;Non-Roadway;NA;01/01/2001 18:32;Non-Roadway;430910;2008;O: No Injury;Commercial;50-59;56;No;NA;O: No Injury;White;Female;Passenger Car;No;No;Dark - Lighted Roadway;Urban (>70% Developed);NA;2;Straight - Level;Public Vehicular Area;Dry;Two-Way, Not Divided;None;Driveway, Public;Smooth Asphalt;Piedmont;Urban;5 - 15 MPH;Missing;Clear;No;0.0, 0.0
55;56;Yes;25-29;28;No;Facing Traffic;C: Possible Injury;Sidewalk / Crosswalk / Driveway Crossing;Black;Male;Goldsboro;Wayne;No;NA;21/01/2008;Crossing Paths - Other Circumstances;17;Intersection;NA;01/01/2001 17:09;Signalized Intersection - Other /;132158;2008;C: Possible Injury;Commercial;30-39;34;No;0-5 mph;O: No Injury;White;Female;Sport Utility;No;No;Dusk;Urban (>70% Developed);4 lanes;2;Straight - Level;Local Street;Dry;Two-Way, Not Divided;None;Four-Way Intersection;Coarse Asphalt;Coastal;Urban;30 - 35  MPH;Stop And Go Signal;Clear;No;0.0, 0.0
62;63;Yes;15-nov;13;No;With Traffic;B: Evident Injury;Travel Lane;White;Male;Durham;Durham;No;01/01/2005;11/04/2008;Loss of Control / Turning Error;15;Intersection;01/04/2001;01/01/2001 15:25;Bicyclist Lost Control - Oversteering, Improper Braking, Speed;111122;2008;B: Evident Injury;Commercial;0-19;16;No;6-10 mph;O: No Injury;White;Female;Sport Utility;No;No;Daylight;Urban (>70% Developed);8 lanes;2;Straight - Level;Local Street;Dry;Two-Way, Not Divided;None;Four-Way Intersection;Smooth Asphalt;Piedmont;Urban;30 - 35  MPH;Stop And Go Signal;Clear;No;0.0, 0.0
64;65;No;40-49;41;No;With Traffic;C: Possible Injury;Travel Lane;White;Male;None - Rural Crash;Davie;No;01/01/2006;26/01/2008;Parallel Paths - Other Circumstances;11;Non-Intersection;NA;01/01/2001 11:29;Parallel Paths - Other /;311280;2008;C: Possible Injury;Residential;60-69;61;No;NA;O: No Injury;White;Male;Police;No;No;Daylight;Mixed (30% To 70% Developed);2 lanes;2;Straight - Level;State Secondary Route;Dry;Two-Way, Not Divided;None;No Special Feature;Smooth Asphalt;Piedmont;Rural;50 - 55  MPH;Missing;Clear;No;0.0, 0.0
65;66;Yes;40-49;42;No;With Traffic;B: Evident Injury;Travel Lane;White;Male;None - Rural Crash;Wilkes;No;01/01/2006;26/01/2008;Motorist Overtaking Bicyclist;19;Non-Intersection;NA;01/01/2001 19:09;Motorist Overtaking - Misjudged Space;311232;2008;B: Evident Injury;Residential;25-29;27;No;31-35 mph;O: No Injury;White;Female;Van;No;No;Daylight;Mixed (30% To 70% Developed);2 lanes;2;Straight - Grade;State Secondary Route;Dry;Two-Way, Not Divided;None;No Special Feature;Smooth Asphalt;Mountains;Rural;50 - 55  MPH;Double Yellow Line, No Passing Zone;Clear;No;0.0, 0.0
80;81;No;15-nov;12;No;Not Applicable;B: Evident Injury;Non-Roadway;White;Male;Wilson;Wilson;No;01/01/2005;01/02/2008;Non-Roadway;17;Non-Roadway;01/02/2001;01/01/2001 17:08;Non-Roadway;460910;2008;B: Evident Injury;Commercial;30-39;36;No;16-20 mph;O: No Injury;White;Female;Passenger Car;No;No;Daylight;Urban (>70% Developed);NA;2;Straight - Level;Public Vehicular Area;Wet;NA;None;No Special Feature;Smooth Asphalt;Coastal;Urban;30 - 35  MPH;Stop And Go Signal;Clear;No;0.0, 0.0
81;82;No;50-59;51;Yes;With Traffic;C: Possible Injury;Bike Lane / Paved Shoulder;Black;Male;Spencer;Rowan;Yes;01/01/2006;02/02/2008;Motorist Failed to Yield - Midblock;12;Non-Intersection;01/02/2001;01/01/2001 12:18;Motorist Drive Out - Commercial Driveway / Alley;321322;2008;C: Possible Injury;Commercial;60-69;69;No;NA;O: No Injury;White;Female;Passenger Car;No;No;Daylight;Mixed (30% To 70% Developed);4 lanes;2;Straight - Level;Public Vehicular Area;Dry;Two-Way, Not Divided;None;Driveway, Public;Smooth Asphalt;Piedmont;Rural;NA;Missing;Clear;No;0.0, 0.0
83;84;Yes;40-49;41;No;With Traffic;C: Possible Injury;Travel Lane;White;Male;Wrightsville Beach;New Hanover;No;01/01/2006;02/02/2008;Crossing Paths - Other Circumstances;10;Intersection;01/02/2001;01/01/2001 10:28;Sign-Controlled Intersection - Other /;111148;2008;C: Possible Injury;Residential;0-19;18;No;0-5 mph;O: No Injury;White;Male;Passenger Car;No;No;Daylight;Urban (>70% Developed);2 lanes;2;Straight - Level;Local Street;Dry;Two-Way, Not Divided;None;Four-Way Intersection;Coarse Asphalt;Coastal;Rural;20 - 25  MPH;No Control Present;Clear;No;0.0, 0.0
96;97;No;16-19;18;No;Facing Traffic;C: Possible Injury;Travel Lane;Black;Male;Fayetteville;Cumberland;No;01/01/2004;07/02/2008;Bicyclist Failed to Yield - Signalized Intersection;21;Intersection;01/02/2001;01/01/2001 21:08;Bicyclist Failed to Clear - Trapped;112156;2008;C: Possible Injury;Commercial;50-59;57;No;0-5 mph;Injury;White;Female;Passenger Car;No;No;Dark - Lighted Roadway;Urban (>70% Developed);6 lanes;2;Straight - Level;Local Street;Dry;Two-Way, Divided, Positive Median Barrier;None;Four-Way Intersection;Coarse Asphalt;Coastal;Urban;40 - 45  MPH;Stop And Go Signal;Clear;No;0.0, 0.0
97;98;No;25-29;26;No;With Traffic;C: Possible Injury;Travel Lane;White;Male;Boone;Watauga;No;01/01/2002;05/02/2008;Bicyclist Failed to Yield - Signalized Intersection;16;Intersection;01/02/2001;01/01/2001 16:42;Bicyclist Ride Through - Signalized Intersection;111155;2008;C: Possible Injury;Commercial;40-49;43;No;0-5 mph;O: No Injury;White;Female;Sport Utility;No;No;Daylight;Urban (>70% Developed);5 lanes;2;Straight - Level;Local Street;Dry;Two-Way, Not Divided;None;T-Intersection;Smooth Asphalt;Mountains;Urban;30 - 35  MPH;Stop And Go Signal;Clear;No;0.0, 0.0
100;101;Yes;50-59;51;Yes;Facing Traffic;C: Possible Injury;Sidewalk / Crosswalk / Driveway Crossing;Black;Male;Gastonia;Gaston;Yes;01/01/2005;08/02/2008;Motorist Right Turn / Merge;16;Intersection;01/02/2001;01/01/2001 16:47;Motorist Right Turn - Opposite Direction;132214;2008;C: Possible Injury;Commercial;NA;NA;Missing;0-5 mph;Injury;/Missing;NA;Passenger Car;No;Yes;Daylight;Urban (>70% Developed);6 lanes;2;Straight - Grade;Local Street;Dry;Two-Way, Not Divided;None;Four-Way Intersection;Smooth Asphalt;Piedmont;Urban;30 - 35  MPH;Stop And Go Signal;Clear;No;0.0, 0.0
114;115;No;25-29;29;No;Facing Traffic;C: Possible Injury;Sidewalk / Crosswalk / Driveway Crossing;Other;Male;Raleigh;Wake;No;01/01/2003;13/02/2008;Bicyclist Failed to Yield - Signalized Intersection;21;Intersection;01/02/2001;01/01/2001 21:13;Bicyclist Ride Through - Signalized Intersection;132155;2008;C: Possible Injury;Residential;0-19;19;No;6-10 mph;O: No Injury;White;Female;Sport Utility;No;No;Dark - Lighted Roadway;Urban (>70% Developed);5 lanes;2;Straight - Level;Local Street;Wet;Two-Way, Divided, Unprotected Median;None;Four-Way Intersection;Smooth Asphalt;Piedmont;Urban;30 - 35  MPH;Stop And Go Signal;Rain;No;0.0, 0.0
116;117;Yes;50-59;57;Yes;Facing Traffic;C: Possible Injury;Travel Lane;Black;Male;None - Rural Crash;Beaufort;Yes;NA;18/02/2008;Motorist Overtaking Bicyclist;18;Non-Intersection;01/02/2001;01/01/2001 18:40;Motorist Overtaking - Misjudged Space;312232;2008;C: Possible Injury;Farms, Woods, Pastures;70+;NA;No;51-55 mph;O: No Injury;White;Male;Passenger Car;No;No;Dark - Roadway Not Lighted;Rural (<30% Developed);2 lanes;2;Straight - Level;State Secondary Route;Dry;Two-Way, Not Divided;None;No Special Feature;Smooth Asphalt;Coastal;Rural;50 - 55  MPH;No Control Present;Clear;No;0.0, 0.0
120;121;No;15-nov;11;No;With Traffic;C: Possible Injury;Travel Lane;White;Female;Trent Woods;Craven;No;01/01/2002;19/02/2008;Bicyclist Left Turn / Merge;17;Non-Intersection;01/02/2001;01/01/2001 17:34;Bicyclist Left Turn - Same Direction;311221;2008;C: Possible Injury;Residential;70+;NA;No;NA;O: No Injury;White;Male;Passenger Car;No;No;Daylight;Urban (>70% Developed);2 lanes;2;Straight - Level;Local Street;Dry;Two-Way, Not Divided;None;No Special Feature;Smooth Asphalt;Coastal;Rural;20 - 25  MPH;No Control Present;Clear;No;0.0, 0.0
123;124;No;50-59;55;No;Facing Traffic;B: Evident Injury;Travel Lane;Black;Male;Greensboro;Guilford;No;01/01/2005;22/02/2008;Bicyclist Failed to Yield - Signalized Intersection;1;Intersection;01/02/2001;01/01/2001 01:49;Bicyclist Ride Through - Signalized Intersection;112155;2008;B: Evident Injury;Commercial;25-29;25;No;6-10 mph;O: No Injury;Black;Male;Passenger Car;No;No;Dark - Lighted Roadway;Urban (>70% Developed);5 lanes;2;Straight - Level;Local Street;Wet;Two-Way, Divided, Unprotected Median;None;Bridge;Smooth Asphalt;Piedmont;Urban;30 - 35  MPH;Stop And Go Signal;Rain;No;0.0, 0.0
125;126;Yes;20-24;22;Yes;With Traffic;B: Evident Injury;Travel Lane;Black;Female;Kinston;Lenoir;Yes;01/01/2002;29/04/2008;Bicyclist Failed to Yield - Sign-Controlled Intersection;23;Intersection;01/04/2001;01/01/2001 23:27;Bicyclist Ride Through - Sign-Controlled Intersection;111144;2008;B: Evident Injury;Residential;50-59;57;No;11-15 mph;O: No Injury;Black;Female;Van;No;No;Dark - Lighted Roadway;Urban (>70% Developed);2 lanes;2;Straight - Grade;Local Street;Dry;Two-Way, Not Divided;None;Four-Way Intersection;Smooth Asphalt;Coastal;Urban;30 - 35  MPH;Stop Sign;Clear;No;0.0, 0.0
128;129;Yes;30-39;38;No;With Traffic;C: Possible Injury;Bike Lane / Paved Shoulder;White;Male;Charlotte;Mecklenburg;No;01/01/2003;30/04/2008;Motorist Right Turn / Merge;17;Non-Intersection;01/04/2001;01/01/2001 17:52;Motorist Right Turn - Same Direction;321213;2008;C: Possible Injury;Commercial;40-49;43;No;31-35 mph;O: No Injury;White;Male;Van;No;No;Daylight;Urban (>70% Developed);6 lanes;2;Straight - Level;Local Street;Dry;Two-Way, Divided, Unprotected Median;None;No Special Feature;Smooth Asphalt;Piedmont;Urban;30 - 35  MPH;No Control Present;Clear;No;0.0, 0.0
129;130;No;25-29;28;No;Facing Traffic;C: Possible Injury;Sidewalk / Crosswalk / Driveway Crossing;White;Male;Gastonia;Gaston;No;NA;25/02/2008;Motorist Failed to Yield - Midblock;14;Non-Intersection;01/02/2001;01/01/2001 14:43;Motorist Drive Out - Commercial Driveway / Alley;332322;2008;C: Possible Injury;Commercial;50-59;52;No;NA;O: No Injury;White;Female;Passenger Car;No;No;Daylight;Urban (>70% Developed);NA;2;Straight - Grade;Public Vehicular Area;Dry;Two-Way, Not Divided;None;Driveway, Public;Smooth Asphalt;Piedmont;Urban;NA;Missing;Clear;No;0.0, 0.0
130;131;No;40-49;44;No;With Traffic;B: Evident Injury;Travel Lane;Black;Male;None - Rural Crash;Edgecombe;No;01/01/2002;26/02/2008;Motorist Overtaking Bicyclist;11;Non-Intersection;01/02/2001;01/01/2001 11:46;Motorist Overtaking - Misjudged Space;311232;2008;B: Evident Injury;Farms, Woods, Pastures;70+;NA;No;41-45 mph;O: No Injury;White;Male;Passenger Car;No;No;Daylight;Rural (<30% Developed);2 lanes;2;Straight - Grade;NC Route;Wet;Two-Way, Not Divided;None;No Special Feature;Smooth Asphalt;Coastal;Rural;50 - 55  MPH;Double Yellow Line, No Passing Zone;Rain;No;0.0, 0.0
131;132;Yes;20-24;23;No;Not Applicable;C: Possible Injury;Non-Roadway;Black;Male;Jacksonville;Onslow;No;01/01/2003;27/02/2008;Bicyclist Failed to Yield - Midblock;16;Non-Intersection;01/02/2001;01/01/2001 16:58;Bicyclist Ride Out - Other Midblock;363318;2008;C: Possible Injury;Commercial;40-49;47;No;31-35 mph;O: No Injury;White;Female;Sport Utility;No;No;Daylight;Urban (>70% Developed);4 lanes;2;Straight - Level;Local Street;Dry;Two-Way, Divided, Unprotected Median;None;No Special Feature;Smooth Asphalt;Coastal;Urban;30 - 35  MPH;No Control Present;Clear;No;0.0, 0.0
133;134;No;15-nov;13;No;With Traffic;B: Evident Injury;Travel Lane;White;Male;None - Rural Crash;Johnston;No;01/01/2003;27/02/2008;Bicyclist Left Turn / Merge;17;Intersection;01/02/2001;01/01/2001 17:20;Bicyclist Left Turn - Same Direction;111221;2008;B: Evident Injury;Residential;60-69;62;No;51-55 mph;O: No Injury;White;Male;Passenger Car;No;No;Daylight;Rural (<30% Developed);2 lanes;2;Straight - Level;State Secondary Route;Dry;Two-Way, Not Divided;None;T-Intersection;Coarse Asphalt;Coastal;Rural;50 - 55  MPH;Double Yellow Line, No Passing Zone;Clear;No;0.0, 0.0
921;922;No;50-59;55;No;With Traffic;C: Possible Injury;NA;White;Male;Raleigh;Wake;No;01/01/2006;10/11/2007;Motorist Left Turn / Merge;0;Intersection;01/11/2001;01/01/2001 00:14;Motorist Left Turn - Opposite Direction;191212;2007;C: Possible Injury;Commercial;NA;NA;Missing;16-20 mph;Injury;/Missing;NA;Passenger Car;No;Yes;Dark - Lighted Roadway;Urban (>70% Developed);5 lanes;2;Straight - Level;Local Street;Dry;Two-Way, Not Divided;None;T-Intersection;Smooth Asphalt;Piedmont;Urban;40 - 45  MPH;Stop And Go Signal;Clear;No;35.872894, -78.62239