FID;OBJECTID;AmbulanceR;BikeAge_Gr;Bike_Age;Bike_Alc_D;Bike_Dir;Bike_Injur;Bike_Pos;Bike_Race;Bike_Sex;City;County;CrashAlcoh;CrashDay;Crash_Date;Crash_Grp;Crash_Hour;Crash_Loc;Crash_Mont;Crash_Time;Crash_Type;Crash_Ty_1;Crash_Year;Crsh_Sevri;Developmen;DrvrAge_Gr;Drvr_Age;Drvr_Alc_D;Drvr_EstSp;Drvr_Injur;Drvr_Race;Drvr_Sex;Drvr_VehTy;ExcsSpdInd;Hit_Run;Light_Cond;Locality;Num_Lanes;Num_Units;Rd_Charact;Rd_Class;Rd_Conditi;Rd_Config;Rd_Defects;Rd_Feature;Rd_Surface;Region;Rural_Urba;Speed_Limi;Traff_Cntr;Weather;Workzone_I;Location
926;927;Yes;30-39;38;No;With Traffic;B: Evident Injury;Travel Lane;White;Male;High Point;Guilford;No;01/01/2004;15/11/2007;Bicyclist Failed to Yield - Signalized Intersection;16;Intersection;01/11/2001;01/01/2001 16:45;Bicyclist Ride Out - Signalized  Intersection;111153;2007;B: Evident Injury;Commercial;40-49;48;No;26-30 mph;O: No Injury;White;Male;Pickup;No;No;Daylight;Urban (>70% Developed);4 lanes;2;Straight - Level;Local Street;Dry;Two-Way, Not Divided;None;Four-Way Intersection;Smooth Asphalt;Piedmont;Urban;30 - 35  MPH;Stop And Go Signal;Clear;No;35.931164, -80.03464
934;935;Yes;40-49;46;Yes;With Traffic;C: Possible Injury;Travel Lane;Black;Male;None - Rural Crash;Duplin;Yes;01/01/2003;21/11/2007;Motorist Failed to Yield - Sign-Controlled Intersection;22;Intersection;01/11/2001;01/01/2001 22:44;Motorist Drive Out - Sign-Controlled Intersection;111141;2007;C: Possible Injury;Farms, Woods, Pastures;25-29;25;No;21-25 mph;O: No Injury;White;Male;Pickup;No;No;Dark - Roadway Not Lighted;Rural (<30% Developed);2 lanes;2;Straight - Level;NC Route;Dry;Two-Way, Not Divided;None;Four-Way Intersection;Coarse Asphalt;Coastal;Rural;50 - 55  MPH;Stop Sign;Clear;No;34.80681, -77.942726
936;937;No;40-49;44;No;With Traffic;O: No Injury;Travel Lane;/Missing;NA;None - Rural Crash;New Hanover;No;01/01/2005;23/11/2007;Motorist Overtaking Bicyclist;6;Non-Intersection;01/11/2001;01/01/2001 05:59;Motorist Overtaking - Misjudged Space;311232;2007;O: No Injury;Commercial;NA;NA;Missing;51-55 mph;Injury;/Missing;NA;NA;No;Yes;Dark - Roadway Not Lighted;Mixed (30% To 70% Developed);4 lanes;2;Straight - Level;US Route;Dry;Two-Way, Divided, Unprotected Median;None;No Special Feature;Coarse Asphalt;Coastal;Rural;50 - 55  MPH;No Control Present;Cloudy;No;34.112797, -77.90031
941;942;Yes;50-59;53;No;NA;C: Possible Injury;NA;Black;Male;None - Rural Crash;Lenoir;No;01/01/2002;27/11/2007;Other /  - Insufficient Details;6;Location;01/11/2001;01/01/2001 06:16;Location;999980;2007;C: Possible Injury;Commercial;70+;NA;No;56-60 mph;O: No Injury;White;Male;Single Unit Truck (2-Axle, 6-Tire);No;No;Dawn;Mixed (30% To 70% Developed);2 lanes;2;Straight - Bottom;US Route;Wet;Two-Way, Not Divided;None;Bridge;Coarse Asphalt;Coastal;Rural;50 - 55  MPH;Double Yellow Line, No Passing Zone;Clear;No;35.22743, -77.61051
951;952;No;15-nov;13;No;With Traffic;C: Possible Injury;Travel Lane;White;Male;Statesville;Iredell;No;01/01/2006;01/12/2007;Bicyclist Failed to Yield - Sign-Controlled Intersection;14;Intersection;01/12/2001;01/01/2001 13:59;Bicyclist Ride Out - Sign-Controlled Intersection;111142;2007;C: Possible Injury;Residential;NA;NA;No;0-5 mph;Injury;/Missing;NA;NA;No;Yes;Daylight;Urban (>70% Developed);2 lanes;2;Straight - Level;Local Street;Dry;Two-Way, Not Divided;None;Four-Way Intersection;Coarse Asphalt;Piedmont;Urban;30 - 35  MPH;Stop Sign;Clear;No;35.793907, -80.87912
954;955;No;16-19;19;No;NA;C: Possible Injury;NA;White;Male;Lexington;Davidson;No;NA;03/12/2007;Bicyclist Failed to Yield - Midblock;17;Non-Intersection;01/12/2001;01/01/2001 17:05;Bicyclist Ride Out - Midblock -;399319;2007;C: Possible Injury;Residential;70+;NA;No;31-35 mph;O: No Injury;White;Male;Sport Utility;No;No;Daylight;Urban (>70% Developed);3 lanes;2;Straight - Level;Local Street;Dry;One-Way, Not Divided;None;No Special Feature;Coarse Asphalt;Piedmont;Urban;30 - 35  MPH;No Control Present;Clear;No;35.833904, -80.253075
955;956;No;10-juin;6;No;With Traffic;O: No Injury;Travel Lane;White;Male;High Point;Guilford;No;01/01/2007;02/12/2007;Bicyclist Failed to Yield - Sign-Controlled Intersection;16;Intersection;01/12/2001;01/01/2001 15:59;Bicyclist Ride Through - Sign-Controlled Intersection;111144;2007;O: No Injury;Residential;50-59;59;No;11-15 mph;O: No Injury;White;Male;Passenger Car;No;No;Daylight;Urban (>70% Developed);2 lanes;2;Straight - Grade;Public Vehicular Area;Dry;Two-Way, Not Divided;None;T-Intersection;Smooth Asphalt;Piedmont;Urban;30 - 35  MPH;Stop Sign;Clear;No;35.97927, -80.03022
956;957;Yes;40-49;41;No;With Traffic;C: Possible Injury;Travel Lane;Asian;Male;Tarboro;Edgecombe;No;NA;03/12/2007;Motorist Overtaking Bicyclist;22;Non-Intersection;01/12/2001;01/01/2001 22:27;Motorist Overtaking - Undetected Bicyclist;311231;2007;C: Possible Injury;Commercial;20-24;21;No;41-45 mph;O: No Injury;White;Male;Passenger Car;No;No;Dark - Lighted Roadway;Urban (>70% Developed);3 lanes;2;Straight - Level;Local Street;Dry;Two-Way, Divided, Unprotected Median;None;No Special Feature;Smooth Asphalt;Coastal;Urban;40 - 45  MPH;Stop Sign;Clear;No;35.89645, -77.55689
975;976;Yes;40-49;41;No;With Traffic;C: Possible Injury;Travel Lane;Black;Male;Goldsboro;Wayne;No;01/01/2004;13/12/2007;Bicyclist Left Turn / Merge;14;Non-Intersection;01/12/2001;01/01/2001 14:46;Bicyclist Left Turn - Same Direction;311221;2007;C: Possible Injury;Commercial;40-49;44;No;31-35 mph;O: No Injury;Black;Male;Pickup;No;No;Daylight;Urban (>70% Developed);5 lanes;2;Straight - Level;Local Street;Dry;Two-Way, Divided, Unprotected Median;None;No Special Feature;Smooth Asphalt;Coastal;Urban;30 - 35  MPH;No Control Present;Cloudy;No;35.375713, -77.96075
988;989;Yes;40-49;44;No;With Traffic;B: Evident Injury;Travel Lane;White;Male;Fayetteville;Cumberland;No;01/01/2005;28/12/2007;Motorist Overtaking Bicyclist;16;Non-Intersection;01/12/2001;01/01/2001 16:54;Motorist Overtaking - Other /;311239;2007;B: Evident Injury;Residential;NA;NA;Missing;NA;Injury;/Missing;NA;NA;No;Yes;Daylight;Urban (>70% Developed);2 lanes;2;Straight - Grade;Local Street;Dry;Two-Way, Not Divided;None;No Special Feature;Coarse Asphalt;Coastal;Urban;20 - 25  MPH;No Control Present;Clear;No;35.0093, -78.968735
991;992;Yes;25-29;27;No;Facing Traffic;B: Evident Injury;Travel Lane;Hispanic;Female;None - Rural Crash;Columbus;No;01/01/2006;29/12/2007;Head-On;9;Non-Intersection;01/12/2001;01/01/2001 09:57;Head-On - Bicyclist;312250;2007;B: Evident Injury;Farms, Woods, Pastures;40-49;41;No;56-60 mph;O: No Injury;White;Male;Pickup;Yes;No;Daylight;Rural (<30% Developed);2 lanes;2;Straight - Level;NC Route;Dry;Two-Way, Not Divided;None;No Special Feature;Coarse Asphalt;Coastal;Rural;50 - 55  MPH;Double Yellow Line, No Passing Zone;Clear;No;34.1193, -78.84471
999;1000;Yes;20-24;20;No;With Traffic;B: Evident Injury;Travel Lane;White;Female;Kill Devil Hills;Dare;No;01/01/2007;24/06/2007;Parallel Paths - Other Circumstances;2;Non-Intersection;01/06/2001;01/01/2001 02:57;Parallel Paths - Other /;311280;2007;B: Evident Injury;Commercial;0-19;16;No;NA;O: No Injury;White;Male;Sport Utility;No;Yes;Dark - Lighted Roadway;Urban (>70% Developed);4 lanes;2;Straight - Level;US Route;Dry;Two-Way, Divided, Unprotected Median;None;No Special Feature;Coarse Asphalt;Coastal;Urban;50 - 55  MPH;No Control Present;Clear;No;36.005005, -75.65568
6;7;No;50-59;51;Yes;With Traffic;A: Disabling Injury;Travel Lane;Black;Male;None - Rural Crash;Randolph;Yes;01/01/2006;06/01/2007;Motorist Overtaking Bicyclist;19;Non-Intersection;NA;01/01/2001 19:09;Motorist Overtaking - Undetected Bicyclist;311231;2007;A: Disabling Injury;Farms, Woods, Pastures;60-69;61;No;41-45 mph;O: No Injury;White;Male;Pickup;No;No;Dark - Roadway Not Lighted;Rural (<30% Developed);2 lanes;2;Straight - Level;State Secondary Route;Dry;Two-Way, Not Divided;None;No Special Feature;Coarse Asphalt;Piedmont;Rural;50 - 55  MPH;Double Yellow Line, No Passing Zone;Cloudy;No;35.839287, -79.59008
9;10;No;30-39;39;No;With Traffic;B: Evident Injury;Travel Lane;White;Male;Eden;Rockingham;No;01/01/2002;20/02/2007;Motorist Overtaking Bicyclist;9;Intersection-Related;01/02/2001;01/01/2001 09:45;Motorist Overtaking - Other /;211239;2007;B: Evident Injury;Residential;70+;NA;No;41-45 mph;Injury;/Missing;Male;Passenger Car;No;Yes;Daylight;Urban (>70% Developed);2 lanes;2;Straight - Grade;Local Street;Dry;Two-Way, Not Divided;NA;No Special Feature;Smooth Asphalt;Piedmont;Urban;30 - 35  MPH;No Control Present;Clear;No;36.512688, -79.75971
10;11;Yes;16-19;19;Yes;Facing Traffic;A: Disabling Injury;Travel Lane;Hispanic;Male;Cary;Wake;Yes;01/01/2006;10/02/2007;Bicyclist Right Turn / Merge;21;Non-Intersection;01/02/2001;01/01/2001 21:10;Bicyclist Right Turn - Opposite Direction;312224;2007;A: Disabling Injury;Commercial;20-24;24;Yes;31-35 mph;O: No Injury;White;Female;Passenger Car;No;No;Dark - Lighted Roadway;Urban (>70% Developed);4 lanes;2;Straight - Level;State Secondary Route;Dry;Two-Way, Not Divided;None;No Special Feature;Smooth Asphalt;Piedmont;Urban;30 - 35  MPH;No Control Present;Clear;No;35.79067, -78.77092
32;33;Yes;16-19;18;No;Not Applicable;B: Evident Injury;Driveway / Alley;Hispanic;Male;Wilmington;New Hanover;No;01/01/2006;13/01/2007;Bicyclist Failed to Yield - Midblock;10;Non-Intersection;NA;01/01/2001 10:13;Bicyclist Ride Out - Commercial Driveway / Alley;353312;2007;B: Evident Injury;Commercial;20-24;23;No;11-15 mph;O: No Injury;Black;Male;Passenger Car;No;No;Daylight;Urban (>70% Developed);4 lanes;2;Straight - Level;Local Street;Dry;Two-Way, Not Divided;None;No Special Feature;Smooth Asphalt;Coastal;Urban;40 - 45  MPH;No Control Present;Clear;No;34.209282, -77.8869
39;40;Yes;40-49;49;No;With Traffic;C: Possible Injury;Travel Lane;Black;Male;None - Rural Crash;Pitt;No;01/01/2002;02/01/2007;Motorist Overtaking Bicyclist;18;Non-Intersection;NA;01/01/2001 18:20;Motorist Overtaking - Undetected Bicyclist;311231;2007;C: Possible Injury;Farms, Woods, Pastures;40-49;46;No;36-40 mph;O: No Injury;White;Male;Passenger Car;No;No;Dark - Roadway Not Lighted;Rural (<30% Developed);2 lanes;2;Straight - Level;State Secondary Route;Dry;Two-Way, Not Divided;None;No Special Feature;Smooth Asphalt;Coastal;Rural;50 - 55  MPH;No Control Present;Clear;No;35.615498, -77.5762
42;43;Yes;20-24;21;No;With Traffic;B: Evident Injury;Travel Lane;White;Female;Asheville;Buncombe;No;NA;26/03/2007;Motorist Overtaking Bicyclist;23;Non-Intersection;01/03/2001;01/01/2001 23:03;Motorist Overtaking - Bicyclist Swerved;311235;2007;B: Evident Injury;Institutional;30-39;39;No;16-20 mph;O: No Injury;Black;Male;Sport Utility;No;No;Dark - Lighted Roadway;Urban (>70% Developed);2 lanes;2;Straight - Level;Local Street;Dry;Two-Way, Not Divided;None;No Special Feature;Smooth Asphalt;Mountains;Urban;20 - 25  MPH;No Control Present;Clear;No;35.617664, -82.56375
43;44;Yes;20-24;22;No;Facing Traffic;C: Possible Injury;Travel Lane;White;Male;Jacksonville;Onslow;No;01/01/2005;19/01/2007;Motorist Failed to Yield - Midblock;13;Non-Intersection;NA;01/01/2001 13:25;Motorist Drive Out - Commercial Driveway / Alley;312322;2007;C: Possible Injury;Commercial;30-39;37;No;0-5 mph;O: No Injury;White;Male;Pickup;No;No;Daylight;Urban (>70% Developed);6 lanes;2;Straight - Level;NC Route;Dry;Two-Way, Divided, Unprotected Median;None;No Special Feature;Smooth Asphalt;Coastal;Urban;40 - 45  MPH;No Control Present;Clear;No;34.74369, -77.38374
251;252;Yes;70+;NA;No;Facing Traffic;C: Possible Injury;Travel Lane;White;Male;Tarboro;Edgecombe;No;01/01/2006;21/05/2011;Motorist Failed to Yield - Midblock;14;Non-Intersection;01/05/2001;01/01/2001 14:26;Motorist Drive Out - Commercial Driveway / Alley;312322;2011;C: Possible Injury;Commercial;20-24;20;No;6-10 mph;O: No Injury;Black;Male;Passenger Car;No;No;Daylight;Urban (>70% Developed);5 lanes;2;Straight - Level;NC Route;Dry;Two-Way, Not Divided;None;No Special Feature;Smooth Asphalt;Coastal;Urban;30 - 35  MPH;No Control Present;Clear;No;35.91616, -77.5467
252;253;Yes;15-nov;12;No;With Traffic;B: Evident Injury;Travel Lane;Black;Male;Durham;Durham;No;01/01/2004;26/05/2011;Bicyclist Left Turn / Merge;18;Intersection-Related;01/05/2001;01/01/2001 18:24;Bicyclist Left Turn - Same Direction;211221;2011;B: Evident Injury;Residential;20-24;21;No;21-25 mph;O: No Injury;Black;Female;Passenger Car;No;No;Daylight;Urban (>70% Developed);2 lanes;2;Straight - Level;Local Street;Dry;Two-Way, Divided, Unprotected Median;None;No Special Feature;Smooth Asphalt;Piedmont;Urban;30 - 35  MPH;No Control Present;Clear;No;35.98019, -78.9052
254;255;Yes;15-nov;15;No;With Traffic;C: Possible Injury;Travel Lane;White;Male;None - Rural Crash;Madison;Yes;01/01/2003;25/05/2011;Motorist Overtaking Bicyclist;21;Non-Intersection;01/05/2001;01/01/2001 21:30;Motorist Overtaking - Undetected Bicyclist;311231;2011;K: Killed;Farms, Woods, Pastures;25-29;29;No;31-35 mph;O: No Injury;White;Male;Sport Utility;No;No;Dark - Roadway Not Lighted;Rural (<30% Developed);2 lanes;3;Straight - Grade;US Route;Dry;Two-Way, Not Divided;None;No Special Feature;Smooth Asphalt;Mountains;Rural;40 - 45  MPH;Double Yellow Line, No Passing Zone;Clear;No;35.8382, -82.716
260;261;Yes;10-juin;8;No;With Traffic;C: Possible Injury;Travel Lane;Black;Female;Henderson;Vance;Yes;NA;09/05/2011;Bicyclist Failed to Yield - Sign-Controlled Intersection;18;Intersection;01/05/2001;01/01/2001 18:11;Bicyclist Ride Through - Sign-Controlled Intersection;111144;2011;C: Possible Injury;Residential;0-19;19;Yes;31-35 mph;O: No Injury;Black;Male;Pickup;No;No;Daylight;Urban (>70% Developed);NA;2;Straight - Level;Local Street;Dry;Two-Way, Not Divided;None;Four-Way Intersection;Coarse Asphalt;Piedmont;Urban;30 - 35  MPH;Stop Sign;Clear;No;36.33039, -78.3946
262;263;Yes;16-19;16;No;With Traffic;B: Evident Injury;Travel Lane;White;Male;None - Rural Crash;Onslow;No;01/01/2002;31/05/2011;Bicyclist Left Turn / Merge;16;Non-Intersection;01/05/2001;01/01/2001 16:45;Bicyclist Left Turn - Same Direction;311221;2011;B: Evident Injury;Residential;30-39;31;No;41-45 mph;O: No Injury;White;Female;Passenger Car;No;No;Daylight;Rural (<30% Developed);2 lanes;2;Straight - Level;State Secondary Route;Dry;Two-Way, Not Divided;None;No Special Feature;Coarse Asphalt;Coastal;Rural;40 - 45  MPH;No Control Present;Clear;No;34.90234, -77.5445
264;265;Yes;25-29;26;No;With Traffic;B: Evident Injury;Travel Lane;White;Male;None - Rural Crash;Rowan;No;01/01/2003;01/06/2011;Bicyclist Left Turn / Merge;21;Non-Intersection;01/06/2001;01/01/2001 21:25;Bicyclist Left Turn - Same Direction;311221;2011;B: Evident Injury;Farms, Woods, Pastures;60-69;60;No;51-55 mph;O: No Injury;White;Male;Van;No;No;Dark - Roadway Not Lighted;Rural (<30% Developed);2 lanes;2;Straight - Level;State Secondary Route;Dry;Two-Way, Not Divided;None;No Special Feature;Smooth Asphalt;Piedmont;Rural;50 - 55  MPH;Double Yellow Line, No Passing Zone;Clear;No;35.54532, -80.5202
271;272;Yes;20-24;20;No;NA;B: Evident Injury;NA;White;Male;Lumberton;Robeson;No;01/01/2003;11/05/2011;Bicyclist Failed to Yield - Sign-Controlled Intersection;13;Intersection;01/05/2001;01/01/2001 13:50;Bicyclist Ride Through - Sign-Controlled Intersection;199144;2011;B: Evident Injury;Residential;NA;NA;Missing;11-15 mph;Injury;/Missing;NA;NA;No;Yes;Daylight;Urban (>70% Developed);2 lanes;2;Straight - Level;Local Street;Dry;Two-Way, Not Divided;None;Driveway, Public;Coarse Asphalt;Coastal;Urban;5 - 15 MPH;Stop Sign;Clear;No;34.61127, -78.9746
280;281;No;40-49;48;No;With Traffic;C: Possible Injury;Bike Lane / Paved Shoulder;White;Male;Chapel Hill;Orange;No;NA;16/05/2011;Motorist Overtaking Bicyclist;13;Non-Intersection;01/05/2001;01/01/2001 13:13;Motorist Overtaking - Misjudged Space;321232;2011;C: Possible Injury;Commercial;NA;NA;Missing;41-45 mph;Injury;/Missing;NA;NA;No;Yes;Daylight;Urban (>70% Developed);4 lanes;2;Straight - Level;US Route;Dry;Two-Way, Divided, Unprotected Median;None;On or Off Ramp;Concrete;Piedmont;Urban;40 - 45  MPH;No Control Present;Clear;No;35.90935, -79.0269
283;284;No;NA;NA;Missing;Facing Traffic;Injury;NA;/Missing;NA;Raleigh;Wake;No;NA;16/05/2011;Head-On;7;Intersection;01/05/2001;01/01/2001 07:17;Head-On - Bicyclist;192250;2011;O: No Injury;Institutional;30-39;35;No;0-5 mph;O: No Injury;Black;Male;Sport Utility;No;No;Daylight;Mixed (30% To 70% Developed);3 lanes;2;Straight - Hillcrest;Local Street;Dry;Two-Way, Not Divided;None;Four-Way Intersection;Smooth Asphalt;Piedmont;Urban;20 - 25  MPH;Stop And Go Signal;Clear;No;35.78242, -78.6787
288;289;No;15-nov;12;No;Not Applicable;C: Possible Injury;Driveway / Alley;White;Male;Asheville;Buncombe;No;01/01/2002;24/05/2011;Bicyclist Failed to Yield - Midblock;17;Non-Intersection;01/05/2001;01/01/2001 17:20;Bicyclist Ride Out - Residential Driveway;353311;2011;C: Possible Injury;Residential;25-29;25;No;16-20 mph;O: No Injury;White;Female;Van;No;No;Daylight;Urban (>70% Developed);2 lanes;2;Straight - Grade;Local Street;Dry;Two-Way, Not Divided;None;No Special Feature;Smooth Asphalt;Mountains;Urban;20 - 25  MPH;No Control Present;Clear;No;35.58471, -82.601
289;290;Yes;70+;NA;No;With Traffic;O: No Injury;Travel Lane;Black;Female;Gastonia;Gaston;No;01/01/2007;22/05/2011;Motorist Overtaking Bicyclist;15;Intersection;01/05/2001;01/01/2001 15:23;Motorist Overtaking - Other /;111239;2011;C: Possible Injury;Commercial;50-59;52;No;31-35 mph;C: Possible Injury;White;Male;Passenger Car;No;No;Daylight;Urban (>70% Developed);3 lanes;2;Straight - Grade;NC Route;Dry;Two-Way, Not Divided;None;Four-Way Intersection;Smooth Asphalt;Piedmont;Urban;40 - 45  MPH;Stop And Go Signal;Clear;No;35.28569, -81.2398
290;291;No;15-nov;13;No;With Traffic;B: Evident Injury;Travel Lane;White;Female;Durham;Durham;No;01/01/2005;10/06/2011;Loss of Control / Turning Error;19;Intersection;01/06/2001;01/01/2001 19:17;Bicyclist Lost Control - Oversteering, Improper Braking, Speed;111122;2011;B: Evident Injury;Residential;NA;NA;Missing;0-5 mph;Injury;/Missing;NA;Passenger Car;No;No;Daylight;Urban (>70% Developed);2 lanes;2;Straight - Level;Local Street;Dry;Two-Way, Not Divided;None;No Special Feature;Smooth Asphalt;Piedmont;Urban;30 - 35  MPH;No Control Present;Clear;No;35.99547, -78.9195
293;294;Yes;30-39;37;No;Facing Traffic;C: Possible Injury;Sidewalk / Crosswalk / Driveway Crossing;Black;Female;None - Rural Crash;Brunswick;No;01/01/2004;09/06/2011;Motorist Failed to Yield - Midblock;16;Non-Intersection;01/06/2001;01/01/2001 16:04;Motorist Drive Out - Midblock -;332329;2011;C: Possible Injury;Commercial;40-49;40;No;6-10 mph;O: No Injury;White;Female;Passenger Car;No;No;Daylight;Urban (>70% Developed);3 lanes;2;Straight - Level;NC Route;Dry;Two-Way, Not Divided;None;Driveway, Public;Coarse Asphalt;Coastal;Rural;5 - 15 MPH;No Control Present;Clear;No;33.93678, -78.0255
296;297;Yes;15-nov;14;No;With Traffic;B: Evident Injury;Travel Lane;White;Male;Asheboro;Randolph;No;01/01/2002;24/05/2011;Bicyclist Left Turn / Merge;7;Non-Intersection;01/05/2001;01/01/2001 07:42;Bicyclist Left Turn - Same Direction;311221;2011;B: Evident Injury;Residential;25-29;27;No;31-35 mph;O: No Injury;White;Female;Passenger Car;No;No;Daylight;Urban (>70% Developed);2 lanes;2;Straight - Level;State Secondary Route;Dry;Two-Way, Not Divided;None;No Special Feature;Smooth Asphalt;Piedmont;Urban;30 - 35  MPH;No Control Present;Clear;No;35.69781, -79.8204
297;298;No;10-juin;10;No;Not Applicable;C: Possible Injury;Travel Lane;Black;Male;Zebulon;Wake;No;01/01/2006;11/06/2011;Parallel Paths - Other Circumstances;15;Intersection;01/06/2001;01/01/2001 15:39;Parallel Paths - Other /;113280;2011;C: Possible Injury;Commercial;0-19;18;No;0-5 mph;O: No Injury;Black;Female;Passenger Car;No;No;Daylight;Urban (>70% Developed);3 lanes;2;Straight - Level;Local Street;Dry;Two-Way, Not Divided;None;No Special Feature;Coarse Asphalt;Piedmont;Rural;30 - 35  MPH;Stop Sign;Clear;No;35.82028, -78.3273
299;300;No;20-24;21;No;With Traffic;C: Possible Injury;Bike Lane / Paved Shoulder;White;Male;None - Rural Crash;Currituck;No;NA;13/06/2011;Bicyclist Left Turn / Merge;19;Non-Intersection;01/06/2001;01/01/2001 19:13;Bicyclist Left Turn - Same Direction;321221;2011;C: Possible Injury;Residential;30-39;30;No;36-40 mph;O: No Injury;White;Female;Passenger Car;No;No;Daylight;Mixed (30% To 70% Developed);2 lanes;2;Straight - Level;NC Route;Dry;Two-Way, Not Divided;None;No Special Feature;Smooth Asphalt;Coastal;Rural;40 - 45  MPH;No Control Present;Clear;No;36.31971, -75.8151
301;302;Yes;20-24;20;No;Facing Traffic;B: Evident Injury;Travel Lane;Hispanic;Female;Cherokee Reservation;Swain;No;01/01/2002;14/06/2011;Motorist Right Turn / Merge;7;Intersection;01/06/2001;01/01/2001 07:51;Motorist Right Turn - Opposite Direction;112214;2011;B: Evident Injury;Residential;40-49;49;No;11-15 mph;O: No Injury;Hispanic;Male;Pickup;No;No;Daylight;Rural (<30% Developed);5 lanes;2;Straight - Level;Local Street;Dry;Two-Way, Divided, Unprotected Median;None;No Special Feature;Smooth Asphalt;Mountains;Rural;40 - 45  MPH;Flashing Signal With Stop Sign;Clear;No;35.47708, -83.3205
302;303;Yes;16-19;17;No;Facing Traffic;B: Evident Injury;Travel Lane;Black;Male;Fayetteville;Cumberland;No;01/01/2002;24/05/2011;Motorist Right Turn / Merge;0;Intersection;01/05/2001;01/01/2001 00:00;Motorist Right Turn - Opposite Direction;112214;2011;B: Evident Injury;Commercial;NA;NA;Missing;16-20 mph;Injury;/Missing;NA;NA;No;Yes;Dark - Lighted Roadway;Mixed (30% To 70% Developed);2 lanes;2;Straight - Level;Local Street;Dry;One-Way, Not Divided;None;No Special Feature;Coarse Asphalt;Coastal;Urban;40 - 45  MPH;Stop And Go Signal;Clear;No;35.03753, -79.0072
305;306;Yes;50-59;51;No;With Traffic;A: Disabling Injury;Travel Lane;Black;Male;Charlotte;Mecklenburg;No;01/01/2005;27/05/2011;Motorist Overtaking Bicyclist;23;Non-Intersection;01/05/2001;01/01/2001 23:24;Motorist Overtaking - Other /;311239;2011;A: Disabling Injury;Farms, Woods, Pastures;NA;NA;Missing;31-35 mph;Injury;/Missing;NA;NA;No;Yes;Dark - Roadway Not Lighted;Rural (<30% Developed);2 lanes;2;Curve - Level;Local Street;Dry;Two-Way, Not Divided;None;No Special Feature;Smooth Asphalt;Piedmont;Urban;30 - 35  MPH;No Control Present;Cloudy;No;35.27469, -80.6974
309;310;Yes;10-juin;6;No;With Traffic;A: Disabling Injury;Travel Lane;Black;Male;Raleigh;Wake;Yes;01/01/2007;29/05/2011;Bicyclist Failed to Yield - Sign-Controlled Intersection;15;Intersection;01/05/2001;01/01/2001 15:50;Bicyclist Ride Through - Sign-Controlled Intersection;111144;2011;A: Disabling Injury;Residential;50-59;50;Yes;0-5 mph;O: No Injury;Black;Female;Sport Utility;No;No;Daylight;Urban (>70% Developed);2 lanes;2;Straight - Grade;Local Street;Dry;Two-Way, Not Divided;None;Four-Way Intersection;Smooth Asphalt;Piedmont;Urban;5 - 15 MPH;Stop Sign;Clear;No;35.7721, -78.6386
312;313;No;40-49;41;No;With Traffic;B: Evident Injury;Travel Lane;White;Male;None - Rural Crash;Wake;No;01/01/2003;25/05/2011;Crossing Paths - Other Circumstances;21;Intersection;01/05/2001;01/01/2001 21:16;Crossing Paths - Uncontrolled Intersection;111160;2011;B: Evident Injury;Commercial;20-24;23;No;0-5 mph;O: No Injury;White;Female;Passenger Car;No;No;Daylight;Urban (>70% Developed);2 lanes;2;Straight - Level;NA;Dry;Two-Way, Not Divided;None;Other;Smooth Asphalt;Piedmont;Rural;5 - 15 MPH;No Control Present;Rain;No;35.80781, -78.7296
314;315;No;15-nov;14;No;Facing Traffic;B: Evident Injury;Sidewalk / Crosswalk / Driveway Crossing;Black;Male;Raleigh;Wake;No;01/01/2003;18/05/2011;Motorist Failed to Yield - Midblock;15;Non-Intersection;01/05/2001;01/01/2001 15:39;Motorist Drive Out - Commercial Driveway / Alley;332322;2011;B: Evident Injury;Commercial;60-69;62;No;0-5 mph;O: No Injury;White;Male;Pickup;No;No;Daylight;Urban (>70% Developed);NA;2;Straight - Hillcrest;Public Vehicular Area;Dry;One-Way, Not Divided;None;No Special Feature;Concrete;Piedmont;Urban;5 - 15 MPH;No Control Present;Clear;No;35.7446, -77.9647
326;327;Yes;15-nov;13;No;With Traffic;C: Possible Injury;Travel Lane;White;Male;None - Rural Crash;Lenoir;No;01/01/2006;18/06/2011;Motorist Overtaking Bicyclist;19;Non-Intersection;01/06/2001;01/01/2001 19:21;Motorist Overtaking - Bicyclist Swerved;311235;2011;C: Possible Injury;Farms, Woods, Pastures;30-39;34;No;31-35 mph;O: No Injury;Black;Female;Passenger Car;No;No;Daylight;Rural (<30% Developed);2 lanes;2;Straight - Level;State Secondary Route;Dry;Two-Way, Not Divided;None;No Special Feature;Coarse Asphalt;Coastal;Rural;40 - 45  MPH;No Control Present;Clear;No;35.31128, -77.8038
329;330;No;16-19;17;No;With Traffic;O: No Injury;Travel Lane;Black;Male;Kinston;Lenoir;No;01/01/2006;21/05/2011;Motorist Failed to Yield - Midblock;20;Non-Intersection;01/05/2001;01/01/2001 20:18;Motorist Drive Out - Commercial Driveway / Alley;311322;2011;O: No Injury;Commercial;NA;NA;Missing;16-20 mph;Injury;/Missing;NA;NA;No;Yes;Daylight;Urban (>70% Developed);2 lanes;2;Straight - Level;Local Street;Dry;Two-Way, Not Divided;None;Driveway, Public;Coarse Asphalt;Coastal;Urban;20 - 25  MPH;No Control Present;Clear;No;35.27668, -77.582