FID;OBJECTID;AmbulanceR;BikeAge_Gr;Bike_Age;Bike_Alc_D;Bike_Dir;Bike_Injur;Bike_Pos;Bike_Race;Bike_Sex;City;County;CrashAlcoh;CrashDay;Crash_Date;Crash_Grp;Crash_Hour;Crash_Loc;Crash_Mont;Crash_Time;Crash_Type;Crash_Ty_1;Crash_Year;Crsh_Sevri;Developmen;DrvrAge_Gr;Drvr_Age;Drvr_Alc_D;Drvr_EstSp;Drvr_Injur;Drvr_Race;Drvr_Sex;Drvr_VehTy;ExcsSpdInd;Hit_Run;Light_Cond;Locality;Num_Lanes;Num_Units;Rd_Charact;Rd_Class;Rd_Conditi;Rd_Config;Rd_Defects;Rd_Feature;Rd_Surface;Region;Rural_Urba;Speed_Limi;Traff_Cntr;Weather;Workzone_I;Location
873;874;Yes;50-59;50;No;With Traffic;B: Evident Injury;Travel Lane;Black;Male;Wilson;Wilson;No;01/01/2002;22/11/2011;Motorist Overtaking Bicyclist;19;Non-Intersection;01/11/2001;01/01/2001 19:47;Motorist Overtaking - Undetected Bicyclist;311231;2011;B: Evident Injury;Commercial;60-69;69;No;41-45 mph;O: No Injury;White;Male;Light Truck (Mini-Van, Panel);No;No;Dark - Lighted Roadway;Urban (>70% Developed);5 lanes;2;Straight - Bottom;Local Street;Dry;Two-Way, Not Divided;None;No Special Feature;Smooth Asphalt;Coastal;Urban;40 - 45  MPH;No Control Present;Cloudy;No;35.75239, -77.9602
874;875;No;20-24;23;No;With Traffic;C: Possible Injury;Travel Lane;White;Male;Holly Springs;Wake;No;01/01/2003;14/12/2011;Motorist Left Turn / Merge;14;Intersection;01/12/2001;01/01/2001 14:40;Motorist Left Turn - Opposite Direction;111212;2011;C: Possible Injury;Residential;60-69;65;No;0-5 mph;O: No Injury;White;Male;Passenger Car;No;No;Daylight;Urban (>70% Developed);2 lanes;2;Straight - Level;Local Street;Dry;Two-Way, Not Divided;None;Driveway, Private;Coarse Asphalt;Piedmont;Urban;30 - 35  MPH;No Control Present;Clear;No;35.66465, -78.8006
876;877;No;50-59;52;No;With Traffic;O: No Injury;Travel Lane;White;Male;Asheville;Buncombe;No;01/01/2007;04/12/2011;Bicyclist Failed to Yield - Signalized Intersection;10;Intersection;01/12/2001;01/01/2001 10:39;Bicyclist Ride Through - Signalized Intersection;111155;2011;O: No Injury;Commercial;60-69;64;No;16-20 mph;O: No Injury;White;Male;Passenger Car;No;No;Daylight;Urban (>70% Developed);2 lanes;2;Straight - Grade;Local Street;Dry;Two-Way, Not Divided;None;No Special Feature;Smooth Asphalt;Mountains;Urban;30 - 35  MPH;Flashing Stop And Go Signal;Cloudy;No;35.59896, -82.5536
879;880;Yes;50-59;52;No;With Traffic;C: Possible Injury;Travel Lane;White;Male;Wilmington;New Hanover;No;01/01/2002;20/12/2011;Motorist Left Turn / Merge;16;Intersection;01/12/2001;01/01/2001 16:14;Motorist Left Turn - Opposite Direction;111212;2011;C: Possible Injury;Commercial;60-69;62;No;11-15 mph;O: No Injury;Black;Male;Van;No;No;Daylight;Urban (>70% Developed);4 lanes;2;Straight - Level;Local Street;Dry;Two-Way, Divided, Unprotected Median;None;No Special Feature;Smooth Asphalt;Coastal;Urban;40 - 45  MPH;No Control Present;Clear;No;34.24659, -77.8674
893;894;No;16-19;19;No;Facing Traffic;C: Possible Injury;Sidewalk / Crosswalk / Driveway Crossing;White;Male;Asheville;Buncombe;No;01/01/2004;29/12/2011;Bicyclist Failed to Yield - Signalized Intersection;20;Intersection;01/12/2001;01/01/2001 20:43;Bicyclist Ride Through - Signalized Intersection;132155;2011;C: Possible Injury;Commercial;30-39;37;No;16-20 mph;O: No Injury;White;Male;Sport Utility;No;No;Dark - Lighted Roadway;Urban (>70% Developed);3 lanes;2;Straight - Hillcrest;Local Street;Dry;Two-Way, Not Divided;None;Four-Way Intersection;Smooth Asphalt;Mountains;Urban;20 - 25  MPH;Stop And Go Signal;Clear;No;35.59486, -82.5526
900;901;No;NA;NA;Missing;With Traffic;Injury;Travel Lane;/Missing;NA;Greensboro;Guilford;No;01/01/2002;05/04/2011;Motorist Right Turn / Merge;9;Intersection;01/04/2001;01/01/2001 09:44;Motorist Right Turn - Same Direction;111213;2011;C: Possible Injury;Institutional;NA;NA;Missing;0-5 mph;Injury;/Missing;NA;NA;No;Yes;Daylight;Urban (>70% Developed);2 lanes;2;Straight - Level;Local Street;Wet;Two-Way, Divided, Positive Median Barrier;None;Four-Way Intersection;Smooth Asphalt;Piedmont;Urban;20 - 25  MPH;Other;Cloudy;No;36.06528, -79.8127
4;5;Yes;20-24;21;No;Not Applicable;A: Disabling Injury;Travel Lane;White;Male;None - Rural Crash;Pitt;No;NA;09/01/2012;Head-On;18;Non-Intersection;NA;01/01/2001 18:24;Head-On - Motorist;NA;2012;A: Disabling Injury;Residential;30-39;31;No;31-35 mph;O: No Injury;White;Female;Van;No;No;Dark - Roadway Not Lighted;Mixed (30% To 70% Developed);5 lanes;2;Straight - Level;US Route;Wet;Two-Way, Not Divided;None;No Special Feature;Coarse Asphalt;Coastal;Rural;50 - 55  MPH;No Control Present;Cloudy;No;35.58072, -77.3013
5;6;Yes;40-49;44;Yes;With Traffic;C: Possible Injury;Travel Lane;Black;Male;Green Level;Alamance;Yes;01/01/2003;04/01/2012;Bicyclist Failed to Yield - Sign-Controlled Intersection;18;Intersection;NA;01/01/2001 18:25;Bicyclist Ride Through - Sign-Controlled Intersection;NA;2012;C: Possible Injury;Residential;25-29;25;No;41-45 mph;O: No Injury;White;Male;Passenger Car;No;No;Dark - Lighted Roadway;Mixed (30% To 70% Developed);2 lanes;2;Straight - Level;NC Route;Dry;Two-Way, Not Divided;None;T-Intersection;Smooth Asphalt;Piedmont;Rural;40 - 45  MPH;Stop Sign;Clear;No;36.12221, -79.3496
8;9;No;40-49;41;No;Not Applicable;C: Possible Injury;Non-Roadway;White;Male;Raleigh;Wake;No;01/01/2002;10/01/2012;Motorist Right Turn / Merge;14;Non-Intersection;NA;01/01/2001 14:04;Motorist Right Turn - Same Direction;NA;2012;C: Possible Injury;Commercial;40-49;41;No;6-10 mph;O: No Injury;White;Female;Passenger Car;No;No;Daylight;Urban (>70% Developed);4 lanes;2;Straight - Grade;Local Street;Dry;Two-Way, Divided, Unprotected Median;None;No Special Feature;Smooth Asphalt;Piedmont;Urban;30 - 35  MPH;No Control Present;Clear;No;35.79091, -78.6624
18;19;Yes;30-39;37;No;With Traffic;B: Evident Injury;Travel Lane;White;Male;Walkertown;Forsyth;No;01/01/2004;26/01/2012;Motorist Overtaking Bicyclist;6;Non-Intersection;NA;01/01/2001 06:15;Motorist Overtaking - Other /;NA;2012;B: Evident Injury;Residential;40-49;46;No;41-45 mph;O: No Injury;White;Male;Truck/Trailer;No;No;Dark - Roadway Not Lighted;Mixed (30% To 70% Developed);2 lanes;2;Straight - Level;NC Route;Dry;Two-Way, Not Divided;None;No Special Feature;Smooth Asphalt;Piedmont;Rural;40 - 45  MPH;Double Yellow Line, No Passing Zone;Cloudy;No;36.17859, -80.1921
25;26;No;40-49;44;No;With Traffic;C: Possible Injury;Travel Lane;Black;Male;Durham;Durham;No;01/01/2004;02/02/2012;Motorist Overtaking Bicyclist;13;Non-Intersection;01/02/2001;01/01/2001 13:11;Motorist Overtaking - Other /;NA;2012;C: Possible Injury;Residential;NA;NA;Missing;31-35 mph;Injury;/Missing;NA;Passenger Car;No;Yes;Daylight;Urban (>70% Developed);2 lanes;2;Straight - Level;Local Street;Dry;Two-Way, Not Divided;None;No Special Feature;Smooth Asphalt;Piedmont;Urban;30 - 35  MPH;No Control Present;Clear;No;35.9934, -78.886
26;27;No;25-29;26;No;With Traffic;C: Possible Injury;Travel Lane;White;Male;Durham;Durham;No;01/01/2004;02/02/2012;Bicyclist Left Turn / Merge;23;Intersection;01/02/2001;01/01/2001 22:59;Bicyclist Left Turn - Same Direction;NA;2012;C: Possible Injury;Residential;30-39;37;No;0-5 mph;O: No Injury;White;Male;Passenger Car;No;No;Dark - Lighted Roadway;Urban (>70% Developed);2 lanes;2;Straight - Level;Local Street;Dry;Two-Way, Not Divided;None;No Special Feature;Smooth Asphalt;Piedmont;Urban;20 - 25  MPH;No Control Present;Clear;No;36.01702, -78.9155
35;36;No;20-24;21;No;Facing Traffic;C: Possible Injury;Sidewalk / Crosswalk / Driveway Crossing;White;Male;Charlotte;Mecklenburg;No;01/01/2004;09/02/2012;Motorist Failed to Yield - Sign-Controlled Intersection;12;Intersection;01/02/2001;01/01/2001 12:18;Motorist Drive Out - Sign-Controlled Intersection;NA;2012;C: Possible Injury;Commercial;50-59;59;No;NA;O: No Injury;White;Female;Sport Utility;No;No;Daylight;Urban (>70% Developed);2 lanes;2;Straight - Grade;Local Street;Dry;Two-Way, Divided, Positive Median Barrier;None;T-Intersection;Smooth Asphalt;Piedmont;Urban;20 - 25  MPH;Stop Sign;Clear;No;35.29854, -80.7368
37;38;No;40-49;40;No;Not Applicable;B: Evident Injury;Non-Roadway;White;Male;Cary;Wake;No;01/01/2005;20/01/2012;Non-Roadway;12;Non-Roadway;NA;01/01/2001 12:56;Non-Roadway;NA;2012;B: Evident Injury;Commercial;50-59;56;No;0-5 mph;O: No Injury;Black;Male;Pickup;No;No;Daylight;Mixed (30% To 70% Developed);1 lane;2;Straight - Level;Public Vehicular Area;Dry;Two-Way, Not Divided;None;Driveway, Public;Smooth Asphalt;Piedmont;Urban;5 - 15 MPH;Stop Sign;Cloudy;No;35.77211, -78.7824
45;46;Yes;30-39;30;No;With Traffic;C: Possible Injury;Travel Lane;White;Male;Southern Pines;Moore;No;01/01/2006;04/02/2012;Motorist Left Turn / Merge;15;Non-Intersection;01/02/2001;01/01/2001 15:11;Motorist Left Turn - Opposite Direction;NA;2012;C: Possible Injury;Institutional;20-24;20;No;0-5 mph;O: No Injury;Black;Female;Passenger Car;No;No;Daylight;Mixed (30% To 70% Developed);3 lanes;2;Straight - Level;Local Street;Wet;Two-Way, Not Divided;None;Related To Intersection;Coarse Asphalt;Piedmont;Urban;40 - 45  MPH;No Control Present;Cloudy;No;35.22368, -79.4074
48;49;Yes;20-24;24;No;Not Applicable;B: Evident Injury;NA;White;Female;Wilmington;New Hanover;No;01/01/2003;01/02/2012;Bicyclist Failed to Yield - Midblock;12;Non-Intersection;01/02/2001;01/01/2001 12:14;Bicyclist Ride Out - Midblock -;NA;2012;B: Evident Injury;Commercial;25-29;28;No;NA;O: No Injury;White;Male;Passenger Car;No;No;Daylight;Mixed (30% To 70% Developed);7 lanes;2;Straight - Level;NC Route;Dry;Two-Way, Divided, Unprotected Median;None;No Special Feature;Smooth Asphalt;Coastal;Urban;40 - 45  MPH;Flashing Stop And Go Signal;Clear;No;34.24211, -77.8933
55;56;Yes;50-59;55;No;With Traffic;B: Evident Injury;Travel Lane;Black;Male;Jacksonville;Onslow;No;01/01/2002;07/02/2012;Bicyclist Failed to Yield - Signalized Intersection;16;Intersection;01/02/2001;01/01/2001 16:08;Bicyclist Failed to Clear - Trapped;NA;2012;B: Evident Injury;Residential;50-59;55;No;0-5 mph;O: No Injury;White;Female;Passenger Car;No;No;Daylight;Urban (>70% Developed);4 lanes;2;Straight - Level;Local Street;Dry;Two-Way, Divided, Unprotected Median;None;No Special Feature;Smooth Asphalt;Coastal;Urban;30 - 35  MPH;Stop And Go Signal;Clear;No;34.7964, -77.4378
60;61;Yes;10-juin;6;No;Not Applicable;C: Possible Injury;Non-Roadway;Black;Female;Wilmington;New Hanover;No;01/01/2004;09/02/2012;Bicyclist Failed to Yield - Midblock;17;Non-Intersection;01/02/2001;01/01/2001 16:59;Bicyclist Ride Out - Other Midblock;NA;2012;C: Possible Injury;Residential;30-39;34;No;0-5 mph;O: No Injury;Black;Female;Passenger Car;No;No;Dusk;Urban (>70% Developed);1 lane;2;Straight - Level;Local Street;Dry;One-Way, Not Divided;None;No Special Feature;Smooth Asphalt;Coastal;Urban;5 - 15 MPH;No Control Present;Clear;No;34.22362, -77.9282
61;62;Yes;20-24;20;No;Facing Traffic;C: Possible Injury;Sidewalk / Crosswalk / Driveway Crossing;White;Male;Smithfield;Johnston;No;NA;13/02/2012;Loss of Control / Turning Error;17;Non-Intersection;01/02/2001;01/01/2001 17:55;Bicyclist Lost Control - Mechanical Problems;NA;2012;C: Possible Injury;Commercial;20-24;23;No;NA;O: No Injury;White;Male;Passenger Car;No;No;Daylight;Urban (>70% Developed);5 lanes;2;Straight - Level;US Route;Dry;Two-Way, Not Divided;None;Driveway, Public;Coarse Asphalt;Coastal;Urban;NA;No Control Present;Clear;No;35.51759, -78.32
73;74;No;50-59;57;No;Facing Traffic;B: Evident Injury;Sidewalk / Crosswalk / Driveway Crossing;White;Male;Charlotte;Mecklenburg;No;NA;05/03/2012;Motorist Right Turn / Merge;16;Intersection;01/03/2001;01/01/2001 16:04;Motorist Right Turn - Opposite Direction;NA;2012;B: Evident Injury;Commercial;NA;NA;Missing;0-5 mph;Injury;/Missing;NA;NA;No;Yes;Daylight;Urban (>70% Developed);4 lanes;2;Straight - Level;Local Street;Dry;Two-Way, Not Divided;None;No Special Feature;Smooth Asphalt;Piedmont;Urban;40 - 45  MPH;Stop And Go Signal;Clear;No;35.25193, -80.8104
77;78;Yes;20-24;24;No;Facing Traffic;C: Possible Injury;Sidewalk / Crosswalk / Driveway Crossing;White;Male;Wilmington;New Hanover;No;01/01/2003;15/02/2012;Crossing Paths - Other Circumstances;13;Intersection;01/02/2001;01/01/2001 12:59;Sign-Controlled Intersection - Other /;NA;2012;C: Possible Injury;Residential;40-49;48;No;0-5 mph;O: No Injury;Black;Female;Passenger Car;No;No;Daylight;Urban (>70% Developed);4 lanes;2;Straight - Level;Local Street;Dry;One-Way, Not Divided;None;No Special Feature;Smooth Asphalt;Coastal;Urban;20 - 25  MPH;Stop Sign;Clear;No;34.23201, -77.9271
81;82;Yes;60-69;62;No;With Traffic;B: Evident Injury;Travel Lane;Black;Male;Greensboro;Guilford;No;01/01/2007;19/02/2012;Head-On;10;Intersection-Related;01/02/2001;01/01/2001 10:50;Head-On - Bicyclist;NA;2012;B: Evident Injury;Commercial;50-59;52;No;11-15 mph;O: No Injury;Black;Male;Passenger Car;No;No;Daylight;Urban (>70% Developed);5 lanes;2;Straight - Grade;Local Street;Wet;Two-Way, Divided, Positive Median Barrier;None;No Special Feature;Smooth Asphalt;Piedmont;Urban;30 - 35  MPH;Stop And Go Signal;Cloudy;No;36.06448, -79.7892
86;87;Yes;15-nov;15;No;Facing Traffic;B: Evident Injury;Travel Lane;White;Male;Charlotte;Mecklenburg;No;01/01/2003;14/03/2012;Motorist Failed to Yield - Sign-Controlled Intersection;18;Intersection;01/03/2001;01/01/2001 18:24;Motorist Drive Out - Sign-Controlled Intersection;NA;2012;B: Evident Injury;Residential;0-19;17;No;0-5 mph;O: No Injury;White;Female;Passenger Car;No;No;Daylight;Urban (>70% Developed);2 lanes;2;Straight - Level;Local Street;Dry;Two-Way, Not Divided;None;T-Intersection;Smooth Asphalt;Piedmont;Urban;20 - 25  MPH;Stop Sign;Clear;No;35.14032, -80.8022
89;90;No;30-39;30;No;Facing Traffic;B: Evident Injury;Travel Lane;Black;Female;Fayetteville;Cumberland;No;01/01/2003;29/02/2012;Motorist Failed to Yield - Sign-Controlled Intersection;11;Intersection;01/02/2001;01/01/2001 11:33;Motorist Drive Out - Sign-Controlled Intersection;NA;2012;B: Evident Injury;Residential;25-29;27;No;NA;O: No Injury;White;Female;Pickup;No;No;Daylight;Urban (>70% Developed);4 lanes;2;Straight - Level;Local Street;Dry;Two-Way, Not Divided;None;No Special Feature;Coarse Asphalt;Coastal;Urban;30 - 35  MPH;Stop Sign;Clear;No;35.09361, -78.9542
90;91;Yes;20-24;21;No;With Traffic;B: Evident Injury;Travel Lane;White;Male;Raleigh;Wake;No;01/01/2003;14/03/2012;Motorist Left Turn / Merge;16;Intersection;01/03/2001;01/01/2001 16:50;Motorist Left Turn - Opposite Direction;NA;2012;B: Evident Injury;Commercial;20-24;22;No;6-10 mph;O: No Injury;White;Male;Pickup;No;No;Daylight;Urban (>70% Developed);2 lanes;2;Straight - Hillcrest;NA;Dry;Two-Way, Not Divided;None;Four-Way Intersection;Smooth Asphalt;Piedmont;Urban;30 - 35  MPH;No Control Present;Clear;No;35.77927, -78.6871
98;99;Yes;60-69;68;No;With Traffic;B: Evident Injury;Travel Lane;Black;Male;Wilmington;New Hanover;No;01/01/2004;01/03/2012;Loss of Control / Turning Error;13;Non-Intersection;01/03/2001;01/01/2001 13:31;Bicyclist Lost Control - Mechanical Problems;NA;2012;B: Evident Injury;Residential;NA;NA;Missing;NA;Injury;/Missing;NA;Pickup;No;No;Daylight;Urban (>70% Developed);1 lane;2;Straight - Grade;Local Street;Dry;One-Way, Not Divided;None;No Special Feature;Smooth Asphalt;Coastal;Urban;20 - 25  MPH;No Control Present;Clear;No;34.23972, -77.9354
104;105;Yes;40-49;42;No;Facing Traffic;C: Possible Injury;Sidewalk / Crosswalk / Driveway Crossing;Black;Male;Charlotte;Mecklenburg;No;01/01/2002;20/03/2012;Motorist Failed to Yield - Signalized Intersection;7;Intersection;01/03/2001;01/01/2001 07:16;Motorist Drive Out - Right Turn on Red;NA;2012;C: Possible Injury;Commercial;40-49;42;No;0-5 mph;O: No Injury;White;Male;Single Unit Truck (2-Axle, 6-Tire);No;No;Daylight;Urban (>70% Developed);2 lanes;2;Straight - Level;Local Street;Dry;Two-Way, Not Divided;None;No Special Feature;Smooth Asphalt;Piedmont;Urban;30 - 35  MPH;Stop And Go Signal;Clear;No;35.23389, -80.8492
107;108;Yes;50-59;51;No;With Traffic;B: Evident Injury;Travel Lane;White;Male;Raleigh;Wake;No;01/01/2003;14/03/2012;Motorist Left Turn / Merge;18;Intersection;01/03/2001;01/01/2001 18:26;Motorist Left Turn - Opposite Direction;NA;2012;B: Evident Injury;Commercial;50-59;51;No;6-10 mph;O: No Injury;White;Male;Passenger Car;No;No;Daylight;Urban (>70% Developed);2 lanes;2;Straight - Level;Local Street;Dry;Two-Way, Not Divided;None;Related To Intersection;Coarse Asphalt;Piedmont;Urban;30 - 35  MPH;Stop Sign;Clear;No;35.81487, -78.7143
110;111;Yes;15-nov;14;No;With Traffic;B: Evident Injury;Travel Lane;White;Male;Albemarle;Stanly;No;01/01/2002;06/03/2012;Motorist Overtaking Bicyclist;23;Intersection-Related;01/03/2001;01/01/2001 23:15;Motorist Overtaking - Other /;NA;2012;B: Evident Injury;Commercial;70;70;No;31-35 mph;C: Possible Injury;White;Female;Passenger Car;No;No;Dark - Lighted Roadway;Urban (>70% Developed);5 lanes;2;Straight - Level;Local Street;Dry;Two-Way, Divided, Unprotected Median;None;Four-Way Intersection;Coarse Asphalt;Piedmont;Urban;40 - 45  MPH;Stop And Go Signal;Clear;No;35.35377, -80.1668
114;115;Yes;50-59;54;No;With Traffic;C: Possible Injury;Travel Lane;Black;Male;Goldsboro;Wayne;No;01/01/2005;09/03/2012;Motorist Left Turn / Merge;19;Intersection;01/03/2001;01/01/2001 19:19;Motorist Left Turn - Opposite Direction;NA;2012;C: Possible Injury;Commercial;50-59;59;No;0-5 mph;O: No Injury;Black;Female;Passenger Car;No;No;Dark - Roadway Not Lighted;Urban (>70% Developed);2 lanes;2;Straight - Level;Local Street;Dry;Two-Way, Not Divided;None;No Special Feature;Coarse Asphalt;Coastal;Urban;30 - 35  MPH;Stop Sign;Clear;No;35.39264, -77.9949
119;120;No;40-49;43;No;With Traffic;C: Possible Injury;Travel Lane;White;Male;Lumberton;Robeson;No;01/01/2002;27/03/2012;Bicyclist Failed to Yield - Signalized Intersection;13;Intersection;01/03/2001;01/01/2001 12:59;Bicyclist Failed to Clear - Trapped;NA;2012;C: Possible Injury;Commercial;25-29;25;No;31-35 mph;O: No Injury;White;Female;Passenger Car;No;No;Daylight;Urban (>70% Developed);8 lanes;2;Straight - Level;Local Street;Dry;Two-Way, Not Divided;None;Four-Way Intersection;Coarse Asphalt;Coastal;Urban;30 - 35  MPH;Stop And Go Signal;Clear;No;34.61207, -78.9803
125;126;Yes;10-juin;8;No;Facing Traffic;K: Killed;Travel Lane;Black;Male;Dunn;Harnett;No;01/01/2007;18/03/2012;Bicyclist Failed to Yield - Sign-Controlled Intersection;15;Intersection;01/03/2001;01/01/2001 15:20;Bicyclist Ride Through - Sign-Controlled Intersection;NA;2012;K: Killed;Residential;0-19;18;No;31-35 mph;O: No Injury;Native American;Female;Passenger Car;No;No;Daylight;Urban (>70% Developed);2 lanes;2;Straight - Level;Local Street;Dry;Two-Way, Not Divided;None;Four-Way Intersection;Coarse Asphalt;Coastal;Urban;30 - 35  MPH;Stop Sign;Cloudy;No;35.30579, -78.6187
127;128;Yes;30-39;39;No;With Traffic;C: Possible Injury;Travel Lane;Hispanic;Female;None - Rural Crash;Hoke;No;01/01/2007;01/04/2012;Motorist Overtaking Bicyclist;10;Non-Intersection;01/04/2001;01/01/2001 10:06;Motorist Overtaking - Misjudged Space;NA;2012;C: Possible Injury;Farms, Woods, Pastures;0-19;16;No;41-45 mph;O: No Injury;Black;Female;Sport Utility;No;No;Daylight;Rural (<30% Developed);2 lanes;2;Curve - Grade;State Secondary Route;Dry;Two-Way, Not Divided;None;No Special Feature;Coarse Asphalt;Coastal;Rural;40 - 45  MPH;Double Yellow Line, No Passing Zone;Clear;No;34.99111, -79.1668
128;129;Yes;20-24;23;No;Facing Traffic;A: Disabling Injury;Travel Lane;White;Male;None - Rural Crash;Yadkin;No;01/01/2006;03/03/2012;Head-On;16;Non-Intersection;01/03/2001;01/01/2001 16:01;Head-On - Bicyclist;NA;2012;A: Disabling Injury;Farms, Woods, Pastures;60-69;63;No;31-35 mph;O: No Injury;White;Female;Passenger Car;No;No;Daylight;Rural (<30% Developed);2 lanes;2;Straight - Level;State Secondary Route;Dry;Two-Way, Not Divided;None;No Special Feature;Smooth Asphalt;Mountains;Rural;50 - 55  MPH;Human Control;Clear;No;36.1718, -80.4778
307;308;Yes;30-39;35;No;With Traffic;C: Possible Injury;Bike Lane / Paved Shoulder;White;Male;Chapel Hill;Orange;Yes;01/01/2005;18/05/2012;Motorist Right Turn / Merge;16;Non-Intersection;01/05/2001;01/01/2001 16:02;Motorist Right Turn - Same Direction;NA;2012;C: Possible Injury;Residential;20-24;22;Yes;16-20 mph;O: No Injury;White;Male;NA;No;Yes;Daylight;Urban (>70% Developed);4 lanes;2;Straight - Grade;NC Route;Dry;Two-Way, Divided, Unprotected Median;None;No Special Feature;Smooth Asphalt;Piedmont;Urban;30 - 35  MPH;Double Yellow Line, No Passing Zone;Cloudy;No;35.92287, -79.055
315;316;No;40-49;45;No;With Traffic;C: Possible Injury;Travel Lane;White;Female;None - Rural Crash;Henderson;No;01/01/2006;26/05/2012;Motorist Overtaking Bicyclist;13;Non-Intersection;01/05/2001;01/01/2001 13:44;Motorist Overtaking - Misjudged Space;NA;2012;C: Possible Injury;Residential;70;70;No;16-20 mph;O: No Injury;White;Female;Passenger Car;No;No;Daylight;Rural (<30% Developed);2 lanes;2;Straight - Grade;State Secondary Route;Dry;Two-Way, Not Divided;None;No Special Feature;Coarse Asphalt;Mountains;Rural;30 - 35  MPH;Double Yellow Line, No Passing Zone;Clear;No;35.39594, -82.3931
317;318;Yes;15-nov;13;No;With Traffic;A: Disabling Injury;Travel Lane;Black;Male;None - Rural Crash;Dare;No;NA;28/05/2012;Bicyclist Failed to Yield - Sign-Controlled Intersection;13;Intersection;01/05/2001;01/01/2001 13:11;Bicyclist Ride Through - Sign-Controlled Intersection;NA;2012;A: Disabling Injury;Residential;40-49;44;No;21-25 mph;O: No Injury;Black;Female;Van;No;No;Daylight;Mixed (30% To 70% Developed);2 lanes;2;Straight - Level;State Secondary Route;Dry;Two-Way, Not Divided;None;T-Intersection;Coarse Asphalt;Coastal;Rural;20 - 25  MPH;Double Yellow Line, No Passing Zone;Cloudy;No;35.90847, -75.6807
318;319;Yes;40-49;46;No;With Traffic;C: Possible Injury;Travel Lane;Black;Male;Greensboro;Guilford;No;01/01/2007;27/05/2012;Bicyclist Failed to Yield - Signalized Intersection;14;Intersection;01/05/2001;01/01/2001 14:49;Bicyclist Ride Through - Signalized Intersection;NA;2012;C: Possible Injury;Commercial;50-59;57;No;31-35 mph;O: No Injury;White;Female;Passenger Car;No;Yes;Daylight;Urban (>70% Developed);5 lanes;2;Straight - Level;Local Street;Dry;Two-Way, Divided, Positive Median Barrier;None;Four-Way Intersection;Smooth Asphalt;Piedmont;Urban;30 - 35  MPH;Stop And Go Signal;Clear;No;36.09728, -79.8175
320;321;Yes;20-24;21;No;With Traffic;A: Disabling Injury;Travel Lane;Black;Male;Ahoskie;Hertford;No;NA;13/02/2012;Other / Unusual Circumstances;23;Non-Intersection;01/02/2001;01/01/2001 23:42;Unusual Circumstances;NA;2012;A: Disabling Injury;Residential;25-29;26;No;31-35 mph;O: No Injury;Black;Female;Passenger Car;No;No;Dark - Lighted Roadway;Urban (>70% Developed);2 lanes;2;Straight - Grade;Local Street;Dry;Two-Way, Not Divided;None;No Special Feature;Coarse Asphalt;Coastal;Rural;20 - 25  MPH;No Control Present;Clear;No;36.28947, -76.9933
326;327;Yes;25-29;28;No;Facing Traffic;B: Evident Injury;Sidewalk / Crosswalk / Driveway Crossing;White;Male;Greenville;Pitt;No;NA;14/05/2012;Motorist Failed to Yield - Sign-Controlled Intersection;17;Intersection;01/05/2001;01/01/2001 17:16;Motorist Drive Out - Sign-Controlled Intersection;NA;2012;B: Evident Injury;Institutional;25-29;26;No;0-5 mph;O: No Injury;Black;Female;Passenger Car;No;No;Daylight;Mixed (30% To 70% Developed);1 lane;2;Straight - Level;Local Street;Dry;One-Way, Not Divided;None;T-Intersection;Smooth Asphalt;Coastal;Urban;NA;Stop Sign;Cloudy;No;35.61072, -77.4014
1002;1003;Yes;30-39;32;Yes;Facing Traffic;B: Evident Injury;Travel Lane;Hispanic;Male;Charlotte;Mecklenburg;Yes;NA;22/12/2008;Crossing Paths - Other Circumstances;5;Intersection;01/12/2001;01/01/2001 05:54;Signalized Intersection - Other /;112158;2008;B: Evident Injury;Commercial;50-59;50;No;41-45 mph;O: No Injury;Black;Male;Passenger Car;No;No;Dusk;Urban (>70% Developed);6 lanes;2;Straight - Level;Local Street;Dry;Two-Way, Divided, Positive Median Barrier;None;No Special Feature;Smooth Asphalt;Piedmont;Urban;40 - 45  MPH;Stop And Go Signal;Clear;No;0.0, 0.0
1013;1014;Yes;40-49;44;Yes;With Traffic;C: Possible Injury;Travel Lane;White;Male;Eden;Rockingham;Yes;01/01/2004;03/07/2008;Bicyclist Left Turn / Merge;17;Non-Intersection;01/07/2001;01/01/2001 17:09;Bicyclist Left Turn - Same Direction;311221;2008;C: Possible Injury;Residential;25-29;29;No;26-30 mph;O: No Injury;Black;Female;Passenger Car;No;No;Daylight;Urban (>70% Developed);2 lanes;2;Straight - Level;Local Street;Dry;Two-Way, Not Divided;None;No Special Feature;Smooth Asphalt;Piedmont;Urban;20 - 25  MPH;No Control Present;Clear;No;0.0, 0.0
1014;1015;Yes;15-nov;11;No;With Traffic;B: Evident Injury;Travel Lane;Black;Male;Greensboro;Guilford;No;01/01/2005;22/08/2008;Loss of Control / Turning Error;14;Intersection;01/08/2001;01/01/2001 14:47;Bicyclist Lost Control - Mechanical Problems;111121;2008;B: Evident Injury;Residential;30-39;34;No;16-20 mph;O: No Injury;Black;Female;Passenger Car;No;No;Daylight;Urban (>70% Developed);2 lanes;2;Straight - Grade;Local Street;Dry;Two-Way, Not Divided;None;Related To Intersection;Smooth Asphalt;Piedmont;Urban;20 - 25  MPH;Stop Sign;Clear;No;0.0, 0.0
1016;1017;No;15-nov;15;No;Facing Traffic;C: Possible Injury;Sidewalk / Crosswalk / Driveway Crossing;Black;Male;Wilson;Wilson;No;01/01/2002;23/09/2008;Motorist Failed to Yield - Sign-Controlled Intersection;19;Intersection;01/09/2001;01/01/2001 19:50;Motorist Drive Out - Sign-Controlled Intersection;132141;2008;C: Possible Injury;Residential;30-39;37;No;0-5 mph;O: No Injury;Black;Female;Sport Utility;No;No;Dusk;Urban (>70% Developed);2 lanes;2;Straight - Level;Local Street;Dry;Two-Way, Not Divided;None;No Special Feature;Coarse Asphalt;Coastal;Urban;30 - 35  MPH;Stop Sign;Clear;No;0.0, 0.0