FID;OBJECTID;AmbulanceR;BikeAge_Gr;Bike_Age;Bike_Alc_D;Bike_Dir;Bike_Injur;Bike_Pos;Bike_Race;Bike_Sex;City;County;CrashAlcoh;CrashDay;Crash_Date;Crash_Grp;Crash_Hour;Crash_Loc;Crash_Mont;Crash_Time;Crash_Type;Crash_Ty_1;Crash_Year;Crsh_Sevri;Developmen;DrvrAge_Gr;Drvr_Age;Drvr_Alc_D;Drvr_EstSp;Drvr_Injur;Drvr_Race;Drvr_Sex;Drvr_VehTy;ExcsSpdInd;Hit_Run;Light_Cond;Locality;Num_Lanes;Num_Units;Rd_Charact;Rd_Class;Rd_Conditi;Rd_Config;Rd_Defects;Rd_Feature;Rd_Surface;Region;Rural_Urba;Speed_Limi;Traff_Cntr;Weather;Workzone_I;Location
1;2;Yes;40-49;49;No;With Traffic;C: Possible Injury;Travel Lane;White;Male;Cary;Wake;No;01/01/2006;10/01/2009;Motorist Failed to Yield - Sign-Controlled Intersection;12;Intersection;NA;01/01/2001 12:17;Motorist Drive Out - Sign-Controlled Intersection;111141;2009;C: Possible Injury;Commercial;0-19;17;No;11-15 mph;O: No Injury;White;Male;Passenger Car;No;No;Daylight;Urban (>70% Developed);3 lanes;2;Straight - Level;State Secondary Route;Dry;Two-Way, Not Divided;None;Four-Way Intersection;Smooth Asphalt;Piedmont;Urban;40 - 45  MPH;Stop Sign;Clear;No;35.78743, -78.87222
4;5;No;30-39;36;No;With Traffic;B: Evident Injury;Travel Lane;Hispanic;Male;Durham;Durham;No;01/01/2006;24/01/2009;Motorist Failed to Yield - Sign-Controlled Intersection;7;Intersection;NA;01/01/2001 07:26;Motorist Drive Through - Sign-Controlled Intersection;111143;2009;B: Evident Injury;Residential;40-49;41;No;11-15 mph;O: No Injury;Black;Female;Sport Utility;No;No;Dark - Roadway Not Lighted;Urban (>70% Developed);2 lanes;2;Straight - Level;Local Street;Dry;Two-Way, Not Divided;None;Four-Way Intersection;Coarse Asphalt;Piedmont;Urban;30 - 35  MPH;Stop Sign;Clear;No;35.992195, -78.813736
12;13;No;50-59;53;No;With Traffic;C: Possible Injury;Travel Lane;Black;Male;None - Rural Crash;Onslow;No;01/01/2004;08/01/2009;Motorist Left Turn / Merge;19;Intersection;NA;01/01/2001 19:14;Motorist Left Turn - Same Direction;111211;2009;C: Possible Injury;Farms, Woods, Pastures;50-59;55;No;16-20 mph;O: No Injury;White;Female;Passenger Car;No;No;Dark - Roadway Not Lighted;Rural (<30% Developed);5 lanes;2;Straight - Level;US Route;Wet;Two-Way, Not Divided;None;T-Intersection;Coarse Asphalt;Coastal;Rural;40 - 45  MPH;No Control Present;Cloudy;No;34.75704, -77.480286
16;17;Yes;40-49;44;No;With Traffic;C: Possible Injury;Travel Lane;Black;Male;None - Rural Crash;Martin;No;01/01/2005;09/01/2009;Motorist Overtaking Bicyclist;17;Non-Intersection;NA;01/01/2001 17:57;Motorist Overtaking - Bicyclist Swerved;311235;2009;C: Possible Injury;Farms, Woods, Pastures;50-59;58;No;41-45 mph;O: No Injury;Black;Female;Passenger Car;No;No;Dark - Roadway Not Lighted;Rural (<30% Developed);2 lanes;2;Straight - Level;NC Route;Wet;Two-Way, Not Divided;None;No Special Feature;Coarse Asphalt;Coastal;Rural;50 - 55  MPH;Double Yellow Line, No Passing Zone;Cloudy;No;36.023735, -77.379196
17;18;No;20-24;24;No;With Traffic;C: Possible Injury;Travel Lane;White;Male;Charlotte;Mecklenburg;No;NA;12/01/2009;Motorist Left Turn / Merge;7;Intersection;NA;01/01/2001 07:55;Motorist Left Turn - Opposite Direction;111212;2009;C: Possible Injury;Residential;25-29;29;No;0-5 mph;O: No Injury;White;Male;Passenger Car;No;No;Daylight;Urban (>70% Developed);4 lanes;2;Straight - Level;Local Street;Dry;Two-Way, Not Divided;None;T-Intersection;Smooth Asphalt;Piedmont;Urban;30 - 35  MPH;Stop Sign;Clear;No;35.216675, -80.8211
28;29;Yes;40-49;48;No;With Traffic;B: Evident Injury;Travel Lane;Black;Male;None - Rural Crash;Anson;No;01/01/2005;23/01/2009;Motorist Overtaking Bicyclist;8;Non-Intersection;NA;01/01/2001 07:59;Motorist Overtaking - Undetected Bicyclist;311231;2009;B: Evident Injury;Farms, Woods, Pastures;60-69;63;No;51-55 mph;O: No Injury;White;Male;Tractor/Semi-Trailer;No;No;Daylight;Rural (<30% Developed);4 lanes;2;Straight - Level;US Route;Dry;Two-Way, Divided, Unprotected Median;None;No Special Feature;Smooth Asphalt;Piedmont;Rural;50 - 55  MPH;No Control Present;Clear;No;34.98934, -80.155876
31;32;Yes;16-19;18;No;Not Applicable;B: Evident Injury;Non-Roadway;Black;Male;None - Rural Crash;Cumberland;No;01/01/2004;19/02/2009;Crossing Paths - Other Circumstances;17;Intersection;01/02/2001;01/01/2001 17:34;Crossing Paths - Uncontrolled Intersection;163160;2009;B: Evident Injury;Residential;50-59;54;Missing;41-45 mph;O: No Injury;Black;Female;Pickup;No;No;Dark - Roadway Not Lighted;Urban (>70% Developed);2 lanes;2;Straight - Level;State Secondary Route;Dry;Two-Way, Not Divided;None;T-Intersection;Coarse Asphalt;Coastal;Rural;40 - 45  MPH;Stop Sign;Clear;No;35.144928, -78.91045
32;33;Yes;40-49;49;No;With Traffic;B: Evident Injury;Travel Lane;Black;Male;Charlotte;Mecklenburg;No;01/01/2004;29/01/2009;Motorist Failed to Yield - Sign-Controlled Intersection;10;Intersection;NA;01/01/2001 10:20;Motorist Drive Through - Sign-Controlled Intersection;111143;2009;B: Evident Injury;Residential;NA;NA;Missing;21-25 mph;Injury;/Missing;NA;NA;No;Yes;Daylight;Urban (>70% Developed);2 lanes;2;Straight - Level;Local Street;Dry;Two-Way, Not Divided;None;No Special Feature;Smooth Asphalt;Piedmont;Urban;20 - 25  MPH;Stop Sign;Clear;No;35.23086, -80.81706
33;34;Yes;70+;NA;No;With Traffic;A: Disabling Injury;Travel Lane;White;Male;None - Rural Crash;Currituck;No;01/01/2005;06/02/2009;Bicyclist Failed to Yield - Midblock;14;Non-Intersection;01/02/2001;01/01/2001 14:29;Bicyclist Ride Out - Midblock -;311319;2009;A: Disabling Injury;Residential;25-29;29;No;0-5 mph;O: No Injury;White;Male;Sport Utility;No;No;Daylight;Mixed (30% To 70% Developed);2 lanes;2;Curve - Grade;Public Vehicular Area;Dry;Two-Way, Not Divided;None;Driveway, Private;Coarse Asphalt;Coastal;Rural;NA;No Control Present;Clear;No;36.34932, -75.82227
34;35;Yes;40-49;49;Yes;Facing Traffic;O: No Injury;Sidewalk / Crosswalk / Driveway Crossing;Black;Male;Raleigh;Wake;Yes;01/01/2005;09/01/2009;Motorist Failed to Yield - Signalized Intersection;20;Intersection;NA;01/01/2001 20:28;Motorist Drive Out - Signalized Intersection;132152;2009;O: No Injury;Commercial;20-24;24;No;31-35 mph;O: No Injury;White;Male;Passenger Car;No;No;Dark - Lighted Roadway;Urban (>70% Developed);2 lanes;2;Straight - Level;Local Street;Dry;Two-Way, Not Divided;None;No Special Feature;Smooth Asphalt;Piedmont;Urban;30 - 35  MPH;Stop And Go Signal;Clear;No;35.780838, -78.647606
35;36;Yes;10-juin;9;No;With Traffic;B: Evident Injury;Travel Lane;White;Female;Cary;Wake;No;01/01/2004;26/02/2009;Bicyclist Failed to Yield - Sign-Controlled Intersection;16;Intersection;01/02/2001;01/01/2001 16:57;Bicyclist Ride Through - Sign-Controlled Intersection;111144;2009;B: Evident Injury;Residential;20-24;22;No;21-25 mph;O: No Injury;Black;Male;Passenger Car;No;No;Daylight;Mixed (30% To 70% Developed);1 lane;2;Straight - Level;Local Street;Dry;Two-Way, Not Divided;None;T-Intersection;Smooth Asphalt;Piedmont;Urban;20 - 25  MPH;Stop Sign;Clear;No;35.82186, -78.88707
36;37;Yes;20-24;20;No;Not Applicable;B: Evident Injury;Non-Roadway;Black;Male;Raleigh;Wake;No;01/01/2006;24/01/2009;Non-Roadway;16;Non-Roadway;NA;01/01/2001 16:45;Non-Roadway;460910;2009;B: Evident Injury;Residential;30-39;35;No;16-20 mph;O: No Injury;Black;Male;Passenger Car;No;No;Daylight;Urban (>70% Developed);NA;2;Straight - Level;Public Vehicular Area;Dry;Two-Way, Not Divided;None;No Special Feature;Smooth Asphalt;Piedmont;Urban;5 - 15 MPH;No Control Present;Clear;No;35.89806, -78.807625
39;40;No;20-24;24;No;With Traffic;C: Possible Injury;Travel Lane;Black;Male;Wallace;Duplin;No;01/01/2006;07/02/2009;Motorist Overtaking Bicyclist;12;Intersection;01/02/2001;01/01/2001 12:39;Motorist Overtaking - Bicyclist Swerved;111235;2009;C: Possible Injury;Commercial;60-69;64;No;26-30 mph;O: No Injury;Black;Female;Passenger Car;No;No;Daylight;Mixed (30% To 70% Developed);2 lanes;2;Straight - Level;State Secondary Route;Dry;Two-Way, Divided, Unprotected Median;None;Four-Way Intersection;Coarse Asphalt;Coastal;Rural;30 - 35  MPH;No Control Present;Clear;No;34.73573, -77.99819
46;47;No;40-49;43;No;With Traffic;C: Possible Injury;Travel Lane;Native American;Male;None - Rural Crash;Robeson;No;01/01/2004;05/03/2009;Motorist Overtaking Bicyclist;17;Non-Intersection;01/03/2001;01/01/2001 17:42;Motorist Overtaking - Undetected Bicyclist;311231;2009;C: Possible Injury;Residential;25-29;26;No;51-55 mph;O: No Injury;Black;Female;Sport Utility;No;No;Daylight;Mixed (30% To 70% Developed);2 lanes;2;Straight - Level;NC Route;Dry;Two-Way, Not Divided;None;No Special Feature;Coarse Asphalt;Coastal;Rural;50 - 55  MPH;No Control Present;Clear;No;34.848984, -79.128204
50;51;Yes;20-24;24;No;Facing Traffic;C: Possible Injury;Sidewalk / Crosswalk / Driveway Crossing;Black;Male;Concord;Cabarrus;No;01/01/2002;17/02/2009;Motorist Failed to Yield - Midblock;15;Non-Intersection;01/02/2001;01/01/2001 15:24;Motorist Drive Out - Commercial Driveway / Alley;332322;2009;C: Possible Injury;Commercial;70+;NA;No;0-5 mph;O: No Injury;White;Male;Pickup;No;No;Daylight;Urban (>70% Developed);4 lanes;2;Straight - Level;US Route;Dry;Two-Way, Divided, Unprotected Median;None;T-Intersection;Coarse Asphalt;Piedmont;Urban;40 - 45  MPH;No Control Present;Clear;No;35.3951, -80.614944
51;52;Yes;50-59;58;No;With Traffic;A: Disabling Injury;Travel Lane;White;Male;Winston-Salem;Forsyth;No;01/01/2006;21/02/2009;Motorist Overtaking Bicyclist;19;Non-Intersection;01/02/2001;01/01/2001 19:38;Motorist Overtaking - Other /;311239;2009;A: Disabling Injury;Commercial;50-59;51;No;31-35 mph;O: No Injury;White;Female;Passenger Car;No;No;Dark - Lighted Roadway;Urban (>70% Developed);4 lanes;2;Straight - Level;Local Street;Dry;Two-Way, Not Divided;None;No Special Feature;Smooth Asphalt;Piedmont;Urban;30 - 35  MPH;No Control Present;Clear;No;36.079838, -80.33576
54;55;Yes;50-59;52;No;Facing Traffic;B: Evident Injury;Travel Lane;Black;Male;Matthews;Mecklenburg;No;NA;23/02/2009;Motorist Failed to Yield - Sign-Controlled Intersection;15;Intersection;01/02/2001;01/01/2001 15:54;Motorist Drive Out - Sign-Controlled Intersection;112141;2009;B: Evident Injury;Commercial;30-39;34;No;0-5 mph;O: No Injury;White;Male;Passenger Car;No;No;Daylight;Urban (>70% Developed);4 lanes;2;Straight - Grade;NC Route;Dry;Two-Way, Divided, Unprotected Median;None;T-Intersection;Smooth Asphalt;Piedmont;Urban;20 - 25  MPH;Stop Sign;Clear;No;35.12397, -80.708176
76;77;Yes;10-juin;9;No;Not Applicable;B: Evident Injury;Multi-use Path;Black;Male;Charlotte;Mecklenburg;No;01/01/2002;17/03/2009;Bicyclist Failed to Yield - Midblock;17;Non-Intersection;01/03/2001;01/01/2001 17:38;Bicyclist Ride Out - Other Midblock;343318;2009;B: Evident Injury;Residential;60-69;69;No;16-20 mph;O: No Injury;White;Female;Van;No;No;Daylight;Urban (>70% Developed);2 lanes;2;Straight - Level;Local Street;Dry;Two-Way, Not Divided;None;No Special Feature;Smooth Asphalt;Piedmont;Urban;20 - 25  MPH;No Control Present;Clear;No;35.381763, -80.77205
83;84;Yes;16-19;19;No;NA;B: Evident Injury;NA;White;Male;Andrews;Cherokee;No;01/01/2005;06/03/2009;Other /  - Insufficient Details;19;Location;01/03/2001;01/01/2001 19:17;Location;999980;2009;B: Evident Injury;Commercial;30-39;30;No;31-35 mph;O: No Injury;White;Male;Passenger Car;No;No;Dark - Lighted Roadway;Mixed (30% To 70% Developed);3 lanes;2;Straight - Level;US Route;Dry;Two-Way, Not Divided;None;No Special Feature;Smooth Asphalt;Mountains;Rural;30 - 35  MPH;No Control Present;Clear;No;35.200768, -83.83379
84;85;Yes;40-49;47;No;With Traffic;B: Evident Injury;Travel Lane;Black;Male;Durham;Durham;No;01/01/2006;04/04/2009;Motorist Overtaking Bicyclist;3;Intersection;01/04/2001;01/01/2001 03:29;Motorist Overtaking - Other /;111239;2009;B: Evident Injury;Residential;NA;NA;Missing;11-15 mph;Injury;/Missing;NA;Passenger Car;No;Yes;Dark - Lighted Roadway;Urban (>70% Developed);2 lanes;2;Straight - Level;Local Street;Dry;Two-Way, Not Divided;None;No Special Feature;Concrete;Piedmont;Urban;30 - 35  MPH;Stop And Go Signal;Clear;No;36.00718, -78.88549
86;87;No;20-24;24;No;With Traffic;B: Evident Injury;Travel Lane;White;Male;Greensboro;Guilford;No;01/01/2003;25/03/2009;Motorist Left Turn / Merge;15;Intersection;01/03/2001;01/01/2001 15:20;Motorist Left Turn - Opposite Direction;111212;2009;B: Evident Injury;Residential;60-69;60;No;11-15 mph;O: No Injury;White;Male;Single Unit Truck (2-Axle, 6-Tire);No;No;Daylight;Urban (>70% Developed);7 lanes;2;Straight - Level;Local Street;Wet;Two-Way, Not Divided;None;T-Intersection;Smooth Asphalt;Piedmont;Urban;30 - 35  MPH;Stop And Go Signal;Rain;No;36.053383, -79.84245
90;91;No;10-juin;10;No;Not Applicable;C: Possible Injury;Driveway / Alley;White;Male;None - Rural Crash;Caldwell;No;01/01/2005;03/04/2009;Non-Roadway;18;Non-Roadway;01/04/2001;01/01/2001 18:01;Non-Roadway;450910;2009;C: Possible Injury;Residential;30-39;33;No;0-5 mph;O: No Injury;White;Female;Van;No;No;Daylight;Rural (<30% Developed);1 lane;2;Straight - Grade;Private Road, Driveway;Dry;One-Way, Not Divided;None;Driveway, Public;Gravel;Mountains;Rural;5 - 15 MPH;No Control Present;Clear;No;35.827843, -81.58072
94;95;Yes;15-nov;12;No;Facing Traffic;C: Possible Injury;Travel Lane;White;Male;Raleigh;Wake;No;01/01/2005;27/02/2009;Crossing Paths - Other Circumstances;17;Intersection;01/02/2001;01/01/2001 17:40;Sign-Controlled Intersection - Other /;112148;2009;C: Possible Injury;Residential;50-59;56;No;21-25 mph;O: No Injury;Black;Female;Passenger Car;No;No;Dusk;Urban (>70% Developed);2 lanes;2;Curve - Grade;Local Street;Dry;Two-Way, Not Divided;Other;T-Intersection;Coarse Asphalt;Piedmont;Urban;20 - 25  MPH;Stop Sign;Cloudy;No;35.807587, -78.550545
97;98;No;20-24;21;No;Facing Traffic;O: No Injury;Travel Lane;Black;Male;Washington;Beaufort;No;01/01/2004;19/03/2009;Motorist Overtaking Bicyclist;16;Non-Intersection;01/03/2001;01/01/2001 16:30;Motorist Overtaking - Other /;312239;2009;O: No Injury;Residential;50-59;53;No;6-10 mph;O: No Injury;Black;Female;Passenger Car;No;No;Daylight;Urban (>70% Developed);1 lane;2;Straight - Level;Local Street;Dry;Two-Way, Not Divided;None;No Special Feature;Coarse Asphalt;Coastal;Urban;30 - 35  MPH;No Control Present;Clear;No;35.55009, -77.055565
98;99;Yes;15-nov;15;No;Facing Traffic;B: Evident Injury;Travel Lane;Black;Male;Charlotte;Mecklenburg;No;01/01/2003;01/04/2009;Crossing Paths - Other Circumstances;20;Intersection;01/04/2001;01/01/2001 20:26;Sign-Controlled Intersection - Other /;112148;2009;B: Evident Injury;Commercial;NA;NA;Missing;6-10 mph;Injury;/Missing;NA;NA;No;Yes;Dark - Lighted Roadway;Mixed (30% To 70% Developed);2 lanes;2;Straight - Level;Local Street;Dry;Two-Way, Not Divided;None;Four-Way Intersection;Smooth Asphalt;Piedmont;Urban;30 - 35  MPH;No Control Present;Clear;No;35.280754, -80.793785
100;101;Yes;15-nov;14;No;With Traffic;A: Disabling Injury;Travel Lane;Black;Male;Charlotte;Mecklenburg;No;01/01/2005;03/04/2009;Bicyclist Failed to Yield - Sign-Controlled Intersection;17;Intersection;01/04/2001;01/01/2001 17:17;Bicyclist Ride Through - Sign-Controlled Intersection;111144;2009;A: Disabling Injury;Residential;25-29;26;No;21-25 mph;O: No Injury;Black;Male;Passenger Car;No;No;Daylight;Urban (>70% Developed);2 lanes;2;Straight - Bottom;Local Street;Dry;Two-Way, Not Divided;None;T-Intersection;Smooth Asphalt;Piedmont;Urban;20 - 25  MPH;Stop Sign;Clear;No;35.234154, -80.81914
109;110;Yes;40-49;44;No;Facing Traffic;B: Evident Injury;Sidewalk / Crosswalk / Driveway Crossing;White;Female;Wilmington;New Hanover;No;NA;06/04/2009;Bicyclist Failed to Yield - Sign-Controlled Intersection;17;Intersection;01/04/2001;01/01/2001 17:05;Bicyclist Ride Through - Sign-Controlled Intersection;132144;2009;B: Evident Injury;Commercial;40-49;44;No;NA;O: No Injury;White;Female;Passenger Car;No;No;Daylight;Urban (>70% Developed);4 lanes;2;Straight - Level;Local Street;Dry;Two-Way, Not Divided;None;Four-Way Intersection;Smooth Asphalt;Coastal;Urban;30 - 35  MPH;Stop And Go Signal;Clear;No;34.23898, -77.94661
120;121;No;10-juin;7;No;With Traffic;B: Evident Injury;Travel Lane;Black;Male;Spencer;Rowan;No;01/01/2002;14/04/2009;Bicyclist Failed to Yield - Sign-Controlled Intersection;19;Intersection;01/04/2001;01/01/2001 19:31;Bicyclist Ride Through - Sign-Controlled Intersection;111144;2009;B: Evident Injury;Residential;40-49;46;No;16-20 mph;O: No Injury;White;Male;Passenger Car;No;No;Dusk;Urban (>70% Developed);2 lanes;2;Straight - Grade;Local Street;Dry;Two-Way, Not Divided;None;No Special Feature;Coarse Asphalt;Piedmont;Rural;20 - 25  MPH;Stop Sign;Clear;No;35.688663, -80.4397
122;123;Yes;20-24;21;No;With Traffic;B: Evident Injury;Travel Lane;White;Male;None - Rural Crash;Pitt;No;01/01/2005;24/04/2009;Backing Vehicle;15;Non-Intersection;01/04/2001;01/01/2001 15:25;Backing Vehicle;311600;2009;B: Evident Injury;Farms, Woods, Pastures;25-29;29;No;0-5 mph;O: No Injury;White;Female;Passenger Car;No;No;Daylight;Rural (<30% Developed);2 lanes;2;Straight - Level;State Secondary Route;Dry;Two-Way, Not Divided;None;Driveway, Private;Smooth Asphalt;Coastal;Rural;50 - 55  MPH;No Control Present;Clear;No;35.577713, -77.46039
124;125;No;30-39;36;No;Facing Traffic;C: Possible Injury;Travel Lane;Asian;Male;Raleigh;Wake;No;NA;23/03/2009;Motorist Failed to Yield - Sign-Controlled Intersection;7;Intersection;01/03/2001;01/01/2001 07:37;Motorist Drive Out - Sign-Controlled Intersection;112141;2009;C: Possible Injury;Residential;25-29;28;No;0-5 mph;O: No Injury;White;Female;Passenger Car;No;No;Daylight;Urban (>70% Developed);3 lanes;2;Straight - Level;Local Street;Dry;Two-Way, Not Divided;None;Four-Way Intersection;Smooth Asphalt;Piedmont;Urban;20 - 25  MPH;Stop Sign;Clear;No;35.79967, -78.68372
127;128;Yes;40-49;47;No;With Traffic;K: Killed;Travel Lane;Black;Male;Elizabeth City;Pasquotank;No;NA;13/04/2009;Motorist Overtaking Bicyclist;1;Non-Intersection;01/04/2001;01/01/2001 01:35;Motorist Overtaking - Other /;311239;2009;K: Killed;Commercial;20-24;24;No;46-50 mph;O: No Injury;Black;Female;Passenger Car;No;No;Dark - Lighted Roadway;Urban (>70% Developed);5 lanes;2;Straight - Level;NC Route;Dry;Two-Way, Divided, Unprotected Median;None;No Special Feature;Smooth Asphalt;Coastal;Urban;50 - 55  MPH;No Control Present;Clear;No;36.284145, -76.23578
131;132;Yes;30-39;36;No;With Traffic;C: Possible Injury;Travel Lane;White;Male;Charlotte;Mecklenburg;No;01/01/2004;23/04/2009;Motorist Overtaking Bicyclist;7;Non-Intersection;01/04/2001;01/01/2001 07:29;Motorist Overtaking - Other /;311239;2009;C: Possible Injury;Residential;25-29;25;No;41-45 mph;O: No Injury;White;Male;Passenger Car;No;No;Daylight;Mixed (30% To 70% Developed);2 lanes;2;Straight - Level;Local Street;Dry;Two-Way, Not Divided;None;No Special Feature;Coarse Asphalt;Piedmont;Urban;40 - 45  MPH;No Control Present;Clear;No;35.282616, -80.73358
134;135;Yes;30-39;36;No;With Traffic;A: Disabling Injury;Travel Lane;White;Male;None - Rural Crash;Guilford;No;01/01/2003;29/04/2009;Motorist Left Turn / Merge;6;Intersection;01/04/2001;01/01/2001 06:23;Motorist Left Turn - Opposite Direction;111212;2009;A: Disabling Injury;Commercial;30-39;33;No;41-45 mph;O: No Injury;White;Male;Passenger Car;No;No;Dawn;Mixed (30% To 70% Developed);2 lanes;2;Straight - Level;NC Route;Dry;Two-Way, Not Divided;None;Driveway, Public;Smooth Asphalt;Piedmont;Rural;50 - 55  MPH;Double Yellow Line, No Passing Zone;Clear;No;35.912296, -79.707794
142;143;No;20-24;22;No;With Traffic;B: Evident Injury;Travel Lane;White;Male;Asheville;Buncombe;No;01/01/2003;22/04/2009;Motorist Right Turn / Merge;9;Intersection;01/04/2001;01/01/2001 09:58;Motorist Right Turn - Same Direction;111213;2009;B: Evident Injury;Commercial;40-49;49;No;21-25 mph;Injury;White;Male;Passenger Car;No;No;Daylight;Urban (>70% Developed);4 lanes;2;Straight - Level;US Route;Dry;Two-Way, Not Divided;None;Other;Coarse Asphalt;Mountains;Urban;30 - 35  MPH;No Control Present;Clear;No;35.600124, -82.55402
143;144;Yes;15-nov;11;No;Not Applicable;B: Evident Injury;Driveway / Alley;White;Female;Emerald Isle;Carteret;No;01/01/2006;25/04/2009;Bicyclist Failed to Yield - Midblock;8;Non-Intersection;01/04/2001;01/01/2001 08:56;Bicyclist Ride Out - Residential Driveway;353311;2009;B: Evident Injury;Commercial;40-49;46;No;11-15 mph;O: No Injury;White;Female;Passenger Car;No;No;Daylight;Urban (>70% Developed);2 lanes;2;Straight - Level;Local Street;Dry;Two-Way, Not Divided;None;Driveway, Public;Coarse Asphalt;Coastal;Rural;20 - 25  MPH;No Control Present;Clear;No;34.665237, -77.0165
152;153;Yes;60-69;60;No;Facing Traffic;C: Possible Injury;Bike Lane / Paved Shoulder;White;Female;None - Rural Crash;New Hanover;No;01/01/2005;08/05/2009;Motorist Failed to Yield - Sign-Controlled Intersection;18;Intersection;01/05/2001;01/01/2001 18:49;Motorist Drive Out - Sign-Controlled Intersection;122141;2009;C: Possible Injury;Residential;0-19;19;No;0-5 mph;O: No Injury;Black;Female;Passenger Car;No;No;Daylight;Urban (>70% Developed);2 lanes;2;Straight - Level;Public Vehicular Area;Dry;Two-Way, Not Divided;None;T-Intersection;Smooth Asphalt;Coastal;Rural;5 - 15 MPH;Stop Sign;Clear;No;34.15338, -77.90628
156;157;Yes;30-39;30;No;Facing Traffic;O: No Injury;Travel Lane;White;Female;Statesville;Iredell;No;01/01/2004;30/04/2009;Motorist Overtaking Bicyclist;19;Non-Intersection;01/04/2001;01/01/2001 19:24;Motorist Overtaking - Bicyclist Swerved;312235;2009;B: Evident Injury;Commercial;0-19;16;No;31-35 mph;B: Evident Injury;Black;Male;Passenger Car;No;No;Daylight;Urban (>70% Developed);2 lanes;2;Straight - Level;Local Street;Dry;Two-Way, Not Divided;None;No Special Feature;Coarse Asphalt;Piedmont;Urban;30 - 35  MPH;No Control Present;Clear;No;35.775608, -80.86939
160;161;Yes;10-juin;7;No;With Traffic;C: Possible Injury;Travel Lane;Black;Male;Durham;Durham;No;01/01/2005;01/05/2009;Bicyclist Left Turn / Merge;16;Non-Intersection;01/05/2001;01/01/2001 16:14;Bicyclist Left Turn - Same Direction;311221;2009;C: Possible Injury;Residential;40-49;41;No;11-15 mph;O: No Injury;Black;Male;Passenger Car;No;No;Daylight;Urban (>70% Developed);2 lanes;2;Straight - Grade;Local Street;Dry;Two-Way, Not Divided;None;No Special Feature;Smooth Asphalt;Piedmont;Urban;30 - 35  MPH;No Control Present;Clear;No;35.99807, -78.86978
165;166;Yes;15-nov;12;No;With Traffic;C: Possible Injury;Travel Lane;White;Male;None - Rural Crash;Nash;No;01/01/2005;01/05/2009;Backing Vehicle;21;Non-Intersection;01/05/2001;01/01/2001 21:09;Backing Vehicle;311600;2009;C: Possible Injury;Residential;30-39;31;No;0-5 mph;O: No Injury;Hispanic;Male;Van;No;No;Dark -  Lighting;Urban (>70% Developed);2 lanes;2;Straight - Level;Private Road, Driveway;Dry;Two-Way, Not Divided;None;Driveway, Private;Coarse Asphalt;Coastal;Rural;5 - 15 MPH;No Control Present;Clear;No;35.896248, -77.86056
168;169;Yes;20-24;20;No;Facing Traffic;C: Possible Injury;Sidewalk / Crosswalk / Driveway Crossing;White;Female;Raleigh;Wake;No;01/01/2004;16/04/2009;Motorist Failed to Yield - Signalized Intersection;9;Intersection;01/04/2001;01/01/2001 09:51;Motorist Drive Out - Signalized Intersection;132152;2009;C: Possible Injury;Commercial;50-59;51;No;0-5 mph;O: No Injury;White;Female;Sport Utility;No;No;Daylight;Urban (>70% Developed);2 lanes;2;Straight - Level;Local Street;Dry;One-Way, Not Divided;None;Four-Way Intersection;Coarse Asphalt;Piedmont;Urban;30 - 35  MPH;Stop And Go Signal;Clear;No;35.778374, -78.64024
174;175;Yes;40-49;41;No;With Traffic;Injury;Travel Lane;White;Female;Shelby;Cleveland;No;01/01/2006;09/05/2009;Motorist Failed to Yield - Sign-Controlled Intersection;10;Intersection;01/05/2001;01/01/2001 10:16;Motorist Drive Out - Sign-Controlled Intersection;111141;2009;O: No Injury;Residential;70+;NA;No;11-15 mph;O: No Injury;White;Male;Passenger Car;No;No;Daylight;Urban (>70% Developed);5 lanes;2;Straight - Level;Local Street;Dry;Two-Way, Not Divided;None;Four-Way Intersection;Coarse Asphalt;Mountains;Urban;30 - 35  MPH;Stop Sign;Clear;No;35.284695, -81.562065
182;183;No;16-19;17;No;With Traffic;B: Evident Injury;Travel Lane;White;Male;Hickory;Catawba;No;01/01/2002;12/05/2009;Motorist Overtaking Bicyclist;21;Non-Intersection;01/05/2001;01/01/2001 21:06;Motorist Overtaking - Misjudged Space;311232;2009;B: Evident Injury;Residential;NA;NA;No;41-45 mph;Injury;/Missing;NA;Passenger Car;No;Yes;Dark - Lighted Roadway;Urban (>70% Developed);2 lanes;2;Straight - Level;Local Street;Dry;Two-Way, Not Divided;None;No Special Feature;Coarse Asphalt;Piedmont;Urban;40 - 45  MPH;No Control Present;Clear;No;35.77979, -81.29472