FID;OBJECTID;AmbulanceR;BikeAge_Gr;Bike_Age;Bike_Alc_D;Bike_Dir;Bike_Injur;Bike_Pos;Bike_Race;Bike_Sex;City;County;CrashAlcoh;CrashDay;Crash_Date;Crash_Grp;Crash_Hour;Crash_Loc;Crash_Mont;Crash_Time;Crash_Type;Crash_Ty_1;Crash_Year;Crsh_Sevri;Developmen;DrvrAge_Gr;Drvr_Age;Drvr_Alc_D;Drvr_EstSp;Drvr_Injur;Drvr_Race;Drvr_Sex;Drvr_VehTy;ExcsSpdInd;Hit_Run;Light_Cond;Locality;Num_Lanes;Num_Units;Rd_Charact;Rd_Class;Rd_Conditi;Rd_Config;Rd_Defects;Rd_Feature;Rd_Surface;Region;Rural_Urba;Speed_Limi;Traff_Cntr;Weather;Workzone_I;Location
184;185;No;30-39;39;No;With Traffic;C: Possible Injury;Travel Lane;White;Male;Huntersville;Mecklenburg;No;01/01/2002;12/05/2009;Motorist Overtaking Bicyclist;19;Intersection;01/05/2001;01/01/2001 19:55;Motorist Overtaking - Misjudged Space;111232;2009;C: Possible Injury;Residential;30-39;37;No;NA;O: No Injury;White;Female;NA;No;Yes;Daylight;Mixed (30% To 70% Developed);2 lanes;2;Straight - Grade;NC Route;Dry;Two-Way, Not Divided;None;No Special Feature;Smooth Asphalt;Piedmont;Urban;40 - 45  MPH;Double Yellow Line, No Passing Zone;Clear;No;35.39871, -80.83822
188;189;Yes;16-19;19;No;With Traffic;Injury;Travel Lane;/Missing;NA;Rocky Mount;Edgecombe;No;01/01/2002;21/04/2009;Other / Unusual Circumstances;20;Non-Intersection;01/04/2001;01/01/2001 20:05;Motorist Intentionally Caused;311510;2009;C: Possible Injury;Residential;0-19;19;No;31-35 mph;C: Possible Injury;Asian;Male;Sport Utility;No;Yes;Dark - Lighted Roadway;Urban (>70% Developed);2 lanes;2;Straight - Level;Local Street;Wet;Two-Way, Not Divided;None;No Special Feature;Coarse Asphalt;Coastal;Urban;30 - 35  MPH;No Control Present;Rain;No;35.924282, -77.78992
193;194;Yes;20-24;21;No;Not Applicable;C: Possible Injury;Sidewalk / Crosswalk / Driveway Crossing;White;Male;Kannapolis;Rowan;No;NA;18/05/2009;Motorist Failed to Yield - Midblock;13;Non-Intersection;01/05/2001;01/01/2001 13:41;Motorist Drive Out - Residential Driveway;333321;2009;C: Possible Injury;Commercial;40-49;43;No;0-5 mph;O: No Injury;Black;Male;Passenger Car;No;No;Daylight;Urban (>70% Developed);2 lanes;2;Straight - Level;NC Route;Dry;NA;None;Driveway, Public;Smooth Asphalt;Piedmont;Urban;30 - 35  MPH;No Control Present;Clear;No;35.50998, -80.61559
202;203;Yes;25-29;25;No;With Traffic;B: Evident Injury;Travel Lane;Black;Male;Fayetteville;Cumberland;No;01/01/2007;31/05/2009;Bicyclist Failed to Yield - Sign-Controlled Intersection;12;Intersection;01/05/2001;01/01/2001 12:31;Bicyclist Ride Out - Sign-Controlled Intersection;111142;2009;B: Evident Injury;Residential;30-39;30;No;21-25 mph;O: No Injury;White;Male;Passenger Car;No;No;Daylight;Urban (>70% Developed);2 lanes;2;Straight - Level;Local Street;Dry;Two-Way, Not Divided;None;Four-Way Intersection;Concrete;Coastal;Urban;20 - 25  MPH;Stop Sign;Clear;No;35.097603, -78.95288
207;208;No;20-24;21;No;Not Applicable;O: No Injury;Other;Black;Male;Fayetteville;Cumberland;No;01/01/2003;20/05/2009;Bicyclist Failed to Yield - Midblock;21;Non-Intersection;01/05/2001;01/01/2001 21:45;Bicyclist Ride Out - Midblock -;383319;2009;O: No Injury;Commercial;70+;NA;No;16-20 mph;O: No Injury;Black;Male;Passenger Car;No;No;Dark - Lighted Roadway;Urban (>70% Developed);4 lanes;2;Straight - Level;Local Street;Dry;Two-Way, Not Divided;None;No Special Feature;Concrete;Coastal;Urban;30 - 35  MPH;No Control Present;Clear;No;35.053764, -78.8665
208;209;Yes;0-5;5;No;With Traffic;B: Evident Injury;Travel Lane;White;Female;Oak Island;Brunswick;No;01/01/2007;17/05/2009;Bicyclist Failed to Yield - Midblock;12;Non-Intersection;01/05/2001;01/01/2001 12:09;Bicyclist Ride Out - Other Midblock;311318;2009;B: Evident Injury;Residential;25-29;28;No;36-40 mph;O: No Injury;White;Female;Sport Utility;No;No;Daylight;Urban (>70% Developed);2 lanes;2;Straight - Level;Local Street;Dry;Two-Way, Not Divided;None;No Special Feature;Smooth Asphalt;Coastal;Urban;30 - 35  MPH;No Control Present;Clear;No;33.920334, -78.128624
211;212;Yes;40-49;42;No;With Traffic;B: Evident Injury;Travel Lane;Black;Male;High Point;Guilford;No;01/01/2005;15/05/2009;Motorist Left Turn / Merge;22;Intersection;01/05/2001;01/01/2001 22:38;Motorist Left Turn - Opposite Direction;111212;2009;B: Evident Injury;Commercial;0-19;18;No;31-35 mph;O: No Injury;White;Male;Passenger Car;No;No;Dark - Lighted Roadway;Urban (>70% Developed);2 lanes;2;Straight - Level;Local Street;Dry;Two-Way, Not Divided;None;No Special Feature;Coarse Asphalt;Piedmont;Urban;30 - 35  MPH;Stop Sign;Cloudy;No;35.987892, -80.02494
212;213;Yes;15-nov;13;No;With Traffic;B: Evident Injury;Travel Lane;Black;Male;Chapel Hill;Orange;No;01/01/2006;16/05/2009;Bicyclist Overtaking Motorist;15;Non-Intersection;01/05/2001;01/01/2001 15:12;Bicyclist Overtaking - Passing on Right;311241;2009;B: Evident Injury;Commercial;40-49;44;No;NA;O: No Injury;White;Female;Sport Utility;No;No;Daylight;Urban (>70% Developed);4 lanes;2;Straight - Level;Local Street;Dry;Two-Way, Not Divided;None;No Special Feature;Smooth Asphalt;Piedmont;Urban;20 - 25  MPH;Stop And Go Signal;Clear;No;35.914276, -79.052704
215;216;No;30-39;38;No;With Traffic;C: Possible Injury;Travel Lane;White;Male;None - Rural Crash;Union;No;01/01/2002;19/05/2009;Motorist Right Turn / Merge;15;Non-Intersection;01/05/2001;01/01/2001 15:14;Motorist Right Turn - Same Direction;311213;2009;C: Possible Injury;Residential;0-19;17;No;11-15 mph;O: No Injury;White;Female;Passenger Car;No;No;Daylight;Urban (>70% Developed);2 lanes;2;Straight - Level;State Secondary Route;Dry;Two-Way, Not Divided;None;No Special Feature;Smooth Asphalt;Piedmont;Rural;40 - 45  MPH;Double Yellow Line, No Passing Zone;Clear;No;35.056263, -80.73439
224;225;Yes;16-19;16;No;With Traffic;C: Possible Injury;Travel Lane;Black;Male;Kenly;Johnston;No;01/01/2006;06/06/2009;Motorist Left Turn / Merge;13;Intersection;01/06/2001;01/01/2001 13:24;Motorist Left Turn - Opposite Direction;111212;2009;C: Possible Injury;Residential;70+;NA;No;0-5 mph;O: No Injury;White;Male;Pickup;No;No;Daylight;Urban (>70% Developed);2 lanes;2;Straight - Level;Local Street;Dry;Two-Way, Divided, Unprotected Median;None;No Special Feature;Coarse Asphalt;Coastal;Rural;30 - 35  MPH;Stop Sign;Cloudy;No;35.596935, -78.12538
225;226;Yes;20-24;20;No;Not Applicable;B: Evident Injury;Travel Lane;White;Male;Cary;Wake;No;01/01/2006;06/06/2009;Non-Roadway;13;Non-Roadway;01/06/2001;01/01/2001 13:06;Non-Roadway;410910;2009;B: Evident Injury;Commercial;40-49;41;No;6-10 mph;O: No Injury;White;Male;Sport Utility;No;No;Daylight;Urban (>70% Developed);NA;2;Straight - Level;Public Vehicular Area;Dry;Two-Way, Not Divided;None;Alley Intersection;Smooth Asphalt;Piedmont;Urban;5 - 15 MPH;No Control Present;Clear;No;35.785946, -78.87347
227;228;Yes;40-49;42;No;With Traffic;B: Evident Injury;Travel Lane;White;Male;None - Rural Crash;Guilford;No;01/01/2007;24/05/2009;Motorist Overtaking Bicyclist;9;Non-Intersection;01/05/2001;01/01/2001 09:36;Motorist Overtaking - Misjudged Space;311232;2009;B: Evident Injury;Farms, Woods, Pastures;70+;NA;No;41-45 mph;O: No Injury;White;Female;Passenger Car;No;No;Daylight;Rural (<30% Developed);2 lanes;2;Straight - Level;NC Route;Wet;Two-Way, Not Divided;None;No Special Feature;Smooth Asphalt;Piedmont;Rural;40 - 45  MPH;Double Yellow Line, No Passing Zone;Cloudy;No;35.923332, -79.93904
229;230;No;15-nov;13;No;Facing Traffic;B: Evident Injury;Sidewalk / Crosswalk / Driveway Crossing;White;Male;Cary;Wake;No;NA;08/06/2009;Motorist Right Turn / Merge;14;Intersection;01/06/2001;01/01/2001 14:17;Motorist Right Turn - Same Direction;132213;2009;B: Evident Injury;Commercial;NA;NA;Missing;0-5 mph;Injury;/Missing;NA;Light Truck (Mini-Van, Panel);No;Yes;Daylight;Urban (>70% Developed);5 lanes;2;Straight - Grade;NC Route;Dry;Two-Way, Divided, Unprotected Median;None;Four-Way Intersection;Smooth Asphalt;Piedmont;Urban;40 - 45  MPH;Stop And Go Signal;Clear;No;35.798923, -78.79616
235;236;Yes;16-19;18;No;Facing Traffic;B: Evident Injury;Travel Lane;White;Male;Southern Pines;Moore;No;01/01/2003;27/05/2009;Bicyclist Failed to Yield - Sign-Controlled Intersection;14;Intersection;01/05/2001;01/01/2001 14:56;Bicyclist Ride Through - Sign-Controlled Intersection;112144;2009;B: Evident Injury;Commercial;70+;NA;No;16-20 mph;O: No Injury;White;Female;Passenger Car;No;No;Daylight;Urban (>70% Developed);4 lanes;2;Straight - Level;Local Street;Dry;Two-Way, Divided, Positive Median Barrier;None;Four-Way Intersection;Coarse Asphalt;Piedmont;Urban;20 - 25  MPH;Stop Sign;Cloudy;No;35.174446, -79.3906
246;247;Yes;20-24;24;No;With Traffic;B: Evident Injury;Travel Lane;Black;Male;Salisbury;Rowan;No;01/01/2004;11/06/2009;Bicyclist Failed to Yield - Sign-Controlled Intersection;17;Intersection;01/06/2001;01/01/2001 17:24;Bicyclist Ride Through - Sign-Controlled Intersection;111144;2009;B: Evident Injury;Residential;0-19;19;No;21-25 mph;O: No Injury;White;Male;Passenger Car;No;No;Daylight;Urban (>70% Developed);2 lanes;2;Straight - Level;Local Street;Wet;Two-Way, Not Divided;None;Four-Way Intersection;Coarse Asphalt;Piedmont;Urban;20 - 25  MPH;Stop Sign;Cloudy;No;35.6646, -80.46022
248;249;Yes;40-49;44;Yes;With Traffic;B: Evident Injury;Travel Lane;White;Male;None - Rural Crash;Brunswick;Yes;01/01/2004;11/06/2009;Motorist Overtaking Bicyclist;20;Non-Intersection;01/06/2001;01/01/2001 20:38;Motorist Overtaking - Misjudged Space;311232;2009;B: Evident Injury;Farms, Woods, Pastures;NA;NA;Missing;NA;Injury;/Missing;NA;NA;No;Yes;Dark - Roadway Not Lighted;Rural (<30% Developed);2 lanes;2;Curve - Level;State Secondary Route;Dry;Two-Way, Not Divided;None;No Special Feature;Coarse Asphalt;Coastal;Rural;50 - 55  MPH;Double Yellow Line, No Passing Zone;Clear;No;34.30124, -78.06965
251;252;Yes;70+;NA;No;Not Applicable;C: Possible Injury;Non-Roadway;White;Male;Chapel Hill;Orange;No;01/01/2002;02/06/2009;Non-Roadway;7;Non-Roadway;01/06/2001;01/01/2001 07:24;Non-Roadway;460910;2009;C: Possible Injury;Commercial;25-29;25;No;0-5 mph;O: No Injury;White;Female;Passenger Car;No;No;Daylight;Urban (>70% Developed);NA;2;Straight - Level;Public Vehicular Area;Dry;Two-Way, Not Divided;None;No Special Feature;Smooth Asphalt;Piedmont;Urban;NA;No Control Present;Clear;No;35.904778, -79.0119
253;254;Yes;40-49;44;No;NA;C: Possible Injury;NA;Black;Male;Elizabeth City;Pasquotank;No;01/01/2002;02/06/2009;Other /  - Insufficient Details;5;Intersection;01/06/2001;01/01/2001 05:16;Approach Paths;199970;2009;C: Possible Injury;Residential;30-39;37;No;21-25 mph;O: No Injury;White;Male;Van;No;No;Daylight;Mixed (30% To 70% Developed);4 lanes;2;Straight - Grade;Local Street;Wet;Two-Way, Divided, Unprotected Median;None;No Special Feature;Smooth Asphalt;Coastal;Urban;30 - 35  MPH;Stop And Go Signal;Clear;No;36.301373, -76.21926
256;257;Yes;40-49;44;No;NA;B: Evident Injury;Sidewalk / Crosswalk / Driveway Crossing;Black;Male;Greenville;Pitt;No;01/01/2003;03/06/2009;Parallel Paths - Other Circumstances;16;Non-Intersection;01/06/2001;01/01/2001 16:29;Bicyclist Ride Out - Parallel Path;339225;2009;B: Evident Injury;Residential;30-39;38;No;21-25 mph;O: No Injury;Hispanic;Male;Passenger Car;No;No;Daylight;Urban (>70% Developed);2 lanes;2;Straight - Level;Local Street;Dry;Two-Way, Not Divided;None;Four-Way Intersection;Coarse Asphalt;Coastal;Urban;20 - 25  MPH;Stop Sign;Clear;No;35.60956, -77.36746
258;259;Yes;16-19;17;No;Facing Traffic;C: Possible Injury;Travel Lane;White;Male;Greensboro;Guilford;No;01/01/2004;04/06/2009;Bicyclist Failed to Yield - Signalized Intersection;15;Intersection;01/06/2001;01/01/2001 15:46;Bicyclist Ride Through - Signalized Intersection;112155;2009;C: Possible Injury;Commercial;30-39;34;No;21-25 mph;O: No Injury;Black;Female;Passenger Car;No;No;Daylight;Urban (>70% Developed);NA;2;Straight - Level;Local Street;Wet;Two-Way, Divided, Unprotected Median;None;T-Intersection;Coarse Asphalt;Piedmont;Urban;30 - 35  MPH;Stop And Go Signal;Cloudy;No;36.11033, -79.788506
267;268;Yes;30-39;37;No;With Traffic;C: Possible Injury;Travel Lane;Black;Male;Lumberton;Robeson;No;01/01/2005;12/06/2009;Motorist Overtaking Bicyclist;22;Intersection;01/06/2001;01/01/2001 22:18;Motorist Overtaking - Other /;111239;2009;C: Possible Injury;Residential;40-49;45;No;26-30 mph;O: No Injury;Black;Male;Passenger Car;No;Yes;Dark - Lighted Roadway;Urban (>70% Developed);4 lanes;2;Straight - Level;Local Street;Dry;Two-Way, Not Divided;None;Four-Way Intersection;Coarse Asphalt;Coastal;Urban;30 - 35  MPH;No Control Present;Clear;No;34.616318, -78.999825
273;274;Yes;10-juin;7;No;Facing Traffic;C: Possible Injury;Travel Lane;Black;Male;Durham;Durham;No;01/01/2002;23/06/2009;Bicyclist Failed to Yield - Sign-Controlled Intersection;14;Intersection;01/06/2001;01/01/2001 14:03;Bicyclist Ride Out - Sign-Controlled Intersection;112142;2009;C: Possible Injury;Residential;20-24;22;No;26-30 mph;O: No Injury;Black;Male;Passenger Car;No;No;Daylight;Urban (>70% Developed);2 lanes;2;Straight - Grade;Local Street;Dry;Two-Way, Not Divided;None;Four-Way Intersection;Smooth Asphalt;Piedmont;Urban;30 - 35  MPH;Stop Sign;Clear;No;35.975304, -78.8884
280;281;No;30-39;33;No;Facing Traffic;O: No Injury;Sidewalk / Crosswalk / Driveway Crossing;White;Male;Salisbury;Rowan;No;01/01/2004;25/06/2009;Motorist Failed to Yield - Midblock;16;Non-Intersection;01/06/2001;01/01/2001 16:46;Motorist Drive Out - Commercial Driveway / Alley;332322;2009;O: No Injury;Commercial;50-59;51;No;6-10 mph;O: No Injury;White;Male;Van;No;No;Daylight;Mixed (30% To 70% Developed);2 lanes;2;Straight - Level;Local Street;Dry;Two-Way, Not Divided;None;No Special Feature;Coarse Asphalt;Piedmont;Urban;30 - 35  MPH;No Control Present;Clear;No;35.673916, -80.47812
283;284;No;10-juin;6;No;Not Applicable;O: No Injury;Non-Roadway;Hispanic;Male;Raleigh;Wake;No;01/01/2004;14/05/2009;Non-Roadway;19;Non-Roadway;01/05/2001;01/01/2001 19:26;Non-Roadway;460910;2009;O: No Injury;Residential;40-49;44;No;NA;O: No Injury;White;Male;Passenger Car;No;No;Daylight;Urban (>70% Developed);NA;2;Straight - Level;Public Vehicular Area;Dry;Two-Way, Not Divided;None;No Special Feature;Smooth Asphalt;Piedmont;Urban;NA;No Control Present;Clear;No;35.73893, -78.63489
284;285;No;40-49;49;Yes;With Traffic;O: No Injury;Sidewalk / Crosswalk / Driveway Crossing;White;Male;Raleigh;Wake;Yes;01/01/2003;27/05/2009;Motorist Failed to Yield - Sign-Controlled Intersection;17;Intersection;01/05/2001;01/01/2001 17:52;Motorist Drive Out - Sign-Controlled Intersection;131141;2009;O: No Injury;Residential;50-59;50;No;11-15 mph;O: No Injury;White;Female;Passenger Car;No;No;Daylight;Urban (>70% Developed);2 lanes;2;Straight - Level;Local Street;Dry;Two-Way, Not Divided;None;T-Intersection;Coarse Asphalt;Piedmont;Urban;30 - 35  MPH;Stop Sign;Cloudy;No;35.903255, -78.58375
294;295;Yes;40-49;48;No;Not Applicable;C: Possible Injury;Non-Roadway;Black;Male;Clayton;Johnston;No;NA;15/06/2009;Non-Roadway;14;Non-Roadway;01/06/2001;01/01/2001 14:03;Non-Roadway;460910;2009;C: Possible Injury;Commercial;30-39;38;No;6-10 mph;O: No Injury;Black;Female;Passenger Car;No;No;Daylight;Urban (>70% Developed);1 lane;2;Curve - Level;Public Vehicular Area;Dry;One-Way, Not Divided;None;Driveway, Public;Smooth Asphalt;Coastal;Urban;5 - 15 MPH;No Control Present;Cloudy;No;35.640934, -78.450226
297;298;Yes;15-nov;13;No;With Traffic;B: Evident Injury;Travel Lane;White;Male;Graham;Alamance;No;01/01/2007;21/06/2009;Bicyclist Failed to Yield - Signalized Intersection;21;Intersection;01/06/2001;01/01/2001 21:40;Bicyclist Ride Through - Signalized Intersection;111155;2009;B: Evident Injury;Residential;25-29;26;No;6-10 mph;O: No Injury;White;Male;Sport Utility;No;No;Dark - Lighted Roadway;Mixed (30% To 70% Developed);4 lanes;2;Straight - Grade;NC Route;Dry;Two-Way, Not Divided;None;T-Intersection;Smooth Asphalt;Piedmont;Urban;30 - 35  MPH;Stop And Go Signal;Clear;No;36.067417, -79.38857
304;305;Yes;50-59;55;No;With Traffic;C: Possible Injury;Travel Lane;White;Male;None - Rural Crash;Wake;No;01/01/2007;28/06/2009;Motorist Left Turn / Merge;20;Non-Intersection;01/06/2001;01/01/2001 20:37;Motorist Left Turn - Opposite Direction;311212;2009;C: Possible Injury;Farms, Woods, Pastures;20-24;22;No;41-45 mph;O: No Injury;White;Male;Pickup;No;No;Daylight;Rural (<30% Developed);2 lanes;2;Straight - Level;State Secondary Route;Dry;Two-Way, Not Divided;None;No Special Feature;Coarse Asphalt;Piedmont;Rural;40 - 45  MPH;Double Yellow Line, No Passing Zone;Clear;No;35.792336, -78.41242
310;311;Yes;15-nov;13;No;Not Applicable;O: No Injury;Non-Roadway;White;Male;Durham;Durham;No;01/01/2005;03/07/2009;Motorist Left Turn / Merge;11;Non-Intersection;01/07/2001;01/01/2001 11:40;Motorist Left Turn - Opposite Direction;363212;2009;A: Disabling Injury;Commercial;60-69;67;No;11-15 mph;O: No Injury;Black;Female;Passenger Car;No;No;Daylight;Urban (>70% Developed);3 lanes;2;Straight - Hillcrest;Local Street;Dry;Two-Way, Not Divided;None;Driveway, Public;Coarse Asphalt;Piedmont;Urban;30 - 35  MPH;No Control Present;Clear;No;35.992897, -78.87003
311;312;No;20-24;24;No;With Traffic;C: Possible Injury;Travel Lane;White;Male;Wilmington;New Hanover;Yes;01/01/2005;19/06/2009;Motorist Overtaking Bicyclist;21;Non-Intersection;01/06/2001;01/01/2001 21:41;Motorist Overtaking - Undetected Bicyclist;311231;2009;C: Possible Injury;Residential;40-49;45;Yes;26-30 mph;O: No Injury;Black;Male;Light Truck (Mini-Van, Panel);No;No;Dark - Roadway Not Lighted;Urban (>70% Developed);6 lanes;2;Straight - Level;Local Street;Dry;Two-Way, Not Divided;None;Four-Way Intersection;Coarse Asphalt;Coastal;Urban;40 - 45  MPH;Stop And Go Signal;Clear;No;34.226364, -77.91203
314;315;No;60-69;65;No;Facing Traffic;O: No Injury;NA;Black;Male;Salisbury;Rowan;No;01/01/2002;07/07/2009;Motorist Left Turn / Merge;13;Intersection;01/07/2001;01/01/2001 13:49;Motorist Left Turn - Same Direction;192211;2009;O: No Injury;Residential;50-59;51;No;0-5 mph;O: No Injury;Black;Male;Passenger Car;No;No;Daylight;Urban (>70% Developed);2 lanes;2;Straight - Level;Local Street;Dry;Two-Way, Not Divided;None;Four-Way Intersection;Smooth Asphalt;Piedmont;Urban;30 - 35  MPH;Stop Sign;Clear;No;35.671776, -80.475174
315;316;No;20-24;20;No;With Traffic;B: Evident Injury;Bike Lane / Paved Shoulder;White;Male;None - Rural Crash;Wilson;No;01/01/2007;28/06/2009;Bicyclist Right Turn / Merge;17;Non-Intersection;01/06/2001;01/01/2001 17:37;Bicyclist Right Turn - Same Direction;321223;2009;B: Evident Injury;Farms, Woods, Pastures;50-59;52;No;51-55 mph;B: Evident Injury;White;Male;Motorcycle;No;No;Daylight;Mixed (30% To 70% Developed);4 lanes;2;Straight - Level;US Route;Dry;Two-Way, Divided, Unprotected Median;None;No Special Feature;Coarse Asphalt;Coastal;Rural;50 - 55  MPH;No Control Present;Clear;No;35.76409, -78.011024
317;318;Yes;20-24;21;No;With Traffic;B: Evident Injury;Travel Lane;White;Male;None - Rural Crash;Haywood;No;NA;22/06/2009;Motorist Overtaking Bicyclist;16;Non-Intersection;01/06/2001;01/01/2001 16:47;Motorist Overtaking - Other /;311239;2009;B: Evident Injury;Farms, Woods, Pastures;NA;NA;Missing;36-40 mph;Injury;/Missing;NA;NA;No;Yes;Daylight;Rural (<30% Developed);3 lanes;2;Straight - Level;NC Route;Dry;Two-Way, Not Divided;None;No Special Feature;Coarse Asphalt;Mountains;Rural;50 - 55  MPH;No Control Present;Clear;No;35.584183, -82.94311
319;320;Yes;20-24;22;No;Not Applicable;C: Possible Injury;NA;Black;Male;Raleigh;Wake;No;NA;15/06/2009;Bicyclist Failed to Yield - Midblock;16;Non-Intersection;01/06/2001;01/01/2001 16:22;Bicyclist Ride Out - Midblock -;393319;2009;C: Possible Injury;Residential;NA;NA;No;41-45 mph;Injury;/Missing;NA;Sport Utility;Yes;Yes;Daylight;Urban (>70% Developed);2 lanes;2;Straight - Level;Local Street;Dry;Two-Way, Not Divided;None;No Special Feature;Smooth Asphalt;Piedmont;Urban;30 - 35  MPH;No Control Present;Clear;No;35.77201, -78.59304
329;330;Yes;10-juin;9;No;Not Applicable;C: Possible Injury;NA;Black;Female;Smithfield;Johnston;No;01/01/2006;20/06/2009;Bicyclist Failed to Yield - Midblock;11;Non-Intersection;01/06/2001;01/01/2001 11:10;Bicyclist Ride Out - Midblock -;393319;2009;C: Possible Injury;Residential;70+;NA;No;21-25 mph;O: No Injury;Black;Female;Sport Utility;No;No;Daylight;Urban (>70% Developed);2 lanes;2;Straight - Level;Local Street;Dry;Two-Way, Not Divided;None;No Special Feature;Smooth Asphalt;Coastal;Urban;20 - 25  MPH;No Control Present;Clear;No;35.49612, -78.34752
330;331;Yes;25-29;27;No;With Traffic;B: Evident Injury;Travel Lane;White;Male;Sylva;Jackson;No;01/01/2005;26/06/2009;Head-On;17;Non-Intersection;01/06/2001;01/01/2001 17:14;Head-On - Bicyclist;311250;2009;B: Evident Injury;Commercial;70+;NA;No;6-10 mph;O: No Injury;White;Male;Pickup;No;No;Daylight;Urban (>70% Developed);2 lanes;2;Straight - Grade;Public Vehicular Area;Dry;Two-Way, Not Divided;None;Driveway, Public;Smooth Asphalt;Mountains;Rural;5 - 15 MPH;No Control Present;Clear;No;35.373833, -83.213
333;334;Yes;15-nov;12;No;Not Applicable;C: Possible Injury;Sidewalk / Crosswalk / Driveway Crossing;Black;Male;Edenton;Chowan;No;01/01/2002;30/06/2009;Bicyclist Failed to Yield - Midblock;17;Non-Intersection;01/06/2001;01/01/2001 17:28;Bicyclist Ride Out - Other Midblock;333318;2009;C: Possible Injury;Residential;50-59;51;No;NA;O: No Injury;Black;Female;Passenger Car;No;No;Daylight;Urban (>70% Developed);2 lanes;2;Straight - Level;Local Street;Dry;Two-Way, Not Divided;None;No Special Feature;Coarse Asphalt;Coastal;Urban;NA;No Control Present;Clear;No;36.063725, -76.6032
338;339;Yes;40-49;43;No;With Traffic;C: Possible Injury;Travel Lane;White;Male;Wilmington;New Hanover;No;01/01/2006;27/06/2009;Crossing Paths - Other Circumstances;17;Intersection;01/06/2001;01/01/2001 17:05;Crossing Paths - Intersection - Other /;111180;2009;C: Possible Injury;Commercial;25-29;28;No;21-25 mph;O: No Injury;White;Male;Passenger Car;No;No;Daylight;Urban (>70% Developed);5 lanes;2;Straight - Level;Local Street;Dry;Two-Way, Not Divided;None;No Special Feature;Smooth Asphalt;Coastal;Urban;30 - 35  MPH;No Control Present;Cloudy;No;34.214256, -77.886604
343;344;No;25-29;26;No;Facing Traffic;O: No Injury;Sidewalk / Crosswalk / Driveway Crossing;White;Male;Boone;Watauga;No;01/01/2003;08/07/2009;Motorist Failed to Yield - Midblock;16;Non-Intersection;01/07/2001;01/01/2001 16:48;Motorist Drive Out - Commercial Driveway / Alley;332322;2009;O: No Injury;Commercial;0-19;16;No;6-10 mph;O: No Injury;White;Female;Pickup;No;No;Daylight;Urban (>70% Developed);NA;2;Straight - Level;Public Vehicular Area;Dry;Two-Way, Not Divided;None;No Special Feature;Smooth Asphalt;Mountains;Urban;NA;No Control Present;Clear;No;36.20327, -81.66558
347;348;Yes;25-29;26;No;With Traffic;C: Possible Injury;Travel Lane;White;Male;None - Rural Crash;Wilson;No;01/01/2006;18/07/2009;Bicyclist Left Turn / Merge;9;Non-Intersection;01/07/2001;01/01/2001 09:43;Bicyclist Left Turn - Same Direction;311221;2009;C: Possible Injury;Farms, Woods, Pastures;40-49;45;No;51-55 mph;O: No Injury;White;Female;Pickup;No;No;Daylight;Rural (<30% Developed);2 lanes;2;Straight - Level;NC Route;Dry;Two-Way, Not Divided;None;No Special Feature;Smooth Asphalt;Coastal;Rural;50 - 55  MPH;Double Yellow Line, No Passing Zone;Cloudy;No;35.731434, -77.84645
355;356;No;40-49;49;No;With Traffic;C: Possible Injury;Travel Lane;Black;Female;Raleigh;Wake;No;01/01/2007;12/04/2009;Parallel Paths - Other Circumstances;15;Intersection;01/04/2001;01/01/2001 15:34;Parallel Paths - Other /;111280;2009;C: Possible Injury;Residential;50-59;55;No;26-30 mph;O: No Injury;Black;Female;Passenger Car;No;No;Daylight;Urban (>70% Developed);2 lanes;2;Straight - Level;Local Street;Dry;Two-Way, Not Divided;None;No Special Feature;Smooth Asphalt;Piedmont;Urban;30 - 35  MPH;No Control Present;Clear;No;35.772366, -78.58728
360;361;Yes;30-39;31;No;NA;C: Possible Injury;Multi-use Path;White;Female;Duck;Dare;No;01/01/2005;10/07/2009;Motorist Failed to Yield - Sign-Controlled Intersection;9;Intersection;01/07/2001;01/01/2001 09:55;Motorist Drive Out - Sign-Controlled Intersection;149141;2009;C: Possible Injury;Residential;25-29;29;No;0-5 mph;O: No Injury;White;Male;Passenger Car;No;No;Daylight;Mixed (30% To 70% Developed);2 lanes;2;Straight - Level;Local Street;Dry;Two-Way, Not Divided;None;No Special Feature;Coarse Asphalt;Coastal;Rural;5 - 15 MPH;Stop Sign;Clear;No;36.156914, -75.74721
367;368;No;40-49;45;No;With Traffic;B: Evident Injury;Sidewalk / Crosswalk / Driveway Crossing;White;Male;Charlotte;Mecklenburg;No;01/01/2005;01/05/2009;Motorist Left Turn / Merge;18;Intersection;01/05/2001;01/01/2001 18:47;Motorist Left Turn - Opposite Direction;131212;2009;B: Evident Injury;Residential;0-19;14;No;31-35 mph;O: No Injury;Black;Male;Passenger Car;No;No;Daylight;Rural (<30% Developed);5 lanes;2;Straight - Level;Local Street;Dry;Two-Way, Divided, Unprotected Median;None;Four-Way Intersection;Smooth Asphalt;Piedmont;Urban;30 - 35  MPH;Stop And Go Signal;Clear;No;35.186047, -80.72991
369;370;Yes;20-24;22;No;With Traffic;A: Disabling Injury;Travel Lane;Black;Male;Fayetteville;Cumberland;No;01/01/2003;15/07/2009;Loss of Control / Turning Error;19;Non-Intersection;01/07/2001;01/01/2001 19:52;Bicyclist Lost Control - Other /;311129;2009;A: Disabling Injury;Residential;NA;NA;Missing;NA;Injury;/Missing;NA;NA;No;Yes;Dusk;Urban (>70% Developed);2 lanes;2;Straight - Level;Local Street;Dry;Two-Way, Not Divided;Work Zone;No Special Feature;Coarse Asphalt;Coastal;Urban;30 - 35  MPH;Flashing Signal With Stop Sign;Clear;No;35.05263, -78.89622