FID;OBJECTID;AmbulanceR;BikeAge_Gr;Bike_Age;Bike_Alc_D;Bike_Dir;Bike_Injur;Bike_Pos;Bike_Race;Bike_Sex;City;County;CrashAlcoh;CrashDay;Crash_Date;Crash_Grp;Crash_Hour;Crash_Loc;Crash_Mont;Crash_Time;Crash_Type;Crash_Ty_1;Crash_Year;Crsh_Sevri;Developmen;DrvrAge_Gr;Drvr_Age;Drvr_Alc_D;Drvr_EstSp;Drvr_Injur;Drvr_Race;Drvr_Sex;Drvr_VehTy;ExcsSpdInd;Hit_Run;Light_Cond;Locality;Num_Lanes;Num_Units;Rd_Charact;Rd_Class;Rd_Conditi;Rd_Config;Rd_Defects;Rd_Feature;Rd_Surface;Region;Rural_Urba;Speed_Limi;Traff_Cntr;Weather;Workzone_I;Location
371;372;Yes;40-49;46;No;With Traffic;C: Possible Injury;Travel Lane;White;Female;Wrightsville Beach;New Hanover;No;01/01/2007;31/05/2009;Bicyclist Overtaking Motorist;11;Non-Intersection;01/05/2001;01/01/2001 11:24;Bicyclist Overtaking - Extended Door;311244;2009;C: Possible Injury;Residential;40-49;43;No;NA;O: No Injury;White;Male;Sport Utility;No;No;Daylight;Urban (>70% Developed);4 lanes;2;Straight - Level;Local Street;Dry;Two-Way, Not Divided;None;No Special Feature;Coarse Asphalt;Coastal;Rural;20 - 25  MPH;No Control Present;Clear;No;34.19577, -77.805786
380;381;No;30-39;30;No;With Traffic;B: Evident Injury;Travel Lane;White;Female;Apex;Wake;No;01/01/2007;19/07/2009;Motorist Left Turn / Merge;12;Intersection;01/07/2001;01/01/2001 12:20;Motorist Left Turn - Opposite Direction;111212;2009;B: Evident Injury;Commercial;60-69;69;No;11-15 mph;O: No Injury;White;Female;Passenger Car;No;No;Daylight;Urban (>70% Developed);2 lanes;2;Straight - Grade;Local Street;Dry;Two-Way, Not Divided;None;Four-Way Intersection;Smooth Asphalt;Piedmont;Urban;30 - 35  MPH;No Control Present;Clear;No;35.74037, -78.85881
381;382;Yes;15-nov;14;No;Facing Traffic;B: Evident Injury;Travel Lane;White;Male;Hickory;Catawba;No;01/01/2003;22/07/2009;Bicyclist Failed to Yield - Sign-Controlled Intersection;18;Intersection;01/07/2001;01/01/2001 18:02;Bicyclist Ride Through - Sign-Controlled Intersection;112144;2009;B: Evident Injury;Residential;0-19;19;No;31-35 mph;O: No Injury;White;Female;Passenger Car;No;No;Daylight;Urban (>70% Developed);2 lanes;2;Straight - Grade;Local Street;Wet;Two-Way, Not Divided;None;Related To Intersection;Smooth Asphalt;Piedmont;Urban;30 - 35  MPH;Stop Sign;Cloudy;No;35.72828, -81.37019
382;383;No;16-19;18;No;Facing Traffic;C: Possible Injury;Travel Lane;Black;Male;Charlotte;Mecklenburg;No;NA;20/07/2009;Motorist Failed to Yield - Sign-Controlled Intersection;18;Intersection;01/07/2001;01/01/2001 18:00;Motorist Drive Out - Sign-Controlled Intersection;112141;2009;C: Possible Injury;Residential;NA;NA;Missing;11-15 mph;Injury;/Missing;NA;Passenger Car;No;Yes;Daylight;Urban (>70% Developed);2 lanes;2;Straight - Level;Local Street;Dry;Two-Way, Not Divided;None;No Special Feature;Smooth Asphalt;Piedmont;Urban;30 - 35  MPH;Stop Sign;Clear;No;35.23966, -80.801094
292;293;No;40-49;42;No;With Traffic;B: Evident Injury;Travel Lane;White;Male;None - Rural Crash;Wake;No;01/01/2002;30/06/2009;Bicyclist Right Turn / Merge;18;Intersection;01/06/2001;01/01/2001 18:29;Bicyclist Right Turn - Same Direction;111223;2009;B: Evident Injury;Farms, Woods, Pastures;25-29;27;No;41-45 mph;O: No Injury;White;Male;Passenger Car;No;No;Daylight;Rural (<30% Developed);2 lanes;2;Straight - Grade;State Secondary Route;Dry;Two-Way, Not Divided;None;T-Intersection;Coarse Asphalt;Piedmont;Rural;40 - 45  MPH;Double Yellow Line, No Passing Zone;Clear;No;35.654915, -78.925835
302;303;Yes;16-19;16;No;With Traffic;C: Possible Injury;Travel Lane;Black;Male;High Point;Guilford;No;01/01/2004;25/06/2009;Parallel Paths - Other Circumstances;23;Intersection;01/06/2001;01/01/2001 23:06;Motorist Turn / Merge - Other /;111219;2009;C: Possible Injury;Residential;50-59;55;No;0-5 mph;O: No Injury;White;Female;Passenger Car;No;No;Dark - Lighted Roadway;Urban (>70% Developed);4 lanes;2;Straight - Level;Local Street;Dry;Two-Way, Not Divided;None;T-Intersection;Coarse Asphalt;Piedmont;Urban;30 - 35  MPH;Stop Sign;Clear;No;35.997658, -80.02825
316;317;Yes;25-29;25;No;With Traffic;A: Disabling Injury;Travel Lane;White;Male;None - Rural Crash;Onslow;No;01/01/2007;28/06/2009;Motorist Overtaking Bicyclist;21;Non-Intersection;01/06/2001;01/01/2001 21:13;Motorist Overtaking - Other /;311239;2009;A: Disabling Injury;Farms, Woods, Pastures;NA;NA;Missing;41-45 mph;Injury;/Missing;NA;NA;No;Yes;Dark - Roadway Not Lighted;Rural (<30% Developed);3 lanes;2;Straight - Level;NC Route;Dry;Two-Way, Not Divided;None;Driveway, Private;Coarse Asphalt;Coastal;Rural;40 - 45  MPH;No Control Present;Clear;No;34.73595, -77.56597
323;324;No;40-49;48;No;With Traffic;B: Evident Injury;Travel Lane;White;Male;None - Rural Crash;Richmond;No;01/01/2006;04/07/2009;Motorist Overtaking Bicyclist;19;Intersection;01/07/2001;01/01/2001 19:29;Motorist Overtaking - Other /;111239;2009;B: Evident Injury;Residential;20-24;22;No;31-35 mph;Injury;White;Female;Passenger Car;No;Yes;Daylight;Urban (>70% Developed);2 lanes;2;Straight - Level;State Secondary Route;Dry;Two-Way, Not Divided;None;T-Intersection;Smooth Asphalt;Piedmont;Rural;30 - 35  MPH;Double Yellow Line, No Passing Zone;Clear;No;34.921494, -79.76793
331;332;No;15-nov;14;No;With Traffic;B: Evident Injury;Travel Lane;White;Male;Asheville;Buncombe;No;NA;29/06/2009;Bicyclist Failed to Yield - Signalized Intersection;18;Intersection;01/06/2001;01/01/2001 18:16;Bicyclist Ride Through - Signalized Intersection;111155;2009;B: Evident Injury;Commercial;25-29;26;No;41-45 mph;O: No Injury;White;Male;Passenger Car;No;No;Daylight;Urban (>70% Developed);8 lanes;2;Straight - Level;US Route;Dry;Two-Way, Divided, Positive Median Barrier;None;Four-Way Intersection;Concrete;Mountains;Urban;40 - 45  MPH;Stop And Go Signal;Clear;No;35.58661, -82.59188
339;340;No;20-24;23;Yes;NA;K: Killed;Bike Lane / Paved Shoulder;Black;Male;Fayetteville;Cumberland;Yes;01/01/2005;03/07/2009;Crossing Paths - Other Circumstances;21;Intersection-Related;01/07/2001;01/01/2001 21:55;Sign-Controlled Intersection - Other /;229148;2009;K: Killed;Commercial;0-19;16;No;46-50 mph;C: Possible Injury;Black;Female;Passenger Car;No;No;Dark - Lighted Roadway;Urban (>70% Developed);4 lanes;3;Straight - Level;Local Street;Dry;Two-Way, Divided, Unprotected Median;None;Four-Way Intersection;Coarse Asphalt;Coastal;Urban;50 - 55  MPH;Stop And Go Signal;Clear;No;35.058243, -78.992836
341;342;Yes;30-39;36;No;Facing Traffic;C: Possible Injury;Travel Lane;Black;Male;None - Rural Crash;New Hanover;No;01/01/2002;07/07/2009;Motorist Failed to Yield - Sign-Controlled Intersection;15;Intersection;01/07/2001;01/01/2001 15:44;Motorist Drive Out - Sign-Controlled Intersection;112141;2009;C: Possible Injury;Residential;40-49;48;No;0-5 mph;O: No Injury;White;Female;Passenger Car;No;No;Daylight;Urban (>70% Developed);4 lanes;2;Straight - Level;US Route;Dry;Two-Way, Divided, Unprotected Median;None;T-Intersection;Coarse Asphalt;Coastal;Rural;50 - 55  MPH;Stop Sign;Cloudy;No;34.094852, -77.89784
351;352;Yes;10-juin;8;No;With Traffic;B: Evident Injury;Sidewalk / Crosswalk / Driveway Crossing;Black;Male;Greensboro;Guilford;No;01/01/2004;09/07/2009;Bicyclist Failed to Yield - Sign-Controlled Intersection;14;Intersection;01/07/2001;01/01/2001 14:31;Bicyclist Ride Through - Sign-Controlled Intersection;131144;2009;B: Evident Injury;Residential;40-49;47;No;21-25 mph;O: No Injury;Black;Male;Pickup;No;No;Daylight;Urban (>70% Developed);2 lanes;2;Straight - Hillcrest;Local Street;Dry;Two-Way, Not Divided;None;T-Intersection;Smooth Asphalt;Piedmont;Urban;20 - 25  MPH;Stop Sign;Clear;No;36.063557, -79.78272
354;355;Yes;16-19;19;No;With Traffic;C: Possible Injury;Travel Lane;White;Female;None - Rural Crash;New Hanover;No;01/01/2006;04/07/2009;Motorist Overtaking Bicyclist;20;Non-Intersection;01/07/2001;01/01/2001 20:49;Motorist Overtaking - Undetected Bicyclist;311231;2009;C: Possible Injury;Commercial;20-24;21;No;41-45 mph;O: No Injury;White;Female;Passenger Car;No;No;Dusk;Mixed (30% To 70% Developed);5 lanes;2;Straight - Level;NC Route;Dry;Two-Way, Divided, Unprotected Median;None;No Special Feature;Smooth Asphalt;Coastal;Rural;40 - 45  MPH;No Control Present;Clear;No;34.16604, -77.89144
364;365;Yes;15-nov;14;No;With Traffic;B: Evident Injury;Travel Lane;Black;Male;None - Rural Crash;Pitt;No;01/01/2003;15/07/2009;Motorist Overtaking Bicyclist;14;Non-Intersection;01/07/2001;01/01/2001 14:32;Motorist Overtaking - Bicyclist Swerved;311235;2009;B: Evident Injury;Farms, Woods, Pastures;40-49;49;No;46-50 mph;O: No Injury;White;Female;Sport Utility;No;No;Daylight;Rural (<30% Developed);2 lanes;2;Straight - Level;State Secondary Route;Dry;Two-Way, Not Divided;None;No Special Feature;Coarse Asphalt;Coastal;Rural;50 - 55  MPH;No Control Present;Clear;No;35.52624, -77.31117
366;367;Yes;40-49;40;No;With Traffic;B: Evident Injury;Travel Lane;Black;Male;Winston-Salem;Forsyth;Yes;01/01/2005;10/07/2009;Motorist Left Turn / Merge;0;Intersection;01/07/2001;01/01/2001 00:47;Motorist Left Turn - Opposite Direction;111212;2009;B: Evident Injury;Commercial;0-19;19;Yes;0-5 mph;O: No Injury;Black;Male;Passenger Car;No;No;Dark - Lighted Roadway;Urban (>70% Developed);2 lanes;2;Straight - Grade;Local Street;Dry;Two-Way, Not Divided;None;Four-Way Intersection;Coarse Asphalt;Piedmont;Urban;30 - 35  MPH;Stop And Go Signal;Clear;No;36.09642, -80.25642
368;369;Yes;60-69;60;No;Not Applicable;B: Evident Injury;Travel Lane;White;Female;Beaufort;Carteret;No;01/01/2005;24/07/2009;Non-Roadway;11;Non-Roadway;01/07/2001;01/01/2001 11:29;Non-Roadway;410910;2009;B: Evident Injury;Commercial;50-59;57;No;11-15 mph;O: No Injury;White;Male;Pickup;No;No;Daylight;Urban (>70% Developed);2 lanes;2;Straight - Level;Public Vehicular Area;Dry;Two-Way, Not Divided;None;Driveway, Public;Coarse Asphalt;Coastal;Rural;30 - 35  MPH;No Control Present;Cloudy;No;34.72436, -76.64756
373;374;Yes;30-39;32;No;With Traffic;B: Evident Injury;Travel Lane;White;Female;Charlotte;Mecklenburg;No;01/01/2003;15/07/2009;Motorist Failed to Yield - Sign-Controlled Intersection;19;Intersection;01/07/2001;01/01/2001 19:22;Motorist Drive Out - Sign-Controlled Intersection;111141;2009;B: Evident Injury;Residential;50-59;54;No;6-10 mph;O: No Injury;White;Male;Sport Utility;No;No;Daylight;Urban (>70% Developed);2 lanes;2;Straight - Level;Local Street;Dry;Two-Way, Not Divided;None;No Special Feature;Smooth Asphalt;Piedmont;Urban;30 - 35  MPH;Stop Sign;Clear;No;35.03165, -80.79256
376;377;No;25-29;26;No;Not Applicable;O: No Injury;Non-Roadway;White;Male;Durham;Durham;No;NA;27/07/2009;Non-Roadway;8;Non-Roadway;01/07/2001;01/01/2001 07:59;Non-Roadway;460910;2009;O: No Injury;Residential;20-24;24;No;0-5 mph;O: No Injury;White;Male;Passenger Car;No;No;Daylight;Urban (>70% Developed);2 lanes;2;Straight - Grade;Public Vehicular Area;Dry;Two-Way, Not Divided;None;No Special Feature;Smooth Asphalt;Piedmont;Urban;5 - 15 MPH;No Control Present;Clear;No;35.918606, -78.91196
383;384;No;50-59;59;No;NA;O: No Injury;Driveway / Alley;/Missing;Male;Rocky Mount;Nash;No;NA;13/07/2009;Motorist Overtaking Bicyclist;18;Non-Intersection;01/07/2001;01/01/2001 18:48;Motorist Overtaking - Other /;359239;2009;O: No Injury;Commercial;NA;NA;Missing;NA;Injury;/Missing;NA;Passenger Car;No;Yes;Daylight;Urban (>70% Developed);2 lanes;2;Straight - Level;Local Street;Dry;Two-Way, Not Divided;None;Alley Intersection;Coarse Asphalt;Coastal;Urban;5 - 15 MPH;No Control Present;Clear;No;35.9433, -77.79573
387;388;No;40-49;44;Yes;Facing Traffic;C: Possible Injury;Sidewalk / Crosswalk / Driveway Crossing;White;Male;Charlotte;Mecklenburg;Yes;01/01/2005;24/07/2009;Motorist Right Turn / Merge;20;Intersection;01/07/2001;01/01/2001 20:50;Motorist Right Turn - Opposite Direction;132214;2009;C: Possible Injury;Commercial;60-69;68;No;11-15 mph;O: No Injury;White;Male;Passenger Car;No;No;Dusk;Urban (>70% Developed);2 lanes;2;Straight - Grade;Local Street;Dry;One-Way, Not Divided;None;No Special Feature;Smooth Asphalt;Piedmont;Urban;30 - 35  MPH;No Control Present;Clear;No;35.214737, -80.83207
393;394;No;40-49;45;No;With Traffic;B: Evident Injury;Travel Lane;/Missing;Male;Charlotte;Mecklenburg;No;01/01/2002;28/07/2009;Motorist Overtaking Bicyclist;16;Non-Intersection;01/07/2001;01/01/2001 16:15;Motorist Overtaking - Other /;311239;2009;B: Evident Injury;Commercial;NA;NA;Missing;31-35 mph;Injury;/Missing;NA;NA;No;Yes;Dawn;Urban (>70% Developed);4 lanes;2;Straight - Level;Local Street;Dry;Two-Way, Divided, Unprotected Median;None;No Special Feature;Smooth Asphalt;Piedmont;Urban;30 - 35  MPH;No Control Present;Clear;No;35.251175, -80.81205
397;398;Yes;20-24;20;No;Facing Traffic;B: Evident Injury;Sidewalk / Crosswalk / Driveway Crossing;White;Male;Apex;Wake;No;NA;27/07/2009;Motorist Right Turn / Merge;20;Intersection;01/07/2001;01/01/2001 20:43;Motorist Right Turn - Opposite Direction;132214;2009;B: Evident Injury;Commercial;60-69;65;No;31-35 mph;O: No Injury;White;Female;Sport Utility;No;No;Dark - Lighted Roadway;Urban (>70% Developed);5 lanes;2;Straight - Level;NC Route;Dry;Two-Way, Not Divided;None;Four-Way Intersection;Smooth Asphalt;Piedmont;Urban;40 - 45  MPH;Stop And Go Signal;Clear;No;35.735813, -78.86255
407;408;Yes;50-59;54;No;With Traffic;C: Possible Injury;Travel Lane;White;Male;Charlotte;Mecklenburg;No;01/01/2006;01/08/2009;Motorist Overtaking Bicyclist;10;Non-Intersection;01/08/2001;01/01/2001 10:22;Motorist Overtaking - Undetected Bicyclist;311231;2009;C: Possible Injury;Commercial;70+;NA;No;41-45 mph;O: No Injury;White;Male;Passenger Car;No;No;Daylight;Urban (>70% Developed);4 lanes;2;Straight - Grade;Local Street;Dry;Two-Way, Divided, Unprotected Median;None;No Special Feature;Smooth Asphalt;Piedmont;Urban;40 - 45  MPH;No Control Present;Cloudy;No;35.093422, -80.77647
409;410;Yes;20-24;22;Yes;With Traffic;A: Disabling Injury;Travel Lane;White;Male;Durham;Durham;Yes;01/01/2006;08/08/2009;Motorist Left Turn / Merge;23;Intersection;01/08/2001;01/01/2001 23:50;Motorist Left Turn - Opposite Direction;111212;2009;A: Disabling Injury;Residential;25-29;26;No;31-35 mph;O: No Injury;Black;Female;Passenger Car;No;Yes;Dark - Roadway Not Lighted;Urban (>70% Developed);2 lanes;2;Straight - Grade;Local Street;Dry;Two-Way, Not Divided;None;Four-Way Intersection;Smooth Asphalt;Piedmont;Urban;30 - 35  MPH;Stop And Go Signal;Clear;No;35.94335, -78.98319
425;426;Yes;40-49;42;No;With Traffic;C: Possible Injury;Travel Lane;White;Female;None - Rural Crash;Wake;No;01/01/2004;06/08/2009;Motorist Overtaking Bicyclist;18;Non-Intersection;01/08/2001;01/01/2001 18:52;Motorist Overtaking - Other /;311239;2009;C: Possible Injury;Farms, Woods, Pastures;50-59;50;No;31-35 mph;O: No Injury;White;Male;Pickup;No;No;Daylight;Mixed (30% To 70% Developed);2 lanes;2;Straight - Hillcrest;State Secondary Route;Dry;Two-Way, Not Divided;None;No Special Feature;Coarse Asphalt;Piedmont;Rural;40 - 45  MPH;Double Yellow Line, No Passing Zone;Clear;No;36.013577, -78.56324
436;437;No;10-juin;9;No;Facing Traffic;Injury;Travel Lane;Black;Male;Asheville;Buncombe;No;01/01/2005;05/06/2009;Crossing Paths - Other Circumstances;17;Intersection;01/06/2001;01/01/2001 17:03;Crossing Paths - Intersection - Other /;112180;2009;C: Possible Injury;Residential;40-49;42;No;16-20 mph;O: No Injury;Black;Female;Passenger Car;No;No;Daylight;Urban (>70% Developed);2 lanes;2;Straight - Grade;Local Street;Dry;Two-Way, Not Divided;None;Four-Way Intersection;Smooth Asphalt;Mountains;Urban;20 - 25  MPH;Other;Clear;No;35.56743, -82.57855
446;447;Yes;20-24;21;No;With Traffic;B: Evident Injury;Travel Lane;White;Female;Chapel Hill;Orange;Yes;01/01/2004;06/08/2009;Motorist Failed to Yield - Signalized Intersection;16;Intersection;01/08/2001;01/01/2001 16:14;Motorist Drive Through - Signalized Intersection;111154;2009;B: Evident Injury;Institutional;20-24;22;Yes;11-15 mph;O: No Injury;White;Male;Passenger Car;No;No;Daylight;Urban (>70% Developed);NA;2;Straight - Grade;Local Street;Dry;One-Way, Not Divided;None;No Special Feature;Coarse Asphalt;Piedmont;Urban;20 - 25  MPH;Stop And Go Signal;Clear;No;35.910667, -79.05426
451;452;No;30-39;31;No;With Traffic;C: Possible Injury;Sidewalk / Crosswalk / Driveway Crossing;White;Male;Raleigh;Wake;No;01/01/2002;11/08/2009;Motorist Failed to Yield - Sign-Controlled Intersection;16;Intersection;01/08/2001;01/01/2001 16:44;Motorist Drive Out - Sign-Controlled Intersection;131141;2009;C: Possible Injury;Commercial;25-29;26;No;0-5 mph;O: No Injury;White;Male;Passenger Car;No;No;Daylight;Urban (>70% Developed);NA;2;Straight - Grade;Public Vehicular Area;Dry;Two-Way, Not Divided;None;No Special Feature;Smooth Asphalt;Piedmont;Urban;5 - 15 MPH;Stop Sign;Clear;No;35.84283, -78.64345
454;455;Yes;15-nov;15;No;With Traffic;C: Possible Injury;Bike Lane / Paved Shoulder;White;Male;None - Rural Crash;Pitt;No;01/01/2005;17/07/2009;Motorist Overtaking Bicyclist;15;Non-Intersection;01/07/2001;01/01/2001 15:29;Motorist Overtaking - Bicyclist Swerved;321235;2009;C: Possible Injury;Farms, Woods, Pastures;30-39;39;No;51-55 mph;O: No Injury;Black;Male;Passenger Car;No;No;Daylight;Rural (<30% Developed);2 lanes;2;Straight - Grade;NC Route;Wet;Two-Way, Not Divided;None;No Special Feature;Coarse Asphalt;Coastal;Rural;50 - 55  MPH;Double Yellow Line, No Passing Zone;Rain;No;35.425457, -77.260925
462;463;Yes;20-24;22;No;With Traffic;B: Evident Injury;Travel Lane;White;Male;Rockingham;Richmond;No;01/01/2007;23/08/2009;Bicyclist Failed to Yield - Sign-Controlled Intersection;18;Intersection;01/08/2001;01/01/2001 18:09;Bicyclist Ride Through - Sign-Controlled Intersection;111144;2009;B: Evident Injury;Residential;25-29;29;No;21-25 mph;O: No Injury;White;Male;Van;No;No;Daylight;Urban (>70% Developed);2 lanes;2;Straight - Hillcrest;Local Street;Dry;Two-Way, Not Divided;None;Four-Way Intersection;Smooth Asphalt;Piedmont;Urban;30 - 35  MPH;Stop Sign;Clear;No;34.944496, -79.78071
474;475;Yes;10-juin;7;No;Not Applicable;B: Evident Injury;Non-Roadway;White;Male;Wilmington;New Hanover;No;NA;24/08/2009;Bicyclist Failed to Yield - Midblock;17;Non-Intersection;01/08/2001;01/01/2001 17:37;Bicyclist Ride Out - Other Midblock;363318;2009;B: Evident Injury;Residential;60-69;60;No;6-10 mph;O: No Injury;White;Male;Passenger Car;No;No;Daylight;Urban (>70% Developed);2 lanes;2;Straight - Level;Local Street;Dry;Two-Way, Not Divided;None;Driveway, Public;Smooth Asphalt;Coastal;Urban;20 - 25  MPH;No Control Present;Clear;No;34.192734, -77.908806
478;479;Yes;50-59;52;No;With Traffic;A: Disabling Injury;Travel Lane;White;Male;None - Rural Crash;Richmond;No;01/01/2003;02/09/2009;Motorist Overtaking Bicyclist;20;Non-Intersection;01/09/2001;01/01/2001 20:14;Motorist Overtaking - Other /;311239;2009;A: Disabling Injury;Farms, Woods, Pastures;NA;NA;No;51-55 mph;Injury;/Missing;NA;Pickup;No;Yes;Dark - Roadway Not Lighted;Rural (<30% Developed);2 lanes;2;Straight - Grade;NC Route;Dry;Two-Way, Not Divided;None;No Special Feature;Smooth Asphalt;Piedmont;Rural;50 - 55  MPH;No Control Present;Clear;No;34.846863, -79.69628
481;482;No;16-19;17;No;With Traffic;C: Possible Injury;Travel Lane;White;Male;None - Rural Crash;Person;No;01/01/2003;05/08/2009;Motorist Overtaking Bicyclist;19;Non-Intersection;01/08/2001;01/01/2001 19:45;Motorist Overtaking - Bicyclist Swerved;311235;2009;C: Possible Injury;Farms, Woods, Pastures;30-39;32;No;51-55 mph;O: No Injury;Black;Male;Van;No;No;Daylight;Rural (<30% Developed);2 lanes;2;Straight - Level;NC Route;Dry;Two-Way, Not Divided;None;No Special Feature;Smooth Asphalt;Piedmont;Rural;50 - 55  MPH;Double Yellow Line, No Passing Zone;Cloudy;No;36.434635, -79.05561
175;176;No;10-juin;6;No;Facing Traffic;B: Evident Injury;Travel Lane;White;Male;Statesville;Iredell;No;01/01/2006;17/04/2010;Motorist Failed to Yield - Sign-Controlled Intersection;14;Intersection;01/04/2001;01/01/2001 14:14;Motorist Drive Out - Sign-Controlled Intersection;0;2010;B: Evident Injury;Residential;25-29;27;No;0-5 mph;O: No Injury;White;Female;Passenger Car;No;No;Daylight;Urban (>70% Developed);2 lanes;2;Curve - Level;Local Street;Dry;Two-Way, Not Divided;None;T-Intersection;Smooth Asphalt;Piedmont;Urban;30 - 35  MPH;Stop Sign;Clear;No;35.796837, -80.88267
190;191;Yes;50-59;56;No;With Traffic;B: Evident Injury;Travel Lane;Black;Male;None - Rural Crash;Hertford;No;01/01/2007;25/04/2010;Bicyclist Left Turn / Merge;18;Non-Intersection;01/04/2001;01/01/2001 18:04;Bicyclist Left Turn - Same Direction;0;2010;B: Evident Injury;Farms, Woods, Pastures;25-29;26;No;36-40 mph;O: No Injury;Black;Male;Passenger Car;No;No;Daylight;Rural (<30% Developed);2 lanes;2;Straight - Level;State Secondary Route;NA;Two-Way, Not Divided;None;No Special Feature;Smooth Asphalt;Coastal;Rural;50 - 55  MPH;No Control Present;Clear;No;36.443092, -77.12053
204;205;Yes;15-nov;13;No;Facing Traffic;B: Evident Injury;Sidewalk / Crosswalk / Driveway Crossing;White;Female;Fayetteville;Cumberland;No;01/01/2004;06/05/2010;Motorist Failed to Yield - Sign-Controlled Intersection;16;Intersection;01/05/2001;01/01/2001 16:03;Motorist Drive Out - Sign-Controlled Intersection;0;2010;B: Evident Injury;Residential;50-59;59;No;0-5 mph;O: No Injury;Black;Male;Pickup;No;No;Daylight;Urban (>70% Developed);3 lanes;2;Straight - Grade;Local Street;Dry;Two-Way, Divided, Unprotected Median;None;Four-Way Intersection;Coarse Asphalt;Coastal;Urban;30 - 35  MPH;Stop Sign;Clear;No;35.02864, -78.94467
208;209;Yes;10-juin;9;No;Not Applicable;B: Evident Injury;Travel Lane;Black;Male;Kinston;Lenoir;No;01/01/2005;07/05/2010;Bicyclist Failed to Yield - Midblock;17;Non-Intersection;01/05/2001;01/01/2001 17:57;Bicyclist Ride Out - Other Midblock;0;2010;B: Evident Injury;Residential;70+;NA;No;31-35 mph;O: No Injury;White;Female;Van;No;No;Daylight;Urban (>70% Developed);4 lanes;2;Straight - Level;NC Route;Dry;Two-Way, Not Divided;None;No Special Feature;Smooth Asphalt;Coastal;Urban;30 - 35  MPH;No Control Present;Clear;No;35.264606, -77.572395
234;235;Yes;20-24;20;No;With Traffic;C: Possible Injury;Travel Lane;White;Male;Davidson;Mecklenburg;No;01/01/2004;06/05/2010;Motorist Overtaking Bicyclist;13;Non-Intersection;01/05/2001;01/01/2001 13:56;Motorist Overtaking - Bicyclist Swerved;0;2010;C: Possible Injury;Residential;30-39;39;No;21-25 mph;O: No Injury;White;Female;Light Truck (Mini-Van, Panel);No;No;Daylight;Urban (>70% Developed);2 lanes;2;Curve - Level;Local Street;Dry;Two-Way, Divided, Unprotected Median;None;No Special Feature;Smooth Asphalt;Piedmont;Urban;30 - 35  MPH;Double Yellow Line, No Passing Zone;Clear;No;35.504475, -80.85331
249;250;Yes;10-juin;9;No;Not Applicable;B: Evident Injury;Driveway / Alley;White;Male;Asheville;Buncombe;No;NA;03/05/2010;Bicyclist Failed to Yield - Midblock;16;Non-Intersection;01/05/2001;01/01/2001 16:31;Bicyclist Ride Out - Residential Driveway;0;2010;B: Evident Injury;Residential;40-49;45;No;16-20 mph;O: No Injury;White;Male;Pickup;No;No;Daylight;Urban (>70% Developed);2 lanes;2;Straight - Level;Local Street;Dry;Two-Way, Not Divided;None;T-Intersection;Smooth Asphalt;Mountains;Urban;30 - 35  MPH;Stop Sign;Clear;No;35.474148, -82.51645
250;251;No;40-49;40;No;Facing Traffic;B: Evident Injury;Sidewalk / Crosswalk / Driveway Crossing;White;Male;Greensboro;Guilford;No;01/01/2005;07/05/2010;Motorist Failed to Yield - Midblock;22;Non-Intersection;01/05/2001;01/01/2001 22:12;Motorist Drive Out - Commercial Driveway / Alley;0;2010;B: Evident Injury;Commercial;25-29;25;No;0-5 mph;O: No Injury;White;Female;Passenger Car;No;No;Dark - Lighted Roadway;Urban (>70% Developed);NA;2;Straight - Level;Public Vehicular Area;Dry;One-Way, Not Divided;None;Driveway, Public;Smooth Asphalt;Piedmont;Urban;5 - 15 MPH;No Control Present;Clear;No;36.039913, -79.84802
255;256;Yes;10-juin;6;No;Facing Traffic;A: Disabling Injury;Travel Lane;Black;Male;Asheville;Buncombe;No;01/01/2006;01/05/2010;Loss of Control / Turning Error;13;Intersection;01/05/2001;01/01/2001 13:46;Bicyclist Lost Control - Mechanical Problems;0;2010;A: Disabling Injury;Residential;20-24;23;No;11-15 mph;O: No Injury;Black;Male;Passenger Car;No;No;Daylight;Urban (>70% Developed);2 lanes;2;Straight - Hillcrest;Local Street;Dry;Two-Way, Not Divided;None;T-Intersection;Smooth Asphalt;Mountains;Urban;20 - 25  MPH;Other;Clear;No;35.577477, -82.55465
257;258;Yes;40-49;46;Yes;With Traffic;B: Evident Injury;Travel Lane;Black;Female;Charlotte;Mecklenburg;Yes;NA;26/04/2010;Loss of Control / Turning Error;12;Non-Intersection;01/04/2001;01/01/2001 12:44;Bicyclist Lost Control - Other /;0;2010;B: Evident Injury;Residential;40-49;48;No;21-25 mph;O: No Injury;Black;Male;Pickup;No;No;Daylight;Urban (>70% Developed);2 lanes;2;Straight - Grade;Local Street;Dry;Two-Way, Divided, Positive Median Barrier;None;No Special Feature;Smooth Asphalt;Piedmont;Urban;20 - 25  MPH;No Control Present;Clear;No;35.28069, -80.857376