FID;OBJECTID;AmbulanceR;BikeAge_Gr;Bike_Age;Bike_Alc_D;Bike_Dir;Bike_Injur;Bike_Pos;Bike_Race;Bike_Sex;City;County;CrashAlcoh;CrashDay;Crash_Date;Crash_Grp;Crash_Hour;Crash_Loc;Crash_Mont;Crash_Time;Crash_Type;Crash_Ty_1;Crash_Year;Crsh_Sevri;Developmen;DrvrAge_Gr;Drvr_Age;Drvr_Alc_D;Drvr_EstSp;Drvr_Injur;Drvr_Race;Drvr_Sex;Drvr_VehTy;ExcsSpdInd;Hit_Run;Light_Cond;Locality;Num_Lanes;Num_Units;Rd_Charact;Rd_Class;Rd_Conditi;Rd_Config;Rd_Defects;Rd_Feature;Rd_Surface;Region;Rural_Urba;Speed_Limi;Traff_Cntr;Weather;Workzone_I;Location
633;634;Yes;10-juin;8;No;With Traffic;B: Evident Injury;Travel Lane;White;Male;Kannapolis;Cabarrus;No;01/01/2005;16/10/2009;Bicyclist Failed to Yield - Sign-Controlled Intersection;18;Intersection;01/10/2001;01/01/2001 18:13;Bicyclist Ride Through - Sign-Controlled Intersection;111144;2009;B: Evident Injury;Residential;70+;NA;No;26-30 mph;O: No Injury;White;Male;Passenger Car;No;No;Daylight;Urban (>70% Developed);2 lanes;2;Straight - Grade;Local Street;Dry;Two-Way, Not Divided;None;Four-Way Intersection;Smooth Asphalt;Piedmont;Urban;30 - 35  MPH;Stop Sign;Clear;No;35.49856, -80.640205
634;635;Yes;30-39;38;No;With Traffic;B: Evident Injury;Travel Lane;White;Male;Emerald Isle;Carteret;No;01/01/2006;17/10/2009;Motorist Overtaking Bicyclist;8;Non-Intersection;01/10/2001;01/01/2001 08:42;Motorist Overtaking - Other /;311239;2009;B: Evident Injury;Commercial;60-69;67;No;41-45 mph;O: No Injury;Black;Female;Sport Utility;No;No;Daylight;Urban (>70% Developed);3 lanes;2;Curve - Level;NC Route;Dry;Two-Way, Not Divided;None;No Special Feature;Coarse Asphalt;Coastal;Rural;40 - 45  MPH;No Control Present;Cloudy;No;34.66041, -77.057915
639;640;Yes;50-59;50;No;With Traffic;B: Evident Injury;Travel Lane;White;Male;Beaufort;Carteret;Yes;01/01/2002;27/10/2009;Motorist Left Turn / Merge;20;Intersection;01/10/2001;01/01/2001 20:44;Motorist Left Turn - Opposite Direction;111212;2009;B: Evident Injury;Residential;30-39;36;Yes;21-25 mph;O: No Injury;Black;Male;Passenger Car;No;Yes;Dark - Lighted Roadway;Urban (>70% Developed);2 lanes;2;Straight - Level;Local Street;Dry;Two-Way, Not Divided;None;Four-Way Intersection;Smooth Asphalt;Coastal;Rural;20 - 25  MPH;No Control Present;Clear;No;34.72069, -76.65972
641;642;Yes;50-59;50;No;Facing Traffic;C: Possible Injury;Travel Lane;White;Male;None - Rural Crash;Halifax;No;01/01/2005;23/10/2009;Motorist Failed to Yield - Sign-Controlled Intersection;19;Intersection;01/10/2001;01/01/2001 19:30;Motorist Drive Out - Sign-Controlled Intersection;112141;2009;C: Possible Injury;Commercial;40-49;44;No;31-35 mph;O: No Injury;Black;Female;Sport Utility;No;No;Dark - Lighted Roadway;Rural (<30% Developed);2 lanes;2;Straight - Level;State Secondary Route;Dry;Two-Way, Not Divided;None;Four-Way Intersection;Smooth Asphalt;Coastal;Rural;30 - 35  MPH;Stop Sign;Clear;No;36.416775, -77.60517
644;645;Yes;20-24;20;No;With Traffic;B: Evident Injury;Bike Lane / Paved Shoulder;White;Female;Asheville;Buncombe;No;01/01/2004;22/10/2009;Motorist Right Turn / Merge;11;Non-Intersection;01/10/2001;01/01/2001 11:20;Motorist Right Turn - Same Direction;321213;2009;B: Evident Injury;Commercial;30-39;38;No;0-5 mph;O: No Injury;White;Male;Pickup;No;No;Daylight;Urban (>70% Developed);2 lanes;2;Straight - Grade;Local Street;Dry;Two-Way, Divided, Positive Median Barrier;None;No Special Feature;Smooth Asphalt;Mountains;Urban;20 - 25  MPH;Double Yellow Line, No Passing Zone;Clear;No;35.596436, -82.54866
649;650;Yes;15-nov;14;No;Facing Traffic;B: Evident Injury;Travel Lane;White;Male;Durham;Durham;No;01/01/2005;06/11/2009;Head-On;18;Non-Intersection;01/11/2001;01/01/2001 18:50;Head-On - Bicyclist;312250;2009;B: Evident Injury;Residential;20-24;22;No;41-45 mph;O: No Injury;White;Male;Light Truck (Mini-Van, Panel);No;No;Dark - Roadway Not Lighted;Rural (<30% Developed);2 lanes;2;Straight - Level;Local Street;Dry;Two-Way, Not Divided;None;No Special Feature;Smooth Asphalt;Piedmont;Urban;40 - 45  MPH;No Control Present;Clear;No;36.09128, -78.93309
655;656;No;30-39;38;Yes;With Traffic;C: Possible Injury;Travel Lane;White;Male;None - Rural Crash;Guilford;Yes;NA;09/11/2009;Loss of Control / Turning Error;21;Non-Intersection;01/11/2001;01/01/2001 21:30;Bicyclist Lost Control - Other /;311129;2009;C: Possible Injury;Farms, Woods, Pastures;70+;NA;No;31-35 mph;O: No Injury;White;Male;Pickup;No;No;Dark - Roadway Not Lighted;Rural (<30% Developed);2 lanes;2;Straight - Level;State Secondary Route;Dry;Two-Way, Not Divided;None;No Special Feature;Coarse Asphalt;Piedmont;Rural;40 - 45  MPH;Double Yellow Line, No Passing Zone;Clear;No;36.107716, -79.69417
658;659;Yes;15-nov;12;No;With Traffic;B: Evident Injury;Travel Lane;White;Female;None - Rural Crash;Richmond;No;01/01/2006;24/10/2009;Bicyclist Left Turn / Merge;17;Non-Intersection;01/10/2001;01/01/2001 17:06;Bicyclist Left Turn - Same Direction;311221;2009;B: Evident Injury;Residential;40-49;44;No;41-45 mph;O: No Injury;White;Male;Pickup;No;No;Daylight;Urban (>70% Developed);2 lanes;2;Straight - Level;State Secondary Route;Dry;Two-Way, Not Divided;None;No Special Feature;Smooth Asphalt;Piedmont;Rural;50 - 55  MPH;Double Yellow Line, No Passing Zone;Clear;No;34.90425, -79.81298
661;662;Yes;50-59;56;Yes;With Traffic;B: Evident Injury;Travel Lane;Black;Male;Raleigh;Wake;Yes;01/01/2002;13/10/2009;Motorist Left Turn / Merge;15;Intersection-Related;01/10/2001;01/01/2001 15:50;Motorist Left Turn - Opposite Direction;211212;2009;B: Evident Injury;Residential;50-59;57;No;6-10 mph;O: No Injury;White;Male;Pickup;No;No;Daylight;Urban (>70% Developed);4 lanes;2;Straight - Level;Local Street;Dry;One-Way, Not Divided;None;No Special Feature;Smooth Asphalt;Piedmont;Urban;30 - 35  MPH;No Control Present;Clear;No;35.787743, -78.6136
665;666;Yes;25-29;28;Yes;Not Applicable;B: Evident Injury;Travel Lane;White;Male;Greensboro;Guilford;Yes;NA;02/11/2009;Bicyclist Failed to Yield - Midblock;22;Non-Intersection;01/11/2001;01/01/2001 22:52;Bicyclist Ride Out - Midblock -;313319;2009;B: Evident Injury;Commercial;NA;NA;Missing;NA;Injury;/Missing;NA;NA;No;Yes;Dark - Lighted Roadway;Urban (>70% Developed);5 lanes;2;Straight - Level;Local Street;Dry;Two-Way, Not Divided;None;No Special Feature;Coarse Asphalt;Piedmont;Urban;30 - 35  MPH;No Control Present;Clear;No;36.06335, -79.80675
666;667;Yes;16-19;18;No;With Traffic;C: Possible Injury;Travel Lane;Asian;Female;Raleigh;Wake;No;01/01/2005;30/10/2009;Motorist Failed to Yield - Sign-Controlled Intersection;10;Intersection;01/10/2001;01/01/2001 10:06;Motorist Drive Out - Sign-Controlled Intersection;111141;2009;C: Possible Injury;Residential;50-59;54;No;0-5 mph;O: No Injury;White;Male;Sport Utility;No;No;NA;Urban (>70% Developed);2 lanes;2;Straight - Level;Local Street;Dry;Two-Way, Divided, Unprotected Median;None;No Special Feature;Smooth Asphalt;Piedmont;Urban;20 - 25  MPH;Stop Sign;Clear;No;35.78136, -78.67506
667;668;No;20-24;24;No;With Traffic;C: Possible Injury;Travel Lane;White;Male;None - Rural Crash;Cleveland;No;01/01/2005;16/10/2009;Motorist Overtaking Bicyclist;8;Non-Intersection;01/10/2001;01/01/2001 08:00;Motorist Overtaking - Other /;311239;2009;C: Possible Injury;Farms, Woods, Pastures;70+;NA;No;41-45 mph;O: No Injury;White;Male;Pickup;No;No;Daylight;Mixed (30% To 70% Developed);2 lanes;2;Straight - Grade;NC Route;Dry;Two-Way, Not Divided;None;No Special Feature;Coarse Asphalt;Mountains;Rural;50 - 55  MPH;Double Yellow Line, No Passing Zone;Cloudy;No;35.47599, -81.631256
688;689;Yes;40-49;47;No;With Traffic;C: Possible Injury;Travel Lane;White;Male;None - Rural Crash;Rowan;No;NA;30/11/2009;Motorist Overtaking Bicyclist;17;Non-Intersection;01/11/2001;01/01/2001 17:27;Motorist Overtaking - Misjudged Space;311232;2009;C: Possible Injury;Residential;70+;NA;No;21-25 mph;O: No Injury;White;Female;Passenger Car;No;No;Dusk;Mixed (30% To 70% Developed);2 lanes;2;Straight - Grade;State Secondary Route;Wet;Two-Way, Not Divided;None;No Special Feature;Smooth Asphalt;Piedmont;Rural;40 - 45  MPH;Double Yellow Line, No Passing Zone;Rain;No;35.571667, -80.45902
695;696;Yes;20-24;21;No;With Traffic;B: Evident Injury;Travel Lane;Hispanic;Male;Salisbury;Rowan;No;NA;30/11/2009;Motorist Overtaking Bicyclist;22;Non-Intersection;01/11/2001;01/01/2001 22:10;Motorist Overtaking - Other /;311239;2009;B: Evident Injury;Commercial;25-29;26;No;26-30 mph;O: No Injury;Black;Female;Passenger Car;No;No;Dark - Roadway Not Lighted;Urban (>70% Developed);2 lanes;2;Straight - Level;Local Street;Dry;Two-Way, Divided, Unprotected Median;None;No Special Feature;Smooth Asphalt;Piedmont;Urban;40 - 45  MPH;Double Yellow Line, No Passing Zone;Clear;No;35.65004, -80.4726
704;705;Yes;25-29;25;No;With Traffic;B: Evident Injury;Travel Lane;White;Male;None - Rural Crash;Buncombe;No;01/01/2005;20/11/2009;Motorist Failed to Yield - Sign-Controlled Intersection;16;Intersection;01/11/2001;01/01/2001 16:45;Motorist Drive Out - Sign-Controlled Intersection;111141;2009;B: Evident Injury;Residential;70+;NA;No;0-5 mph;O: No Injury;White;Male;Van;No;No;Daylight;Rural (<30% Developed);2 lanes;2;Straight - Level;State Secondary Route;Dry;Two-Way, Not Divided;None;Four-Way Intersection;Smooth Asphalt;Mountains;Rural;40 - 45  MPH;Stop Sign;Clear;No;35.520428, -82.43664
708;709;Yes;25-29;29;No;With Traffic;B: Evident Injury;Bike Lane / Paved Shoulder;White;Male;Cornelius;Mecklenburg;No;01/01/2003;18/11/2009;Parallel Paths - Other Circumstances;17;Non-Intersection;01/11/2001;01/01/2001 17:28;Bicyclist Ride Out - Parallel Path;321225;2009;B: Evident Injury;Commercial;30-39;30;No;31-35 mph;O: No Injury;White;Female;Passenger Car;No;No;Dark - Lighted Roadway;Urban (>70% Developed);NA;2;Straight - Level;NC Route;Wet;Two-Way, Divided, Unprotected Median;None;No Special Feature;Coarse Asphalt;Piedmont;Urban;30 - 35  MPH;No Control Present;Rain;Yes;35.48204, -80.85802
711;712;No;25-29;28;No;Not Applicable;Injury;NA;White;Male;Durham;Durham;No;01/01/2004;10/12/2009;Crossing Paths - Other Circumstances;15;Intersection-Related;01/12/2001;01/01/2001 14:59;Signalized Intersection - Other /;293158;2009;Injury;Commercial;50-59;54;No;0-5 mph;Injury;White;Female;Passenger Car;No;No;Daylight;Urban (>70% Developed);4 lanes;2;Straight - Level;Local Street;Dry;Two-Way, Not Divided;None;Four-Way Intersection;Smooth Asphalt;Piedmont;Urban;30 - 35  MPH;Stop And Go Signal;Clear;No;36.008984, -78.942696
716;717;Yes;60-69;60;No;With Traffic;B: Evident Injury;Bike Lane / Paved Shoulder;White;Male;Rocky Mount;Edgecombe;No;01/01/2006;31/10/2009;Motorist Overtaking Bicyclist;9;Non-Intersection;01/10/2001;01/01/2001 09:23;Motorist Overtaking - Bicyclist Swerved;321235;2009;B: Evident Injury;Commercial;40-49;49;No;11-15 mph;O: No Injury;White;Male;Passenger Car;No;No;Daylight;Urban (>70% Developed);1 lane;2;Straight - Level;US Route;Dry;One-Way, Not Divided;None;No Special Feature;Smooth Asphalt;Coastal;Urban;30 - 35  MPH;No Control Present;Clear;No;35.94718, -77.75941
717;718;No;16-19;16;No;With Traffic;C: Possible Injury;Travel Lane;Black;Male;Kinston;Lenoir;No;NA;09/11/2009;Motorist Left Turn / Merge;18;Non-Intersection;01/11/2001;01/01/2001 18:17;Motorist Left Turn - Opposite Direction;311212;2009;C: Possible Injury;Residential;50-59;57;No;0-5 mph;O: No Injury;Black;Female;Van;No;No;Dark -  Lighting;Urban (>70% Developed);2 lanes;2;Straight - Level;Local Street;Dry;Two-Way, Not Divided;None;Driveway, Private;Coarse Asphalt;Coastal;Urban;20 - 25  MPH;No Control Present;Clear;No;35.278347, -77.58811
725;726;No;16-19;18;No;With Traffic;B: Evident Injury;Travel Lane;White;Male;Wilmington;New Hanover;No;NA;28/09/2009;Motorist Right Turn / Merge;16;Intersection;01/09/2001;01/01/2001 16:30;Motorist Right Turn - Same Direction;111213;2009;B: Evident Injury;Residential;NA;NA;Missing;11-15 mph;Injury;/Missing;NA;Passenger Car;No;Yes;Daylight;Urban (>70% Developed);5 lanes;2;Straight - Level;Local Street;Dry;Two-Way, Not Divided;None;T-Intersection;Coarse Asphalt;Coastal;Urban;30 - 35  MPH;Stop And Go Signal;Clear;No;34.207565, -77.878426
726;727;Yes;40-49;47;No;With Traffic;B: Evident Injury;Travel Lane;White;Male;Mount Holly;Gaston;No;NA;16/11/2009;Motorist Overtaking Bicyclist;16;Non-Intersection;01/11/2001;01/01/2001 16:53;Motorist Overtaking - Undetected Bicyclist;311231;2009;B: Evident Injury;Residential;50-59;55;No;41-45 mph;B: Evident Injury;White;Female;Pickup;No;No;Daylight;Urban (>70% Developed);2 lanes;2;Straight - Level;Local Street;Dry;Two-Way, Not Divided;None;No Special Feature;Smooth Asphalt;Piedmont;Urban;40 - 45  MPH;Double Yellow Line, No Passing Zone;Clear;No;35.270767, -81.03505
733;734;Yes;25-29;29;No;Facing Traffic;C: Possible Injury;Travel Lane;Black;Male;Fayetteville;Cumberland;No;01/01/2005;27/11/2009;Motorist Failed to Yield - Midblock;10;Non-Intersection;01/11/2001;01/01/2001 10:03;Motorist Drive Out - Midblock -;312329;2009;C: Possible Injury;Commercial;NA;NA;Missing;0-5 mph;Injury;/Missing;NA;NA;No;Yes;Daylight;Urban (>70% Developed);NA;2;Straight - Level;Public Vehicular Area;Dry;Two-Way, Not Divided;None;Driveway, Public;Smooth Asphalt;Coastal;Urban;40 - 45  MPH;No Control Present;Clear;No;35.045475, -78.92669
740;741;Yes;50-59;53;No;With Traffic;C: Possible Injury;Travel Lane;Black;Male;Elizabeth City;Pasquotank;Yes;01/01/2002;01/12/2009;Bicyclist Failed to Yield - Signalized Intersection;20;Intersection;01/12/2001;01/01/2001 20:22;Bicyclist Ride Out - Signalized  Intersection;111153;2009;C: Possible Injury;Residential;30-39;38;Yes;6-10 mph;O: No Injury;White;Male;Passenger Car;No;No;Dark - Lighted Roadway;Rural (<30% Developed);2 lanes;2;Straight - Level;Local Street;Dry;Two-Way, Divided, Unprotected Median;None;Four-Way Intersection;Grooved Concrete;Coastal;Urban;30 - 35  MPH;Stop And Go Signal;Clear;No;36.28155, -76.22344
748;749;Yes;16-19;18;No;With Traffic;C: Possible Injury;Travel Lane;White;Male;Fayetteville;Cumberland;No;01/01/2004;19/11/2009;Motorist Overtaking Bicyclist;7;Non-Intersection;01/11/2001;01/01/2001 07:13;Motorist Overtaking - Other /;311239;2009;K: Killed;Residential;40-49;44;No;46-50 mph;B: Evident Injury;White;Male;Pickup;No;No;Daylight;Urban (>70% Developed);2 lanes;3;Straight - Level;Local Street;Wet;Two-Way, Not Divided;None;No Special Feature;Coarse Asphalt;Coastal;Urban;50 - 55  MPH;No Control Present;Cloudy;No;35.009605, -79.02425
752;753;No;60-69;62;No;Facing Traffic;C: Possible Injury;Sidewalk / Crosswalk / Driveway Crossing;Black;Male;Greensboro;Guilford;No;01/01/2003;16/12/2009;Motorist Failed to Yield - Midblock;10;Non-Intersection;01/12/2001;01/01/2001 10:52;Motorist Drive Out - Commercial Driveway / Alley;332322;2009;C: Possible Injury;Commercial;40-49;48;No;NA;O: No Injury;White;Male;Passenger Car;No;No;Daylight;Urban (>70% Developed);5 lanes;2;Straight - Level;Local Street;Dry;Two-Way, Not Divided;None;No Special Feature;Smooth Asphalt;Piedmont;Urban;30 - 35  MPH;No Control Present;Clear;No;36.07862, -79.752594
753;754;Yes;25-29;27;No;Facing Traffic;B: Evident Injury;Sidewalk / Crosswalk / Driveway Crossing;Black;Male;Southern Pines;Moore;No;01/01/2005;04/12/2009;Motorist Right Turn / Merge;10;Non-Intersection;01/12/2001;01/01/2001 10:21;Motorist Right Turn - Opposite Direction;332214;2009;B: Evident Injury;Commercial;40-49;40;No;0-5 mph;O: No Injury;White;Male;Passenger Car;No;No;Daylight;Urban (>70% Developed);2 lanes;2;Straight - Grade;Public Vehicular Area;Dry;Two-Way, Not Divided;None;Driveway, Public;Coarse Asphalt;Piedmont;Urban;30 - 35  MPH;No Control Present;Clear;No;35.176678, -79.39465
755;756;Yes;40-49;40;No;With Traffic;B: Evident Injury;Travel Lane;White;Male;None - Rural Crash;Pender;No;01/01/2004;17/12/2009;Motorist Overtaking Bicyclist;17;Non-Intersection;01/12/2001;01/01/2001 17:51;Motorist Overtaking - Other /;311239;2009;B: Evident Injury;Farms, Woods, Pastures;NA;NA;Missing;51-55 mph;Injury;/Missing;NA;NA;No;Yes;Dark - Roadway Not Lighted;Rural (<30% Developed);2 lanes;2;Straight - Level;State Secondary Route;Dry;Two-Way, Not Divided;None;No Special Feature;Smooth Asphalt;Coastal;Rural;50 - 55  MPH;No Control Present;Clear;No;34.695683, -78.01032
765;766;No;50-59;55;No;Facing Traffic;O: No Injury;Travel Lane;White;Male;Atlantic Beach;Carteret;No;01/01/2002;29/12/2009;Parallel Paths - Other Circumstances;8;Non-Intersection;01/12/2001;01/01/2001 08:43;Parallel Paths - Other /;312280;2009;O: No Injury;Commercial;60-69;60;No;0-5 mph;O: No Injury;White;Male;Single Unit Truck (2-Axle, 6-Tire);No;No;Daylight;Urban (>70% Developed);6 lanes;2;Straight - Level;NC Route;Dry;Two-Way, Divided, Unprotected Median;None;Driveway, Public;Smooth Asphalt;Coastal;Rural;30 - 35  MPH;No Control Present;Clear;No;34.701153, -76.73853
766;767;Yes;60-69;60;No;With Traffic;C: Possible Injury;Travel Lane;White;Male;Pineville;Mecklenburg;No;01/01/2002;29/12/2009;Motorist Failed to Yield - Sign-Controlled Intersection;16;Intersection;01/12/2001;01/01/2001 16:07;Motorist Drive Out - Sign-Controlled Intersection;111141;2009;C: Possible Injury;Commercial;70+;NA;No;6-10 mph;O: No Injury;White;Female;Passenger Car;No;No;Daylight;Urban (>70% Developed);1 lane;2;Curve - Level;Public Vehicular Area;Dry;Two-Way, Not Divided;None;Traffic Circle/Roundabout;Smooth Asphalt;Piedmont;Rural;30 - 35  MPH;Yield Sign;Clear;No;35.0705, -80.880806
777;778;Yes;16-19;17;No;With Traffic;B: Evident Injury;Travel Lane;Black;Male;Charlotte;Mecklenburg;No;01/01/2002;24/11/2009;Motorist Overtaking Bicyclist;16;Non-Intersection;01/11/2001;01/01/2001 16:24;Motorist Overtaking - Other /;311239;2009;B: Evident Injury;Residential;NA;NA;Missing;26-30 mph;Injury;/Missing;NA;NA;No;Yes;Daylight;Urban (>70% Developed);2 lanes;2;Straight - Level;Local Street;Dry;Two-Way, Not Divided;None;No Special Feature;Smooth Asphalt;Piedmont;Urban;20 - 25  MPH;No Control Present;Cloudy;No;35.282585, -80.82256
783;784;No;60-69;62;No;Not Applicable;B: Evident Injury;NA;Black;Male;Charlotte;Mecklenburg;Yes;NA;28/09/2009;Bicyclist Failed to Yield - Midblock;20;Non-Intersection;01/09/2001;01/01/2001 20:50;Bicyclist Ride Out - Midblock -;393319;2009;B: Evident Injury;Residential;60-69;65;Yes;31-35 mph;O: No Injury;Black;Male;Passenger Car;No;No;Dark - Lighted Roadway;Rural (<30% Developed);2 lanes;2;Straight - Level;Local Street;Dry;Two-Way, Not Divided;None;No Special Feature;Coarse Asphalt;Piedmont;Urban;30 - 35  MPH;No Control Present;Clear;No;35.245888, -80.897484
803;804;No;40-49;44;No;With Traffic;B: Evident Injury;Travel Lane;White;Male;Charlotte;Mecklenburg;No;01/01/2006;30/05/2009;Motorist Right Turn / Merge;13;Intersection;01/05/2001;01/01/2001 13:35;Motorist Right Turn - Same Direction;111213;2009;B: Evident Injury;Commercial;20-24;21;No;21-25 mph;O: No Injury;White;Female;Sport Utility;No;No;Daylight;Urban (>70% Developed);2 lanes;2;Straight - Level;Local Street;Dry;Two-Way, Not Divided;None;T-Intersection;Smooth Asphalt;Piedmont;Urban;30 - 35  MPH;No Control Present;Clear;No;35.20066, -80.843
807;808;No;30-39;35;Yes;With Traffic;B: Evident Injury;Sidewalk / Crosswalk / Driveway Crossing;Hispanic;Male;Charlotte;Mecklenburg;Yes;01/01/2007;22/03/2009;Motorist Overtaking Bicyclist;20;Intersection;01/03/2001;01/01/2001 20:44;Motorist Overtaking - Bicyclist Swerved;131235;2009;B: Evident Injury;Commercial;30-39;30;No;6-10 mph;O: No Injury;Black;Male;Passenger Car;No;No;Dark - Lighted Roadway;Urban (>70% Developed);3 lanes;2;Straight - Level;Local Street;Dry;Two-Way, Divided, Unprotected Median;None;No Special Feature;Smooth Asphalt;Piedmont;Urban;30 - 35  MPH;Stop Sign;Clear;No;35.246716, -80.7524
808;809;Yes;30-39;35;No;With Traffic;B: Evident Injury;Travel Lane;White;Male;Charlotte;Mecklenburg;No;01/01/2006;07/03/2009;Motorist Left Turn / Merge;10;Intersection;01/03/2001;01/01/2001 10:29;Motorist Left Turn - Opposite Direction;111212;2009;B: Evident Injury;Residential;NA;NA;Missing;0-5 mph;Injury;/Missing;NA;NA;No;Yes;Daylight;Urban (>70% Developed);4 lanes;2;Straight - Level;Local Street;Dry;Two-Way, Divided, Unprotected Median;Road Surface Condition;No Special Feature;Smooth Asphalt;Piedmont;Urban;30 - 35  MPH;Stop Sign;Clear;No;35.21063, -80.83439
5;6;Yes;15-nov;12;No;Facing Traffic;C: Possible Injury;Sidewalk / Crosswalk / Driveway Crossing;White;Male;Cary;Wake;No;01/01/2006;16/01/2010;Bicyclist Failed to Yield - Signalized Intersection;18;Intersection;NA;01/01/2001 18:36;Bicyclist Ride Out - Signalized  Intersection;0;2010;C: Possible Injury;Commercial;40-49;43;No;21-25 mph;O: No Injury;Asian;Male;Passenger Car;No;No;Dark - Lighted Roadway;Urban (>70% Developed);3 lanes;2;Straight - Level;State Secondary Route;Dry;Two-Way, Not Divided;None;Four-Way Intersection;Smooth Asphalt;Piedmont;Urban;30 - 35  MPH;Stop And Go Signal;Clear;No;35.791798, -78.78332
8;9;No;60-69;63;No;With Traffic;C: Possible Injury;Travel Lane;White;Female;Durham;Durham;No;NA;18/01/2010;Bicyclist Left Turn / Merge;13;Intersection-Related;NA;01/01/2001 13:37;Bicyclist Left Turn - Same Direction;0;2010;C: Possible Injury;Commercial;60-69;64;No;11-15 mph;O: No Injury;Black;Male;Sport Utility;No;No;Daylight;Urban (>70% Developed);2 lanes;2;Straight - Level;Local Street;Dry;Two-Way, Not Divided;None;No Special Feature;Smooth Asphalt;Piedmont;Urban;30 - 35  MPH;Stop Sign;Clear;No;35.95755, -78.87871
14;15;Yes;50-59;50;Yes;With Traffic;B: Evident Injury;Travel Lane;White;Male;None - Rural Crash;Brunswick;Yes;NA;11/01/2010;Parallel Paths - Other Circumstances;18;Non-Intersection;NA;01/01/2001 18:16;Bicyclist Ride Out - Parallel Path;0;2010;B: Evident Injury;Farms, Woods, Pastures;40-49;40;No;41-45 mph;O: No Injury;White;Male;Single Unit Truck (2-Axle, 6-Tire);No;No;Dark - Roadway Not Lighted;Rural (<30% Developed);2 lanes;2;Curve - Level;State Secondary Route;Dry;Two-Way, Not Divided;None;No Special Feature;Smooth Asphalt;Coastal;Rural;50 - 55  MPH;Double Yellow Line, No Passing Zone;Clear;No;34.23165, -78.05655
17;18;Yes;25-29;26;No;With Traffic;C: Possible Injury;Travel Lane;White;Male;Chapel Hill;Orange;No;01/01/2004;14/01/2010;Motorist Right Turn / Merge;11;Intersection;NA;01/01/2001 11:12;Motorist Right Turn - Same Direction;0;2010;C: Possible Injury;Residential;50-59;59;No;16-20 mph;O: No Injury;Black;Male;Pickup;No;No;Daylight;Urban (>70% Developed);2 lanes;2;Straight - Level;Local Street;Dry;Two-Way, Not Divided;None;No Special Feature;Smooth Asphalt;Piedmont;Urban;20 - 25  MPH;Other;Clear;No;35.90739, -79.06315
25;26;No;10-juin;6;No;With Traffic;B: Evident Injury;Travel Lane;Black;Male;Charlotte;Mecklenburg;No;01/01/2002;19/01/2010;Bicyclist Failed to Yield - Sign-Controlled Intersection;17;Intersection;NA;01/01/2001 17:23;Bicyclist Ride Through - Sign-Controlled Intersection;0;2010;B: Evident Injury;Commercial;20-24;23;No;6-10 mph;O: No Injury;Black;Female;Passenger Car;No;No;Dusk;Urban (>70% Developed);NA;2;Straight - Grade;Public Vehicular Area;Dry;Two-Way, Not Divided;None;Four-Way Intersection;Smooth Asphalt;Piedmont;Urban;NA;Stop Sign;Cloudy;No;35.215828, -80.721855
30;31;Yes;25-29;26;No;With Traffic;B: Evident Injury;Travel Lane;White;Male;Wilmington;New Hanover;No;01/01/2003;27/01/2010;Motorist Left Turn / Merge;20;Intersection;NA;01/01/2001 20:40;Motorist Left Turn - Opposite Direction;0;2010;B: Evident Injury;Commercial;20-24;21;No;6-10 mph;O: No Injury;White;Female;Passenger Car;No;No;Dark - Lighted Roadway;Urban (>70% Developed);4 lanes;2;Straight - Level;Local Street;Dry;Two-Way, Not Divided;NA;No Special Feature;Coarse Asphalt;Coastal;Urban;20 - 25  MPH;No Control Present;Clear;No;34.234184, -77.94852
31;32;No;20-24;23;No;With Traffic;C: Possible Injury;Sidewalk / Crosswalk / Driveway Crossing;White;Male;Greensboro;Guilford;No;NA;25/01/2010;Motorist Left Turn / Merge;11;Intersection;NA;01/01/2001 11:33;Motorist Left Turn - Opposite Direction;0;2010;C: Possible Injury;Commercial;NA;NA;Missing;6-10 mph;Injury;/Missing;NA;NA;No;Yes;Daylight;Urban (>70% Developed);3 lanes;2;Straight - Level;Local Street;Dry;Two-Way, Not Divided;None;No Special Feature;Coarse Asphalt;Piedmont;Urban;30 - 35  MPH;Stop And Go Signal;Clear;No;36.063858, -79.82378
33;34;Yes;15-nov;15;No;With Traffic;B: Evident Injury;Travel Lane;Black;Male;Hickory;Catawba;No;NA;25/01/2010;Bicyclist Failed to Yield - Signalized Intersection;11;Intersection;NA;01/01/2001 11:04;Bicyclist Ride Out - Signalized  Intersection;0;2010;B: Evident Injury;Residential;50-59;57;No;6-10 mph;O: No Injury;White;Male;Van;No;No;Daylight;Mixed (30% To 70% Developed);4 lanes;2;Straight - Grade;Local Street;Dry;Two-Way, Divided, Unprotected Median;None;Four-Way Intersection;Smooth Asphalt;Piedmont;Urban;30 - 35  MPH;Stop And Go Signal;Clear;No;35.73597, -81.35213
36;37;No;20-24;24;No;With Traffic;Injury;Travel Lane;White;Male;Greenville;Pitt;No;01/01/2002;26/01/2010;Motorist Overtaking Bicyclist;13;Non-Intersection;NA;01/01/2001 13:09;Motorist Overtaking - Misjudged Space;0;2010;O: No Injury;Institutional;50-59;56;No;26-30 mph;O: No Injury;White;Female;Passenger Car;No;No;Daylight;Mixed (30% To 70% Developed);2 lanes;2;Straight - Level;Local Street;Dry;Two-Way, Divided, Unprotected Median;None;No Special Feature;Concrete;Coastal;Urban;30 - 35  MPH;Stop And Go Signal;Clear;No;35.607727, -77.36305