FID;OBJECTID;AmbulanceR;BikeAge_Gr;Bike_Age;Bike_Alc_D;Bike_Dir;Bike_Injur;Bike_Pos;Bike_Race;Bike_Sex;City;County;CrashAlcoh;CrashDay;Crash_Date;Crash_Grp;Crash_Hour;Crash_Loc;Crash_Mont;Crash_Time;Crash_Type;Crash_Ty_1;Crash_Year;Crsh_Sevri;Developmen;DrvrAge_Gr;Drvr_Age;Drvr_Alc_D;Drvr_EstSp;Drvr_Injur;Drvr_Race;Drvr_Sex;Drvr_VehTy;ExcsSpdInd;Hit_Run;Light_Cond;Locality;Num_Lanes;Num_Units;Rd_Charact;Rd_Class;Rd_Conditi;Rd_Config;Rd_Defects;Rd_Feature;Rd_Surface;Region;Rural_Urba;Speed_Limi;Traff_Cntr;Weather;Workzone_I;Location
39;40;No;60-69;61;No;With Traffic;B: Evident Injury;Other;Hispanic;Male;Charlotte;Mecklenburg;No;01/01/2004;11/02/2010;Motorist Overtaking Bicyclist;17;Non-Intersection;01/02/2001;01/01/2001 17:43;Motorist Overtaking - Bicyclist Swerved;0;2010;B: Evident Injury;Residential;40-49;45;No;21-25 mph;C: Possible Injury;Black;Male;Sport Utility;No;No;Daylight;Urban (>70% Developed);2 lanes;2;Straight - Level;Local Street;Dry;Two-Way, Not Divided;None;No Special Feature;Smooth Asphalt;Piedmont;Urban;40 - 45  MPH;No Control Present;Clear;No;35.175068, -80.71852
42;43;Yes;40-49;42;No;With Traffic;C: Possible Injury;Travel Lane;Black;Male;Charlotte;Mecklenburg;No;01/01/2007;31/01/2010;Loss of Control / Turning Error;21;Non-Intersection;NA;01/01/2001 21:19;Motorist Lost Control - Surface Conditions;0;2010;C: Possible Injury;Commercial;30-39;34;No;16-20 mph;O: No Injury;Black;Female;Passenger Car;No;No;Dark - Roadway Not Lighted;Urban (>70% Developed);2 lanes;2;Straight - Level;Local Street;Ice;Two-Way, Not Divided;Road Surface Condition;No Special Feature;Smooth Asphalt;Piedmont;Urban;40 - 45  MPH;No Control Present;Clear;No;35.313454, -80.78617
45;46;No;20-24;21;No;With Traffic;O: No Injury;Travel Lane;Hispanic;Male;Zebulon;Wake;No;NA;08/02/2010;Bicyclist Left Turn / Merge;16;Non-Intersection;01/02/2001;01/01/2001 15:59;Bicyclist Left Turn - Same Direction;0;2010;O: No Injury;Residential;70+;NA;No;31-35 mph;O: No Injury;Black;Female;Passenger Car;No;No;Daylight;Urban (>70% Developed);2 lanes;2;Straight - Level;Local Street;Dry;Two-Way, Not Divided;None;No Special Feature;Smooth Asphalt;Piedmont;Rural;30 - 35  MPH;No Control Present;Clear;No;35.815792, -78.31502
48;49;Yes;16-19;16;No;Facing Traffic;A: Disabling Injury;Travel Lane;White;Male;None - Rural Crash;Pitt;No;01/01/2003;20/01/2010;Bicyclist Right Turn / Merge;15;Non-Intersection;NA;01/01/2001 15:17;Bicyclist Right Turn - Same Direction;0;2010;A: Disabling Injury;Farms, Woods, Pastures;40-49;48;No;NA;O: No Injury;Black;Female;Sport Utility;No;No;Daylight;Urban (>70% Developed);2 lanes;2;Straight - Level;State Secondary Route;Dry;Two-Way, Not Divided;None;No Special Feature;Coarse Asphalt;Coastal;Rural;NA;Double Yellow Line, No Passing Zone;Clear;No;35.60398, -77.468414
55;56;No;60-69;63;No;With Traffic;O: No Injury;Travel Lane;White;Male;Boone;Watauga;No;01/01/2007;21/02/2010;Bicyclist Left Turn / Merge;12;Non-Intersection;01/02/2001;01/01/2001 12:05;Bicyclist Left Turn - Same Direction;0;2010;O: No Injury;Commercial;NA;NA;Missing;NA;Injury;/Missing;NA;NA;No;Yes;Dark - Roadway Not Lighted;Urban (>70% Developed);2 lanes;2;Straight - Level;Local Street;Wet;Two-Way, Not Divided;NA;No Special Feature;Smooth Asphalt;Mountains;Urban;20 - 25  MPH;No Control Present;Clear;No;36.199165, -81.6703
135;136;Yes;15-nov;14;No;Facing Traffic;B: Evident Injury;Sidewalk / Crosswalk / Driveway Crossing;Black;Male;Raleigh;Wake;No;01/01/2002;03/04/2012;Bicyclist Failed to Yield - Signalized Intersection;15;Intersection;01/04/2001;01/01/2001 15:13;Bicyclist Ride Through - Signalized Intersection;NA;2012;B: Evident Injury;Residential;NA;NA;Missing;16-20 mph;Injury;/Missing;NA;Passenger Car;No;Yes;Daylight;Urban (>70% Developed);2 lanes;2;Straight - Level;Local Street;Dry;Two-Way, Not Divided;None;Related To Intersection;Smooth Asphalt;Piedmont;Urban;30 - 35  MPH;Stop And Go Signal;Clear;No;35.78403, -78.6132
143;144;Yes;20-24;22;No;Not Applicable;B: Evident Injury;Travel Lane;Black;Male;Wilmington;New Hanover;No;NA;19/03/2012;Bicyclist Failed to Yield - Midblock;10;Non-Intersection;01/03/2001;01/01/2001 10:51;Bicyclist Ride Out - Other Midblock;NA;2012;B: Evident Injury;Commercial;60-69;62;No;31-35 mph;O: No Injury;Black;Male;Passenger Car;No;No;Daylight;Urban (>70% Developed);4 lanes;2;Straight - Level;Local Street;Dry;Two-Way, Divided, Unprotected Median;None;No Special Feature;Smooth Asphalt;Coastal;Urban;30 - 35  MPH;No Control Present;Clear;No;34.22687, -77.9157
144;145;Yes;60-69;61;Yes;Not Applicable;B: Evident Injury;Non-Roadway;Black;Male;Raleigh;Wake;Yes;01/01/2006;07/04/2012;Non-Roadway;19;Non-Roadway;01/04/2001;01/01/2001 19:01;Non-Roadway;NA;2012;B: Evident Injury;Commercial;30-39;36;No;0-5 mph;O: No Injury;White;Male;Pickup;No;No;Daylight;Urban (>70% Developed);NA;2;Straight - Grade;Public Vehicular Area;Dry;Two-Way, Not Divided;None;No Special Feature;Smooth Asphalt;Piedmont;Urban;30 - 35  MPH;No Control Present;Clear;No;35.78855, -78.6466
145;146;Yes;30-39;37;No;Not Applicable;B: Evident Injury;Non-Roadway;White;Male;Greensboro;Guilford;No;01/01/2005;23/03/2012;Crossing Paths - Other Circumstances;7;Intersection-Related;01/03/2001;01/01/2001 07:51;Crossing Paths - Uncontrolled Intersection;NA;2012;B: Evident Injury;Commercial;30-39;32;No;0-5 mph;O: No Injury;White;Female;Passenger Car;No;No;Daylight;Urban (>70% Developed);4 lanes;2;Straight - Grade;Local Street;Dry;Two-Way, Not Divided;None;Four-Way Intersection;Smooth Asphalt;Piedmont;Urban;30 - 35  MPH;Stop And Go Signal;Clear;No;36.0767, -79.8936
146;147;Yes;16-19;19;No;With Traffic;B: Evident Injury;Travel Lane;White;Male;None - Rural Crash;Buncombe;No;01/01/2006;31/03/2012;Bicyclist Left Turn / Merge;17;Non-Intersection;01/03/2001;01/01/2001 17:54;Bicyclist Left Turn - Same Direction;NA;2012;B: Evident Injury;Farms, Woods, Pastures;30-39;36;No;26-30 mph;O: No Injury;White;Female;Passenger Car;No;No;Daylight;Rural (<30% Developed);2 lanes;2;Straight - Level;State Secondary Route;Dry;Two-Way, Not Divided;None;No Special Feature;Coarse Asphalt;Mountains;Rural;30 - 35  MPH;Double Yellow Line, No Passing Zone;Clear;No;35.51917, -82.4039
150;151;No;15-nov;14;No;Not Applicable;C: Possible Injury;Non-Roadway;White;Male;None - Rural Crash;Avery;No;01/01/2003;04/04/2012;Bicyclist Failed to Yield - Midblock;18;Non-Intersection;01/04/2001;01/01/2001 18:58;Bicyclist Ride Out - Commercial Driveway / Alley;NA;2012;C: Possible Injury;Residential;50-59;57;No;31-35 mph;O: No Injury;White;Female;Passenger Car;No;No;Daylight;Mixed (30% To 70% Developed);2 lanes;2;Straight - Level;NC Route;Dry;Two-Way, Not Divided;None;No Special Feature;Smooth Asphalt;Mountains;Rural;30 - 35  MPH;Double Yellow Line, No Passing Zone;Clear;No;36.16939, -81.8551
151;152;Yes;60-69;64;No;With Traffic;B: Evident Injury;Sidewalk / Crosswalk / Driveway Crossing;White;Male;Wilmington;New Hanover;No;01/01/2002;10/04/2012;Motorist Right Turn / Merge;12;Non-Intersection;01/04/2001;01/01/2001 12:48;Motorist Right Turn - Same Direction;NA;2012;B: Evident Injury;Institutional;20-24;21;No;0-5 mph;O: No Injury;White;Female;Passenger Car;No;No;Daylight;Urban (>70% Developed);2 lanes;2;Straight - Grade;Local Street;Dry;Two-Way, Not Divided;None;No Special Feature;Smooth Asphalt;Coastal;Urban;5 - 15 MPH;No Control Present;Clear;No;34.22908, -77.8732
153;154;Yes;30-39;34;No;With Traffic;B: Evident Injury;Travel Lane;Other;Male;None - Rural Crash;Orange;No;NA;26/03/2012;Motorist Right Turn / Merge;19;Intersection;01/03/2001;01/01/2001 19:33;Motorist Right Turn - Same Direction;NA;2012;B: Evident Injury;Residential;40-49;41;No;31-35 mph;O: No Injury;Black;Female;Passenger Car;No;No;Daylight;Mixed (30% To 70% Developed);2 lanes;2;Straight - Grade;State Secondary Route;Dry;Two-Way, Not Divided;None;T-Intersection;Smooth Asphalt;Piedmont;Rural;40 - 45  MPH;Stop Sign;Clear;No;35.98131, -78.998
154;155;Yes;10-juin;6;No;Not Applicable;B: Evident Injury;Driveway / Alley;Black;Male;Clinton;Sampson;Yes;01/01/2003;11/04/2012;Bicyclist Failed to Yield - Midblock;14;Non-Intersection;01/04/2001;01/01/2001 14:38;Bicyclist Ride Out - Residential Driveway;NA;2012;B: Evident Injury;Residential;60-69;63;Yes;21-25 mph;O: No Injury;Black;Male;Pickup;No;No;Daylight;Urban (>70% Developed);2 lanes;2;Straight - Grade;Local Street;Dry;Two-Way, Not Divided;None;No Special Feature;Smooth Asphalt;Coastal;Urban;30 - 35  MPH;No Control Present;Clear;No;34.99031, -78.3239
155;156;Yes;16-19;16;No;Facing Traffic;A: Disabling Injury;Bike Lane / Paved Shoulder;Black;Male;None - Rural Crash;Wake;No;01/01/2006;07/04/2012;Loss of Control / Turning Error;15;Non-Intersection;01/04/2001;01/01/2001 15:56;Motorist Lost Control - Other /;NA;2012;A: Disabling Injury;Residential;20-24;21;No;41-45 mph;O: No Injury;Black;Female;Passenger Car;No;No;Daylight;Urban (>70% Developed);2 lanes;2;Curve - Level;State Secondary Route;Dry;Two-Way, Not Divided;None;Driveway, Private;Smooth Asphalt;Piedmont;Rural;40 - 45  MPH;Double Yellow Line, No Passing Zone;Clear;No;35.73879, -78.549
157;158;Yes;20-24;20;No;Not Applicable;B: Evident Injury;Driveway / Alley;White;Male;Raleigh;Wake;No;01/01/2004;22/03/2012;Bicyclist Failed to Yield - Midblock;10;Non-Intersection;01/03/2001;01/01/2001 10:09;Bicyclist Ride Out - Residential Driveway;NA;2012;B: Evident Injury;Residential;20-24;23;No;16-20 mph;O: No Injury;White;Male;Sport Utility;No;No;Daylight;Urban (>70% Developed);2 lanes;2;Straight - Level;Local Street;Dry;Two-Way, Not Divided;None;T-Intersection;Smooth Asphalt;Piedmont;Urban;20 - 25  MPH;No Control Present;Clear;No;35.80977, -78.6775
165;166;Yes;40-49;46;No;With Traffic;B: Evident Injury;Travel Lane;White;Male;None - Rural Crash;Davidson;No;01/01/2006;14/04/2012;Motorist Right Turn / Merge;9;Non-Intersection;01/04/2001;01/01/2001 09:26;Motorist Right Turn - Same Direction;NA;2012;B: Evident Injury;Residential;60-69;65;No;51-55 mph;O: No Injury;White;Male;Pickup;No;No;Daylight;Mixed (30% To 70% Developed);2 lanes;2;Straight - Level;State Secondary Route;Dry;Two-Way, Not Divided;None;No Special Feature;Smooth Asphalt;Piedmont;Rural;50 - 55  MPH;No Control Present;Clear;No;35.72748, -80.0684
168;169;Yes;20-24;21;No;Facing Traffic;C: Possible Injury;Sidewalk / Crosswalk / Driveway Crossing;White;Male;Siler City;Chatham;No;01/01/2004;29/03/2012;Motorist Failed to Yield - Midblock;10;Non-Intersection;01/03/2001;01/01/2001 10:44;Motorist Drive Out - Commercial Driveway / Alley;NA;2012;C: Possible Injury;Commercial;30-39;34;No;0-5 mph;O: No Injury;White;Male;Sport Utility;No;No;Daylight;Urban (>70% Developed);NA;2;Straight - Level;Public Vehicular Area;Dry;Two-Way, Not Divided;None;Driveway, Public;Smooth Asphalt;Piedmont;Urban;NA;No Control Present;Clear;No;35.73307, -79.4423
172;173;Yes;40-49;40;No;Facing Traffic;B: Evident Injury;Travel Lane;Black;Male;Wilmington;New Hanover;No;01/01/2007;25/03/2012;Motorist Failed to Yield - Midblock;13;Non-Intersection;01/03/2001;01/01/2001 13:40;Motorist Drive Out - Commercial Driveway / Alley;NA;2012;B: Evident Injury;Residential;NA;NA;Missing;21-25 mph;Injury;/Missing;NA;NA;No;Yes;Daylight;Urban (>70% Developed);3 lanes;2;Straight - Level;Local Street;Dry;Two-Way, Not Divided;None;Driveway, Private;Smooth Asphalt;Coastal;Urban;30 - 35  MPH;No Control Present;Cloudy;No;34.23188, -77.8806
175;176;Yes;25-29;27;No;With Traffic;C: Possible Injury;Travel Lane;White;Male;Durham;Durham;No;01/01/2005;13/04/2012;Bicyclist Failed to Yield - Signalized Intersection;9;Intersection;01/04/2001;01/01/2001 09:28;Bicyclist Ride Through - Signalized Intersection;NA;2012;C: Possible Injury;Commercial;25-29;26;No;31-35 mph;O: No Injury;White;Female;Passenger Car;No;No;Daylight;Urban (>70% Developed);2 lanes;2;Straight - Level;US Route;Dry;Two-Way, Not Divided;None;Four-Way Intersection;Smooth Asphalt;Piedmont;Urban;30 - 35  MPH;Stop And Go Signal;Clear;No;35.98717, -78.9264
185;186;No;40-49;48;No;Facing Traffic;C: Possible Injury;Sidewalk / Crosswalk / Driveway Crossing;White;Male;Wilmington;New Hanover;No;01/01/2002;27/03/2012;Motorist Failed to Yield - Midblock;15;Non-Intersection;01/03/2001;01/01/2001 15:37;Motorist Drive Out - Commercial Driveway / Alley;NA;2012;C: Possible Injury;Commercial;40-49;46;No;0-5 mph;O: No Injury;White;Female;Passenger Car;No;No;Daylight;Urban (>70% Developed);NA;2;Straight - Grade;Public Vehicular Area;Dry;Two-Way, Not Divided;None;Driveway, Public;Concrete;Coastal;Urban;5 - 15 MPH;No Control Present;Clear;No;34.24417, -77.881
188;189;Yes;40-49;45;No;With Traffic;B: Evident Injury;Travel Lane;Black;Male;Fayetteville;Cumberland;No;01/01/2006;07/04/2012;Bicyclist Failed to Yield - Sign-Controlled Intersection;21;Intersection;01/04/2001;01/01/2001 21:20;Bicyclist Ride Out - Sign-Controlled Intersection;NA;2012;B: Evident Injury;Commercial;20-24;22;No;36-40 mph;O: No Injury;Black;Female;Passenger Car;No;No;Dark - Lighted Roadway;Urban (>70% Developed);6 lanes;2;Straight - Level;Local Street;Dry;Two-Way, Divided, Unprotected Median;None;No Special Feature;Smooth Asphalt;Coastal;Urban;30 - 35  MPH;Stop Sign;Clear;No;35.08169, -78.9024
192;193;Yes;15-nov;15;No;With Traffic;B: Evident Injury;Travel Lane;Hispanic;Male;None - Rural Crash;Robeson;No;01/01/2002;17/04/2012;Motorist Overtaking Bicyclist;23;Non-Intersection;01/04/2001;01/01/2001 23:04;Motorist Overtaking - Other /;NA;2012;B: Evident Injury;Residential;0-19;19;No;41-45 mph;O: No Injury;Native American;Female;Passenger Car;No;No;Dark - Roadway Not Lighted;Mixed (30% To 70% Developed);2 lanes;2;Straight - Level;US Route;Dry;Two-Way, Not Divided;None;No Special Feature;Smooth Asphalt;Coastal;Rural;50 - 55  MPH;Double Yellow Line, No Passing Zone;Cloudy;No;34.70936, -79.0062
194;195;No;40-49;49;No;Facing Traffic;C: Possible Injury;Travel Lane;White;Male;Sanford;Lee;No;01/01/2002;10/04/2012;Motorist Failed to Yield - Signalized Intersection;15;Intersection;01/04/2001;01/01/2001 15:45;Motorist Drive Out - Right Turn on Red;NA;2012;C: Possible Injury;Commercial;60-69;60;No;6-10 mph;O: No Injury;Black;Female;Sport Utility;No;No;Daylight;Urban (>70% Developed);6 lanes;2;Straight - Grade;Local Street;Dry;Two-Way, Not Divided;None;Four-Way Intersection;Smooth Asphalt;Piedmont;Urban;40 - 45  MPH;Stop And Go Signal;Clear;No;35.46008, -79.1162
197;198;Yes;40-49;44;No;With Traffic;B: Evident Injury;Travel Lane;White;Male;Wilmington;New Hanover;No;01/01/2002;10/04/2012;Motorist Left Turn / Merge;17;Intersection;01/04/2001;01/01/2001 17:35;Motorist Left Turn - Opposite Direction;NA;2012;B: Evident Injury;Residential;20-24;22;No;6-10 mph;O: No Injury;White;Male;Passenger Car;No;No;Daylight;Urban (>70% Developed);3 lanes;2;Curve - Grade;Local Street;Dry;Two-Way, Not Divided;None;T-Intersection;Smooth Asphalt;Coastal;Urban;40 - 45  MPH;Stop And Go Signal;Clear;No;34.19515, -77.8708
203;204;Yes;40-49;47;No;With Traffic;A: Disabling Injury;Travel Lane;White;Male;Lincolnton;Lincoln;No;01/01/2005;13/04/2012;Bicyclist Failed to Yield - Signalized Intersection;15;Intersection;01/04/2001;01/01/2001 15:44;Bicyclist Ride Through - Signalized Intersection;NA;2012;A: Disabling Injury;Commercial;50-59;56;No;21-25 mph;O: No Injury;White;Male;Pickup;No;No;Daylight;Urban (>70% Developed);2 lanes;2;Straight - Level;Local Street;Dry;Two-Way, Not Divided;None;Four-Way Intersection;Coarse Asphalt;Piedmont;Urban;20 - 25  MPH;Stop And Go Signal;Clear;No;35.47, -81.2563
209;210;Yes;25-29;26;No;With Traffic;B: Evident Injury;Bike Lane / Paved Shoulder;White;Female;Vass;Moore;No;01/01/2005;27/04/2012;Motorist Overtaking Bicyclist;11;Non-Intersection;01/04/2001;01/01/2001 11:57;Motorist Overtaking - Other /;NA;2012;B: Evident Injury;Commercial;50-59;53;No;56-60 mph;O: No Injury;White;Male;Passenger Car;No;No;Daylight;Rural (<30% Developed);4 lanes;2;Straight - Level;US Route;Dry;Two-Way, Divided, Positive Median Barrier;None;No Special Feature;Smooth Asphalt;Piedmont;Rural;60 - 75 MPH;No Control Present;Clear;No;35.24705, -79.2792
213;214;Yes;40-49;42;No;With Traffic;B: Evident Injury;Travel Lane;White;Male;None - Rural Crash;Henderson;No;01/01/2003;25/04/2012;Head-On;20;Non-Intersection;01/04/2001;01/01/2001 20:00;Head-On - Motorist;NA;2012;B: Evident Injury;Farms, Woods, Pastures;20-24;24;No;36-40 mph;O: No Injury;Hispanic;Male;Passenger Car;No;No;Dusk;Rural (<30% Developed);2 lanes;2;Curve - Level;State Secondary Route;Wet;Two-Way, Not Divided;None;Bridge;Concrete;Mountains;Rural;40 - 45  MPH;Double Yellow Line, No Passing Zone;Rain;No;35.40588, -82.5157
215;216;No;40-49;49;No;Not Applicable;B: Evident Injury;Travel Lane;Black;Male;Raleigh;Wake;No;NA;16/04/2012;Bicyclist Failed to Yield - Midblock;4;Non-Intersection;01/04/2001;01/01/2001 04:23;Bicyclist Ride Out - Midblock -;NA;2012;B: Evident Injury;Residential;25-29;28;No;31-35 mph;O: No Injury;Hispanic;Female;Passenger Car;No;No;Daylight;Urban (>70% Developed);3 lanes;2;Straight - Level;Local Street;Dry;One-Way, Not Divided;None;No Special Feature;Smooth Asphalt;Piedmont;Urban;30 - 35  MPH;No Control Present;Clear;No;35.78005, -78.627
217;218;Yes;16-19;18;No;Facing Traffic;B: Evident Injury;Travel Lane;Black;Female;Charlotte;Mecklenburg;No;01/01/2003;28/03/2012;Motorist Failed to Yield - Sign-Controlled Intersection;14;Intersection;01/03/2001;01/01/2001 14:49;Motorist Drive Out - Sign-Controlled Intersection;NA;2012;B: Evident Injury;Residential;40-49;42;No;0-5 mph;O: No Injury;Hispanic;Male;Pickup;No;No;Daylight;Rural (<30% Developed);2 lanes;2;Straight - Level;Local Street;Dry;Two-Way, Not Divided;None;T-Intersection;Smooth Asphalt;Piedmont;Urban;40 - 45  MPH;Stop Sign;Clear;No;35.28219, -80.734
226;227;Yes;10-juin;10;No;With Traffic;B: Evident Injury;Travel Lane;Hispanic;Male;Siler City;Chatham;No;NA;16/04/2012;Bicyclist Failed to Yield - Sign-Controlled Intersection;16;Intersection;01/04/2001;01/01/2001 16:35;Bicyclist Ride Through - Sign-Controlled Intersection;NA;2012;B: Evident Injury;Residential;0-19;17;No;21-25 mph;O: No Injury;Black;Male;Sport Utility;No;No;Daylight;Urban (>70% Developed);2 lanes;2;Straight - Grade;Local Street;Dry;Two-Way, Not Divided;None;T-Intersection;Smooth Asphalt;Piedmont;Urban;30 - 35  MPH;Stop Sign;Clear;No;35.72874, -79.4516
229;230;Yes;25-29;25;No;NA;C: Possible Injury;Travel Lane;Black;Male;Wilson;Wilson;No;01/01/2002;13/03/2012;Crossing Paths - Other Circumstances;11;Intersection;01/03/2001;01/01/2001 10:59;Signalized Intersection - Other /;NA;2012;C: Possible Injury;Residential;NA;NA;No;0-5 mph;Injury;/Missing;NA;NA;No;Yes;Dark -  Lighting;Urban (>70% Developed);2 lanes;2;Straight - Level;Local Street;Dry;Two-Way, Not Divided;None;Related To Intersection;Coarse Asphalt;Coastal;Urban;30 - 35  MPH;Stop And Go Signal;Clear;No;35.72762, -77.9152
237;238;Yes;50-59;52;Yes;Facing Traffic;B: Evident Injury;Travel Lane;White;Male;None - Rural Crash;New Hanover;Yes;01/01/2004;03/05/2012;Head-On;20;Non-Intersection;01/05/2001;01/01/2001 20:10;Head-On - Bicyclist;NA;2012;B: Evident Injury;Residential;25-29;26;No;46-50 mph;O: No Injury;White;Male;Pickup;No;No;Dark - Roadway Not Lighted;Mixed (30% To 70% Developed);4 lanes;2;Straight - Level;US Route;Dry;Two-Way, Divided, Unprotected Median;None;No Special Feature;Smooth Asphalt;Coastal;Rural;50 - 55  MPH;No Control Present;Clear;No;34.08462, -77.8957
238;239;Yes;15-nov;15;No;With Traffic;B: Evident Injury;Travel Lane;White;Male;None - Rural Crash;Iredell;No;01/01/2003;02/05/2012;Bicyclist Failed to Yield - Sign-Controlled Intersection;16;Intersection;01/05/2001;01/01/2001 16:43;Bicyclist Ride Out - Sign-Controlled Intersection;NA;2012;B: Evident Injury;Commercial;70;70;No;26-30 mph;O: No Injury;White;Male;Pickup;No;No;Daylight;Urban (>70% Developed);2 lanes;2;Straight - Level;NC Route;Dry;Two-Way, Not Divided;None;T-Intersection;Smooth Asphalt;Piedmont;Rural;30 - 35  MPH;Double Yellow Line, No Passing Zone;Clear;No;35.85786, -81.0414
245;246;Yes;50-59;50;No;With Traffic;B: Evident Injury;Bike Lane / Paved Shoulder;White;Male;None - Rural Crash;Wilson;Yes;NA;07/05/2012;Loss of Control / Turning Error;11;Non-Intersection;01/05/2001;01/01/2001 11:09;Motorist Lost Control - Other /;NA;2012;B: Evident Injury;Farms, Woods, Pastures;30-39;33;Yes;51-55 mph;O: No Injury;Hispanic;Male;Pickup;No;Yes;Daylight;Rural (<30% Developed);4 lanes;2;Straight - Grade;US Route;Dry;Two-Way, Divided, Unprotected Median;None;No Special Feature;Coarse Asphalt;Coastal;Rural;50 - 55  MPH;No Control Present;Cloudy;No;35.77935, -77.8576
249;250;No;40-49;47;No;Facing Traffic;C: Possible Injury;Sidewalk / Crosswalk / Driveway Crossing;Black;Male;Charlotte;Mecklenburg;No;NA;07/05/2012;Crossing Paths - Other Circumstances;16;Intersection-Related;01/05/2001;01/01/2001 16:27;Crossing Paths - Uncontrolled Intersection;NA;2012;C: Possible Injury;Residential;50-59;55;No;0-5 mph;O: No Injury;Black;Female;Passenger Car;No;No;Daylight;Rural (<30% Developed);1 lane;2;Straight - Level;Local Street;Dry;Two-Way, Not Divided;None;No Special Feature;Smooth Asphalt;Piedmont;Urban;20 - 25  MPH;No Control Present;Clear;No;35.20236, -80.7302
250;251;No;50-59;51;No;With Traffic;B: Evident Injury;Travel Lane;White;Male;None - Rural Crash;Gaston;No;01/01/2004;03/05/2012;Motorist Overtaking Bicyclist;19;Non-Intersection;01/05/2001;01/01/2001 19:44;Motorist Overtaking - Misjudged Space;NA;2012;B: Evident Injury;Commercial;30-39;33;No;51-55 mph;O: No Injury;White;Male;Pickup;No;No;Daylight;Mixed (30% To 70% Developed);4 lanes;2;Straight - Grade;NC Route;Dry;Two-Way, Divided, Unprotected Median;None;No Special Feature;Smooth Asphalt;Piedmont;Rural;50 - 55  MPH;No Control Present;Clear;No;35.40177, -81.3357
257;258;Yes;40-49;49;Yes;Facing Traffic;C: Possible Injury;Travel Lane;Black;Male;Knightdale;Wake;Yes;01/01/2003;02/05/2012;Motorist Failed to Yield - Signalized Intersection;16;Intersection;01/05/2001;01/01/2001 16:22;Motorist Drive Out - Right Turn on Red;NA;2012;C: Possible Injury;Commercial;50-59;57;No;0-5 mph;O: No Injury;White;Female;Passenger Car;No;No;Daylight;Mixed (30% To 70% Developed);2 lanes;2;Straight - Level;Local Street;Dry;Two-Way, Divided, Unprotected Median;None;Four-Way Intersection;Coarse Asphalt;Piedmont;Urban;20 - 25  MPH;Stop And Go Signal;Clear;No;35.79827, -78.492
265;266;Yes;50-59;59;No;Facing Traffic;C: Possible Injury;Sidewalk / Crosswalk / Driveway Crossing;Black;Male;Kinston;Lenoir;No;01/01/2002;08/05/2012;Motorist Failed to Yield - Midblock;14;Non-Intersection;01/05/2001;01/01/2001 14:19;Motorist Drive Out - Commercial Driveway / Alley;NA;2012;C: Possible Injury;Commercial;40-49;46;No;0-5 mph;O: No Injury;White;Female;Passenger Car;No;No;Daylight;Urban (>70% Developed);4 lanes;2;Straight - Level;Local Street;Dry;Two-Way, Not Divided;None;Four-Way Intersection;Smooth Asphalt;Coastal;Urban;30 - 35  MPH;Stop Sign;Clear;No;35.2842, -77.589
269;270;Yes;20-24;23;No;Facing Traffic;C: Possible Injury;Sidewalk / Crosswalk / Driveway Crossing;White;Male;Fayetteville;Cumberland;No;01/01/2004;03/05/2012;Motorist Failed to Yield - Midblock;10;Non-Intersection;01/05/2001;01/01/2001 10:26;Motorist Drive Out - Commercial Driveway / Alley;NA;2012;C: Possible Injury;Commercial;30-39;32;No;0-5 mph;O: No Injury;Black;Female;Passenger Car;No;No;Daylight;Urban (>70% Developed);NA;2;Straight - Level;Public Vehicular Area;Dry;Two-Way, Not Divided;None;No Special Feature;Coarse Asphalt;Coastal;Urban;5 - 15 MPH;No Control Present;Clear;No;35.05775, -78.8787
271;272;Yes;10-juin;10;No;Facing Traffic;C: Possible Injury;Travel Lane;Black;Male;Williamston;Martin;No;01/01/2005;13/04/2012;Bicyclist Failed to Yield - Sign-Controlled Intersection;13;Intersection;01/04/2001;01/01/2001 13:34;Bicyclist Ride Through - Sign-Controlled Intersection;NA;2012;C: Possible Injury;Residential;25-29;27;No;21-25 mph;O: No Injury;White;Female;Passenger Car;No;No;Daylight;Mixed (30% To 70% Developed);4 lanes;2;Straight - Level;Local Street;Dry;Two-Way, Not Divided;None;No Special Feature;Smooth Asphalt;Coastal;Urban;20 - 25  MPH;Stop Sign;Clear;No;35.85217, -77.0531
273;274;Yes;20-24;22;No;With Traffic;B: Evident Injury;Travel Lane;White;Male;Raleigh;Wake;No;01/01/2002;24/04/2012;Motorist Right Turn / Merge;10;Intersection;01/04/2001;01/01/2001 10:15;Motorist Right Turn - Same Direction;NA;2012;B: Evident Injury;Institutional;NA;NA;Missing;11-15 mph;Injury;/Missing;NA;NA;No;Yes;Daylight;Urban (>70% Developed);4 lanes;2;Straight - Level;Local Street;Dry;Two-Way, Divided, Unprotected Median;None;T-Intersection;Coarse Asphalt;Piedmont;Urban;20 - 25  MPH;Stop Sign;Clear;No;35.77476, -78.6798
277;278;Yes;30-39;33;No;With Traffic;C: Possible Injury;NA;Hispanic;Male;None - Rural Crash;Rowan;No;NA;14/05/2012;Motorist Overtaking Bicyclist;20;Non-Intersection;01/05/2001;01/01/2001 20:23;Motorist Overtaking - Misjudged Space;NA;2012;C: Possible Injury;Commercial;40-49;43;No;31-35 mph;O: No Injury;White;Female;Passenger Car;No;No;Dusk;Urban (>70% Developed);2 lanes;2;Straight - Hillcrest;State Secondary Route;Dry;Two-Way, Not Divided;None;No Special Feature;Smooth Asphalt;Piedmont;Rural;40 - 45  MPH;Double Yellow Line, No Passing Zone;Cloudy;No;35.56983, -80.4264