FID;OBJECTID;AmbulanceR;BikeAge_Gr;Bike_Age;Bike_Alc_D;Bike_Dir;Bike_Injur;Bike_Pos;Bike_Race;Bike_Sex;City;County;CrashAlcoh;CrashDay;Crash_Date;Crash_Grp;Crash_Hour;Crash_Loc;Crash_Mont;Crash_Time;Crash_Type;Crash_Ty_1;Crash_Year;Crsh_Sevri;Developmen;DrvrAge_Gr;Drvr_Age;Drvr_Alc_D;Drvr_EstSp;Drvr_Injur;Drvr_Race;Drvr_Sex;Drvr_VehTy;ExcsSpdInd;Hit_Run;Light_Cond;Locality;Num_Lanes;Num_Units;Rd_Charact;Rd_Class;Rd_Conditi;Rd_Config;Rd_Defects;Rd_Feature;Rd_Surface;Region;Rural_Urba;Speed_Limi;Traff_Cntr;Weather;Workzone_I;Location
278;279;No;40-49;49;No;With Traffic;C: Possible Injury;Bike Lane / Paved Shoulder;White;Male;None - Rural Crash;Davidson;No;01/01/2002;15/05/2012;Motorist Overtaking Bicyclist;6;Non-Intersection;01/05/2001;01/01/2001 06:00;Motorist Overtaking - Misjudged Space;NA;2012;C: Possible Injury;Residential;50-59;58;No;41-45 mph;O: No Injury;White;Female;Passenger Car;No;No;Daylight;Mixed (30% To 70% Developed);2 lanes;2;Straight - Level;NC Route;Wet;Two-Way, Not Divided;None;No Special Feature;Smooth Asphalt;Piedmont;Rural;50 - 55  MPH;Double Yellow Line, No Passing Zone;Cloudy;No;35.84377, -80.3332
281;282;Yes;20-24;22;No;With Traffic;B: Evident Injury;Travel Lane;Hispanic;Male;None - Rural Crash;Johnston;No;01/01/2005;11/05/2012;Motorist Overtaking Bicyclist;16;Non-Intersection;01/05/2001;01/01/2001 16:39;Motorist Overtaking - Bicyclist Swerved;NA;2012;B: Evident Injury;Residential;0-19;19;No;41-45 mph;O: No Injury;White;Female;Sport Utility;No;No;Daylight;Rural (<30% Developed);2 lanes;2;Straight - Level;State Secondary Route;Dry;Two-Way, Not Divided;None;Driveway, Public;Coarse Asphalt;Coastal;Rural;50 - 55  MPH;Double Yellow Line, No Passing Zone;Clear;No;35.40848, -78.5917
282;283;No;16-19;18;No;With Traffic;B: Evident Injury;Bike Lane / Paved Shoulder;White;Female;Macclesfield;Edgecombe;No;01/01/2003;14/03/2012;Motorist Overtaking Bicyclist;16;Non-Intersection;01/03/2001;01/01/2001 16:56;Motorist Overtaking - Misjudged Space;NA;2012;B: Evident Injury;Residential;NA;NA;No;26-30 mph;Injury;/Missing;NA;Passenger Car;No;Yes;Daylight;Urban (>70% Developed);2 lanes;2;Straight - Level;Local Street;Dry;Two-Way, Not Divided;None;No Special Feature;Coarse Asphalt;Coastal;Rural;30 - 35  MPH;Double Yellow Line, No Passing Zone;Clear;No;35.75139, -77.6721
284;285;Yes;15-nov;11;No;Not Applicable;B: Evident Injury;Driveway / Alley;Black;Male;Eden;Rockingham;No;01/01/2007;06/05/2012;Bicyclist Failed to Yield - Midblock;17;Non-Intersection;01/05/2001;01/01/2001 17:04;Bicyclist Ride Out - Residential Driveway;NA;2012;B: Evident Injury;Residential;0-19;17;No;21-25 mph;O: No Injury;White;Male;Passenger Car;No;No;Daylight;Urban (>70% Developed);2 lanes;2;Straight - Level;Local Street;Dry;Two-Way, Not Divided;None;No Special Feature;Coarse Asphalt;Piedmont;Urban;20 - 25  MPH;No Control Present;Clear;No;36.48974, -79.7825
290;291;Yes;20-24;21;No;NA;C: Possible Injury;NA;Black;Male;Greensboro;Guilford;No;01/01/2003;16/05/2012;Bicyclist Failed to Yield - Midblock;16;Non-Intersection;01/05/2001;01/01/2001 16:48;Bicyclist Ride Out - Other Midblock;NA;2012;C: Possible Injury;Commercial;30-39;33;No;0-5 mph;O: No Injury;Black;Male;Passenger Car;No;No;Daylight;Mixed (30% To 70% Developed);6 lanes;2;Straight - Level;Local Street;Dry;Two-Way, Divided, Unprotected Median;None;Four-Way Intersection;Smooth Asphalt;Piedmont;Urban;30 - 35  MPH;Stop And Go Signal;Clear;No;36.05351, -79.8324
291;292;Yes;10-juin;9;No;Not Applicable;C: Possible Injury;Sidewalk / Crosswalk / Driveway Crossing;Black;Female;Asheville;Buncombe;No;01/01/2002;24/04/2012;Bicyclist Failed to Yield - Midblock;16;Non-Intersection;01/04/2001;01/01/2001 16:20;Bicyclist Ride Out - Other Midblock;NA;2012;C: Possible Injury;Residential;25-29;27;No;11-15 mph;O: No Injury;White;Male;Passenger Car;No;No;Daylight;Urban (>70% Developed);2 lanes;2;Straight - Level;Local Street;Dry;Two-Way, Not Divided;None;No Special Feature;Coarse Asphalt;Mountains;Urban;20 - 25  MPH;No Control Present;Clear;No;35.59503, -82.5708
301;302;No;30-39;39;Yes;Facing Traffic;B: Evident Injury;Sidewalk / Crosswalk / Driveway Crossing;Hispanic;Male;Whiteville;Columbus;Yes;NA;14/05/2012;Motorist Failed to Yield - Midblock;15;Non-Intersection;01/05/2001;01/01/2001 15:57;Motorist Drive Out - Commercial Driveway / Alley;NA;2012;B: Evident Injury;Commercial;40-49;41;No;NA;O: No Injury;White;Male;Pickup;No;No;Daylight;Urban (>70% Developed);5 lanes;2;Straight - Level;Public Vehicular Area;Dry;Two-Way, Not Divided;None;Driveway, Public;Smooth Asphalt;Coastal;Urban;5 - 15 MPH;No Control Present;Cloudy;No;34.33579, -78.7084
405;406;Yes;20-24;21;No;Facing Traffic;C: Possible Injury;Travel Lane;White;Male;Wilmington;New Hanover;No;01/01/2007;22/05/2011;Motorist Failed to Yield - Sign-Controlled Intersection;17;Intersection;01/05/2001;01/01/2001 17:31;Motorist Drive Out - Sign-Controlled Intersection;112141;2011;C: Possible Injury;Commercial;20-24;20;No;0-5 mph;O: No Injury;White;Male;Passenger Car;No;No;Daylight;Urban (>70% Developed);NA;2;Straight - Grade;Local Street;Dry;Two-Way, Not Divided;None;Related To Intersection;Coarse Asphalt;Coastal;Urban;30 - 35  MPH;Stop Sign;Clear;No;34.21879, -77.8137
406;407;Yes;15-nov;15;No;Facing Traffic;B: Evident Injury;Travel Lane;White;Male;Carolina Beach;New Hanover;No;01/01/2006;18/06/2011;Motorist Left Turn / Merge;14;Non-Intersection;01/06/2001;01/01/2001 14:19;Motorist Left Turn - Opposite Direction;312212;2011;B: Evident Injury;Residential;50-59;58;No;0-5 mph;O: No Injury;White;Male;Sport Utility;No;No;Daylight;Urban (>70% Developed);2 lanes;2;Straight - Level;US Route;Dry;Two-Way, Divided, Unprotected Median;None;No Special Feature;Coarse Asphalt;Coastal;Urban;30 - 35  MPH;No Control Present;Clear;No;34.0143, -77.9002
414;415;Yes;25-29;25;No;With Traffic;C: Possible Injury;Travel Lane;Black;Male;Raleigh;Wake;No;01/01/2005;15/07/2011;Bicyclist Failed to Yield - Signalized Intersection;0;Intersection;01/07/2001;01/01/2001 00:36;Bicyclist Failed to Clear - Trapped;111156;2011;C: Possible Injury;Commercial;25-29;28;No;0-5 mph;O: No Injury;Black;Female;Sport Utility;No;No;Dark - Lighted Roadway;Mixed (30% To 70% Developed);9 or more lanes;2;Straight - Level;Local Street;Dry;Two-Way, Divided, Unprotected Median;None;Four-Way Intersection;Smooth Asphalt;Piedmont;Urban;40 - 45  MPH;Stop And Go Signal;Clear;No;35.83955, -78.6422
416;417;Yes;15-nov;15;No;With Traffic;B: Evident Injury;Travel Lane;Black;Male;Fayetteville;Cumberland;No;01/01/2006;09/04/2011;Head-On;13;Non-Intersection;01/04/2001;01/01/2001 13:26;Head-On - Bicyclist;311250;2011;B: Evident Injury;Residential;30-39;38;No;21-25 mph;O: No Injury;Black;Female;Passenger Car;No;No;Daylight;Urban (>70% Developed);2 lanes;2;Curve - Grade;Local Street;Dry;Two-Way, Not Divided;None;No Special Feature;Coarse Asphalt;Coastal;Urban;20 - 25  MPH;No Control Present;Clear;No;35.06244, -79.0
425;426;Yes;40-49;47;Yes;With Traffic;C: Possible Injury;Travel Lane;White;Male;None - Rural Crash;Jones;Yes;NA;11/07/2011;Motorist Overtaking Bicyclist;16;Non-Intersection;01/07/2001;01/01/2001 16:55;Motorist Overtaking - Other /;311239;2011;C: Possible Injury;Farms, Woods, Pastures;30-39;34;No;46-50 mph;O: No Injury;Other;Male;Sport Utility;No;No;Daylight;Rural (<30% Developed);2 lanes;2;Straight - Level;US Route;Dry;Two-Way, Not Divided;None;No Special Feature;Coarse Asphalt;Coastal;Rural;50 - 55  MPH;Double Yellow Line, No Passing Zone;Clear;No;34.94962, -77.2424
428;429;Yes;50-59;50;No;NA;C: Possible Injury;Travel Lane;Black;Male;Wilson;Wilson;No;01/01/2007;15/05/2011;Other /  - Insufficient Details;0;Intersection-Related;01/05/2001;0-12-31 23:59:58;Approach Paths;219970;2011;C: Possible Injury;Residential;NA;NA;Missing;31-35 mph;Injury;/Missing;NA;NA;No;Yes;Dark - Lighted Roadway;Mixed (30% To 70% Developed);2 lanes;2;Straight - Level;Local Street;NA;Two-Way, Not Divided;None;Y-Intersection;Coarse Asphalt;Coastal;Urban;30 - 35  MPH;Stop And Go Signal;Cloudy;No;35.723, -77.9044
429;430;Yes;16-19;17;No;With Traffic;C: Possible Injury;Travel Lane;White;Male;None - Rural Crash;Carteret;No;01/01/2004;21/07/2011;Bicyclist Left Turn / Merge;11;Non-Intersection;01/07/2001;01/01/2001 11:29;Bicyclist Left Turn - Same Direction;311221;2011;C: Possible Injury;Farms, Woods, Pastures;25-29;25;No;26-30 mph;O: No Injury;White;Female;Passenger Car;No;No;Daylight;Mixed (30% To 70% Developed);5 lanes;2;Straight - Level;NC Route;Dry;Two-Way, Not Divided;None;No Special Feature;Smooth Asphalt;Coastal;Rural;30 - 35  MPH;No Control Present;Clear;No;34.68857, -77.0703
438;439;No;10-juin;10;No;With Traffic;Injury;Travel Lane;/Missing;NA;Cramerton;Gaston;No;01/01/2002;05/07/2011;Motorist Overtaking Bicyclist;11;Non-Intersection;01/07/2001;01/01/2001 11:19;Motorist Overtaking - Other /;311239;2011;Injury;Residential;NA;NA;Missing;31-35 mph;Injury;/Missing;NA;NA;No;Yes;Daylight;Mixed (30% To 70% Developed);2 lanes;2;Straight - Grade;Local Street;Dry;Two-Way, Divided, Unprotected Median;None;No Special Feature;Smooth Asphalt;Piedmont;Rural;30 - 35  MPH;No Control Present;Cloudy;No;35.24774, -81.0818
439;440;Yes;50-59;55;No;With Traffic;A: Disabling Injury;Travel Lane;Black;Male;None - Rural Crash;Edgecombe;No;01/01/2007;24/07/2011;Motorist Overtaking Bicyclist;6;Non-Intersection;01/07/2001;01/01/2001 06:10;Motorist Overtaking - Other /;311239;2011;A: Disabling Injury;Farms, Woods, Pastures;70+;NA;No;51-55 mph;O: No Injury;White;Male;Pickup;No;No;Dawn;Mixed (30% To 70% Developed);2 lanes;2;Straight - Level;NC Route;Dry;Two-Way, Not Divided;None;No Special Feature;Coarse Asphalt;Coastal;Rural;50 - 55  MPH;No Control Present;Cloudy;No;35.96194, -77.6586
441;442;Yes;50-59;50;No;With Traffic;B: Evident Injury;Travel Lane;White;Female;None - Rural Crash;Currituck;No;01/01/2006;23/07/2011;Motorist Overtaking Bicyclist;5;Non-Intersection;01/07/2001;01/01/2001 05:40;Motorist Overtaking - Undetected Bicyclist;311231;2011;B: Evident Injury;Farms, Woods, Pastures;40-49;46;No;51-55 mph;O: No Injury;White;Male;Single Unit Truck (2-Axle, 6-Tire);No;No;Dark - Roadway Not Lighted;Rural (<30% Developed);2 lanes;2;Straight - Level;US Route;Dry;Two-Way, Not Divided;None;No Special Feature;Coarse Asphalt;Coastal;Rural;50 - 55  MPH;No Control Present;Clear;No;36.30074, -76.2022
445;446;Yes;10-juin;10;No;Not Applicable;B: Evident Injury;Travel Lane;Black;Female;Charlotte;Mecklenburg;No;01/01/2004;07/07/2011;Crossing Paths - Other Circumstances;13;Intersection;01/07/2001;01/01/2001 13:58;Crossing Paths - Intersection - Other /;113180;2011;B: Evident Injury;Residential;40-49;45;No;0-5 mph;O: No Injury;White;Male;Passenger Car;No;No;Daylight;Urban (>70% Developed);2 lanes;2;Straight - Hillcrest;Local Street;Dry;Two-Way, Not Divided;None;Four-Way Intersection;Smooth Asphalt;Piedmont;Urban;5 - 15 MPH;Stop Sign;Clear;No;35.08204, -80.8326
449;450;Yes;70+;NA;No;With Traffic;K: Killed;Travel Lane;White;Male;Carrboro;Orange;No;01/01/2006;09/07/2011;Motorist Overtaking Bicyclist;10;Non-Intersection;01/07/2001;01/01/2001 10:11;Motorist Overtaking - Bicyclist Swerved;311235;2011;K: Killed;Commercial;70+;NA;No;11-15 mph;O: No Injury;White;Male;Passenger Car;No;No;Daylight;Urban (>70% Developed);NA;2;Straight - Level;State Secondary Route;Dry;Two-Way, Not Divided;None;No Special Feature;Smooth Asphalt;Piedmont;Urban;20 - 25  MPH;No Control Present;Clear;No;35.91006, -79.0745
457;458;Yes;50-59;57;No;With Traffic;K: Killed;Travel Lane;White;Male;None - Rural Crash;Onslow;No;01/01/2003;27/07/2011;Motorist Overtaking Bicyclist;16;Non-Intersection;01/07/2001;01/01/2001 16:51;Motorist Overtaking - Bicyclist Swerved;311235;2011;K: Killed;Residential;50-59;52;No;51-55 mph;O: No Injury;White;Male;Motorcycle;No;No;Daylight;Urban (>70% Developed);2 lanes;2;Straight - Level;State Secondary Route;Dry;Two-Way, Not Divided;None;No Special Feature;Smooth Asphalt;Coastal;Rural;50 - 55  MPH;No Control Present;Clear;No;34.75514, -77.5517
459;460;No;30-39;30;No;With Traffic;C: Possible Injury;Bike Lane / Paved Shoulder;White;Male;Durham;Durham;No;01/01/2004;28/07/2011;Motorist Right Turn / Merge;18;Intersection;01/07/2001;01/01/2001 18:16;Motorist Right Turn - Same Direction;121213;2011;C: Possible Injury;Residential;NA;NA;Missing;21-25 mph;Injury;/Missing;NA;Sport Utility;No;Yes;Daylight;Urban (>70% Developed);6 lanes;2;Straight - Level;Local Street;Dry;Two-Way, Divided, Unprotected Median;None;Four-Way Intersection;Smooth Asphalt;Piedmont;Urban;40 - 45  MPH;Stop And Go Signal;Clear;No;35.94793, -78.9238
465;466;Yes;16-19;18;No;With Traffic;B: Evident Injury;Travel Lane;White;Male;None - Rural Crash;New Hanover;No;01/01/2006;30/07/2011;Backing Vehicle;17;Non-Intersection;01/07/2001;01/01/2001 17:39;Backing Vehicle;311600;2011;B: Evident Injury;Residential;70+;NA;No;0-5 mph;O: No Injury;White;Female;Passenger Car;No;No;Daylight;Urban (>70% Developed);2 lanes;2;Curve - Level;State Secondary Route;Dry;Two-Way, Not Divided;None;Driveway, Private;Coarse Asphalt;Coastal;Rural;30 - 35  MPH;No Control Present;Clear;No;34.25867, -77.8604
466;467;No;16-19;17;No;Not Applicable;O: No Injury;Travel Lane;Black;Male;None - Rural Crash;Cumberland;No;01/01/2003;27/07/2011;Bicyclist Failed to Yield - Midblock;16;Non-Intersection;01/07/2001;01/01/2001 16:56;Bicyclist Ride Out - Other Midblock;313318;2011;O: No Injury;Farms, Woods, Pastures;60-69;62;No;36-40 mph;O: No Injury;White;Male;Sport Utility;No;No;Daylight;Mixed (30% To 70% Developed);4 lanes;2;Straight - Level;State Secondary Route;Dry;Two-Way, Divided, Unprotected Median;None;No Special Feature;Smooth Asphalt;Coastal;Rural;40 - 45  MPH;No Control Present;Clear;No;34.99952, -78.8978
470;471;Yes;10-juin;10;No;Not Applicable;B: Evident Injury;Non-Roadway;Black;Male;Charlotte;Mecklenburg;No;01/01/2006;16/07/2011;Non-Roadway;20;Non-Roadway;01/07/2001;01/01/2001 20:12;Non-Roadway;460910;2011;B: Evident Injury;Residential;40-49;40;No;6-10 mph;O: No Injury;Hispanic;Male;Pickup;No;No;Daylight;Urban (>70% Developed);NA;2;Straight - Level;Public Vehicular Area;Dry;Two-Way, Not Divided;None;No Special Feature;Smooth Asphalt;Piedmont;Urban;5 - 15 MPH;No Control Present;Clear;No;35.27299, -80.7721
476;477;No;40-49;40;No;With Traffic;C: Possible Injury;Travel Lane;Black;Male;Fayetteville;Cumberland;No;01/01/2003;06/07/2011;Motorist Failed to Yield - Sign-Controlled Intersection;6;Intersection-Related;01/07/2001;01/01/2001 06:39;Motorist Drive Out - Sign-Controlled Intersection;211141;2011;C: Possible Injury;Residential;20-24;22;No;6-10 mph;O: No Injury;Black;Male;Passenger Car;No;No;Daylight;Urban (>70% Developed);2 lanes;2;Straight - Level;Local Street;Dry;Two-Way, Not Divided;None;No Special Feature;Coarse Asphalt;Coastal;Urban;30 - 35  MPH;Stop Sign;Cloudy;No;35.02066, -78.9401
481;482;Yes;60-69;61;No;With Traffic;B: Evident Injury;Bike Lane / Paved Shoulder;White;Male;Concord;Cabarrus;No;01/01/2004;21/07/2011;Motorist Failed to Yield - Sign-Controlled Intersection;18;Intersection;01/07/2001;01/01/2001 18:34;Motorist Drive Out - Sign-Controlled Intersection;121141;2011;B: Evident Injury;Residential;60-69;68;No;0-5 mph;O: No Injury;White;Female;Passenger Car;No;No;Daylight;Urban (>70% Developed);2 lanes;2;Straight - Level;Local Street;Dry;Two-Way, Not Divided;None;T-Intersection;Smooth Asphalt;Piedmont;Urban;30 - 35  MPH;Stop Sign;Clear;No;35.39624, -80.5678
482;483;Yes;20-24;22;No;Facing Traffic;B: Evident Injury;Sidewalk / Crosswalk / Driveway Crossing;Black;Male;Charlotte;Mecklenburg;No;01/01/2005;22/07/2011;Motorist Failed to Yield - Sign-Controlled Intersection;17;Intersection;01/07/2001;01/01/2001 17:20;Motorist Drive Out - Sign-Controlled Intersection;132141;2011;B: Evident Injury;Residential;60-69;64;No;0-5 mph;O: No Injury;Black;Male;Van;No;No;Daylight;Urban (>70% Developed);2 lanes;2;Straight - Level;Local Street;Dry;Two-Way, Not Divided;Obstruction In Roadway;T-Intersection;Smooth Asphalt;Piedmont;Urban;20 - 25  MPH;No Control Present;Clear;No;35.27883, -80.7759
502;503;Yes;50-59;50;No;With Traffic;C: Possible Injury;Travel Lane;White;Male;Carolina Beach;New Hanover;No;01/01/2007;24/07/2011;Motorist Failed to Yield - Midblock;9;Non-Intersection;01/07/2001;01/01/2001 09:03;Motorist Drive Out - Other Midblock;311328;2011;C: Possible Injury;Residential;30-39;36;No;6-10 mph;O: No Injury;White;Male;Passenger Car;No;No;Daylight;Urban (>70% Developed);NA;2;Straight - Level;Public Vehicular Area;Dry;Two-Way, Not Divided;None;Driveway, Public;Smooth Asphalt;Coastal;Urban;30 - 35  MPH;No Control Present;Clear;No;34.01814, -77.8987
511;512;Yes;40-49;45;No;With Traffic;B: Evident Injury;Travel Lane;White;Female;None - Rural Crash;Union;No;01/01/2004;11/08/2011;Motorist Failed to Yield - Sign-Controlled Intersection;12;Intersection;01/08/2001;01/01/2001 12:32;Motorist Drive Out - Sign-Controlled Intersection;111141;2011;B: Evident Injury;Farms, Woods, Pastures;30-39;34;No;0-5 mph;O: No Injury;White;Male;Pickup;No;No;Daylight;Rural (<30% Developed);2 lanes;2;Straight - Level;State Secondary Route;Dry;Two-Way, Not Divided;None;Four-Way Intersection;Coarse Asphalt;Piedmont;Rural;40 - 45  MPH;Stop Sign;Clear;No;34.9572, -80.6026
512;513;Yes;10-juin;7;No;Not Applicable;B: Evident Injury;Non-Roadway;Black;Male;None - Rural Crash;Pasquotank;No;01/01/2003;10/08/2011;Bicyclist Failed to Yield - Midblock;15;Non-Intersection;01/08/2001;01/01/2001 15:35;Bicyclist Ride Out - Commercial Driveway / Alley;363312;2011;B: Evident Injury;Farms, Woods, Pastures;70+;NA;No;31-35 mph;O: No Injury;White;Male;Sport Utility;No;No;Daylight;Rural (<30% Developed);2 lanes;2;Straight - Level;State Secondary Route;Dry;Two-Way, Not Divided;None;Driveway, Private;Coarse Asphalt;Coastal;Rural;50 - 55  MPH;No Control Present;Clear;No;36.41223, -76.3349
515;516;Yes;15-nov;12;No;With Traffic;B: Evident Injury;Travel Lane;Hispanic;Female;None - Rural Crash;Hertford;No;01/01/2007;07/08/2011;Bicyclist Failed to Yield - Sign-Controlled Intersection;11;Intersection;01/08/2001;01/01/2001 11:55;Bicyclist Ride Through - Sign-Controlled Intersection;111144;2011;B: Evident Injury;Farms, Woods, Pastures;20-24;20;No;51-55 mph;O: No Injury;Black;Female;Passenger Car;No;No;Daylight;Rural (<30% Developed);2 lanes;2;Straight - Level;State Secondary Route;Dry;Two-Way, Not Divided;None;Four-Way Intersection;Coarse Asphalt;Coastal;Rural;50 - 55  MPH;Stop Sign;Clear;No;36.25546, -76.9878
525;526;Yes;16-19;17;No;With Traffic;C: Possible Injury;Travel Lane;White;Male;Hendersonville;Henderson;No;01/01/2003;20/07/2011;Bicyclist Left Turn / Merge;11;Non-Intersection;01/07/2001;01/01/2001 11:52;Bicyclist Left Turn - Opposite Direction;311222;2011;C: Possible Injury;Commercial;50-59;52;No;6-10 mph;O: No Injury;White;Male;Pickup;No;No;Daylight;Urban (>70% Developed);5 lanes;2;Straight - Level;Local Street;Dry;Two-Way, Divided, Unprotected Median;None;No Special Feature;Coarse Asphalt;Mountains;Urban;30 - 35  MPH;Stop And Go Signal;Clear;No;35.30681, -82.455
528;529;No;40-49;46;No;Not Applicable;O: No Injury;Travel Lane;Black;Male;Fayetteville;Cumberland;No;01/01/2006;06/08/2011;Motorist Left Turn / Merge;13;Non-Intersection;01/08/2001;01/01/2001 13:44;Motorist Left Turn - Opposite Direction;313212;2011;O: No Injury;Commercial;50-59;57;No;16-20 mph;O: No Injury;Black;Male;Pickup;No;No;Daylight;Urban (>70% Developed);6 lanes;2;Straight - Level;Local Street;Dry;Two-Way, Divided, Unprotected Median;None;No Special Feature;Coarse Asphalt;Coastal;Urban;40 - 45  MPH;No Control Present;Clear;No;35.09897, -78.9144
533;534;No;15-nov;15;No;Facing Traffic;C: Possible Injury;Travel Lane;Black;Male;Winston-Salem;Forsyth;No;01/01/2004;04/08/2011;Motorist Failed to Yield - Sign-Controlled Intersection;12;Intersection;01/08/2001;01/01/2001 12:53;Motorist Drive Out - Sign-Controlled Intersection;112141;2011;C: Possible Injury;Residential;50-59;50;No;0-5 mph;O: No Injury;Black;Female;Passenger Car;No;No;Daylight;Urban (>70% Developed);2 lanes;2;Straight - Level;Local Street;Dry;Two-Way, Divided, Unprotected Median;None;No Special Feature;Smooth Asphalt;Piedmont;Urban;30 - 35  MPH;Stop Sign;Clear;No;36.07864, -80.278
534;535;No;16-19;18;No;With Traffic;C: Possible Injury;Travel Lane;Black;Male;Charlotte;Mecklenburg;No;01/01/2003;10/08/2011;Loss of Control / Turning Error;16;Intersection;01/08/2001;01/01/2001 16:12;Bicyclist Lost Control - Oversteering, Improper Braking, Speed;111122;2011;C: Possible Injury;Residential;50-59;56;No;26-30 mph;O: No Injury;White;Female;Passenger Car;No;No;Daylight;Urban (>70% Developed);2 lanes;2;Straight - Grade;Local Street;Dry;Two-Way, Divided, Unprotected Median;None;T-Intersection;Smooth Asphalt;Piedmont;Urban;30 - 35  MPH;Stop Sign;Clear;No;35.2335, -80.8232
535;536;No;15-nov;12;No;With Traffic;C: Possible Injury;Travel Lane;Hispanic;Male;Charlotte;Mecklenburg;No;01/01/2003;10/08/2011;Loss of Control / Turning Error;19;Intersection;01/08/2001;01/01/2001 19:36;Motorist Turning Error - Left Turn;111111;2011;C: Possible Injury;Residential;50-59;53;No;6-10 mph;O: No Injury;White;Male;Passenger Car;No;No;Daylight;Rural (<30% Developed);2 lanes;2;Straight - Level;Local Street;Dry;Two-Way, Not Divided;None;No Special Feature;Smooth Asphalt;Piedmont;Urban;20 - 25  MPH;No Control Present;Clear;No;35.2427, -80.7168
540;541;No;25-29;27;No;Facing Traffic;O: No Injury;Bike Lane / Paved Shoulder;White;Male;Raleigh;Wake;No;01/01/2005;19/08/2011;Motorist Failed to Yield - Sign-Controlled Intersection;17;Intersection;01/08/2001;01/01/2001 17:35;Motorist Drive Out - Sign-Controlled Intersection;122141;2011;O: No Injury;Commercial;50-59;59;No;0-5 mph;O: No Injury;White;Female;Passenger Car;No;Yes;Daylight;Urban (>70% Developed);2 lanes;2;Straight - Level;Local Street;Dry;Two-Way, Not Divided;None;Four-Way Intersection;Coarse Asphalt;Piedmont;Urban;30 - 35  MPH;Stop Sign;Clear;No;35.78922, -78.6938
542;543;No;50-59;54;No;Not Applicable;B: Evident Injury;Travel Lane;Hispanic;Male;Charlotte;Mecklenburg;No;NA;15/08/2011;Bicyclist Failed to Yield - Midblock;15;Non-Intersection;01/08/2001;01/01/2001 15:14;Multiple Threat - Midblock;313357;2011;B: Evident Injury;Commercial;40-49;40;No;26-30 mph;O: No Injury;White;Male;Pickup;No;No;Daylight;Urban (>70% Developed);4 lanes;2;Straight - Level;Local Street;Dry;Two-Way, Not Divided;None;No Special Feature;Smooth Asphalt;Piedmont;Urban;30 - 35  MPH;Double Yellow Line, No Passing Zone;Cloudy;No;35.13783, -80.8793
549;550;Yes;16-19;18;No;Not Applicable;C: Possible Injury;NA;Black;Male;Greenville;Pitt;No;01/01/2005;12/08/2011;Bicyclist Failed to Yield - Midblock;12;Non-Intersection;01/08/2001;01/01/2001 12:41;Bicyclist Ride Out - Other Midblock;393318;2011;C: Possible Injury;Institutional;40-49;49;No;6-10 mph;O: No Injury;White;Female;Van;No;No;Daylight;Mixed (30% To 70% Developed);1 lane;2;Straight - Level;Local Street;Dry;One-Way, Not Divided;None;No Special Feature;Smooth Asphalt;Coastal;Urban;5 - 15 MPH;No Control Present;Clear;No;35.6072, -77.3634
550;551;No;10-juin;9;No;Facing Traffic;O: No Injury;Travel Lane;White;Male;Mooresville;Iredell;No;01/01/2005;12/08/2011;Crossing Paths - Other Circumstances;15;Intersection;01/08/2001;01/01/2001 15:39;Signalized Intersection - Other /;112158;2011;O: No Injury;Commercial;60-69;61;No;0-5 mph;O: No Injury;White;Male;Passenger Car;No;No;Daylight;Urban (>70% Developed);3 lanes;2;Straight - Level;Local Street;Dry;Two-Way, Not Divided;None;Four-Way Intersection;Smooth Asphalt;Piedmont;Urban;30 - 35  MPH;Stop And Go Signal;Clear;No;35.59534, -80.8164
554;555;Yes;50-59;52;No;With Traffic;C: Possible Injury;Travel Lane;Black;Male;None - Rural Crash;Stokes;No;01/01/2005;26/08/2011;Motorist Overtaking Bicyclist;20;Non-Intersection;01/08/2001;01/01/2001 20:35;Motorist Overtaking - Misjudged Space;311232;2011;C: Possible Injury;Farms, Woods, Pastures;NA;NA;Missing;41-45 mph;Injury;/Missing;NA;Passenger Car;No;Yes;Dark - Roadway Not Lighted;Rural (<30% Developed);2 lanes;2;Straight - Level;US Route;Dry;Two-Way, Not Divided;None;No Special Feature;Coarse Asphalt;Piedmont;Rural;40 - 45  MPH;Double Yellow Line, No Passing Zone;Cloudy;No;36.31817, -80.1212
558;559;No;30-39;30;No;With Traffic;B: Evident Injury;Travel Lane;White;Male;Charlotte;Mecklenburg;No;01/01/2002;16/08/2011;Motorist Failed to Yield - Signalized Intersection;8;Intersection;01/08/2001;01/01/2001 08:56;Motorist Drive Through - Signalized Intersection;111154;2011;B: Evident Injury;Commercial;20-24;22;No;26-30 mph;B: Evident Injury;Black;Female;Motorcycle;No;No;Dawn;Urban (>70% Developed);7 lanes;2;Straight - Level;Local Street;Dry;Two-Way, Not Divided;None;No Special Feature;Smooth Asphalt;Piedmont;Urban;30 - 35  MPH;Stop And Go Signal;Clear;No;35.22565, -80.8453