FID;OBJECTID;AmbulanceR;BikeAge_Gr;Bike_Age;Bike_Alc_D;Bike_Dir;Bike_Injur;Bike_Pos;Bike_Race;Bike_Sex;City;County;CrashAlcoh;CrashDay;Crash_Date;Crash_Grp;Crash_Hour;Crash_Loc;Crash_Mont;Crash_Time;Crash_Type;Crash_Ty_1;Crash_Year;Crsh_Sevri;Developmen;DrvrAge_Gr;Drvr_Age;Drvr_Alc_D;Drvr_EstSp;Drvr_Injur;Drvr_Race;Drvr_Sex;Drvr_VehTy;ExcsSpdInd;Hit_Run;Light_Cond;Locality;Num_Lanes;Num_Units;Rd_Charact;Rd_Class;Rd_Conditi;Rd_Config;Rd_Defects;Rd_Feature;Rd_Surface;Region;Rural_Urba;Speed_Limi;Traff_Cntr;Weather;Workzone_I;Location
789;790;Yes;30-39;34;No;With Traffic;Injury;Travel Lane;/Missing;NA;Erwin;Harnett;No;NA;17/08/2009;Bicyclist Left Turn / Merge;18;Non-Intersection;01/08/2001;01/01/2001 18:15;Bicyclist Left Turn - Same Direction;311221;2009;Injury;Commercial;NA;NA;Missing;31-35 mph;Injury;/Missing;NA;NA;No;Yes;Daylight;Urban (>70% Developed);2 lanes;2;Curve - Level;Local Street;Dry;Two-Way, Not Divided;None;No Special Feature;Smooth Asphalt;Coastal;Rural;30 - 35  MPH;No Control Present;Clear;No;35.31984, -78.67709
790;791;No;30-39;35;No;With Traffic;C: Possible Injury;Travel Lane;White;Male;Charlotte;Mecklenburg;No;01/01/2002;29/09/2009;Motorist Failed to Yield - Sign-Controlled Intersection;19;Intersection;01/09/2001;01/01/2001 19:39;Motorist Drive Out - Sign-Controlled Intersection;111141;2009;C: Possible Injury;Commercial;70+;NA;No;6-10 mph;O: No Injury;Black;Female;Passenger Car;No;No;Dark - Lighted Roadway;Urban (>70% Developed);2 lanes;2;Straight - Level;Local Street;Dry;Two-Way, Not Divided;None;No Special Feature;Smooth Asphalt;Piedmont;Urban;30 - 35  MPH;Flashing Signal With Stop Sign;Clear;No;35.214695, -80.85696
791;792;No;20-24;23;No;Facing Traffic;C: Possible Injury;Sidewalk / Crosswalk / Driveway Crossing;Black;Male;Fayetteville;Cumberland;No;01/01/2003;19/08/2009;Motorist Left Turn / Merge;8;Non-Intersection;01/08/2001;01/01/2001 08:38;Motorist Left Turn - Same Direction;332211;2009;C: Possible Injury;Commercial;50-59;57;No;6-10 mph;Injury;White;Male;Pickup;No;No;Daylight;Urban (>70% Developed);3 lanes;2;Straight - Level;Local Street;Dry;Two-Way, Not Divided;None;No Special Feature;Grooved Concrete;Coastal;Urban;30 - 35  MPH;No Control Present;Clear;No;35.089836, -78.98565
792;793;No;20-24;24;No;NA;B: Evident Injury;Travel Lane;White;Male;Charlotte;Mecklenburg;No;01/01/2006;08/08/2009;Other /  - Insufficient Details;14;Intersection-Related;01/08/2001;01/01/2001 14:13;Approach Paths;219970;2009;B: Evident Injury;Residential;30-39;34;No;0-5 mph;O: No Injury;White;Male;Sport Utility;No;No;Daylight;Urban (>70% Developed);6 lanes;2;Straight - Grade;Local Street;Dry;Two-Way, Not Divided;None;Four-Way Intersection;Smooth Asphalt;Piedmont;Urban;30 - 35  MPH;Stop And Go Signal;Clear;No;35.21531, -80.85819
798;799;Yes;16-19;16;No;Not Applicable;B: Evident Injury;Non-Roadway;White;Male;Charlotte;Mecklenburg;No;01/01/2002;16/06/2009;Non-Roadway;14;Non-Roadway;01/06/2001;01/01/2001 14:07;Non-Roadway;460910;2009;B: Evident Injury;Commercial;25-29;27;No;21-25 mph;O: No Injury;Black;Male;Passenger Car;No;No;Daylight;Urban (>70% Developed);4 lanes;2;Straight - Level;Local Street;Dry;Two-Way, Divided, Unprotected Median;None;No Special Feature;Concrete;Piedmont;Urban;20 - 25  MPH;No Control Present;Clear;No;35.213398, -80.82827
806;807;Yes;50-59;50;No;With Traffic;A: Disabling Injury;Sidewalk / Crosswalk / Driveway Crossing;Black;Male;Charlotte;Mecklenburg;No;01/01/2005;27/03/2009;Motorist Right Turn / Merge;12;Intersection;01/03/2001;01/01/2001 12:21;Motorist Right Turn - Same Direction;131213;2009;A: Disabling Injury;Commercial;30-39;39;No;0-5 mph;O: No Injury;White;Male;Sport Utility;No;No;Daylight;Urban (>70% Developed);4 lanes;2;Straight - Level;Local Street;Wet;Two-Way, Not Divided;None;No Special Feature;Smooth Asphalt;Piedmont;Urban;40 - 45  MPH;Stop Sign;Rain;No;35.15543, -80.74819
1;2;No;30-39;30;No;With Traffic;C: Possible Injury;Travel Lane;White;Male;None - Rural Crash;Hoke;No;01/01/2003;06/01/2010;Motorist Overtaking Bicyclist;8;Non-Intersection;NA;01/01/2001 08:56;Motorist Overtaking - Other /;0;2010;C: Possible Injury;Residential;40-49;41;No;16-20 mph;O: No Injury;Native American;Male;Van;No;No;Daylight;Mixed (30% To 70% Developed);2 lanes;2;Straight - Level;State Secondary Route;Dry;Two-Way, Not Divided;None;No Special Feature;Smooth Asphalt;Coastal;Rural;50 - 55  MPH;Double Yellow Line, No Passing Zone;Clear;No;35.03229, -79.146164
2;3;Yes;40-49;46;No;With Traffic;C: Possible Injury;Travel Lane;Black;Female;Speed;Edgecombe;No;01/01/2005;15/01/2010;Bicyclist Left Turn / Merge;12;Non-Intersection;NA;01/01/2001 12:50;Bicyclist Left Turn - Same Direction;0;2010;C: Possible Injury;Farms, Woods, Pastures;60-69;60;No;31-35 mph;O: No Injury;Black;Female;Passenger Car;No;No;Daylight;Rural (<30% Developed);2 lanes;2;Straight - Level;NC Route;Dry;Two-Way, Not Divided;None;No Special Feature;Coarse Asphalt;Coastal;Rural;30 - 35  MPH;Double Yellow Line, No Passing Zone;Clear;No;35.96978, -77.44352
7;8;Yes;30-39;34;No;With Traffic;B: Evident Injury;Travel Lane;White;Male;Indian Trail;Union;No;01/01/2003;20/01/2010;Motorist Left Turn / Merge;9;Intersection;NA;01/01/2001 09:50;Motorist Left Turn - Opposite Direction;0;2010;B: Evident Injury;Commercial;60-69;64;No;11-15 mph;O: No Injury;White;Male;Pickup;No;No;Daylight;Urban (>70% Developed);2 lanes;2;Straight - Level;State Secondary Route;Dry;Two-Way, Not Divided;None;Four-Way Intersection;Smooth Asphalt;Piedmont;Urban;30 - 35  MPH;Double Yellow Line, No Passing Zone;Clear;No;35.029774, -80.63376
10;11;No;15-nov;14;No;Not Applicable;O: No Injury;Travel Lane;Black;Male;Durham;Durham;No;NA;25/01/2010;Non-Roadway;20;Non-Roadway;NA;01/01/2001 20:19;Non-Roadway;0;2010;O: No Injury;Residential;NA;NA;Missing;0-5 mph;Injury;/Missing;NA;Passenger Car;No;Yes;Dark - Lighted Roadway;Urban (>70% Developed);NA;2;Straight - Level;Public Vehicular Area;Dry;Two-Way, Not Divided;None;No Special Feature;Smooth Asphalt;Piedmont;Urban;5 - 15 MPH;No Control Present;Clear;No;36.051144, -78.911606
20;21;No;25-29;29;No;With Traffic;C: Possible Injury;Travel Lane;White;Male;None - Rural Crash;Rutherford;No;01/01/2006;06/02/2010;Motorist Failed to Yield - Sign-Controlled Intersection;14;Intersection;01/02/2001;01/01/2001 14:58;Motorist Drive Out - Sign-Controlled Intersection;0;2010;C: Possible Injury;Residential;30-39;33;No;0-5 mph;O: No Injury;Black;Male;Passenger Car;No;No;Daylight;Urban (>70% Developed);2 lanes;2;Straight - Level;State Secondary Route;Dry;Two-Way, Not Divided;None;T-Intersection;Smooth Asphalt;Mountains;Rural;30 - 35  MPH;Stop Sign;Cloudy;No;35.335503, -81.92347
27;28;Yes;60-69;68;No;With Traffic;K: Killed;Travel Lane;Black;Female;Plymouth;Washington;No;01/01/2003;27/01/2010;Bicyclist Left Turn / Merge;18;Non-Intersection;NA;01/01/2001 18:08;Bicyclist Left Turn - Same Direction;0;2010;K: Killed;Commercial;50-59;53;No;41-45 mph;O: No Injury;White;Male;Pickup;No;No;Dark - Lighted Roadway;Urban (>70% Developed);5 lanes;2;Straight - Level;US Route;Dry;Two-Way, Divided, Unprotected Median;None;No Special Feature;Smooth Asphalt;Coastal;Rural;40 - 45  MPH;No Control Present;Clear;No;35.857212, -76.748024
28;29;Yes;60-69;60;No;With Traffic;B: Evident Injury;Travel Lane;White;Male;Washington;Beaufort;No;01/01/2003;20/01/2010;Bicyclist Failed to Yield - Sign-Controlled Intersection;17;Intersection;NA;01/01/2001 17:27;Bicyclist Ride Through - Sign-Controlled Intersection;0;2010;B: Evident Injury;Residential;50-59;57;No;21-25 mph;O: No Injury;Black;Female;Van;No;No;Daylight;Urban (>70% Developed);2 lanes;2;Straight - Level;Local Street;Dry;Two-Way, Not Divided;None;Four-Way Intersection;Coarse Asphalt;Coastal;Urban;20 - 25  MPH;Stop Sign;Clear;No;35.556255, -77.05299
43;44;No;50-59;50;No;Facing Traffic;O: No Injury;Sidewalk / Crosswalk / Driveway Crossing;Black;Male;Fayetteville;Cumberland;No;01/01/2002;23/02/2010;Bicyclist Failed to Yield - Signalized Intersection;13;Intersection;01/02/2001;01/01/2001 13:03;Bicyclist Ride Out - Signalized  Intersection;0;2010;O: No Injury;Institutional;50-59;50;No;11-15 mph;O: No Injury;Black;Female;Passenger Car;No;No;Daylight;Urban (>70% Developed);4 lanes;2;Straight - Level;Local Street;Dry;Two-Way, Divided, Unprotected Median;None;Four-Way Intersection;Smooth Asphalt;Coastal;Urban;20 - 25  MPH;Stop And Go Signal;Clear;No;35.071583, -78.89436
44;45;No;30-39;34;No;Facing Traffic;O: No Injury;Sidewalk / Crosswalk / Driveway Crossing;Hispanic;Male;Raleigh;Wake;No;01/01/2004;04/02/2010;Motorist Failed to Yield - Sign-Controlled Intersection;17;Intersection;01/02/2001;01/01/2001 17:39;Motorist Drive Out - Sign-Controlled Intersection;0;2010;O: No Injury;Commercial;60-69;60;No;NA;O: No Injury;White;Male;Passenger Car;No;No;Daylight;Urban (>70% Developed);2 lanes;2;Straight - Level;Local Street;Dry;Two-Way, Not Divided;None;T-Intersection;Smooth Asphalt;Piedmont;Urban;5 - 15 MPH;Stop Sign;Clear;No;35.82043, -78.62626
49;50;No;50-59;56;No;With Traffic;C: Possible Injury;Travel Lane;White;Male;None - Rural Crash;Craven;No;01/01/2007;07/02/2010;Motorist Overtaking Bicyclist;16;Non-Intersection;01/02/2001;01/01/2001 16:17;Motorist Overtaking - Misjudged Space;0;2010;C: Possible Injury;Residential;30-39;37;No;51-55 mph;O: No Injury;White;Female;Passenger Car;No;No;Daylight;Mixed (30% To 70% Developed);4 lanes;2;Straight - Level;US Route;Dry;Two-Way, Divided, Unprotected Median;None;No Special Feature;Coarse Asphalt;Coastal;Rural;50 - 55  MPH;No Control Present;Clear;No;35.080017, -77.16165
50;51;Yes;40-49;45;Yes;With Traffic;C: Possible Injury;Bike Lane / Paved Shoulder;Black;Male;Kannapolis;Cabarrus;Yes;01/01/2002;09/02/2010;Bicyclist Left Turn / Merge;16;Non-Intersection;01/02/2001;01/01/2001 16:19;Bicyclist Left Turn - Same Direction;0;2010;C: Possible Injury;Commercial;20-24;20;No;36-40 mph;O: No Injury;White;Male;Pickup;No;No;Daylight;Urban (>70% Developed);4 lanes;2;Straight - Grade;US Route;Wet;Two-Way, Divided, Unprotected Median;None;No Special Feature;Smooth Asphalt;Piedmont;Urban;40 - 45  MPH;No Control Present;Cloudy;No;35.4748, -80.60979
52;53;Yes;50-59;55;No;With Traffic;B: Evident Injury;Travel Lane;Hispanic;Male;Burlington;Alamance;No;NA;15/02/2010;Motorist Failed to Yield - Sign-Controlled Intersection;18;Intersection;01/02/2001;01/01/2001 18:24;Motorist Drive Out - Sign-Controlled Intersection;0;2010;B: Evident Injury;Commercial;25-29;28;No;0-5 mph;O: No Injury;White;Female;Sport Utility;No;No;Dark - Lighted Roadway;Urban (>70% Developed);5 lanes;2;Straight - Level;US Route;Wet;Two-Way, Divided, Unprotected Median;None;No Special Feature;Smooth Asphalt;Piedmont;Urban;30 - 35  MPH;Stop Sign;Cloudy;Yes;36.084953, -79.453476
53;54;Yes;20-24;21;No;Not Applicable;B: Evident Injury;Travel Lane;White;Female;None - Rural Crash;New Hanover;No;01/01/2004;18/02/2010;Non-Roadway;20;Non-Roadway;01/02/2001;01/01/2001 20:14;Non-Roadway;0;2010;B: Evident Injury;Commercial;30-39;36;No;6-10 mph;O: No Injury;White;Male;Passenger Car;No;No;Dark - Lighted Roadway;Urban (>70% Developed);NA;2;Curve - Level;Public Vehicular Area;Dry;Two-Way, Not Divided;None;Driveway, Public;Coarse Asphalt;Coastal;Rural;NA;Other;Clear;No;34.14609, -77.89476
54;55;Yes;15-nov;12;No;With Traffic;B: Evident Injury;Travel Lane;White;Male;Thomasville;Davidson;No;01/01/2005;19/02/2010;Motorist Failed to Yield - Sign-Controlled Intersection;16;Intersection;01/02/2001;01/01/2001 16:06;Motorist Drive Through - Sign-Controlled Intersection;0;2010;B: Evident Injury;Residential;20-24;24;No;21-25 mph;O: No Injury;White;Female;Sport Utility;No;No;Daylight;Urban (>70% Developed);2 lanes;2;Straight - Grade;Local Street;Dry;Two-Way, Not Divided;None;T-Intersection;Coarse Asphalt;Piedmont;Urban;30 - 35  MPH;Stop Sign;Clear;No;35.879124, -80.08897
59;60;No;25-29;26;No;With Traffic;B: Evident Injury;Sidewalk / Crosswalk / Driveway Crossing;White;Female;Charlotte;Mecklenburg;No;01/01/2005;19/02/2010;Motorist Right Turn / Merge;22;Intersection;01/02/2001;01/01/2001 22:58;Motorist Right Turn - Same Direction;0;2010;B: Evident Injury;Commercial;NA;NA;Missing;16-20 mph;Injury;/Missing;NA;NA;No;Yes;Dark - Lighted Roadway;Urban (>70% Developed);4 lanes;2;Straight - Level;Local Street;Dry;Two-Way, Divided, Positive Median Barrier;None;No Special Feature;Smooth Asphalt;Piedmont;Urban;30 - 35  MPH;Stop And Go Signal;Clear;No;35.213238, -80.83372
64;65;Yes;15-nov;15;No;Facing Traffic;A: Disabling Injury;Travel Lane;Black;Male;None - Rural Crash;Bladen;No;01/01/2007;14/03/2010;Bicyclist Right Turn / Merge;17;Non-Intersection;01/03/2001;01/01/2001 17:19;Bicyclist Right Turn - Same Direction;0;2010;A: Disabling Injury;Farms, Woods, Pastures;50-59;57;No;51-55 mph;O: No Injury;Black;Female;Pickup;No;No;Daylight;Rural (<30% Developed);2 lanes;2;Straight - Level;State Secondary Route;Dry;Two-Way, Not Divided;None;No Special Feature;Coarse Asphalt;Coastal;Rural;50 - 55  MPH;No Control Present;Clear;No;34.749287, -78.73587
73;74;Yes;60-69;63;No;With Traffic;B: Evident Injury;Travel Lane;White;Male;None - Rural Crash;Burke;No;01/01/2006;20/03/2010;Bicyclist Left Turn / Merge;13;Non-Intersection;01/03/2001;01/01/2001 13:26;Bicyclist Left Turn - Same Direction;0;2010;B: Evident Injury;Residential;0-19;17;No;41-45 mph;O: No Injury;White;Female;Sport Utility;No;No;Daylight;Mixed (30% To 70% Developed);2 lanes;2;Straight - Grade;State Secondary Route;Dry;Two-Way, Not Divided;None;Driveway, Private;Smooth Asphalt;Mountains;Rural;40 - 45  MPH;Double Yellow Line, No Passing Zone;Clear;No;35.77079, -81.61622
74;75;Yes;10-juin;6;No;NA;B: Evident Injury;NA;Black;Male;None - Rural Crash;Camden;No;01/01/2002;09/03/2010;NA;18;NA;01/03/2001;01/01/2001 18:23;NA;0;2010;B: Evident Injury;Farms, Woods, Pastures;60-69;63;No;6-10 mph;O: No Injury;White;Male;Passenger Car;No;No;Dark - Roadway Not Lighted;Rural (<30% Developed);2 lanes;2;Straight - Level;State Secondary Route;Dry;Two-Way, Not Divided;None;No Special Feature;Smooth Asphalt;Coastal;Rural;50 - 55  MPH;No Control Present;Clear;No;36.302483, -76.07173
76;77;No;16-19;17;No;With Traffic;B: Evident Injury;Travel Lane;Black;Male;Asheville;Buncombe;No;01/01/2004;25/02/2010;Bicyclist Overtaking Motorist;9;Non-Intersection;01/02/2001;01/01/2001 09:42;Bicyclist Overtaking - Other /;0;2010;B: Evident Injury;Commercial;30-39;38;No;0-5 mph;O: No Injury;White;Female;Sport Utility;No;No;Daylight;Urban (>70% Developed);2 lanes;2;Straight - Level;US Route;Dry;Two-Way, Not Divided;None;No Special Feature;Smooth Asphalt;Mountains;Urban;20 - 25  MPH;Stop And Go Signal;Cloudy;No;35.578358, -82.59001
78;79;Yes;10-juin;7;No;With Traffic;C: Possible Injury;Travel Lane;Black;Male;Durham;Durham;No;01/01/2007;21/03/2010;Loss of Control / Turning Error;18;Intersection;01/03/2001;01/01/2001 18:40;Bicyclist Turning Error - Right Turn;0;2010;C: Possible Injury;Residential;25-29;27;No;11-15 mph;O: No Injury;White;Male;Passenger Car;No;No;Daylight;Urban (>70% Developed);2 lanes;2;Straight - Level;Local Street;Dry;Two-Way, Not Divided;None;No Special Feature;Smooth Asphalt;Piedmont;Urban;5 - 15 MPH;Stop Sign;Cloudy;No;35.918495, -78.80944
91;92;Yes;40-49;48;No;Facing Traffic;B: Evident Injury;Sidewalk / Crosswalk / Driveway Crossing;White;Male;None - Rural Crash;Moore;No;01/01/2005;12/03/2010;Motorist Failed to Yield - Sign-Controlled Intersection;14;Intersection;01/03/2001;01/01/2001 14:09;Motorist Drive Out - Sign-Controlled Intersection;0;2010;B: Evident Injury;Commercial;50-59;57;No;0-5 mph;O: No Injury;White;Male;Passenger Car;No;No;Daylight;Urban (>70% Developed);NA;2;Straight - Level;Public Vehicular Area;Dry;Two-Way, Not Divided;None;Driveway, Public;Coarse Asphalt;Piedmont;Rural;NA;Stop Sign;Cloudy;No;35.14933, -79.41874
93;94;No;25-29;28;No;NA;O: No Injury;NA;Black;Male;Raleigh;Wake;No;01/01/2006;13/02/2010;Loss of Control / Turning Error;22;Intersection-Related;01/02/2001;01/01/2001 22:29;Motorist Lost Control - Surface Conditions;0;2010;O: No Injury;Residential;30-39;34;No;16-20 mph;O: No Injury;White;Male;Police;No;No;Dark - Lighted Roadway;Urban (>70% Developed);2 lanes;2;Straight - Level;Local Street;Wet;Two-Way, Not Divided;Road Surface Condition;No Special Feature;Coarse Asphalt;Piedmont;Urban;30 - 35  MPH;No Control Present;Clear;No;35.78104, -78.62571
97;98;Yes;16-19;16;No;With Traffic;B: Evident Injury;Travel Lane;White;Male;None - Rural Crash;Rowan;No;01/01/2003;31/03/2010;Bicyclist Left Turn / Merge;15;Non-Intersection;01/03/2001;01/01/2001 15:54;Bicyclist Left Turn - Same Direction;0;2010;B: Evident Injury;Farms, Woods, Pastures;20-24;24;No;46-50 mph;O: No Injury;Black;Male;Passenger Car;No;No;Daylight;Rural (<30% Developed);2 lanes;2;Straight - Grade;State Secondary Route;Dry;Two-Way, Not Divided;None;No Special Feature;Coarse Asphalt;Piedmont;Rural;50 - 55  MPH;Double Yellow Line, No Passing Zone;Clear;No;35.715168, -80.43542
99;100;No;NA;NA;Missing;With Traffic;Injury;Travel Lane;/Missing;NA;High Point;Guilford;No;01/01/2004;18/03/2010;Bicyclist Failed to Yield - Signalized Intersection;20;Intersection;01/03/2001;01/01/2001 20:25;Bicyclist Ride Out - Signalized  Intersection;0;2010;O: No Injury;Commercial;30-39;34;No;21-25 mph;O: No Injury;Black;Male;Passenger Car;No;No;Dark - Lighted Roadway;Urban (>70% Developed);2 lanes;2;Straight - Grade;Local Street;Dry;One-Way, Not Divided;None;Four-Way Intersection;Smooth Asphalt;Piedmont;Urban;30 - 35  MPH;Stop And Go Signal;Clear;No;35.973045, -80.01462
100;101;Yes;30-39;30;No;With Traffic;C: Possible Injury;Travel Lane;Black;Male;Greensboro;Guilford;No;01/01/2004;04/03/2010;Motorist Right Turn / Merge;17;Intersection;01/03/2001;01/01/2001 17:07;Motorist Right Turn - Same Direction;0;2010;C: Possible Injury;Residential;0-19;18;No;11-15 mph;O: No Injury;White;Female;Passenger Car;No;No;Daylight;Urban (>70% Developed);2 lanes;2;Straight - Level;Local Street;Dry;Two-Way, Not Divided;None;Four-Way Intersection;Coarse Asphalt;Piedmont;Urban;30 - 35  MPH;No Control Present;Clear;No;36.068756, -79.83184
112;113;Yes;16-19;17;No;Facing Traffic;C: Possible Injury;Travel Lane;Black;Male;Laurinburg;Scotland;No;01/01/2003;31/03/2010;Motorist Failed to Yield - Signalized Intersection;8;Intersection;01/03/2001;01/01/2001 08:20;Motorist Drive Through - Signalized Intersection;0;2010;C: Possible Injury;Residential;20-24;23;No;0-5 mph;C: Possible Injury;Native American;Female;Passenger Car;No;No;Dusk;Urban (>70% Developed);2 lanes;2;Straight - Level;US Route;Dry;Two-Way, Not Divided;None;No Special Feature;Smooth Asphalt;Coastal;Urban;30 - 35  MPH;Stop And Go Signal;Clear;No;34.77226, -79.457596
113;114;No;16-19;16;No;With Traffic;B: Evident Injury;Travel Lane;White;Male;None - Rural Crash;Burke;No;01/01/2006;20/03/2010;Motorist Overtaking Bicyclist;15;Non-Intersection;01/03/2001;01/01/2001 15:34;Motorist Overtaking - Other /;0;2010;B: Evident Injury;Residential;50-59;51;No;26-30 mph;O: No Injury;Asian;Female;Sport Utility;No;No;Daylight;Mixed (30% To 70% Developed);2 lanes;2;Straight - Grade;State Secondary Route;Dry;Two-Way, Not Divided;None;No Special Feature;Smooth Asphalt;Mountains;Rural;40 - 45  MPH;Double Yellow Line, No Passing Zone;Clear;No;35.767826, -81.62588
119;120;Yes;25-29;29;No;With Traffic;B: Evident Injury;Travel Lane;Hispanic;Male;None - Rural Crash;Wake;No;01/01/2007;11/04/2010;Motorist Overtaking Bicyclist;20;Non-Intersection;01/04/2001;01/01/2001 20:37;Motorist Overtaking - Misjudged Space;0;2010;B: Evident Injury;Farms, Woods, Pastures;25-29;29;No;46-50 mph;O: No Injury;Hispanic;Male;Pickup;No;No;Dark - Roadway Not Lighted;Rural (<30% Developed);2 lanes;2;Straight - Level;State Secondary Route;Dry;Two-Way, Not Divided;None;No Special Feature;Smooth Asphalt;Piedmont;Rural;50 - 55  MPH;Double Yellow Line, No Passing Zone;Clear;No;35.718334, -78.46763
122;123;Yes;15-nov;11;No;With Traffic;C: Possible Injury;Bike Lane / Paved Shoulder;Black;Male;Durham;Durham;No;01/01/2007;11/04/2010;Bicyclist Failed to Yield - Sign-Controlled Intersection;18;Intersection;01/04/2001;01/01/2001 18:58;Bicyclist Ride Through - Sign-Controlled Intersection;0;2010;C: Possible Injury;Residential;40-49;48;No;21-25 mph;O: No Injury;Black;Female;Van;No;No;Daylight;Urban (>70% Developed);2 lanes;2;Straight - Level;Local Street;Dry;Two-Way, Not Divided;None;No Special Feature;Coarse Asphalt;Piedmont;Urban;20 - 25  MPH;Stop Sign;Clear;No;35.992935, -78.87586
123;124;No;25-29;26;No;With Traffic;C: Possible Injury;Travel Lane;White;Male;Asheville;Buncombe;No;01/01/2005;02/04/2010;Crossing Paths - Other Circumstances;8;Intersection-Related;01/04/2001;01/01/2001 08:15;Crossing Paths - Uncontrolled Intersection;0;2010;C: Possible Injury;Commercial;40-49;45;No;6-10 mph;O: No Injury;White;Female;Passenger Car;No;No;Daylight;Urban (>70% Developed);5 lanes;2;Straight - Level;US Route;Dry;Two-Way, Divided, Unprotected Median;None;Related To Intersection;Smooth Asphalt;Mountains;Urban;20 - 25  MPH;Stop And Go Signal;Clear;No;35.56713, -82.54425
128;129;No;10-juin;9;No;With Traffic;B: Evident Injury;Travel Lane;Black;Male;Sanford;Lee;No;01/01/2006;03/04/2010;Bicyclist Failed to Yield - Sign-Controlled Intersection;19;Intersection;01/04/2001;01/01/2001 19:35;Bicyclist Ride Out - Sign-Controlled Intersection;0;2010;B: Evident Injury;Residential;60-69;65;No;11-15 mph;O: No Injury;White;Female;Passenger Car;No;No;Daylight;Urban (>70% Developed);2 lanes;2;Straight - Grade;Local Street;Dry;Two-Way, Not Divided;None;T-Intersection;Coarse Asphalt;Piedmont;Urban;30 - 35  MPH;Stop Sign;Clear;No;35.481323, -79.185265
130;131;Yes;30-39;37;No;With Traffic;B: Evident Injury;Travel Lane;Black;Male;Wilson;Wilson;No;01/01/2007;21/02/2010;Motorist Overtaking Bicyclist;18;Non-Intersection;01/02/2001;01/01/2001 18:53;Motorist Overtaking - Other /;0;2010;B: Evident Injury;Residential;40-49;48;No;16-20 mph;O: No Injury;Black;Female;Passenger Car;No;No;Dark - Lighted Roadway;Urban (>70% Developed);2 lanes;2;Straight - Level;Local Street;Dry;Two-Way, Not Divided;None;No Special Feature;Coarse Asphalt;Coastal;Urban;30 - 35  MPH;No Control Present;Clear;No;35.712112, -77.90257
133;134;Yes;15-nov;13;No;Not Applicable;B: Evident Injury;Travel Lane;Black;Male;Jacksonville;Onslow;No;01/01/2005;02/04/2010;Bicyclist Failed to Yield - Midblock;12;Non-Intersection;01/04/2001;01/01/2001 12:33;Multiple Threat - Midblock;0;2010;B: Evident Injury;Commercial;20-24;22;No;26-30 mph;O: No Injury;Black;Female;Sport Utility;No;No;Daylight;Urban (>70% Developed);6 lanes;2;Straight - Level;US Route;Dry;Two-Way, Divided, Unprotected Median;None;No Special Feature;Smooth Asphalt;Coastal;Urban;40 - 45  MPH;Stop And Go Signal;Clear;No;34.767902, -77.405655
147;148;No;50-59;54;No;With Traffic;B: Evident Injury;Bike Lane / Paved Shoulder;White;Male;Hickory;Catawba;No;01/01/2002;13/04/2010;Bicyclist Left Turn / Merge;19;Intersection;01/04/2001;01/01/2001 19:27;Bicyclist Left Turn - Same Direction;0;2010;B: Evident Injury;Commercial;30-39;31;No;36-40 mph;O: No Injury;White;Male;Passenger Car;No;No;Daylight;Urban (>70% Developed);7 lanes;2;Straight - Level;Local Street;Dry;Two-Way, Divided, Unprotected Median;None;Four-Way Intersection;Coarse Asphalt;Piedmont;Urban;40 - 45  MPH;Stop And Go Signal;Clear;No;35.702393, -81.294235
156;157;No;30-39;34;No;Facing Traffic;C: Possible Injury;Sidewalk / Crosswalk / Driveway Crossing;White;Male;Raleigh;Wake;No;01/01/2003;31/03/2010;Motorist Failed to Yield - Signalized Intersection;13;Intersection;01/03/2001;01/01/2001 13:30;Motorist Drive Out - Signalized Intersection;0;2010;C: Possible Injury;Commercial;70+;NA;No;0-5 mph;O: No Injury;White;Female;Passenger Car;No;No;Daylight;Urban (>70% Developed);4 lanes;2;Straight - Level;Local Street;Dry;Two-Way, Divided, Unprotected Median;None;Driveway, Public;Smooth Asphalt;Piedmont;Urban;30 - 35  MPH;Stop And Go Signal;Clear;No;35.875168, -78.62335
158;159;Yes;25-29;25;No;With Traffic;B: Evident Injury;Travel Lane;White;Male;Cary;Wake;No;01/01/2002;20/04/2010;Motorist Left Turn / Merge;21;Intersection;01/04/2001;01/01/2001 21:39;Motorist Left Turn - Opposite Direction;0;2010;B: Evident Injury;Commercial;20-24;23;No;11-15 mph;O: No Injury;White;Male;Passenger Car;No;No;Dark - Roadway Not Lighted;Urban (>70% Developed);5 lanes;2;Straight - Level;State Secondary Route;Dry;Two-Way, Not Divided;None;T-Intersection;Smooth Asphalt;Piedmont;Urban;30 - 35  MPH;No Control Present;Cloudy;No;35.755566, -78.73931
159;160;Yes;60-69;62;No;With Traffic;C: Possible Injury;Travel Lane;Black;Male;Dudley;Wayne;No;01/01/2005;09/04/2010;Motorist Overtaking Bicyclist;19;Non-Intersection;01/04/2001;01/01/2001 19:33;Motorist Overtaking - Misjudged Space;0;2010;C: Possible Injury;Residential;60-69;63;No;41-45 mph;O: No Injury;White;Female;Passenger Car;No;No;Dusk;Mixed (30% To 70% Developed);2 lanes;2;Straight - Level;State Secondary Route;Dry;Two-Way, Not Divided;None;No Special Feature;Coarse Asphalt;Coastal;Rural;40 - 45  MPH;Double Yellow Line, No Passing Zone;Clear;No;35.251686, -78.13718