FID;OBJECTID;AmbulanceR;BikeAge_Gr;Bike_Age;Bike_Alc_D;Bike_Dir;Bike_Injur;Bike_Pos;Bike_Race;Bike_Sex;City;County;CrashAlcoh;CrashDay;Crash_Date;Crash_Grp;Crash_Hour;Crash_Loc;Crash_Mont;Crash_Time;Crash_Type;Crash_Ty_1;Crash_Year;Crsh_Sevri;Developmen;DrvrAge_Gr;Drvr_Age;Drvr_Alc_D;Drvr_EstSp;Drvr_Injur;Drvr_Race;Drvr_Sex;Drvr_VehTy;ExcsSpdInd;Hit_Run;Light_Cond;Locality;Num_Lanes;Num_Units;Rd_Charact;Rd_Class;Rd_Conditi;Rd_Config;Rd_Defects;Rd_Feature;Rd_Surface;Region;Rural_Urba;Speed_Limi;Traff_Cntr;Weather;Workzone_I;Location
161;162;Yes;50-59;54;No;With Traffic;B: Evident Injury;Bike Lane / Paved Shoulder;White;Male;Charlotte;Mecklenburg;No;01/01/2003;07/04/2010;Motorist Right Turn / Merge;17;Non-Intersection;01/04/2001;01/01/2001 17:58;Motorist Right Turn - Same Direction;0;2010;B: Evident Injury;Commercial;25-29;27;No;0-5 mph;O: No Injury;White;Male;Passenger Car;No;No;Daylight;Urban (>70% Developed);3 lanes;2;Straight - Level;Local Street;Dry;Two-Way, Not Divided;None;Driveway, Private;Smooth Asphalt;Piedmont;Urban;30 - 35  MPH;No Control Present;Clear;No;35.200203, -80.84237
164;165;No;10-juin;8;No;Not Applicable;B: Evident Injury;Driveway / Alley;Hispanic;Male;None - Rural Crash;Johnston;No;01/01/2004;22/04/2010;Bicyclist Failed to Yield - Midblock;18;Non-Intersection;01/04/2001;01/01/2001 18:34;Bicyclist Ride Out - Residential Driveway;0;2010;B: Evident Injury;Residential;25-29;26;No;21-25 mph;O: No Injury;Hispanic;Female;Sport Utility;No;No;Daylight;Urban (>70% Developed);2 lanes;2;Straight - Grade;State Secondary Route;Dry;Two-Way, Not Divided;None;Driveway, Private;Coarse Asphalt;Coastal;Rural;30 - 35  MPH;No Control Present;Clear;No;35.72358, -78.21224
167;168;Yes;30-39;35;Yes;With Traffic;B: Evident Injury;Travel Lane;Hispanic;Male;Conover;Catawba;Yes;01/01/2006;24/04/2010;Bicyclist Overtaking Motorist;20;Non-Intersection;01/04/2001;01/01/2001 20:08;Bicyclist Overtaking - Parked Vehicle;0;2010;B: Evident Injury;Residential;NA;NA;Missing;0-5 mph;Injury;/Missing;NA;Sport Utility;No;No;Dark - Roadway Not Lighted;Urban (>70% Developed);2 lanes;2;Straight - Level;Local Street;Wet;Two-Way, Not Divided;None;No Special Feature;Smooth Asphalt;Piedmont;Urban;30 - 35  MPH;No Control Present;Rain;No;35.70791, -81.22636
170;171;Yes;10-juin;7;No;Not Applicable;A: Disabling Injury;Driveway / Alley;White;Female;Kannapolis;Cabarrus;No;01/01/2005;09/04/2010;Bicyclist Failed to Yield - Midblock;14;Non-Intersection;01/04/2001;01/01/2001 14:43;Bicyclist Ride Out - Residential Driveway;0;2010;A: Disabling Injury;Residential;60-69;63;No;31-35 mph;O: No Injury;White;Female;Passenger Car;No;No;Daylight;Urban (>70% Developed);2 lanes;2;Straight - Grade;Local Street;Dry;Two-Way, Not Divided;None;No Special Feature;Coarse Asphalt;Piedmont;Urban;30 - 35  MPH;No Control Present;Clear;No;35.511814, -80.594536
504;505;Yes;15-nov;15;No;With Traffic;B: Evident Injury;Travel Lane;Black;Male;Wilmington;New Hanover;No;01/01/2007;13/07/2008;Bicyclist Failed to Yield - Signalized Intersection;16;Intersection;01/07/2001;01/01/2001 16:15;Bicyclist Ride Through - Signalized Intersection;111155;2008;B: Evident Injury;Residential;30-39;39;No;31-35 mph;O: No Injury;White;Female;Van;No;No;Daylight;Urban (>70% Developed);5 lanes;2;Straight - Level;Local Street;Dry;One-Way, Not Divided;None;Four-Way Intersection;Smooth Asphalt;Coastal;Urban;30 - 35  MPH;Stop And Go Signal;Clear;No;0.0, 0.0
509;510;No;15-nov;15;No;Facing Traffic;B: Evident Injury;Other;Black;Male;New Bern;Craven;No;01/01/2004;19/06/2008;Motorist Failed to Yield - Sign-Controlled Intersection;13;Intersection;01/06/2001;01/01/2001 12:59;Motorist Drive Out - Sign-Controlled Intersection;182141;2008;B: Evident Injury;Residential;NA;NA;Missing;0-5 mph;Injury;/Missing;NA;NA;No;Yes;Daylight;Urban (>70% Developed);5 lanes;2;Straight - Level;NC Route;Dry;Two-Way, Divided, Unprotected Median;None;T-Intersection;Smooth Asphalt;Coastal;Urban;20 - 25  MPH;Stop Sign;Clear;No;0.0, 0.0
517;518;Yes;20-24;23;No;With Traffic;A: Disabling Injury;Travel Lane;Black;Male;Cary;Wake;No;01/01/2003;13/08/2008;Motorist Overtaking Bicyclist;19;Intersection-Related;01/08/2001;01/01/2001 19:29;Motorist Overtaking - Other /;211239;2008;A: Disabling Injury;Residential;NA;NA;Missing;0-5 mph;Injury;/Missing;NA;Passenger Car;No;Yes;Daylight;Urban (>70% Developed);2 lanes;2;Straight - Level;State Secondary Route;Wet;Two-Way, Not Divided;None;Related To Intersection;Smooth Asphalt;Piedmont;Urban;30 - 35  MPH;Stop And Go Signal;Cloudy;No;0.0, 0.0
522;523;Yes;15-nov;14;No;Not Applicable;B: Evident Injury;NA;White;Male;Atlantic Beach;Carteret;No;01/01/2004;17/07/2008;Bicyclist Failed to Yield - Midblock;20;Non-Intersection;01/07/2001;01/01/2001 20:57;Bicyclist Ride Out - Midblock -;393319;2008;B: Evident Injury;Commercial;40-49;48;No;21-25 mph;O: No Injury;White;Male;Passenger Car;No;No;Dark - Lighted Roadway;Urban (>70% Developed);5 lanes;2;Straight - Level;NC Route;Dry;Two-Way, Divided, Unprotected Median;None;No Special Feature;Smooth Asphalt;Coastal;Rural;30 - 35  MPH;No Control Present;Clear;No;0.0, 0.0
528;529;Yes;30-39;38;No;With Traffic;C: Possible Injury;Sidewalk / Crosswalk / Driveway Crossing;Black;Male;Charlotte;Mecklenburg;No;01/01/2005;15/08/2008;Motorist Failed to Yield - Sign-Controlled Intersection;21;Intersection;01/08/2001;01/01/2001 21:38;Motorist Drive Out - Sign-Controlled Intersection;131141;2008;C: Possible Injury;Commercial;20-24;24;No;0-5 mph;O: No Injury;Black;Female;Passenger Car;No;No;Dark - Lighted Roadway;Urban (>70% Developed);2 lanes;2;Straight - Level;Local Street;Dry;Two-Way, Not Divided;None;T-Intersection;Smooth Asphalt;Piedmont;Urban;20 - 25  MPH;Stop Sign;Cloudy;No;0.0, 0.0
530;531;Yes;40-49;44;Yes;With Traffic;A: Disabling Injury;Travel Lane;Native American;Male;None - Rural Crash;Robeson;Yes;01/01/2002;12/08/2008;Bicyclist Left Turn / Merge;15;Non-Intersection;01/08/2001;01/01/2001 15:39;Bicyclist Left Turn - Same Direction;311221;2008;A: Disabling Injury;Farms, Woods, Pastures;50-59;56;No;51-55 mph;O: No Injury;Native American;Female;Van;No;No;Dusk;Rural (<30% Developed);2 lanes;2;Straight - Level;State Secondary Route;Dry;Two-Way, Not Divided;None;No Special Feature;Smooth Asphalt;Coastal;Rural;50 - 55  MPH;No Control Present;Cloudy;No;0.0, 0.0
535;536;No;50-59;55;No;With Traffic;B: Evident Injury;Travel Lane;White;Female;Kill Devil Hills;Dare;No;01/01/2005;18/07/2008;Motorist Left Turn / Merge;5;Intersection;01/07/2001;01/01/2001 05:29;Motorist Left Turn - Opposite Direction;111212;2008;B: Evident Injury;Residential;20-24;22;No;6-10 mph;O: No Injury;White;Male;Pickup;No;No;Daylight;Mixed (30% To 70% Developed);2 lanes;2;Straight - Level;Local Street;Dry;Two-Way, Not Divided;None;T-Intersection;Coarse Asphalt;Coastal;Urban;30 - 35  MPH;Stop Sign;Cloudy;No;0.0, 0.0
539;540;Yes;60-69;69;No;With Traffic;B: Evident Injury;Travel Lane;White;Male;Winston-Salem;Forsyth;No;NA;21/07/2008;Motorist Failed to Yield - Sign-Controlled Intersection;10;Intersection;01/07/2001;01/01/2001 10:15;Motorist Drive Out - Sign-Controlled Intersection;111141;2008;B: Evident Injury;Commercial;25-29;28;No;0-5 mph;O: No Injury;White;Female;Passenger Car;No;No;Daylight;Urban (>70% Developed);4 lanes;2;Straight - Level;Local Street;Dry;Two-Way, Not Divided;None;T-Intersection;Smooth Asphalt;Piedmont;Urban;30 - 35  MPH;Stop Sign;Clear;No;0.0, 0.0
540;541;Yes;60-69;63;No;Facing Traffic;C: Possible Injury;Sidewalk / Crosswalk / Driveway Crossing;White;Male;Chapel Hill;Orange;No;NA;21/07/2008;Motorist Failed to Yield - Signalized Intersection;13;Intersection;01/07/2001;01/01/2001 13:55;Motorist Drive Out - Right Turn on Red;132151;2008;C: Possible Injury;Residential;60-69;62;No;0-5 mph;O: No Injury;Black;Male;Passenger Car;No;No;Daylight;Urban (>70% Developed);2 lanes;2;Straight - Level;Local Street;Dry;Two-Way, Not Divided;None;Related To Intersection;Smooth Asphalt;Piedmont;Urban;30 - 35  MPH;Stop And Go Signal;Clear;No;0.0, 0.0
541;542;Yes;16-19;16;No;Not Applicable;B: Evident Injury;Driveway / Alley;White;Male;None - Rural Crash;Catawba;No;01/01/2002;22/07/2008;Bicyclist Failed to Yield - Midblock;15;Non-Intersection;01/07/2001;01/01/2001 15:50;Bicyclist Ride Out - Residential Driveway;353311;2008;B: Evident Injury;Residential;30-39;30;No;16-20 mph;O: No Injury;White;Female;Passenger Car;No;No;Daylight;Urban (>70% Developed);2 lanes;2;Straight - Level;State Secondary Route;Dry;Two-Way, Not Divided;None;Driveway, Private;Coarse Asphalt;Piedmont;Rural;20 - 25  MPH;Missing;Clear;No;0.0, 0.0
550;551;No;20-24;24;No;Facing Traffic;C: Possible Injury;Sidewalk / Crosswalk / Driveway Crossing;Black;Female;Greensboro;Guilford;No;01/01/2002;08/07/2008;Motorist Failed to Yield - Signalized Intersection;7;Intersection;01/07/2001;01/01/2001 07:27;Motorist Drive Out - Right Turn on Red;132151;2008;C: Possible Injury;Commercial;50-59;56;No;6-10 mph;O: No Injury;White;Male;Passenger Car;No;No;Daylight;Urban (>70% Developed);2 lanes;2;Straight - Grade;Local Street;Dry;Two-Way, Not Divided;None;T-Intersection;Smooth Asphalt;Piedmont;Urban;20 - 25  MPH;Stop And Go Signal;Clear;No;0.0, 0.0
554;555;Yes;16-19;19;No;With Traffic;O: No Injury;Travel Lane;Black;Male;Raleigh;Wake;No;01/01/2002;08/07/2008;Crossing Paths - Other Circumstances;5;Intersection;01/07/2001;01/01/2001 05:47;Signalized Intersection - Other /;111158;2008;B: Evident Injury;Residential;30-39;35;No;NA;B: Evident Injury;Black;Male;Pedalcycle;No;No;Dawn;Urban (>70% Developed);9 or more lanes;2;Straight - Grade;Local Street;Dry;Two-Way, Not Divided;None;Four-Way Intersection;Smooth Asphalt;Piedmont;Urban;NA;Stop And Go Signal;Cloudy;No;0.0, 0.0
560;561;Yes;30-39;37;Yes;With Traffic;A: Disabling Injury;Sidewalk / Crosswalk / Driveway Crossing;Hispanic;Male;Winston-Salem;Forsyth;Yes;NA;28/07/2008;Motorist Failed to Yield - Signalized Intersection;11;Intersection;01/07/2001;01/01/2001 11:15;Motorist Drive Through - Signalized Intersection;131154;2008;A: Disabling Injury;Commercial;40-49;42;No;31-35 mph;O: No Injury;Black;Female;Sport Utility;No;No;Daylight;Urban (>70% Developed);3 lanes;2;Straight - Level;Local Street;Dry;Two-Way, Not Divided;None;No Special Feature;Smooth Asphalt;Piedmont;Urban;30 - 35  MPH;Stop And Go Signal;Clear;No;0.0, 0.0
566;567;No;15-nov;15;No;Facing Traffic;O: No Injury;Sidewalk / Crosswalk / Driveway Crossing;White;Male;Charlotte;Mecklenburg;No;01/01/2006;23/08/2008;Motorist Failed to Yield - Sign-Controlled Intersection;17;Intersection;01/08/2001;01/01/2001 17:29;Motorist Drive Out - Sign-Controlled Intersection;132141;2008;O: No Injury;Residential;0-19;18;No;21-25 mph;O: No Injury;White;Male;Sport Utility;No;No;Daylight;Urban (>70% Developed);2 lanes;2;Straight - Level;Local Street;Dry;Two-Way, Not Divided;None;T-Intersection;Smooth Asphalt;Piedmont;Urban;20 - 25  MPH;Stop Sign;Clear;No;0.0, 0.0
569;570;Yes;30-39;33;No;Facing Traffic;B: Evident Injury;Sidewalk / Crosswalk / Driveway Crossing;Black;Male;Morehead City;Carteret;No;NA;28/07/2008;Motorist Failed to Yield - Sign-Controlled Intersection;8;Intersection;01/07/2001;01/01/2001 08:55;Motorist Drive Out - Sign-Controlled Intersection;132141;2008;B: Evident Injury;Commercial;50-59;52;No;6-10 mph;O: No Injury;White;Female;Passenger Car;No;No;Daylight;Urban (>70% Developed);4 lanes;2;Straight - Level;Local Street;Dry;Two-Way, Not Divided;None;T-Intersection;Smooth Asphalt;Coastal;Urban;30 - 35  MPH;Stop Sign;Clear;No;0.0, 0.0
572;573;Yes;30-39;37;No;With Traffic;B: Evident Injury;Travel Lane;White;Male;None - Rural Crash;Wake;Yes;NA;18/08/2008;Motorist Overtaking Bicyclist;6;Non-Intersection;01/08/2001;01/01/2001 06:54;Motorist Overtaking - Other /;311239;2008;B: Evident Injury;Residential;50-59;50;Yes;41-45 mph;O: No Injury;White;Male;Pickup;No;No;Daylight;Rural (<30% Developed);2 lanes;3;Straight - Level;State Secondary Route;Dry;Two-Way, Not Divided;None;No Special Feature;Coarse Asphalt;Piedmont;Rural;40 - 45  MPH;Double Yellow Line, No Passing Zone;Clear;No;0.0, 0.0
573;574;Yes;20-24;22;Yes;With Traffic;B: Evident Injury;Travel Lane;Hispanic;Male;None - Rural Crash;Robeson;Yes;01/01/2003;30/07/2008;Motorist Overtaking Bicyclist;18;Non-Intersection;01/07/2001;01/01/2001 18:52;Motorist Overtaking - Other /;311239;2008;B: Evident Injury;Residential;50-59;59;No;46-50 mph;O: No Injury;Black;Female;Passenger Car;No;No;Daylight;Rural (<30% Developed);2 lanes;2;Straight - Level;State Secondary Route;Wet;Two-Way, Not Divided;None;No Special Feature;Smooth Asphalt;Coastal;Rural;50 - 55  MPH;Double Yellow Line, No Passing Zone;Cloudy;No;0.0, 0.0
578;579;Yes;10-juin;7;No;With Traffic;C: Possible Injury;Travel Lane;Black;Male;Southern Pines;Moore;No;01/01/2005;25/07/2008;Bicyclist Failed to Yield - Sign-Controlled Intersection;15;Intersection;01/07/2001;01/01/2001 15:42;Bicyclist Ride Through - Sign-Controlled Intersection;111144;2008;C: Possible Injury;Residential;60-69;68;No;31-35 mph;O: No Injury;Black;Male;Passenger Car;No;No;Daylight;Urban (>70% Developed);2 lanes;2;Straight - Grade;Local Street;Dry;Two-Way, Not Divided;None;Four-Way Intersection;Smooth Asphalt;Piedmont;Urban;30 - 35  MPH;Stop Sign;Clear;No;0.0, 0.0
579;580;Yes;30-39;33;No;With Traffic;C: Possible Injury;Bike Lane / Paved Shoulder;Black;Male;Goldsboro;Wayne;No;01/01/2005;01/08/2008;Motorist Failed to Yield - Midblock;17;Non-Intersection;01/08/2001;01/01/2001 17:55;Motorist Drive Out - Commercial Driveway / Alley;321322;2008;C: Possible Injury;Commercial;50-59;53;No;11-15 mph;O: No Injury;White;Male;Passenger Car;No;No;Daylight;Urban (>70% Developed);4 lanes;2;Straight - Level;US Route;Dry;Two-Way, Divided, Unprotected Median;None;Driveway, Public;Coarse Asphalt;Coastal;Urban;40 - 45  MPH;Missing;Clear;No;0.0, 0.0
581;582;Yes;15-nov;14;No;Facing Traffic;B: Evident Injury;Sidewalk / Crosswalk / Driveway Crossing;White;Male;Southern Pines;Moore;No;01/01/2005;01/08/2008;Motorist Failed to Yield - Sign-Controlled Intersection;15;Intersection;01/08/2001;01/01/2001 15:18;Motorist Drive Out - Sign-Controlled Intersection;132141;2008;B: Evident Injury;Residential;NA;NA;Missing;16-20 mph;Injury;/Missing;NA;NA;No;Yes;Daylight;Mixed (30% To 70% Developed);2 lanes;2;Curve - Level;Local Street;Dry;Two-Way, Not Divided;None;Traffic Circle/Roundabout;Coarse Asphalt;Piedmont;Urban;30 - 35  MPH;Yield Sign;Clear;No;0.0, 0.0
589;590;Yes;15-nov;15;No;NA;C: Possible Injury;NA;Black;Male;Greensboro;Guilford;No;01/01/2003;23/07/2008;Crossing Paths - Other Circumstances;17;Intersection;01/07/2001;01/01/2001 17:04;Crossing Paths - Uncontrolled Intersection;199160;2008;C: Possible Injury;Residential;NA;NA;Missing;NA;Injury;/Missing;NA;NA;No;Yes;Daylight;Urban (>70% Developed);4 lanes;2;Straight - Level;Local Street;Dry;Two-Way, Not Divided;None;No Special Feature;Concrete;Piedmont;Urban;NA;No Control Present;Clear;No;0.0, 0.0
597;598;No;30-39;31;No;NA;O: No Injury;Travel Lane;Black;Male;Fayetteville;Cumberland;No;01/01/2002;05/08/2008;Other /  - Insufficient Details;17;Non-Intersection;01/08/2001;01/01/2001 17:50;Approach Paths;3190970;2008;O: No Injury;Residential;40-49;42;No;6-10 mph;O: No Injury;White;Male;Police;No;No;Daylight;Urban (>70% Developed);2 lanes;2;Straight - Level;Local Street;Dry;Two-Way, Not Divided;None;No Special Feature;Coarse Asphalt;Coastal;Urban;5 - 15 MPH;Missing;Clear;No;0.0, 0.0
598;599;Yes;10-juin;10;No;Facing Traffic;B: Evident Injury;Travel Lane;Black;Male;Charlotte;Mecklenburg;No;01/01/2006;30/08/2008;Motorist Failed to Yield - Midblock;16;Non-Intersection;01/08/2001;01/01/2001 16:29;Motorist Drive Out - Residential Driveway;312321;2008;B: Evident Injury;Residential;30-39;30;No;NA;O: No Injury;Black;Female;Passenger Car;No;No;Daylight;Urban (>70% Developed);4 lanes;2;Straight - Level;Local Street;Dry;Two-Way, Divided, Unprotected Median;None;No Special Feature;Smooth Asphalt;Piedmont;Urban;NA;No Control Present;Clear;No;0.0, 0.0
616;617;No;40-49;43;No;With Traffic;B: Evident Injury;Travel Lane;White;Female;Wilmington;New Hanover;No;01/01/2002;12/08/2008;Bicyclist Failed to Yield - Signalized Intersection;18;Intersection;01/08/2001;01/01/2001 18:58;Bicyclist Failed to Clear - Multiple Threat;111157;2008;B: Evident Injury;Commercial;20-24;23;No;11-15 mph;O: No Injury;White;Male;Pickup;No;No;Daylight;Urban (>70% Developed);5 lanes;2;Straight - Level;Local Street;Dry;Two-Way, Divided, Unprotected Median;None;Four-Way Intersection;Smooth Asphalt;Coastal;Urban;40 - 45  MPH;Stop And Go Signal;Clear;No;0.0, 0.0
617;618;Yes;40-49;45;No;With Traffic;B: Evident Injury;Travel Lane;White;Male;None - Rural Crash;Wayne;No;01/01/2003;13/08/2008;Motorist Overtaking Bicyclist;21;Non-Intersection;01/08/2001;01/01/2001 21:34;Motorist Overtaking - Other /;311239;2008;B: Evident Injury;Farms, Woods, Pastures;0-19;18;No;46-50 mph;O: No Injury;White;Female;Passenger Car;No;No;Dark - Roadway Not Lighted;Rural (<30% Developed);4 lanes;2;Straight - Level;US Route;Wet;Two-Way, Divided, Unprotected Median;None;No Special Feature;Smooth Asphalt;Coastal;Rural;50 - 55  MPH;No Control Present;Cloudy;No;0.0, 0.0
618;619;Yes;15-nov;12;No;Facing Traffic;C: Possible Injury;Sidewalk / Crosswalk / Driveway Crossing;Black;Male;Charlotte;Mecklenburg;No;01/01/2005;05/09/2008;Motorist Failed to Yield - Midblock;19;Non-Intersection;01/09/2001;01/01/2001 19:04;Motorist Drive Out - Commercial Driveway / Alley;332322;2008;C: Possible Injury;Commercial;25-29;28;No;6-10 mph;O: No Injury;Hispanic;Male;Passenger Car;No;No;Daylight;Urban (>70% Developed);4 lanes;2;Straight - Grade;Local Street;Dry;Two-Way, Divided, Unprotected Median;None;No Special Feature;Smooth Asphalt;Piedmont;Urban;40 - 45  MPH;No Control Present;Clear;No;0.0, 0.0
620;621;Yes;10-juin;10;No;With Traffic;B: Evident Injury;Travel Lane;White;Male;None - Rural Crash;Columbus;No;01/01/2004;14/08/2008;Bicyclist Left Turn / Merge;20;Non-Intersection;01/08/2001;01/01/2001 20:01;Bicyclist Left Turn - Same Direction;311221;2008;B: Evident Injury;Farms, Woods, Pastures;40-49;40;No;26-30 mph;O: No Injury;Black;Female;Passenger Car;No;No;Dark - Roadway Not Lighted;Rural (<30% Developed);2 lanes;2;Straight - Level;State Secondary Route;Dry;Two-Way, Not Divided;None;Driveway, Private;Smooth Asphalt;Coastal;Rural;50 - 55  MPH;Double Yellow Line, No Passing Zone;Clear;No;0.0, 0.0
625;626;Yes;30-39;33;No;Facing Traffic;C: Possible Injury;Sidewalk / Crosswalk / Driveway Crossing;Other;Male;Fayetteville;Cumberland;No;01/01/2003;03/09/2008;Motorist Failed to Yield - Midblock;9;Non-Intersection;01/09/2001;01/01/2001 09:56;Motorist Drive Out - Commercial Driveway / Alley;332322;2008;C: Possible Injury;Commercial;30-39;38;No;0-5 mph;O: No Injury;Other;Female;Light Truck (Mini-Van, Panel);No;No;Daylight;Mixed (30% To 70% Developed);NA;2;Straight - Level;Public Vehicular Area;Dry;Two-Way, Not Divided;None;Driveway, Public;Concrete;Coastal;Urban;5 - 15 MPH;No Control Present;Clear;No;0.0, 0.0
627;628;No;20-24;22;No;With Traffic;O: No Injury;Travel Lane;White;Male;Raleigh;Wake;No;01/01/2004;10/07/2008;Backing Vehicle;21;Non-Intersection;01/07/2001;01/01/2001 21:18;Backing Vehicle;311600;2008;O: No Injury;Commercial;NA;NA;Missing;0-5 mph;Injury;/Missing;NA;Sport Utility;No;No;Dark - Lighted Roadway;Urban (>70% Developed);3 lanes;2;Straight - Level;Local Street;Dry;Two-Way, Not Divided;None;Four-Way Intersection;Smooth Asphalt;Piedmont;Urban;5 - 15 MPH;No Control Present;Clear;No;0.0, 0.0
650;651;Yes;20-24;23;No;With Traffic;O: No Injury;Travel Lane;White;Female;Carrboro;Orange;No;01/01/2005;22/08/2008;Motorist Failed to Yield - Midblock;20;Non-Intersection;01/08/2001;01/01/2001 20:05;Motorist Drive Out - Commercial Driveway / Alley;311322;2008;O: No Injury;Residential;50-59;57;No;6-10 mph;O: No Injury;White;Male;Passenger Car;No;No;Dusk;Urban (>70% Developed);2 lanes;2;Straight - Level;Local Street;Dry;Two-Way, Not Divided;None;No Special Feature;Coarse Asphalt;Piedmont;Urban;30 - 35  MPH;Missing;Clear;No;0.0, 0.0
656;657;Yes;16-19;19;No;Not Applicable;C: Possible Injury;Non-Roadway;White;Female;Hendersonville;Henderson;No;01/01/2005;08/08/2008;Loss of Control / Turning Error;20;Non-Intersection;01/08/2001;01/01/2001 20:10;Bicyclist Lost Control - Mechanical Problems;363121;2008;C: Possible Injury;Residential;25-29;29;No;0-5 mph;O: No Injury;Hispanic;Male;Passenger Car;No;No;Dusk;Urban (>70% Developed);2 lanes;2;Straight - Hillcrest;Local Street;Dry;Two-Way, Not Divided;None;No Special Feature;Smooth Asphalt;Mountains;Urban;30 - 35  MPH;Missing;Clear;No;0.0, 0.0
588;589;Yes;50-59;55;No;Facing Traffic;B: Evident Injury;Travel Lane;White;Male;Nags Head;Dare;No;01/01/2006;12/06/2010;Bicyclist Failed to Yield - Signalized Intersection;21;Intersection;01/06/2001;01/01/2001 21:26;Bicyclist Ride Through - Signalized Intersection;0;2010;B: Evident Injury;Commercial;30-39;31;No;6-10 mph;O: No Injury;White;Male;Sport Utility;No;No;Dark - Lighted Roadway;Mixed (30% To 70% Developed);5 lanes;2;Straight - Level;US Route;Dry;Two-Way, Divided, Unprotected Median;None;Four-Way Intersection;Coarse Asphalt;Coastal;Rural;50 - 55  MPH;Stop And Go Signal;Clear;No;35.98032, -75.64229
591;592;Yes;40-49;42;No;With Traffic;C: Possible Injury;Travel Lane;White;Male;None - Rural Crash;Warren;No;01/01/2007;08/08/2010;Motorist Overtaking Bicyclist;13;Non-Intersection;01/08/2001;01/01/2001 13:27;Motorist Overtaking - Misjudged Space;0;2010;C: Possible Injury;Farms, Woods, Pastures;70+;NA;No;16-20 mph;O: No Injury;White;Male;Passenger Car;No;No;Daylight;Rural (<30% Developed);2 lanes;2;Straight - Level;NC Route;Dry;Two-Way, Not Divided;None;No Special Feature;Smooth Asphalt;Piedmont;Rural;50 - 55  MPH;Double Yellow Line, No Passing Zone;Clear;No;36.534992, -77.9383
592;593;No;16-19;16;No;With Traffic;O: No Injury;Travel Lane;White;Male;None - Rural Crash;Dare;No;01/01/2005;27/08/2010;Bicyclist Left Turn / Merge;11;Intersection-Related;01/08/2001;01/01/2001 11:49;Bicyclist Left Turn - Opposite Direction;0;2010;O: No Injury;Residential;60-69;60;No;26-30 mph;O: No Injury;White;Male;Passenger Car;No;No;Daylight;Rural (<30% Developed);2 lanes;2;Curve - Level;NC Route;Dry;Two-Way, Not Divided;None;T-Intersection;Smooth Asphalt;Coastal;Rural;30 - 35  MPH;Double Yellow Line, No Passing Zone;Cloudy;No;35.216343, -75.67117
594;595;No;50-59;51;No;Facing Traffic;O: No Injury;Travel Lane;White;Male;Lumberton;Robeson;No;01/01/2006;28/08/2010;Crossing Paths - Other Circumstances;19;Intersection;01/08/2001;01/01/2001 19:00;Signalized Intersection - Other /;0;2010;O: No Injury;Commercial;50-59;52;No;0-5 mph;O: No Injury;White;Male;Passenger Car;No;No;Daylight;Urban (>70% Developed);7 lanes;2;Straight - Level;Local Street;Dry;Two-Way, Not Divided;None;No Special Feature;Coarse Asphalt;Coastal;Urban;40 - 45  MPH;Stop And Go Signal;Clear;No;34.66019, -78.99999
598;599;Yes;16-19;17;No;Facing Traffic;B: Evident Injury;Bike Lane / Paved Shoulder;Other;Male;Charlotte;Mecklenburg;No;01/01/2005;20/08/2010;Motorist Left Turn / Merge;18;Intersection;01/08/2001;01/01/2001 18:46;Motorist Left Turn - Opposite Direction;0;2010;B: Evident Injury;Commercial;50-59;55;No;6-10 mph;O: No Injury;Black;Female;Passenger Car;No;No;Daylight;Urban (>70% Developed);2 lanes;2;Straight - Level;Local Street;Dry;One-Way, Not Divided;None;Four-Way Intersection;Smooth Asphalt;Piedmont;Urban;30 - 35  MPH;Stop And Go Signal;Clear;No;35.201958, -80.84483
599;600;No;15-nov;14;No;With Traffic;C: Possible Injury;Travel Lane;White;Male;None - Rural Crash;Henderson;No;01/01/2002;10/08/2010;Bicyclist Left Turn / Merge;14;Intersection;01/08/2001;01/01/2001 14:01;Bicyclist Left Turn - Same Direction;0;2010;C: Possible Injury;Residential;70+;NA;No;16-20 mph;O: No Injury;White;Male;Sport Utility;No;No;Daylight;Urban (>70% Developed);2 lanes;2;Straight - Bottom;State Secondary Route;Dry;Two-Way, Not Divided;None;T-Intersection;Coarse Asphalt;Mountains;Rural;30 - 35  MPH;Double Yellow Line, No Passing Zone;Clear;No;35.297092, -82.4799
601;602;No;25-29;25;Yes;With Traffic;O: No Injury;Bike Lane / Paved Shoulder;White;Male;Greenville;Pitt;Yes;01/01/2002;17/08/2010;Bicyclist Overtaking Motorist;3;Non-Intersection;01/08/2001;01/01/2001 02:59;Bicyclist Overtaking - Parked Vehicle;0;2010;O: No Injury;Residential;NA;NA;Missing;NA;Injury;/Missing;NA;Police;No;No;Dark - Lighted Roadway;Urban (>70% Developed);2 lanes;2;Straight - Level;Local Street;Dry;Two-Way, Divided, Unprotected Median;None;No Special Feature;Smooth Asphalt;Coastal;Urban;20 - 25  MPH;No Control Present;Clear;No;35.607113, -77.361725
603;604;Yes;40-49;41;No;With Traffic;B: Evident Injury;Travel Lane;White;Male;Davidson;Mecklenburg;No;01/01/2004;19/08/2010;Bicyclist Right Turn / Merge;16;Intersection;01/08/2001;01/01/2001 16:52;Bicyclist Right Turn - Same Direction;0;2010;B: Evident Injury;Farms, Woods, Pastures;30-39;34;No;16-20 mph;O: No Injury;Black;Male;Single Unit Truck (2-Axle, 6-Tire);No;No;Daylight;Rural (<30% Developed);2 lanes;2;Straight - Grade;Local Street;Dry;Two-Way, Not Divided;None;No Special Feature;Smooth Asphalt;Piedmont;Urban;40 - 45  MPH;No Control Present;Clear;No;35.473053, -80.79339