FID;OBJECTID;AmbulanceR;BikeAge_Gr;Bike_Age;Bike_Alc_D;Bike_Dir;Bike_Injur;Bike_Pos;Bike_Race;Bike_Sex;City;County;CrashAlcoh;CrashDay;Crash_Date;Crash_Grp;Crash_Hour;Crash_Loc;Crash_Mont;Crash_Time;Crash_Type;Crash_Ty_1;Crash_Year;Crsh_Sevri;Developmen;DrvrAge_Gr;Drvr_Age;Drvr_Alc_D;Drvr_EstSp;Drvr_Injur;Drvr_Race;Drvr_Sex;Drvr_VehTy;ExcsSpdInd;Hit_Run;Light_Cond;Locality;Num_Lanes;Num_Units;Rd_Charact;Rd_Class;Rd_Conditi;Rd_Config;Rd_Defects;Rd_Feature;Rd_Surface;Region;Rural_Urba;Speed_Limi;Traff_Cntr;Weather;Workzone_I;Location
604;605;Yes;15-nov;14;No;With Traffic;B: Evident Injury;Travel Lane;Black;Male;Hickory;Catawba;No;01/01/2007;22/08/2010;Bicyclist Failed to Yield - Signalized Intersection;12;Intersection;01/08/2001;01/01/2001 12:40;Bicyclist Ride Through - Signalized Intersection;0;2010;B: Evident Injury;Residential;30-39;38;No;21-25 mph;O: No Injury;White;Male;Passenger Car;No;No;Daylight;Urban (>70% Developed);2 lanes;2;Straight - Grade;Local Street;Dry;Two-Way, Not Divided;None;Four-Way Intersection;Smooth Asphalt;Piedmont;Urban;20 - 25  MPH;Stop Sign;Clear;No;35.720005, -81.3386
607;608;Yes;16-19;18;No;With Traffic;C: Possible Injury;Travel Lane;Black;Male;Southern Pines;Moore;No;01/01/2005;13/08/2010;Motorist Overtaking Bicyclist;12;Non-Intersection;01/08/2001;01/01/2001 12:45;Motorist Overtaking - Misjudged Space;0;2010;C: Possible Injury;Commercial;20-24;20;No;16-20 mph;O: No Injury;Black;Female;Passenger Car;No;No;Daylight;Urban (>70% Developed);2 lanes;2;Straight - Level;Local Street;Dry;Two-Way, Not Divided;None;No Special Feature;Smooth Asphalt;Piedmont;Urban;30 - 35  MPH;No Control Present;Clear;No;35.16853, -79.40715
610;611;No;70+;NA;No;With Traffic;B: Evident Injury;Travel Lane;White;Male;Charlotte;Mecklenburg;No;01/01/2003;25/08/2010;Motorist Right Turn / Merge;9;Intersection;01/08/2001;01/01/2001 09:18;Motorist Right Turn - Same Direction;0;2010;B: Evident Injury;Commercial;40-49;46;No;NA;O: No Injury;White;Male;Passenger Car;No;No;Daylight;Urban (>70% Developed);6 lanes;2;Straight - Level;Local Street;Dry;Two-Way, Not Divided;None;T-Intersection;Smooth Asphalt;Piedmont;Urban;20 - 25  MPH;Stop Sign;Cloudy;No;35.17393, -80.803505
615;616;Yes;25-29;29;No;With Traffic;B: Evident Injury;Bike Lane / Paved Shoulder;White;Male;Grimesland;Pitt;No;01/01/2003;01/09/2010;Parallel Paths - Other Circumstances;8;Non-Intersection;01/09/2001;01/01/2001 08:01;Bicyclist Ride Out - Parallel Path;0;2010;B: Evident Injury;Residential;30-39;36;No;56-60 mph;O: No Injury;White;Male;Passenger Car;No;No;Daylight;Mixed (30% To 70% Developed);2 lanes;2;Straight - Level;NC Route;Dry;Two-Way, Not Divided;None;No Special Feature;Smooth Asphalt;Coastal;Rural;30 - 35  MPH;Double Yellow Line, No Passing Zone;Clear;No;35.56752, -77.199814
622;623;No;10-juin;8;No;Not Applicable;C: Possible Injury;Travel Lane;White;Male;Cary;Wake;No;01/01/2004;02/09/2010;Non-Roadway;18;Non-Roadway;01/09/2001;01/01/2001 18:29;Non-Roadway;0;2010;C: Possible Injury;Residential;30-39;31;No;0-5 mph;O: No Injury;White;Male;Motorcycle;No;No;Daylight;Urban (>70% Developed);2 lanes;2;Straight - Level;Local Street;Dry;Two-Way, Not Divided;None;Driveway, Public;Smooth Asphalt;Piedmont;Urban;20 - 25  MPH;No Control Present;Clear;No;35.701717, -78.79691
623;624;Yes;50-59;55;No;With Traffic;Injury;Travel Lane;White;Male;Weldon;Halifax;No;01/01/2006;04/09/2010;Motorist Overtaking Bicyclist;7;Non-Intersection;01/09/2001;01/01/2001 07:44;Motorist Overtaking - Other /;0;2010;Injury;Farms, Woods, Pastures;70+;NA;No;41-45 mph;Injury;Black;Male;Passenger Car;No;Yes;Daylight;Mixed (30% To 70% Developed);2 lanes;5;Straight - Level;NA;Dry;Two-Way, Divided, Unprotected Median;None;No Special Feature;Concrete;Coastal;Rural;40 - 45  MPH;No Control Present;Clear;No;36.41299, -77.60735
630;631;No;30-39;39;No;Facing Traffic;C: Possible Injury;Sidewalk / Crosswalk / Driveway Crossing;Black;Male;Fayetteville;Cumberland;No;01/01/2003;01/09/2010;Motorist Failed to Yield - Sign-Controlled Intersection;9;Intersection;01/09/2001;01/01/2001 09:58;Motorist Drive Out - Sign-Controlled Intersection;0;2010;C: Possible Injury;Commercial;25-29;27;No;NA;O: No Injury;Hispanic;Female;Pickup;No;No;Daylight;Urban (>70% Developed);2 lanes;2;Straight - Level;Local Street;Dry;Two-Way, Not Divided;None;No Special Feature;Coarse Asphalt;Coastal;Urban;NA;Stop Sign;Clear;No;35.048595, -78.93781
632;633;Yes;NA;NA;Yes;With Traffic;B: Evident Injury;Travel Lane;Hispanic;Male;Williamston;Martin;Yes;01/01/2002;31/08/2010;Motorist Overtaking Bicyclist;22;Non-Intersection;01/08/2001;01/01/2001 22:35;Motorist Overtaking - Other /;0;2010;B: Evident Injury;Commercial;40-49;40;No;51-55 mph;O: No Injury;White;Male;Truck/Trailer;No;No;Dark - Lighted Roadway;Mixed (30% To 70% Developed);4 lanes;2;Straight - Level;US Route;Dry;Two-Way, Divided, Positive Median Barrier;None;No Special Feature;Smooth Asphalt;Coastal;Urban;40 - 45  MPH;No Control Present;Clear;No;35.85214, -77.04666
654;655;No;50-59;53;No;With Traffic;C: Possible Injury;Travel Lane;White;Male;Chapel Hill;Orange;No;01/01/2003;08/09/2010;Bicyclist Overtaking Motorist;17;Non-Intersection;01/09/2001;01/01/2001 17:38;Bicyclist Overtaking - Extended Door;0;2010;C: Possible Injury;Commercial;40-49;42;No;NA;O: No Injury;White;Female;Passenger Car;No;No;Daylight;Urban (>70% Developed);4 lanes;2;Straight - Level;Local Street;Dry;Two-Way, Not Divided;None;No Special Feature;Smooth Asphalt;Piedmont;Urban;20 - 25  MPH;Double Yellow Line, No Passing Zone;Cloudy;No;35.911987, -79.05895
664;665;Yes;40-49;44;No;Facing Traffic;B: Evident Injury;Travel Lane;Hispanic;Male;Leland;Brunswick;No;01/01/2006;28/08/2010;Head-On;20;Non-Intersection;01/08/2001;01/01/2001 20:37;Head-On - Bicyclist;0;2010;B: Evident Injury;Residential;NA;NA;Missing;41-45 mph;Injury;/Missing;NA;NA;No;Yes;Dark - Roadway Not Lighted;Urban (>70% Developed);2 lanes;2;Straight - Level;Local Street;Dry;Two-Way, Not Divided;None;No Special Feature;Smooth Asphalt;Coastal;Rural;40 - 45  MPH;No Control Present;Clear;No;34.23629, -78.01352
153;154;Yes;30-39;36;No;With Traffic;B: Evident Injury;Travel Lane;White;Female;Southern Pines;Moore;No;NA;12/04/2010;Motorist Overtaking Bicyclist;19;Non-Intersection;01/04/2001;01/01/2001 19:24;Motorist Overtaking - Other /;0;2010;B: Evident Injury;Residential;NA;NA;No;NA;Injury;/Missing;NA;NA;No;Yes;Daylight;Urban (>70% Developed);2 lanes;2;Straight - Level;Local Street;Dry;Two-Way, Not Divided;None;No Special Feature;Coarse Asphalt;Piedmont;Urban;30 - 35  MPH;No Control Present;Clear;No;35.176647, -79.40921
169;170;Yes;50-59;55;Yes;With Traffic;K: Killed;Travel Lane;Black;Male;None - Rural Crash;Franklin;Yes;01/01/2005;23/04/2010;Loss of Control / Turning Error;23;Intersection;01/04/2001;01/01/2001 23:34;Bicyclist Turning Error - Left Turn;0;2010;K: Killed;Farms, Woods, Pastures;30-39;31;No;41-45 mph;O: No Injury;Black;Female;Passenger Car;No;No;Dark - Roadway Not Lighted;Rural (<30% Developed);2 lanes;2;Straight - Level;NC Route;Dry;Two-Way, Not Divided;None;T-Intersection;Smooth Asphalt;Piedmont;Rural;50 - 55  MPH;Double Yellow Line, No Passing Zone;Cloudy;No;35.90063, -78.26607
505;506;Yes;70+;NA;No;With Traffic;K: Killed;Travel Lane;Black;Male;None - Rural Crash;Gates;No;01/01/2004;10/07/2008;Bicyclist Failed to Yield - Sign-Controlled Intersection;17;Intersection;01/07/2001;01/01/2001 17:24;Bicyclist Ride Out - Sign-Controlled Intersection;111142;2008;K: Killed;Residential;25-29;27;No;51-55 mph;O: No Injury;White;Male;Pickup;No;No;Daylight;Mixed (30% To 70% Developed);2 lanes;2;Straight - Level;State Secondary Route;Dry;Two-Way, Not Divided;None;T-Intersection;Coarse Asphalt;Coastal;Rural;50 - 55  MPH;Stop Sign;Clear;No;0.0, 0.0
506;507;No;50-59;53;No;With Traffic;B: Evident Injury;Travel Lane;White;Male;Wrightsville Beach;New Hanover;No;01/01/2004;10/07/2008;Bicyclist Failed to Yield - Sign-Controlled Intersection;11;Intersection;01/07/2001;01/01/2001 11:41;Bicyclist Ride Through - Sign-Controlled Intersection;111144;2008;B: Evident Injury;Commercial;25-29;27;No;6-10 mph;O: No Injury;White;Male;Police;No;No;Daylight;Urban (>70% Developed);2 lanes;2;Straight - Level;State Secondary Route;Dry;Two-Way, Not Divided;None;Four-Way Intersection;Smooth Asphalt;Coastal;Rural;20 - 25  MPH;Stop Sign;Cloudy;No;0.0, 0.0
508;509;Yes;15-nov;13;No;With Traffic;A: Disabling Injury;Travel Lane;Black;Male;Smithfield;Johnston;No;01/01/2005;11/07/2008;Bicyclist Failed to Yield - Sign-Controlled Intersection;14;Intersection;01/07/2001;01/01/2001 14:37;Bicyclist Ride Through - Sign-Controlled Intersection;111144;2008;A: Disabling Injury;Residential;NA;NA;Missing;21-25 mph;Injury;/Missing;NA;Passenger Car;No;Yes;Daylight;Urban (>70% Developed);2 lanes;2;Curve - Grade;Local Street;Wet;Two-Way, Not Divided;None;T-Intersection;Coarse Asphalt;Coastal;Urban;20 - 25  MPH;Stop Sign;Clear;No;0.0, 0.0
518;519;Yes;40-49;46;No;With Traffic;O: No Injury;Travel Lane;Black;Male;Durham;Durham;No;NA;11/08/2008;Bicyclist Left Turn / Merge;19;Non-Intersection;01/08/2001;01/01/2001 19:05;Bicyclist Left Turn - Same Direction;311221;2008;O: No Injury;Commercial;60-69;64;No;26-30 mph;O: No Injury;Black;Female;Passenger Car;No;No;Daylight;Urban (>70% Developed);2 lanes;2;Straight - Level;Local Street;Dry;Two-Way, Not Divided;None;No Special Feature;Smooth Asphalt;Piedmont;Urban;30 - 35  MPH;No Control Present;Clear;No;0.0, 0.0
520;521;Yes;15-nov;13;No;Not Applicable;A: Disabling Injury;Driveway / Alley;White;Male;None - Rural Crash;Madison;No;01/01/2003;16/07/2008;Bicyclist Failed to Yield - Midblock;19;Non-Intersection;01/07/2001;01/01/2001 19:29;Bicyclist Ride Out - Residential Driveway;353311;2008;A: Disabling Injury;Farms, Woods, Pastures;30-39;35;No;36-40 mph;O: No Injury;White;Female;Passenger Car;No;No;Daylight;Rural (<30% Developed);2 lanes;2;Curve - Level;NC Route;Dry;Two-Way, Not Divided;None;Y-Intersection;Smooth Asphalt;Mountains;Rural;40 - 45  MPH;Double Yellow Line, No Passing Zone;Clear;No;0.0, 0.0
526;527;Yes;40-49;44;No;With Traffic;A: Disabling Injury;Travel Lane;White;Male;Charlotte;Mecklenburg;No;01/01/2005;15/08/2008;Crossing Paths - Other Circumstances;19;Intersection;01/08/2001;01/01/2001 19:33;Signalized Intersection - Other /;111158;2008;A: Disabling Injury;Commercial;0-19;19;No;31-35 mph;O: No Injury;Black;Female;Passenger Car;Yes;No;Daylight;Urban (>70% Developed);4 lanes;2;Straight - Level;Local Street;Wet;Two-Way, Divided, Unprotected Median;None;No Special Feature;Smooth Asphalt;Piedmont;Urban;30 - 35  MPH;Stop And Go Signal;Cloudy;No;0.0, 0.0
532;533;Yes;20-24;20;No;With Traffic;C: Possible Injury;Travel Lane;White;Male;None - Rural Crash;Pasquotank;No;01/01/2003;06/08/2008;Motorist Overtaking Bicyclist;0;Non-Intersection;01/08/2001;01/01/2001 00:16;Motorist Overtaking - Other /;311239;2008;C: Possible Injury;Farms, Woods, Pastures;NA;NA;Missing;NA;Injury;/Missing;NA;Pickup;No;Yes;Dark - Roadway Not Lighted;Rural (<30% Developed);2 lanes;2;Straight - Level;State Secondary Route;Dry;Two-Way, Not Divided;None;No Special Feature;Coarse Asphalt;Coastal;Rural;NA;Double Yellow Line, No Passing Zone;Clear;No;0.0, 0.0
534;535;No;NA;NA;Missing;With Traffic;Injury;Bike Lane / Paved Shoulder;/Missing;NA;None - Rural Crash;Durham;No;01/01/2005;18/07/2008;Motorist Failed to Yield - Sign-Controlled Intersection;15;Intersection;01/07/2001;01/01/2001 15:44;Motorist Drive Out - Sign-Controlled Intersection;121141;2008;Injury;Commercial;40-49;43;No;NA;Injury;/Missing;NA;Pedalcycle;No;Yes;Daylight;Rural (<30% Developed);2 lanes;2;Curve - Bottom;State Secondary Route;Dry;Two-Way, Divided, Unprotected Median;None;T-Intersection;Smooth Asphalt;Piedmont;Rural;NA;Stop Sign;Cloudy;No;0.0, 0.0
537;538;No;40-49;43;No;With Traffic;O: No Injury;Bike Lane / Paved Shoulder;White;Female;Emerald Isle;Carteret;No;01/01/2006;19/07/2008;Motorist Right Turn / Merge;10;Non-Intersection;01/07/2001;01/01/2001 09:59;Motorist Right Turn - Same Direction;321213;2008;O: No Injury;Commercial;40-49;40;No;0-5 mph;O: No Injury;White;Male;Light Truck (Mini-Van, Panel);No;No;Daylight;Urban (>70% Developed);3 lanes;2;Straight - Level;NC Route;Dry;Two-Way, Divided, Unprotected Median;None;Driveway, Public;Coarse Asphalt;Coastal;Rural;30 - 35  MPH;No Control Present;Clear;No;0.0, 0.0
542;543;Yes;50-59;57;Yes;Facing Traffic;B: Evident Injury;Sidewalk / Crosswalk / Driveway Crossing;White;Male;Charlotte;Mecklenburg;Yes;NA;18/08/2008;Crossing Paths - Other Circumstances;23;Intersection;01/08/2001;01/01/2001 23:54;Signalized Intersection - Other /;132158;2008;B: Evident Injury;Commercial;20-24;24;No;0-5 mph;O: No Injury;White;Male;Passenger Car;No;No;Dark - Lighted Roadway;Urban (>70% Developed);7 lanes;2;Straight - Level;NC Route;Dry;Two-Way, Divided, Unprotected Median;None;Four-Way Intersection;Smooth Asphalt;Piedmont;Urban;40 - 45  MPH;Stop And Go Signal;Clear;No;0.0, 0.0
553;554;No;16-19;17;No;With Traffic;B: Evident Injury;Sidewalk / Crosswalk / Driveway Crossing;White;Male;Charlotte;Mecklenburg;No;NA;04/08/2008;Motorist Failed to Yield - Midblock;15;Non-Intersection;01/08/2001;01/01/2001 15:28;Motorist Drive Out - Commercial Driveway / Alley;331322;2008;B: Evident Injury;Commercial;25-29;28;No;0-5 mph;O: No Injury;White;Male;Van;No;No;Daylight;Urban (>70% Developed);NA;2;Straight - Level;Local Street;Dry;One-Way, Not Divided;None;No Special Feature;Concrete;Piedmont;Urban;5 - 15 MPH;Missing;Clear;No;0.0, 0.0
557;558;Yes;20-24;22;No;With Traffic;B: Evident Injury;Travel Lane;White;Female;Asheville;Buncombe;No;01/01/2004;24/07/2008;Motorist Overtaking Bicyclist;6;Non-Intersection;01/07/2001;01/01/2001 06:54;Motorist Overtaking - Undetected Bicyclist;311231;2008;B: Evident Injury;Commercial;25-29;25;No;41-45 mph;O: No Injury;White;Male;Passenger Car;No;No;Daylight;Urban (>70% Developed);5 lanes;2;Straight - Grade;US Route;Dry;Two-Way, Not Divided;None;No Special Feature;Smooth Asphalt;Mountains;Urban;40 - 45  MPH;No Control Present;Clear;No;0.0, 0.0
561;562;No;15-nov;11;No;With Traffic;C: Possible Injury;Travel Lane;Black;Male;New Bern;Craven;No;01/01/2005;25/07/2008;Bicyclist Overtaking Motorist;19;Non-Intersection;01/07/2001;01/01/2001 19:05;Bicyclist Overtaking - Other /;311249;2008;C: Possible Injury;Residential;30-39;33;No;6-10 mph;O: No Injury;White;Female;Passenger Car;No;No;Daylight;Urban (>70% Developed);2 lanes;2;Straight - Level;Local Street;Dry;Two-Way, Not Divided;None;No Special Feature;Smooth Asphalt;Coastal;Urban;5 - 15 MPH;Missing;Clear;No;0.0, 0.0
562;563;Yes;30-39;32;Yes;With Traffic;B: Evident Injury;Travel Lane;Hispanic;Male;None - Rural Crash;Brunswick;Yes;01/01/2006;26/07/2008;Head-On;1;Non-Intersection;01/07/2001;01/01/2001 01:28;Head-On -;311259;2008;B: Evident Injury;Commercial;NA;NA;Missing;41-45 mph;Injury;/Missing;NA;NA;No;Yes;Dark - Roadway Not Lighted;Mixed (30% To 70% Developed);3 lanes;2;Straight - Level;NC Route;Dry;Two-Way, Not Divided;None;No Special Feature;Smooth Asphalt;Coastal;Rural;40 - 45  MPH;Double Yellow Line, No Passing Zone;Cloudy;No;0.0, 0.0
565;566;No;40-49;42;No;With Traffic;C: Possible Injury;Travel Lane;White;Male;Charlotte;Mecklenburg;No;01/01/2005;22/08/2008;Crossing Paths - Other Circumstances;10;Intersection;01/08/2001;01/01/2001 10:26;Sign-Controlled Intersection - Other /;111148;2008;C: Possible Injury;Residential;40-49;45;No;0-5 mph;O: No Injury;Black;Female;Sport Utility;No;No;Daylight;Urban (>70% Developed);3 lanes;2;Straight - Level;Local Street;Dry;Two-Way, Not Divided;None;T-Intersection;Smooth Asphalt;Piedmont;Urban;30 - 35  MPH;Stop Sign;Cloudy;No;0.0, 0.0
571;572;No;15-nov;14;No;With Traffic;Injury;Travel Lane;White;Male;Carolina Beach;New Hanover;No;01/01/2002;29/07/2008;Motorist Failed to Yield - Sign-Controlled Intersection;2;Intersection;01/07/2001;01/01/2001 02:24;Motorist Drive Out - Sign-Controlled Intersection;111141;2008;Injury;Residential;NA;NA;Missing;0-5 mph;Injury;/Missing;NA;NA;No;Yes;Daylight;Urban (>70% Developed);4 lanes;2;Straight - Level;Local Street;Dry;Two-Way, Not Divided;None;No Special Feature;Smooth Asphalt;Coastal;Urban;20 - 25  MPH;Stop Sign;Clear;No;0.0, 0.0
574;575;Yes;50-59;53;Yes;With Traffic;A: Disabling Injury;Sidewalk / Crosswalk / Driveway Crossing;Black;Male;Wilmington;New Hanover;Yes;01/01/2003;30/07/2008;Motorist Failed to Yield - Sign-Controlled Intersection;17;Intersection;01/07/2001;01/01/2001 17:18;Motorist Drive Out - Sign-Controlled Intersection;131141;2008;A: Disabling Injury;Residential;40-49;44;No;0-5 mph;O: No Injury;Black;Male;Sport Utility;No;No;Daylight;Urban (>70% Developed);4 lanes;2;Straight - Level;Local Street;Dry;One-Way, Not Divided;None;Four-Way Intersection;Smooth Asphalt;Coastal;Urban;30 - 35  MPH;Stop Sign;Clear;No;0.0, 0.0
580;581;Yes;40-49;47;No;Facing Traffic;B: Evident Injury;Sidewalk / Crosswalk / Driveway Crossing;White;Female;High Point;Guilford;No;01/01/2005;01/08/2008;Crossing Paths - Other Circumstances;6;Intersection;01/08/2001;01/01/2001 06:47;Signalized Intersection - Other /;132158;2008;B: Evident Injury;Commercial;25-29;28;No;16-20 mph;O: No Injury;Black;Female;Passenger Car;No;No;Daylight;Urban (>70% Developed);7 lanes;2;Straight - Level;Local Street;Dry;Two-Way, Not Divided;None;Four-Way Intersection;Coarse Asphalt;Piedmont;Urban;30 - 35  MPH;Stop And Go Signal;Clear;No;0.0, 0.0
583;584;Yes;50-59;58;No;With Traffic;B: Evident Injury;Travel Lane;White;Male;None - Rural Crash;Pitt;No;01/01/2003;30/07/2008;Motorist Overtaking Bicyclist;8;Non-Intersection;01/07/2001;01/01/2001 08:19;Motorist Overtaking - Other /;311239;2008;B: Evident Injury;Residential;70+;NA;No;21-25 mph;O: No Injury;White;Male;Pickup;No;No;Daylight;Mixed (30% To 70% Developed);2 lanes;2;Straight - Hillcrest;State Secondary Route;Dry;Two-Way, Not Divided;None;No Special Feature;Coarse Asphalt;Coastal;Rural;40 - 45  MPH;Double Yellow Line, No Passing Zone;Cloudy;No;0.0, 0.0
586;587;No;50-59;57;No;With Traffic;O: No Injury;Travel Lane;Black;Male;Durham;Durham;No;01/01/2007;17/08/2008;Loss of Control / Turning Error;17;Intersection;01/08/2001;01/01/2001 17:11;Bicyclist Lost Control - Oversteering, Improper Braking, Speed;111122;2008;O: No Injury;Residential;50-59;58;No;16-20 mph;O: No Injury;Black;Male;Passenger Car;No;No;Daylight;Urban (>70% Developed);2 lanes;2;Straight - Grade;Local Street;Dry;Two-Way, Not Divided;None;No Special Feature;Smooth Asphalt;Piedmont;Urban;30 - 35  MPH;No Control Present;Clear;No;0.0, 0.0
591;592;Yes;40-49;43;No;With Traffic;C: Possible Injury;Travel Lane;White;Male;Greensboro;Guilford;No;01/01/2006;02/08/2008;Loss of Control / Turning Error;9;Intersection;01/08/2001;01/01/2001 09:02;Bicyclist Lost Control - Mechanical Problems;111121;2008;C: Possible Injury;Residential;0-19;16;No;NA;O: No Injury;Black;Female;Passenger Car;No;No;Daylight;Urban (>70% Developed);2 lanes;2;Straight - Level;Local Street;Dry;Two-Way, Not Divided;None;Related To Intersection;Smooth Asphalt;Piedmont;Urban;30 - 35  MPH;Stop Sign;Clear;No;0.0, 0.0
593;594;Yes;15-nov;15;No;With Traffic;B: Evident Injury;Travel Lane;White;Male;None - Rural Crash;Iredell;No;NA;04/08/2008;Bicyclist Left Turn / Merge;14;Non-Intersection;01/08/2001;01/01/2001 14:48;Bicyclist Left Turn - Opposite Direction;311222;2008;B: Evident Injury;Residential;25-29;25;No;51-55 mph;O: No Injury;White;Male;Pickup;No;No;Daylight;Mixed (30% To 70% Developed);2 lanes;2;Straight - Level;State Secondary Route;Dry;Two-Way, Not Divided;None;No Special Feature;Smooth Asphalt;Piedmont;Rural;50 - 55  MPH;Double Yellow Line, No Passing Zone;Clear;No;0.0, 0.0
595;596;Yes;60-69;61;No;Not Applicable;B: Evident Injury;Non-Roadway;Black;Male;Monroe;Union;No;NA;04/08/2008;Crossing Paths - Other Circumstances;20;Intersection-Related;01/08/2001;01/01/2001 20:09;Crossing Paths - Uncontrolled Intersection;263160;2008;B: Evident Injury;Commercial;60-69;63;No;0-5 mph;O: No Injury;Hispanic;Male;Pickup;No;No;Dusk;Urban (>70% Developed);3 lanes;2;Straight - Level;Local Street;Dry;Two-Way, Not Divided;None;Four-Way Intersection;Coarse Asphalt;Piedmont;Urban;30 - 35  MPH;Stop And Go Signal;Clear;No;0.0, 0.0
600;601;Yes;40-49;46;No;With Traffic;A: Disabling Injury;Travel Lane;Black;Male;Raleigh;Wake;No;01/01/2006;09/08/2008;Motorist Overtaking Bicyclist;4;Non-Intersection;01/08/2001;01/01/2001 04:28;Motorist Overtaking - Bicyclist Swerved;311235;2008;A: Disabling Injury;Commercial;20-24;24;No;41-45 mph;O: No Injury;Black;Male;Passenger Car;No;No;Dark - Lighted Roadway;Urban (>70% Developed);6 lanes;2;Straight - Level;Local Street;Dry;Two-Way, Divided, Positive Median Barrier;None;No Special Feature;Smooth Asphalt;Piedmont;Urban;40 - 45  MPH;No Control Present;Clear;No;0.0, 0.0
604;605;No;40-49;42;No;With Traffic;B: Evident Injury;Travel Lane;White;Male;Cary;Wake;No;01/01/2003;03/09/2008;Motorist Left Turn / Merge;18;Intersection;01/09/2001;01/01/2001 17:59;Motorist Left Turn - Opposite Direction;111212;2008;B: Evident Injury;Commercial;NA;NA;No;NA;Injury;/Missing;NA;Passenger Car;No;Yes;Daylight;Mixed (30% To 70% Developed);2 lanes;2;Straight - Level;State Secondary Route;Dry;Two-Way, Not Divided;None;Four-Way Intersection;Smooth Asphalt;Piedmont;Urban;40 - 45  MPH;Stop Sign;Clear;No;0.0, 0.0
606;607;Yes;20-24;24;No;With Traffic;B: Evident Injury;Travel Lane;White;Female;Wilmington;New Hanover;Yes;01/01/2006;09/08/2008;Bicyclist Left Turn / Merge;1;Non-Intersection;01/08/2001;01/01/2001 00:59;Bicyclist Left Turn - Same Direction;311221;2008;B: Evident Injury;Commercial;30-39;38;Yes;41-45 mph;O: No Injury;White;Male;NA;No;Yes;Dark - Lighted Roadway;Urban (>70% Developed);6 lanes;2;Straight - Level;Local Street;Dry;Two-Way, Divided, Unprotected Median;None;No Special Feature;Coarse Asphalt;Coastal;Urban;40 - 45  MPH;No Control Present;Clear;No;0.0, 0.0
619;620;No;40-49;40;No;With Traffic;O: No Injury;Sidewalk / Crosswalk / Driveway Crossing;Black;Male;Charlotte;Mecklenburg;No;01/01/2006;06/09/2008;Motorist Failed to Yield - Midblock;21;Non-Intersection;01/09/2001;01/01/2001 21:46;Motorist Drive Out - Commercial Driveway / Alley;331322;2008;O: No Injury;Commercial;30-39;33;No;6-10 mph;O: No Injury;White;Female;Passenger Car;No;No;Dark - Lighted Roadway;Urban (>70% Developed);6 lanes;2;Straight - Level;Local Street;Dry;Two-Way, Divided, Positive Median Barrier;None;No Special Feature;Smooth Asphalt;Piedmont;Urban;40 - 45  MPH;Stop Sign;Clear;No;0.0, 0.0
621;622;Yes;40-49;45;Yes;Facing Traffic;B: Evident Injury;Travel Lane;White;Male;None - Rural Crash;Dare;Yes;01/01/2004;14/08/2008;Head-On;14;Non-Intersection;01/08/2001;01/01/2001 14:09;Head-On - Bicyclist;312250;2008;B: Evident Injury;Residential;60-69;62;No;31-35 mph;O: No Injury;White;Male;Passenger Car;No;No;Daylight;Urban (>70% Developed);2 lanes;2;Straight - Level;NC Route;Dry;Two-Way, Not Divided;None;No Special Feature;Smooth Asphalt;Coastal;Rural;30 - 35  MPH;Double Yellow Line, No Passing Zone;Clear;No;0.0, 0.0
623;624;Yes;16-19;19;No;Facing Traffic;C: Possible Injury;Sidewalk / Crosswalk / Driveway Crossing;Hispanic;Male;Durham;Durham;No;01/01/2004;04/09/2008;Motorist Failed to Yield - Sign-Controlled Intersection;20;Intersection;01/09/2001;01/01/2001 20:36;Motorist Drive Out - Sign-Controlled Intersection;132141;2008;C: Possible Injury;Residential;40-49;49;No;0-5 mph;O: No Injury;White;Male;Passenger Car;No;No;Dark - Lighted Roadway;Urban (>70% Developed);2 lanes;2;Straight - Level;Local Street;Dry;Two-Way, Not Divided;None;T-Intersection;Smooth Asphalt;Piedmont;Urban;5 - 15 MPH;Stop Sign;Clear;No;0.0, 0.0
630;631;Yes;20-24;23;No;Not Applicable;C: Possible Injury;Multi-use Path;White;Female;Carrboro;Orange;No;01/01/2004;14/08/2008;Bicyclist Failed to Yield - Sign-Controlled Intersection;8;Intersection;01/08/2001;01/01/2001 08:57;Bicyclist Ride Through - Sign-Controlled Intersection;143144;2008;C: Possible Injury;Commercial;40-49;48;No;16-20 mph;O: No Injury;White;Male;Van;No;No;Daylight;Urban (>70% Developed);2 lanes;2;Straight - Hillcrest;Local Street;Dry;Two-Way, Not Divided;None;No Special Feature;Smooth Asphalt;Piedmont;Urban;20 - 25  MPH;Stop Sign;Clear;No;0.0, 0.0
634;635;Yes;40-49;45;No;With Traffic;C: Possible Injury;Travel Lane;White;Male;Durham;Durham;No;01/01/2006;30/08/2008;Bicyclist Left Turn / Merge;9;Intersection-Related;01/08/2001;01/01/2001 09:57;Bicyclist Left Turn - Same Direction;211221;2008;C: Possible Injury;Residential;25-29;25;No;31-35 mph;O: No Injury;Black;Female;Sport Utility;No;No;Daylight;Urban (>70% Developed);2 lanes;2;Straight - Level;Local Street;Dry;Two-Way, Not Divided;None;No Special Feature;Smooth Asphalt;Piedmont;Urban;30 - 35  MPH;No Control Present;Clear;No;0.0, 0.0
642;643;No;50-59;57;No;Facing Traffic;C: Possible Injury;Sidewalk / Crosswalk / Driveway Crossing;White;Male;Charlotte;Mecklenburg;No;01/01/2004;11/09/2008;Motorist Failed to Yield - Sign-Controlled Intersection;12;Intersection;01/09/2001;01/01/2001 12:44;Motorist Drive Out - Sign-Controlled Intersection;132141;2008;C: Possible Injury;Residential;25-29;29;No;0-5 mph;O: No Injury;Black;Female;Pickup;No;No;Daylight;Urban (>70% Developed);2 lanes;2;Straight - Hillcrest;Local Street;Dry;Two-Way, Divided, Positive Median Barrier;None;T-Intersection;Smooth Asphalt;Piedmont;Urban;5 - 15 MPH;Stop Sign;Cloudy;No;0.0, 0.0