FID;OBJECTID;AmbulanceR;BikeAge_Gr;Bike_Age;Bike_Alc_D;Bike_Dir;Bike_Injur;Bike_Pos;Bike_Race;Bike_Sex;City;County;CrashAlcoh;CrashDay;Crash_Date;Crash_Grp;Crash_Hour;Crash_Loc;Crash_Mont;Crash_Time;Crash_Type;Crash_Ty_1;Crash_Year;Crsh_Sevri;Developmen;DrvrAge_Gr;Drvr_Age;Drvr_Alc_D;Drvr_EstSp;Drvr_Injur;Drvr_Race;Drvr_Sex;Drvr_VehTy;ExcsSpdInd;Hit_Run;Light_Cond;Locality;Num_Lanes;Num_Units;Rd_Charact;Rd_Class;Rd_Conditi;Rd_Config;Rd_Defects;Rd_Feature;Rd_Surface;Region;Rural_Urba;Speed_Limi;Traff_Cntr;Weather;Workzone_I;Location
643;644;Yes;30-39;30;No;Facing Traffic;C: Possible Injury;Sidewalk / Crosswalk / Driveway Crossing;Black;Male;Charlotte;Mecklenburg;No;01/01/2003;10/09/2008;Motorist Failed to Yield - Midblock;15;Non-Intersection;01/09/2001;01/01/2001 15:23;Motorist Drive Out - Commercial Driveway / Alley;332322;2008;C: Possible Injury;Commercial;NA;NA;Missing;6-10 mph;Injury;/Missing;NA;Passenger Car;No;Yes;Daylight;Urban (>70% Developed);2 lanes;2;Straight - Level;Local Street;Wet;Two-Way, Not Divided;None;No Special Feature;Coarse Asphalt;Piedmont;Urban;30 - 35  MPH;No Control Present;Cloudy;No;0.0, 0.0
644;645;No;20-24;21;No;With Traffic;B: Evident Injury;Travel Lane;White;Female;Chapel Hill;Orange;No;NA;18/08/2008;Bicyclist Overtaking Motorist;14;Intersection;01/08/2001;01/01/2001 14:45;Bicyclist Overtaking - Passing on Right;111241;2008;B: Evident Injury;Commercial;50-59;54;No;NA;O: No Injury;White;Male;Sport Utility;No;No;Daylight;Urban (>70% Developed);4 lanes;2;Straight - Level;Local Street;Dry;Two-Way, Not Divided;None;Four-Way Intersection;Smooth Asphalt;Piedmont;Urban;20 - 25  MPH;Stop And Go Signal;Clear;No;0.0, 0.0
648;649;No;40-49;43;No;Not Applicable;O: No Injury;NA;Black;Female;Fayetteville;Cumberland;No;01/01/2005;22/08/2008;Other /  - Insufficient Details;16;Non-Intersection;01/08/2001;01/01/2001 16:32;Approach Paths;3930970;2008;O: No Injury;Commercial;40-49;45;No;6-10 mph;O: No Injury;Black;Male;Passenger Car;No;No;Daylight;Urban (>70% Developed);5 lanes;2;Straight - Level;Local Street;Dry;Two-Way, Not Divided;None;No Special Feature;Coarse Asphalt;Coastal;Urban;30 - 35  MPH;No Control Present;Clear;No;0.0, 0.0
655;656;Yes;16-19;19;Yes;Facing Traffic;B: Evident Injury;Sidewalk / Crosswalk / Driveway Crossing;White;Male;Boone;Watauga;Yes;01/01/2002;26/08/2008;Crossing Paths - Other Circumstances;17;Intersection;01/08/2001;01/01/2001 17:10;Signalized Intersection - Other /;132158;2008;B: Evident Injury;Commercial;NA;NA;Missing;26-30 mph;Injury;/Missing;NA;NA;No;Yes;Daylight;Urban (>70% Developed);5 lanes;2;Straight - Level;Local Street;Wet;Two-Way, Divided, Unprotected Median;None;Four-Way Intersection;Smooth Asphalt;Mountains;Urban;30 - 35  MPH;Stop And Go Signal;Rain;No;0.0, 0.0
658;659;No;40-49;43;No;With Traffic;C: Possible Injury;Travel Lane;White;Male;Fuquay-Varina;Wake;No;01/01/2002;05/08/2008;Motorist Failed to Yield - Sign-Controlled Intersection;14;Intersection;01/08/2001;01/01/2001 14:33;Motorist Drive Out - Sign-Controlled Intersection;111141;2008;C: Possible Injury;Farms, Woods, Pastures;50-59;53;No;6-10 mph;O: No Injury;Black;Female;School Bus;No;No;Dusk;Rural (<30% Developed);2 lanes;2;Straight - Level;Local Street;Dry;Two-Way, Not Divided;None;T-Intersection;Coarse Asphalt;Piedmont;Urban;40 - 45  MPH;Stop Sign;Clear;No;0.0, 0.0
678;679;No;20-24;21;No;Not Applicable;C: Possible Injury;NA;White;Male;Wilmington;New Hanover;No;01/01/2005;29/08/2008;Bicyclist Failed to Yield - Midblock;15;Non-Intersection;01/08/2001;01/01/2001 15:20;Multiple Threat - Midblock;393357;2008;C: Possible Injury;Commercial;50-59;54;No;6-10 mph;O: No Injury;White;Female;Passenger Car;No;No;Daylight;Urban (>70% Developed);2 lanes;2;Straight - Level;Local Street;Dry;Two-Way, Not Divided;None;No Special Feature;Coarse Asphalt;Coastal;Urban;30 - 35  MPH;Missing;Clear;No;0.0, 0.0
688;689;No;25-29;28;No;With Traffic;B: Evident Injury;Bike Lane / Paved Shoulder;White;Male;Charlotte;Mecklenburg;No;01/01/2002;23/09/2008;Motorist Left Turn / Merge;18;Intersection;01/09/2001;01/01/2001 18:29;Motorist Left Turn - Opposite Direction;121212;2008;B: Evident Injury;Commercial;40-49;40;No;6-10 mph;O: No Injury;White;Male;Passenger Car;No;No;Daylight;Urban (>70% Developed);3 lanes;2;Straight - Grade;Local Street;Dry;Two-Way, Divided, Unprotected Median;None;No Special Feature;Smooth Asphalt;Piedmont;Urban;30 - 35  MPH;No Control Present;Clear;No;0.0, 0.0
696;697;No;16-19;16;No;Facing Traffic;C: Possible Injury;Sidewalk / Crosswalk / Driveway Crossing;Black;Male;Wilmington;New Hanover;No;NA;25/08/2008;Motorist Failed to Yield - Sign-Controlled Intersection;11;Intersection;01/08/2001;01/01/2001 11:18;Motorist Drive Out - Sign-Controlled Intersection;132141;2008;C: Possible Injury;Residential;25-29;25;No;0-5 mph;Injury;White;Female;Van;No;No;Daylight;Urban (>70% Developed);2 lanes;2;Straight - Level;Local Street;Dry;One-Way, Not Divided;None;No Special Feature;Coarse Asphalt;Coastal;Urban;20 - 25  MPH;Missing;Cloudy;No;0.0, 0.0
704;705;Yes;50-59;55;No;Facing Traffic;C: Possible Injury;Travel Lane;Native American;Male;None - Rural Crash;Robeson;No;01/01/2007;07/09/2008;Head-On;22;Non-Intersection;01/09/2001;01/01/2001 22:14;Head-On - Bicyclist;312250;2008;C: Possible Injury;Farms, Woods, Pastures;NA;NA;Missing;51-55 mph;Injury;/Missing;NA;NA;No;Yes;Dark - Roadway Not Lighted;Rural (<30% Developed);2 lanes;2;Straight - Level;NC Route;Dry;Two-Way, Not Divided;None;No Special Feature;Coarse Asphalt;Coastal;Rural;50 - 55  MPH;No Control Present;Clear;No;0.0, 0.0
710;711;Yes;70+;NA;No;With Traffic;B: Evident Injury;Travel Lane;White;Male;None - Rural Crash;Lenoir;No;01/01/2002;09/09/2008;Motorist Overtaking Bicyclist;8;Non-Intersection;01/09/2001;01/01/2001 08:09;Motorist Overtaking - Other /;311239;2008;B: Evident Injury;Farms, Woods, Pastures;70+;NA;No;51-55 mph;O: No Injury;Black;Female;Passenger Car;No;No;Daylight;Rural (<30% Developed);4 lanes;2;Straight - Level;US Route;Dry;Two-Way, Divided, Unprotected Median;None;No Special Feature;Coarse Asphalt;Coastal;Rural;50 - 55  MPH;Missing;Fog, Smog, Smoke;No;0.0, 0.0
716;717;No;60-69;60;No;With Traffic;B: Evident Injury;Travel Lane;Black;Female;Durham;Durham;No;NA;14/07/2008;Bicyclist Overtaking Motorist;14;Non-Intersection;01/07/2001;01/01/2001 14:33;Bicyclist Overtaking - Extended Door;311244;2008;B: Evident Injury;Commercial;NA;NA;Missing;0-5 mph;Injury;/Missing;NA;NA;No;Yes;Daylight;Urban (>70% Developed);2 lanes;2;Straight - Grade;Local Street;Dry;Two-Way, Not Divided;None;No Special Feature;Smooth Asphalt;Piedmont;Urban;20 - 25  MPH;No Control Present;Clear;No;0.0, 0.0
719;720;Yes;15-nov;14;No;Not Applicable;B: Evident Injury;Travel Lane;Black;Male;Greensboro;Guilford;No;01/01/2004;11/09/2008;Non-Roadway;16;Non-Roadway;01/09/2001;01/01/2001 16:32;Non-Roadway;410910;2008;B: Evident Injury;Residential;0-19;18;No;0-5 mph;O: No Injury;White;Male;Sport Utility;No;No;Daylight;Urban (>70% Developed);NA;2;Straight - Grade;Public Vehicular Area;Wet;Two-Way, Not Divided;None;Driveway, Public;Smooth Asphalt;Piedmont;Urban;NA;Missing;Cloudy;No;0.0, 0.0
723;724;Yes;50-59;51;No;With Traffic;B: Evident Injury;Bike Lane / Paved Shoulder;White;Male;None - Rural Crash;Cumberland;No;01/01/2005;12/09/2008;Parallel Paths - Other Circumstances;23;Non-Intersection;01/09/2001;01/01/2001 23:19;Bicyclist Ride Out - Parallel Path;321225;2008;B: Evident Injury;Residential;50-59;51;No;31-35 mph;B: Evident Injury;White;Male;Motorcycle;No;No;Dark - Roadway Not Lighted;Mixed (30% To 70% Developed);2 lanes;2;Straight - Level;State Secondary Route;Dry;Two-Way, Not Divided;None;No Special Feature;Smooth Asphalt;Coastal;Rural;30 - 35  MPH;Double Yellow Line, No Passing Zone;Clear;No;0.0, 0.0
725;726;Yes;40-49;46;No;With Traffic;B: Evident Injury;Travel Lane;White;Male;Wrightsville Beach;New Hanover;No;01/01/2005;12/09/2008;Motorist Left Turn / Merge;18;Non-Intersection;01/09/2001;01/01/2001 18:57;Motorist Left Turn - Opposite Direction;311212;2008;B: Evident Injury;Commercial;0-19;16;No;6-10 mph;O: No Injury;White;Female;Passenger Car;No;No;Daylight;Urban (>70% Developed);4 lanes;2;Straight - Level;Local Street;Dry;Two-Way, Not Divided;None;No Special Feature;Smooth Asphalt;Coastal;Rural;30 - 35  MPH;Missing;Clear;No;0.0, 0.0
733;734;No;16-19;16;No;Facing Traffic;C: Possible Injury;Sidewalk / Crosswalk / Driveway Crossing;Black;Male;Charlotte;Mecklenburg;No;01/01/2005;03/10/2008;Motorist Failed to Yield - Midblock;15;Non-Intersection;01/10/2001;01/01/2001 15:25;Motorist Drive Out - Commercial Driveway / Alley;332322;2008;C: Possible Injury;Residential;NA;NA;Missing;0-5 mph;Injury;/Missing;NA;Sport Utility;No;Yes;Daylight;Mixed (30% To 70% Developed);4 lanes;2;Straight - Grade;Local Street;Dry;Two-Way, Divided, Unprotected Median;None;Driveway, Public;Smooth Asphalt;Piedmont;Urban;40 - 45  MPH;No Control Present;Clear;No;0.0, 0.0
735;736;Yes;16-19;17;No;Not Applicable;B: Evident Injury;NA;Black;Male;Vanceboro;Craven;No;01/01/2002;16/09/2008;Bicyclist Failed to Yield - Midblock;20;Non-Intersection;01/09/2001;01/01/2001 20:34;Bicyclist Ride Out - Other Midblock;393318;2008;B: Evident Injury;Commercial;25-29;27;No;31-35 mph;O: No Injury;White;Male;Pickup;No;No;Dark - Lighted Roadway;Mixed (30% To 70% Developed);2 lanes;2;Straight - Level;NC Route;Dry;Two-Way, Not Divided;None;Y-Intersection;Smooth Asphalt;Coastal;Rural;30 - 35  MPH;Double Yellow Line, No Passing Zone;Clear;No;0.0, 0.0
738;739;Yes;25-29;26;No;With Traffic;B: Evident Injury;Travel Lane;White;Male;Statesville;Iredell;No;01/01/2006;20/09/2008;Loss of Control / Turning Error;11;Intersection-Related;01/09/2001;01/01/2001 11:28;Bicyclist Lost Control - Mechanical Problems;211121;2008;B: Evident Injury;Commercial;25-29;27;No;NA;O: No Injury;White;Female;Sport Utility;No;No;Daylight;Urban (>70% Developed);4 lanes;2;Straight - Hillcrest;Local Street;Dry;One-Way, Not Divided;None;No Special Feature;Coarse Asphalt;Piedmont;Urban;30 - 35  MPH;Stop And Go Signal;Clear;No;0.0, 0.0
739;740;Yes;60-69;62;No;With Traffic;C: Possible Injury;Travel Lane;/Missing;Male;Edenton;Chowan;No;01/01/2007;21/09/2008;Motorist Left Turn / Merge;7;Intersection;01/09/2001;01/01/2001 07:39;Motorist Left Turn - Opposite Direction;111212;2008;C: Possible Injury;Residential;60-69;63;No;11-15 mph;O: No Injury;White;Female;Passenger Car;No;No;Dawn;Rural (<30% Developed);4 lanes;2;Straight - Level;Local Street;Dry;Two-Way, Not Divided;None;No Special Feature;Coarse Asphalt;Coastal;Urban;30 - 35  MPH;Stop Sign;Clear;No;0.0, 0.0
745;746;Yes;40-49;40;No;Facing Traffic;C: Possible Injury;Travel Lane;Black;Male;Asheville;Buncombe;No;01/01/2005;05/09/2008;Motorist Failed to Yield - Signalized Intersection;14;Intersection;01/09/2001;01/01/2001 14:49;Motorist Drive Out - Right Turn on Red;112151;2008;C: Possible Injury;Commercial;60-69;69;No;0-5 mph;O: No Injury;White;Male;Passenger Car;No;No;Daylight;Urban (>70% Developed);3 lanes;2;Straight - Level;Local Street;Dry;Two-Way, Not Divided;None;Four-Way Intersection;Smooth Asphalt;Mountains;Urban;20 - 25  MPH;Stop And Go Signal;Clear;No;0.0, 0.0
750;751;Yes;20-24;21;No;With Traffic;Injury;Travel Lane;White;Male;Belmont;Gaston;No;01/01/2006;27/09/2008;Bicyclist Failed to Yield - Sign-Controlled Intersection;16;Intersection;01/09/2001;01/01/2001 16:44;Bicyclist Ride Through - Sign-Controlled Intersection;111144;2008;O: No Injury;Residential;30-39;32;No;31-35 mph;O: No Injury;White;Female;Passenger Car;No;No;Daylight;Urban (>70% Developed);2 lanes;2;Straight - Level;Local Street;Dry;Two-Way, Not Divided;None;Related To Intersection;Smooth Asphalt;Piedmont;Urban;30 - 35  MPH;Stop Sign;Clear;No;0.0, 0.0
756;757;Yes;16-19;17;No;With Traffic;A: Disabling Injury;Travel Lane;White;Male;None - Rural Crash;Onslow;No;01/01/2007;28/09/2008;Motorist Overtaking Bicyclist;19;Non-Intersection;01/09/2001;01/01/2001 19:47;Motorist Overtaking - Other /;311239;2008;A: Disabling Injury;Farms, Woods, Pastures;20-24;22;No;46-50 mph;O: No Injury;White;Male;Passenger Car;No;No;Daylight;Rural (<30% Developed);2 lanes;2;Straight - Level;State Secondary Route;Dry;Two-Way, Not Divided;None;No Special Feature;Coarse Asphalt;Coastal;Rural;50 - 55  MPH;No Control Present;Clear;No;0.0, 0.0
771;772;Yes;40-49;42;No;Facing Traffic;C: Possible Injury;Sidewalk / Crosswalk / Driveway Crossing;White;Female;Morehead City;Carteret;No;01/01/2002;30/09/2008;Motorist Failed to Yield - Sign-Controlled Intersection;16;Intersection;01/09/2001;01/01/2001 16:11;Motorist Drive Out - Sign-Controlled Intersection;132141;2008;C: Possible Injury;Residential;0-19;17;No;21-25 mph;O: No Injury;White;Male;Passenger Car;No;No;Daylight;Urban (>70% Developed);3 lanes;2;Straight - Level;Local Street;Dry;Two-Way, Divided, Unprotected Median;None;Four-Way Intersection;Smooth Asphalt;Coastal;Urban;20 - 25  MPH;Stop Sign;Clear;No;0.0, 0.0
780;781;Yes;25-29;28;No;With Traffic;B: Evident Injury;Travel Lane;White;Male;None - Rural Crash;Cumberland;No;01/01/2003;15/10/2008;Motorist Failed to Yield - Sign-Controlled Intersection;6;Intersection;01/10/2001;01/01/2001 06:29;Motorist Drive Out - Sign-Controlled Intersection;111141;2008;B: Evident Injury;Residential;50-59;50;No;0-5 mph;O: No Injury;White;Male;Pickup;No;No;Dark - Roadway Not Lighted;Mixed (30% To 70% Developed);2 lanes;2;Straight - Level;State Secondary Route;Dry;Two-Way, Not Divided;None;T-Intersection;Smooth Asphalt;Coastal;Rural;40 - 45  MPH;Stop Sign;Clear;No;0.0, 0.0
787;788;Yes;20-24;20;No;Facing Traffic;B: Evident Injury;Sidewalk / Crosswalk / Driveway Crossing;Hispanic;Male;Jacksonville;Onslow;No;01/01/2003;08/10/2008;Crossing Paths - Other Circumstances;19;Intersection;01/10/2001;01/01/2001 19:41;Signalized Intersection - Other /;132158;2008;B: Evident Injury;Residential;50-59;55;No;0-5 mph;O: No Injury;White;Male;Light Truck (Mini-Van, Panel);No;No;Dark - Lighted Roadway;Urban (>70% Developed);2 lanes;2;Straight - Level;Local Street;Dry;Two-Way, Not Divided;None;Four-Way Intersection;Smooth Asphalt;Coastal;Urban;30 - 35  MPH;Stop And Go Signal;Clear;No;0.0, 0.0
789;790;Yes;30-39;35;No;Facing Traffic;C: Possible Injury;Sidewalk / Crosswalk / Driveway Crossing;Black;Male;Wilmington;New Hanover;No;NA;06/10/2008;Motorist Failed to Yield - Midblock;14;Non-Intersection;01/10/2001;01/01/2001 14:07;Motorist Drive Out - Commercial Driveway / Alley;332322;2008;C: Possible Injury;Commercial;30-39;37;No;0-5 mph;O: No Injury;Black;Female;Passenger Car;No;No;Daylight;Rural (<30% Developed);3 lanes;2;Straight - Level;Private Road, Driveway;Water (Standing, Moving);Two-Way, Not Divided;None;Driveway, Public;Smooth Asphalt;Coastal;Urban;40 - 45  MPH;No Control Present;Clear;No;0.0, 0.0
791;792;No;50-59;56;No;With Traffic;B: Evident Injury;Travel Lane;White;Male;Charlotte;Mecklenburg;No;01/01/2002;21/10/2008;Motorist Overtaking Bicyclist;23;Non-Intersection;01/10/2001;01/01/2001 23:17;Motorist Overtaking - Other /;311239;2008;B: Evident Injury;Commercial;NA;NA;Missing;41-45 mph;Injury;/Missing;NA;Pickup;No;Yes;Dark - Lighted Roadway;Urban (>70% Developed);3 lanes;2;Straight - Level;Local Street;Dry;Two-Way, Not Divided;None;No Special Feature;Smooth Asphalt;Piedmont;Urban;40 - 45  MPH;No Control Present;Clear;No;0.0, 0.0
802;803;Yes;NA;NA;No;With Traffic;C: Possible Injury;Travel Lane;Black;Female;Wilson;Wilson;No;01/01/2004;02/10/2008;Crossing Paths - Other Circumstances;20;Intersection;01/10/2001;01/01/2001 20:39;Sign-Controlled Intersection - Other /;111148;2008;C: Possible Injury;Residential;50-59;57;No;21-25 mph;O: No Injury;Black;Male;Sport Utility;No;No;Dusk;Urban (>70% Developed);3 lanes;2;Straight - Hillcrest;Local Street;Dry;Two-Way, Divided, Unprotected Median;None;No Special Feature;Coarse Asphalt;Coastal;Urban;40 - 45  MPH;Stop Sign;Clear;No;0.0, 0.0
804;805;Yes;25-29;25;No;Facing Traffic;C: Possible Injury;Travel Lane;White;Female;Wilmington;New Hanover;No;NA;13/10/2008;Motorist Failed to Yield - Sign-Controlled Intersection;10;Intersection;01/10/2001;01/01/2001 10:43;Motorist Drive Out - Sign-Controlled Intersection;112141;2008;C: Possible Injury;Commercial;60-69;61;No;0-5 mph;O: No Injury;White;Male;Passenger Car;No;No;Daylight;Urban (>70% Developed);5 lanes;2;Straight - Level;Local Street;Dry;Two-Way, Not Divided;None;T-Intersection;Coarse Asphalt;Coastal;Urban;40 - 45  MPH;Stop Sign;Clear;No;0.0, 0.0
806;807;Yes;40-49;48;No;With Traffic;O: No Injury;Travel Lane;White;Male;Wilson;Wilson;No;01/01/2002;14/10/2008;Motorist Right Turn / Merge;18;Intersection;01/10/2001;01/01/2001 18:51;Motorist Right Turn - Same Direction;111213;2008;O: No Injury;Residential;25-29;26;No;6-10 mph;O: No Injury;Black;Female;Passenger Car;No;No;Dark - Lighted Roadway;Mixed (30% To 70% Developed);2 lanes;2;Straight - Level;Local Street;Dry;Two-Way, Not Divided;None;T-Intersection;Smooth Asphalt;Coastal;Urban;30 - 35  MPH;Stop Sign;Clear;No;0.0, 0.0
808;809;Yes;30-39;35;No;Not Applicable;B: Evident Injury;Travel Lane;Black;Male;Fayetteville;Cumberland;No;01/01/2006;18/10/2008;Bicyclist Failed to Yield - Midblock;13;Non-Intersection;01/10/2001;01/01/2001 13:46;Bicyclist Ride Out - Midblock -;313319;2008;B: Evident Injury;Commercial;25-29;25;No;31-35 mph;O: No Injury;Black;Male;Pickup;No;No;Daylight;Urban (>70% Developed);7 lanes;2;Straight - Level;Local Street;Dry;Two-Way, Divided, Unprotected Median;None;Related To Intersection;Smooth Asphalt;Coastal;Urban;50 - 55  MPH;Double Yellow Line, No Passing Zone;Cloudy;No;0.0, 0.0
817;818;No;16-19;16;No;Facing Traffic;B: Evident Injury;Bike Lane / Paved Shoulder;Black;Male;Raleigh;Wake;Yes;NA;25/08/2008;Head-On;1;Non-Intersection;01/08/2001;01/01/2001 01:43;Head-On - Bicyclist;322250;2008;B: Evident Injury;Commercial;30-39;34;Yes;56-60 mph;O: No Injury;Hispanic;Male;Pickup;Yes;No;Dark - Lighted Roadway;Urban (>70% Developed);1 lane;2;Straight - Level;Local Street;Dry;Two-Way, Not Divided;None;No Special Feature;Coarse Asphalt;Piedmont;Urban;30 - 35  MPH;No Control Present;Clear;No;0.0, 0.0
822;823;Yes;15-nov;13;No;Facing Traffic;A: Disabling Injury;Travel Lane;Black;Male;Durham;Durham;No;01/01/2007;02/11/2008;Crossing Paths - Other Circumstances;14;Intersection;01/11/2001;01/01/2001 14:57;Sign-Controlled Intersection - Other /;112148;2008;A: Disabling Injury;Residential;NA;NA;No;31-35 mph;Injury;/Missing;NA;Passenger Car;Yes;Yes;Daylight;Urban (>70% Developed);2 lanes;2;Straight - Grade;Local Street;Dry;Two-Way, Not Divided;None;Four-Way Intersection;Smooth Asphalt;Piedmont;Urban;20 - 25  MPH;Stop Sign;Clear;No;0.0, 0.0
829;830;Yes;40-49;45;No;With Traffic;C: Possible Injury;Travel Lane;White;Male;None - Rural Crash;Hoke;No;NA;13/10/2008;Crossing Paths - Other Circumstances;13;Intersection;01/10/2001;01/01/2001 13:35;Signalized Intersection - Other /;111158;2008;C: Possible Injury;Commercial;50-59;53;No;11-15 mph;O: No Injury;White;Female;Passenger Car;No;No;Daylight;Mixed (30% To 70% Developed);4 lanes;2;Straight - Level;US Route;Dry;Two-Way, Divided, Unprotected Median;None;Four-Way Intersection;Smooth Asphalt;Coastal;Rural;50 - 55  MPH;Stop And Go Signal;Clear;No;0.0, 0.0
832;833;No;50-59;57;No;Facing Traffic;C: Possible Injury;Travel Lane;White;Male;Jacksonville;Onslow;No;01/01/2007;26/10/2008;Motorist Left Turn / Merge;12;Intersection;01/10/2001;01/01/2001 12:40;Motorist Left Turn - Same Direction;112211;2008;C: Possible Injury;Residential;30-39;35;No;21-25 mph;O: No Injury;White;Male;Pickup;No;No;Daylight;Urban (>70% Developed);2 lanes;2;Straight - Level;Local Street;Dry;Two-Way, Not Divided;None;Four-Way Intersection;Smooth Asphalt;Coastal;Urban;20 - 25  MPH;Stop Sign;Clear;No;0.0, 0.0
837;838;Yes;40-49;41;Yes;With Traffic;C: Possible Injury;Travel Lane;Black;Male;None - Rural Crash;Nash;Yes;01/01/2004;23/10/2008;Motorist Failed to Yield - Midblock;20;Non-Intersection;01/10/2001;01/01/2001 20:29;Motorist Drive Out - Residential Driveway;311321;2008;C: Possible Injury;Residential;0-19;19;No;0-5 mph;O: No Injury;White;Female;Passenger Car;No;No;Dark - Roadway Not Lighted;Rural (<30% Developed);2 lanes;2;Straight - Level;State Secondary Route;Dry;Two-Way, Not Divided;None;Driveway, Private;Coarse Asphalt;Coastal;Rural;40 - 45  MPH;Missing;Clear;No;0.0, 0.0
838;839;Yes;15-nov;15;No;With Traffic;B: Evident Injury;Bike Lane / Paved Shoulder;White;Male;Alliance;Pamlico;No;01/01/2006;25/10/2008;Parallel Paths - Other Circumstances;20;Non-Intersection;01/10/2001;01/01/2001 20:49;Bicyclist Ride Out - Parallel Path;321225;2008;B: Evident Injury;Commercial;25-29;27;No;41-45 mph;O: No Injury;Black;Male;Passenger Car;No;No;Daylight;Mixed (30% To 70% Developed);2 lanes;2;Straight - Level;NC Route;Dry;Two-Way, Not Divided;None;No Special Feature;Smooth Asphalt;Coastal;Rural;40 - 45  MPH;Missing;Cloudy;Yes;0.0, 0.0
842;843;Yes;60-69;68;No;With Traffic;C: Possible Injury;Travel Lane;White;Male;None - Rural Crash;Carteret;No;01/01/2004;06/11/2008;Motorist Overtaking Bicyclist;18;Intersection;01/11/2001;01/01/2001 18:54;Motorist Overtaking - Misjudged Space;111232;2008;C: Possible Injury;Residential;NA;NA;Missing;26-30 mph;Injury;/Missing;NA;Van;No;Yes;Daylight;Mixed (30% To 70% Developed);2 lanes;2;Straight - Level;State Secondary Route;Dry;Two-Way, Not Divided;None;T-Intersection;Coarse Asphalt;Coastal;Rural;40 - 45  MPH;Stop Sign;Clear;No;0.0, 0.0
850;851;Yes;50-59;51;Yes;With Traffic;C: Possible Injury;Travel Lane;Black;Male;Lumberton;Robeson;Yes;01/01/2007;26/10/2008;Motorist Overtaking Bicyclist;19;Non-Intersection;01/10/2001;01/01/2001 19:00;Motorist Overtaking - Undetected Bicyclist;311231;2008;C: Possible Injury;Farms, Woods, Pastures;50-59;54;No;36-40 mph;O: No Injury;Black;Male;Passenger Car;No;No;Dark -  Lighting;Urban (>70% Developed);2 lanes;2;Straight - Level;Local Street;Dry;Two-Way, Divided, Unprotected Median;None;No Special Feature;Smooth Asphalt;Coastal;Urban;40 - 45  MPH;No Control Present;Clear;No;0.0, 0.0
853;854;No;20-24;20;No;Facing Traffic;C: Possible Injury;Sidewalk / Crosswalk / Driveway Crossing;White;Male;Mount Airy;Surry;No;NA;27/10/2008;Motorist Right Turn / Merge;11;Non-Intersection;01/10/2001;01/01/2001 11:39;Motorist Right Turn - Opposite Direction;332214;2008;C: Possible Injury;Commercial;60-69;60;No;0-5 mph;O: No Injury;White;Male;Pickup;No;No;Daylight;Urban (>70% Developed);2 lanes;2;Straight - Grade;NC Route;Dry;Two-Way, Not Divided;None;Driveway, Public;Smooth Asphalt;Mountains;Urban;30 - 35  MPH;Missing;Clear;No;0.0, 0.0
869;870;Yes;30-39;31;No;Facing Traffic;C: Possible Injury;Travel Lane;White;Male;Havelock;Craven;No;01/01/2005;17/10/2008;Motorist Failed to Yield - Midblock;13;Non-Intersection;01/10/2001;01/01/2001 13:35;Motorist Drive Out - Commercial Driveway / Alley;312322;2008;C: Possible Injury;Commercial;20-24;24;No;0-5 mph;O: No Injury;White;Female;Passenger Car;No;No;Daylight;Urban (>70% Developed);4 lanes;2;Straight - Level;US Route;Dry;Two-Way, Divided, Unprotected Median;None;Driveway, Public;Smooth Asphalt;Coastal;Urban;40 - 45  MPH;No Control Present;Clear;No;0.0, 0.0
870;871;Yes;70+;NA;No;With Traffic;B: Evident Injury;Travel Lane;White;Male;None - Rural Crash;Chatham;No;01/01/2007;02/11/2008;Motorist Overtaking Bicyclist;10;Non-Intersection;01/11/2001;01/01/2001 10:42;Motorist Overtaking - Misjudged Space;311232;2008;B: Evident Injury;Farms, Woods, Pastures;50-59;53;No;41-45 mph;O: No Injury;White;Male;Passenger Car;No;No;Daylight;Rural (<30% Developed);2 lanes;3;Straight - Level;State Secondary Route;Dry;Two-Way, Not Divided;None;No Special Feature;Coarse Asphalt;Piedmont;Rural;50 - 55  MPH;No Control Present;Clear;No;0.0, 0.0
873;874;Yes;60-69;65;No;With Traffic;C: Possible Injury;Travel Lane;Black;Male;Enfield;Halifax;No;01/01/2005;07/11/2008;Motorist Overtaking Bicyclist;19;Non-Intersection;01/11/2001;01/01/2001 19:00;Motorist Overtaking - Bicyclist Swerved;311235;2008;C: Possible Injury;Residential;50-59;57;No;NA;O: No Injury;Black;Male;Pedalcycle;No;No;Dark - Lighted Roadway;Mixed (30% To 70% Developed);2 lanes;2;Straight - Level;Local Street;Dry;Two-Way, Not Divided;None;No Special Feature;Smooth Asphalt;Coastal;Rural;NA;No Control Present;Clear;No;0.0, 0.0
886;887;Yes;0-5;1;No;With Traffic;B: Evident Injury;Travel Lane;White;Male;Emerald Isle;Carteret;No;01/01/2003;08/10/2008;Motorist Left Turn / Merge;6;Intersection;01/10/2001;01/01/2001 06:55;Motorist Left Turn - Opposite Direction;111212;2008;B: Evident Injury;Residential;70+;NA;No;0-5 mph;O: No Injury;White;Male;Passenger Car;No;No;Daylight;Urban (>70% Developed);4 lanes;2;Straight - Hillcrest;Local Street;Dry;Two-Way, Not Divided;None;T-Intersection;Coarse Asphalt;Coastal;Rural;20 - 25  MPH;No Control Present;Clear;No;0.0, 0.0