FID;OBJECTID;AmbulanceR;BikeAge_Gr;Bike_Age;Bike_Alc_D;Bike_Dir;Bike_Injur;Bike_Pos;Bike_Race;Bike_Sex;City;County;CrashAlcoh;CrashDay;Crash_Date;Crash_Grp;Crash_Hour;Crash_Loc;Crash_Mont;Crash_Time;Crash_Type;Crash_Ty_1;Crash_Year;Crsh_Sevri;Developmen;DrvrAge_Gr;Drvr_Age;Drvr_Alc_D;Drvr_EstSp;Drvr_Injur;Drvr_Race;Drvr_Sex;Drvr_VehTy;ExcsSpdInd;Hit_Run;Light_Cond;Locality;Num_Lanes;Num_Units;Rd_Charact;Rd_Class;Rd_Conditi;Rd_Config;Rd_Defects;Rd_Feature;Rd_Surface;Region;Rural_Urba;Speed_Limi;Traff_Cntr;Weather;Workzone_I;Location
891;892;No;40-49;44;No;With Traffic;B: Evident Injury;Travel Lane;White;Female;Concord;Cabarrus;No;01/01/2007;09/11/2008;Motorist Failed to Yield - Sign-Controlled Intersection;8;Intersection;01/11/2001;01/01/2001 08:38;Motorist Drive Through - Sign-Controlled Intersection;111143;2008;B: Evident Injury;Residential;70+;NA;No;0-5 mph;O: No Injury;Black;Female;Passenger Car;No;No;Daylight;Urban (>70% Developed);2 lanes;2;Straight - Level;Local Street;Dry;Two-Way, Not Divided;None;Four-Way Intersection;Coarse Asphalt;Piedmont;Urban;30 - 35  MPH;Stop Sign;Clear;No;0.0, 0.0
896;897;Yes;30-39;30;No;With Traffic;B: Evident Injury;Travel Lane;White;Male;Raleigh;Wake;No;01/01/2006;20/09/2008;Motorist Overtaking Bicyclist;6;Non-Intersection;01/09/2001;01/01/2001 06:56;Motorist Overtaking - Other /;311239;2008;B: Evident Injury;Commercial;40-49;42;No;41-45 mph;O: No Injury;Black;Male;Passenger Car;No;No;Dark - Roadway Not Lighted;Urban (>70% Developed);6 lanes;2;Straight - Level;Local Street;Dry;Two-Way, Divided, Unprotected Median;None;No Special Feature;Coarse Asphalt;Piedmont;Urban;40 - 45  MPH;No Control Present;Cloudy;No;0.0, 0.0
902;903;Yes;30-39;38;No;With Traffic;C: Possible Injury;Travel Lane;White;Male;Durham;Durham;No;01/01/2005;14/11/2008;Motorist Failed to Yield - Sign-Controlled Intersection;19;Intersection;01/11/2001;01/01/2001 19:39;Motorist Drive Through - Sign-Controlled Intersection;111143;2008;C: Possible Injury;Commercial;40-49;48;No;16-20 mph;O: No Injury;White;Male;Passenger Car;No;No;Dark - Lighted Roadway;Urban (>70% Developed);4 lanes;2;Straight - Grade;Local Street;Wet;Two-Way, Not Divided;None;No Special Feature;Smooth Asphalt;Piedmont;Urban;30 - 35  MPH;No Control Present;Cloudy;No;0.0, 0.0
914;915;No;15-nov;13;No;NA;C: Possible Injury;NA;White;Male;None - Rural Crash;Onslow;No;01/01/2007;16/11/2008;Parallel Paths - Other Circumstances;15;Non-Intersection;01/11/2001;01/01/2001 15:29;Parallel Paths - Other /;399280;2008;C: Possible Injury;Farms, Woods, Pastures;NA;NA;Missing;41-45 mph;Injury;/Missing;NA;NA;No;Yes;Daylight;Rural (<30% Developed);2 lanes;2;Straight - Level;State Secondary Route;Dry;Two-Way, Not Divided;None;No Special Feature;Coarse Asphalt;Coastal;Rural;40 - 45  MPH;No Control Present;Clear;No;0.0, 0.0
933;934;No;40-49;41;Yes;With Traffic;B: Evident Injury;Travel Lane;Black;Male;None - Rural Crash;Johnston;Yes;01/01/2003;03/12/2008;Motorist Overtaking Bicyclist;18;Non-Intersection;01/12/2001;01/01/2001 18:17;Motorist Overtaking - Undetected Bicyclist;311231;2008;B: Evident Injury;Farms, Woods, Pastures;0-19;19;No;51-55 mph;O: No Injury;Black;Female;Passenger Car;No;No;Dark - Roadway Not Lighted;Rural (<30% Developed);2 lanes;2;Straight - Grade;State Secondary Route;Dry;Two-Way, Not Divided;None;No Special Feature;Smooth Asphalt;Coastal;Rural;50 - 55  MPH;Double Yellow Line, No Passing Zone;Clear;No;0.0, 0.0
344;345;Yes;16-19;16;No;With Traffic;A: Disabling Injury;Bike Lane / Paved Shoulder;Black;Male;None - Rural Crash;Sampson;No;01/01/2004;11/06/2009;Bicyclist Left Turn / Merge;4;Non-Intersection;01/06/2001;01/01/2001 04:19;Bicyclist Left Turn - Same Direction;321221;2009;A: Disabling Injury;Farms, Woods, Pastures;20-24;24;No;51-55 mph;C: Possible Injury;Black;Female;Passenger Car;No;No;Dark - Roadway Not Lighted;Rural (<30% Developed);2 lanes;2;Straight - Hillcrest;NC Route;Dry;Two-Way, Not Divided;None;No Special Feature;Coarse Asphalt;Coastal;Rural;50 - 55  MPH;Double Yellow Line, No Passing Zone;Clear;No;34.974606, -78.425835
346;347;Yes;10-juin;10;No;With Traffic;O: No Injury;Travel Lane;Other;Male;None - Rural Crash;Perquimans;No;01/01/2004;16/07/2009;Motorist Overtaking Bicyclist;16;Non-Intersection;01/07/2001;01/01/2001 16:39;Motorist Overtaking - Bicyclist Swerved;311235;2009;O: No Injury;Farms, Woods, Pastures;0-19;17;No;51-55 mph;O: No Injury;White;Male;Sport Utility;No;No;Daylight;Rural (<30% Developed);2 lanes;2;Straight - Level;State Secondary Route;Dry;Two-Way, Not Divided;None;No Special Feature;Smooth Asphalt;Coastal;Rural;50 - 55  MPH;Double Yellow Line, No Passing Zone;Clear;No;36.15978, -76.44703
348;349;Yes;25-29;26;No;With Traffic;B: Evident Injury;Travel Lane;White;Male;Cary;Wake;No;01/01/2006;18/07/2009;Motorist Right Turn / Merge;16;Non-Intersection;01/07/2001;01/01/2001 16:52;Motorist Right Turn - Same Direction;311213;2009;B: Evident Injury;Residential;30-39;39;No;0-5 mph;O: No Injury;White;Male;Sport Utility;No;No;Daylight;Urban (>70% Developed);2 lanes;2;Straight - Level;Local Street;Dry;One-Way, Not Divided;None;No Special Feature;Coarse Asphalt;Piedmont;Urban;30 - 35  MPH;No Control Present;Clear;No;35.760292, -78.76446
352;353;No;15-nov;13;No;With Traffic;C: Possible Injury;Sidewalk / Crosswalk / Driveway Crossing;Black;Male;Rocky Mount;Nash;No;01/01/2007;07/06/2009;Motorist Overtaking Bicyclist;16;Intersection;01/06/2001;01/01/2001 16:51;Motorist Overtaking - Other /;131239;2009;C: Possible Injury;Residential;25-29;27;No;16-20 mph;O: No Injury;White;Female;Sport Utility;No;No;Daylight;Urban (>70% Developed);4 lanes;2;Straight - Level;Local Street;Dry;Two-Way, Not Divided;None;Four-Way Intersection;Smooth Asphalt;Coastal;Urban;30 - 35  MPH;Stop Sign;Clear;No;35.92668, -77.804886
362;363;Yes;20-24;21;No;With Traffic;B: Evident Injury;Travel Lane;White;Female;Asheville;Buncombe;No;01/01/2002;23/06/2009;Motorist Overtaking Bicyclist;16;Non-Intersection;01/06/2001;01/01/2001 16:37;Motorist Overtaking - Undetected Bicyclist;311231;2009;B: Evident Injury;Commercial;70+;NA;No;26-30 mph;O: No Injury;Black;Male;Van;No;No;Daylight;Urban (>70% Developed);2 lanes;2;Straight - Level;Local Street;Dry;Two-Way, Not Divided;None;No Special Feature;Coarse Asphalt;Mountains;Urban;30 - 35  MPH;Double Yellow Line, No Passing Zone;Clear;No;35.57213, -82.53158
370;371;Yes;40-49;46;Yes;With Traffic;B: Evident Injury;Travel Lane;White;Male;None - Rural Crash;Hyde;Yes;01/01/2005;03/07/2009;Motorist Overtaking Bicyclist;22;Non-Intersection;01/07/2001;01/01/2001 22:03;Motorist Overtaking - Bicyclist Swerved;311235;2009;B: Evident Injury;Residential;20-24;20;No;6-10 mph;O: No Injury;White;Female;Passenger Car;No;No;Dark - Roadway Not Lighted;Urban (>70% Developed);2 lanes;2;Straight - Grade;NC Route;Dry;Two-Way, Not Divided;None;No Special Feature;Smooth Asphalt;Coastal;Rural;20 - 25  MPH;Double Yellow Line, No Passing Zone;Clear;No;35.11549, -75.98196
372;373;Yes;15-nov;13;No;With Traffic;C: Possible Injury;Travel Lane;Black;Male;Gastonia;Gaston;No;01/01/2006;18/07/2009;Bicyclist Failed to Yield - Sign-Controlled Intersection;14;Intersection;01/07/2001;01/01/2001 14:47;Bicyclist Ride Through - Sign-Controlled Intersection;111144;2009;C: Possible Injury;Residential;50-59;51;No;21-25 mph;O: No Injury;White;Female;Passenger Car;No;No;Daylight;Urban (>70% Developed);2 lanes;3;Straight - Grade;Local Street;Dry;Two-Way, Not Divided;None;T-Intersection;Smooth Asphalt;Piedmont;Urban;30 - 35  MPH;Stop Sign;Clear;No;35.241116, -81.184944
374;375;Yes;16-19;18;No;With Traffic;C: Possible Injury;Travel Lane;White;Male;Rocky Mount;Nash;No;01/01/2003;01/07/2009;Loss of Control / Turning Error;14;Intersection;01/07/2001;01/01/2001 14:26;Bicyclist Turning Error - Other;111116;2009;C: Possible Injury;Residential;40-49;40;No;31-35 mph;O: No Injury;Black;Female;Sport Utility;No;No;Daylight;Urban (>70% Developed);2 lanes;2;Straight - Level;Local Street;Dry;Two-Way, Not Divided;None;No Special Feature;Coarse Asphalt;Coastal;Urban;30 - 35  MPH;Stop Sign;Clear;No;35.95504, -77.836784
379;380;Yes;10-juin;7;No;With Traffic;B: Evident Injury;Bike Lane / Paved Shoulder;White;Male;Jacksonville;Onslow;No;NA;13/07/2009;Crossing Paths - Other Circumstances;17;Non-Intersection;01/07/2001;01/01/2001 17:06;Crossing Paths - Midblock - Other /;321380;2009;B: Evident Injury;Residential;30-39;33;No;0-5 mph;O: No Injury;White;Female;Sport Utility;No;No;Daylight;Urban (>70% Developed);NA;2;Straight - Level;Private Road, Driveway;Wet;NA;None;Driveway, Private;Smooth Asphalt;Coastal;Urban;5 - 15 MPH;No Control Present;Rain;No;34.78792, -77.39231
384;385;Yes;25-29;28;No;Facing Traffic;C: Possible Injury;Travel Lane;White;Male;None - Rural Crash;Cumberland;No;01/01/2007;02/08/2009;Motorist Overtaking Bicyclist;3;Non-Intersection;01/08/2001;01/01/2001 03:29;Motorist Overtaking - Bicyclist Swerved;312235;2009;C: Possible Injury;Farms, Woods, Pastures;30-39;30;No;41-45 mph;O: No Injury;White;Male;Sport Utility;No;No;Dark - Roadway Not Lighted;Mixed (30% To 70% Developed);2 lanes;2;Curve - Level;State Secondary Route;Dry;Two-Way, Not Divided;None;No Special Feature;Coarse Asphalt;Coastal;Rural;40 - 45  MPH;Double Yellow Line, No Passing Zone;Cloudy;No;34.98189, -78.97354
390;391;No;40-49;44;No;With Traffic;C: Possible Injury;Travel Lane;White;Male;Cary;Wake;No;NA;03/08/2009;Motorist Right Turn / Merge;14;Intersection;01/08/2001;01/01/2001 14:11;Motorist Right Turn - Same Direction;111213;2009;C: Possible Injury;Farms, Woods, Pastures;30-39;32;No;31-35 mph;O: No Injury;White;Female;Light Truck (Mini-Van, Panel);No;No;Daylight;Rural (<30% Developed);2 lanes;2;Straight - Level;State Secondary Route;Dry;Two-Way, Not Divided;None;Four-Way Intersection;Smooth Asphalt;Piedmont;Urban;30 - 35  MPH;Stop And Go Signal;Clear;No;35.82451, -78.86404
392;393;No;40-49;43;No;Facing Traffic;C: Possible Injury;Sidewalk / Crosswalk / Driveway Crossing;Asian;Female;Winston-Salem;Forsyth;No;NA;27/07/2009;Crossing Paths - Other Circumstances;10;Intersection;01/07/2001;01/01/2001 10:16;Crossing Paths - Intersection - Other /;132180;2009;C: Possible Injury;Residential;30-39;37;No;0-5 mph;O: No Injury;White;Female;Passenger Car;No;No;Daylight;Urban (>70% Developed);2 lanes;2;Straight - Level;Local Street;Dry;Two-Way, Not Divided;None;No Special Feature;Smooth Asphalt;Piedmont;Urban;30 - 35  MPH;No Control Present;Clear;No;36.138447, -80.29473
398;399;No;20-24;23;No;With Traffic;Injury;Travel Lane;White;Male;Duck;Dare;No;01/01/2007;19/07/2009;Crossing Paths - Other Circumstances;15;Intersection;01/07/2001;01/01/2001 15:46;Crossing Paths - Intersection - Other /;111180;2009;O: No Injury;Commercial;40-49;48;No;0-5 mph;O: No Injury;White;Male;Van;No;No;Daylight;Mixed (30% To 70% Developed);2 lanes;2;Straight - Level;NA;Dry;Two-Way, Not Divided;None;Shared-Use Paths Or Trails;Coarse Asphalt;Coastal;Rural;20 - 25  MPH;No Control Present;Clear;No;36.168686, -75.75534
399;400;Yes;10-juin;7;No;Not Applicable;O: No Injury;Driveway / Alley;Black;Male;Raleigh;Wake;No;01/01/2005;19/06/2009;Bicyclist Failed to Yield - Midblock;20;Non-Intersection;01/06/2001;01/01/2001 20:44;Bicyclist Ride Out - Residential Driveway;353311;2009;O: No Injury;Residential;30-39;38;No;31-35 mph;O: No Injury;Black;Male;Sport Utility;No;No;Dark - Lighted Roadway;Urban (>70% Developed);2 lanes;2;Straight - Level;Local Street;Dry;Two-Way, Not Divided;None;No Special Feature;Smooth Asphalt;Piedmont;Urban;30 - 35  MPH;No Control Present;Clear;No;35.766815, -78.601974
413;414;No;25-29;26;No;Facing Traffic;C: Possible Injury;Travel Lane;White;Male;Wilmington;New Hanover;No;01/01/2006;27/06/2009;Motorist Failed to Yield - Midblock;14;Non-Intersection;01/06/2001;01/01/2001 14:57;Motorist Drive Out - Commercial Driveway / Alley;312322;2009;C: Possible Injury;Commercial;40-49;47;No;0-5 mph;O: No Injury;White;Female;Light Truck (Mini-Van, Panel);No;No;Daylight;Urban (>70% Developed);4 lanes;2;Straight - Grade;NC Route;Dry;Two-Way, Not Divided;None;No Special Feature;Smooth Asphalt;Coastal;Urban;40 - 45  MPH;No Control Present;Cloudy;No;34.192688, -77.93514
419;420;Yes;25-29;29;No;Facing Traffic;C: Possible Injury;Sidewalk / Crosswalk / Driveway Crossing;White;Male;Wilmington;New Hanover;No;01/01/2005;24/07/2009;Motorist Failed to Yield - Sign-Controlled Intersection;16;Intersection;01/07/2001;01/01/2001 16:35;Motorist Drive Through - Sign-Controlled Intersection;132143;2009;C: Possible Injury;Commercial;50-59;52;No;0-5 mph;O: No Injury;Black;Male;Passenger Car;No;No;Daylight;Urban (>70% Developed);5 lanes;2;Straight - Level;US Route;Dry;Two-Way, Not Divided;None;T-Intersection;Coarse Asphalt;Coastal;Urban;30 - 35  MPH;Stop Sign;Clear;No;34.20403, -77.94136
421;422;Yes;20-24;20;No;With Traffic;O: No Injury;Travel Lane;White;Male;Durham;Durham;No;NA;03/08/2009;Bicyclist Failed to Yield - Signalized Intersection;21;Intersection;01/08/2001;01/01/2001 21:49;Bicyclist Failed to Clear -;111159;2009;O: No Injury;Industrial;30-39;32;No;0-5 mph;O: No Injury;Black;Male;Passenger Car;No;No;Dark - Lighted Roadway;Urban (>70% Developed);4 lanes;2;Straight - Level;Local Street;Dry;Two-Way, Not Divided;None;T-Intersection;Smooth Asphalt;Piedmont;Urban;30 - 35  MPH;Stop And Go Signal;Clear;No;36.02246, -78.95358
432;433;Yes;15-nov;14;No;With Traffic;A: Disabling Injury;Travel Lane;White;Female;None - Rural Crash;Currituck;No;01/01/2004;23/07/2009;Crossing Paths - Other Circumstances;15;Intersection;01/07/2001;01/01/2001 15:25;Sign-Controlled Intersection - Other /;111148;2009;A: Disabling Injury;Farms, Woods, Pastures;30-39;39;No;41-45 mph;O: No Injury;White;Female;Sport Utility;No;No;Daylight;Mixed (30% To 70% Developed);3 lanes;2;Straight - Level;State Secondary Route;Dry;Two-Way, Not Divided;None;T-Intersection;Smooth Asphalt;Coastal;Rural;50 - 55  MPH;Stop Sign;Clear;No;36.46901, -76.03442
434;435;Yes;40-49;43;No;Not Applicable;B: Evident Injury;Non-Roadway;White;Male;Goldsboro;Wayne;No;01/01/2006;08/08/2009;Non-Roadway;10;Non-Roadway;01/08/2001;01/01/2001 10:29;Non-Roadway;460910;2009;B: Evident Injury;Commercial;40-49;48;No;0-5 mph;O: No Injury;White;Male;Passenger Car;No;No;Daylight;Urban (>70% Developed);NA;2;Straight - Level;Public Vehicular Area;Dry;Two-Way, Not Divided;None;Driveway, Public;Coarse Asphalt;Coastal;Urban;NA;No Control Present;Clear;No;35.386784, -77.94591
439;440;No;30-39;32;No;With Traffic;C: Possible Injury;Travel Lane;White;Male;Lewisville;Forsyth;No;01/01/2005;21/08/2009;Parallel Paths - Other Circumstances;19;Intersection;01/08/2001;01/01/2001 19:28;Parallel Paths - Other /;111280;2009;C: Possible Injury;Farms, Woods, Pastures;25-29;25;No;31-35 mph;O: No Injury;Black;Male;Passenger Car;No;No;Dusk;Rural (<30% Developed);1 lane;2;Curve - Level;State Secondary Route;Dry;One-Way, Not Divided;None;Traffic Circle/Roundabout;Smooth Asphalt;Piedmont;Urban;30 - 35  MPH;Yield Sign;Clear;No;36.08964, -80.43091
441;442;Yes;15-nov;15;No;With Traffic;B: Evident Injury;Travel Lane;Black;Male;None - Rural Crash;Pender;No;01/01/2006;01/08/2009;Motorist Overtaking Bicyclist;11;Non-Intersection;01/08/2001;01/01/2001 11:49;Motorist Overtaking - Misjudged Space;311232;2009;B: Evident Injury;Farms, Woods, Pastures;30-39;37;No;41-45 mph;O: No Injury;White;Female;Passenger Car;No;No;Daylight;Rural (<30% Developed);2 lanes;2;Straight - Level;NC Route;Dry;Two-Way, Not Divided;None;No Special Feature;Smooth Asphalt;Coastal;Rural;50 - 55  MPH;Double Yellow Line, No Passing Zone;Clear;No;34.44483, -78.03757
445;446;Yes;20-24;20;No;With Traffic;B: Evident Injury;Travel Lane;White;Male;Asheboro;Randolph;No;01/01/2004;30/07/2009;Motorist Overtaking Bicyclist;21;Non-Intersection;01/07/2001;01/01/2001 21:20;Motorist Overtaking - Other /;311239;2009;B: Evident Injury;Commercial;0-19;19;No;6-10 mph;O: No Injury;White;Male;NA;No;Yes;Dark - Lighted Roadway;Urban (>70% Developed);3 lanes;2;Straight - Level;NC Route;Dry;Two-Way, Not Divided;None;No Special Feature;Smooth Asphalt;Piedmont;Urban;30 - 35  MPH;No Control Present;Cloudy;No;35.70865, -79.82003
466;467;Yes;40-49;48;No;With Traffic;B: Evident Injury;Travel Lane;Black;Male;Pineville;Mecklenburg;No;01/01/2006;01/08/2009;Motorist Left Turn / Merge;8;Non-Intersection;01/08/2001;01/01/2001 08:54;Motorist Left Turn - Same Direction;311211;2009;B: Evident Injury;Commercial;40-49;43;No;31-35 mph;O: No Injury;White;Male;Sport Utility;No;No;Daylight;Urban (>70% Developed);2 lanes;2;Straight - Level;US Route;Dry;Two-Way, Not Divided;None;No Special Feature;Smooth Asphalt;Piedmont;Rural;40 - 45  MPH;No Control Present;Cloudy;No;35.071495, -80.87872
467;468;No;16-19;16;No;Facing Traffic;O: No Injury;Travel Lane;Black;Male;None - Rural Crash;Cumberland;No;01/01/2007;16/08/2009;Bicyclist Right Turn / Merge;17;Intersection;01/08/2001;01/01/2001 17:21;Bicyclist Right Turn - Same Direction;112223;2009;O: No Injury;Farms, Woods, Pastures;50-59;51;No;46-50 mph;O: No Injury;White;Male;Pickup;No;No;Daylight;Rural (<30% Developed);3 lanes;2;Straight - Level;State Secondary Route;Dry;Two-Way, Not Divided;None;T-Intersection;Smooth Asphalt;Coastal;Rural;40 - 45  MPH;No Control Present;Clear;No;35.157238, -78.88112
469;470;No;25-29;25;No;Not Applicable;B: Evident Injury;NA;Black;Male;Durham;Durham;No;01/01/2002;01/09/2009;Bicyclist Failed to Yield - Midblock;18;Non-Intersection;01/09/2001;01/01/2001 18:36;Multiple Threat - Midblock;393357;2009;B: Evident Injury;Commercial;25-29;29;No;11-15 mph;O: No Injury;Black;Female;Passenger Car;No;No;Daylight;Urban (>70% Developed);3 lanes;2;Straight - Level;Local Street;Dry;Two-Way, Not Divided;None;No Special Feature;Smooth Asphalt;Piedmont;Urban;30 - 35  MPH;Stop And Go Signal;Clear;No;35.963963, -78.90704
946;947;No;30-39;32;No;With Traffic;O: No Injury;Travel Lane;Black;Male;Raleigh;Wake;No;01/01/2006;18/12/2010;Motorist Overtaking Bicyclist;8;Non-Intersection;01/12/2001;01/01/2001 08:58;Motorist Overtaking - Bicyclist Swerved;0;2010;O: No Injury;Commercial;30-39;35;No;36-40 mph;O: No Injury;Black;Male;Passenger Car;No;No;Daylight;Urban (>70% Developed);9 or more lanes;2;Straight - Level;Local Street;Dry;Two-Way, Divided, Positive Median Barrier;None;No Special Feature;Smooth Asphalt;Piedmont;Urban;40 - 45  MPH;No Control Present;Cloudy;No;35.83592, -78.58204
26;27;Yes;25-29;28;Yes;Not Applicable;K: Killed;Driveway / Alley;Black;Female;None - Rural Crash;Bertie;Yes;01/01/2007;30/01/2011;Bicyclist Failed to Yield - Midblock;18;Non-Intersection;NA;01/01/2001 18:35;Bicyclist Ride Out - Residential Driveway;353311;2011;K: Killed;Farms, Woods, Pastures;30-39;33;No;51-55 mph;O: No Injury;White;Male;Pickup;No;No;Dark - Roadway Not Lighted;Rural (<30% Developed);2 lanes;2;Straight - Level;NC Route;Dry;Two-Way, Not Divided;None;Driveway, Private;Smooth Asphalt;Coastal;Rural;50 - 55  MPH;No Control Present;Clear;No;36.22697, -76.7707
44;45;No;40-49;48;Yes;Not Applicable;C: Possible Injury;Non-Roadway;White;Male;Charlotte;Mecklenburg;Yes;NA;14/02/2011;Loss of Control / Turning Error;18;Non-Intersection;01/02/2001;01/01/2001 18:34;Bicylist Lost Control - Alcohol / Drug Impairment;363123;2011;C: Possible Injury;Commercial;20-24;20;No;21-25 mph;O: No Injury;Black;Female;Passenger Car;No;No;Dark - Lighted Roadway;Urban (>70% Developed);4 lanes;2;Straight - Level;Local Street;Dry;Two-Way, Not Divided;None;No Special Feature;Smooth Asphalt;Piedmont;Urban;30 - 35  MPH;No Control Present;Clear;No;35.24629, -80.8995
49;50;Yes;NA;NA;No;With Traffic;B: Evident Injury;Travel Lane;Black;Male;Wilmington;New Hanover;No;01/01/2002;08/02/2011;Bicyclist Failed to Yield - Signalized Intersection;17;Intersection;01/02/2001;01/01/2001 17:24;Bicyclist Ride Through - Signalized Intersection;111155;2011;B: Evident Injury;Commercial;30-39;33;No;41-45 mph;Injury;Black;Male;Sport Utility;No;No;Daylight;Urban (>70% Developed);5 lanes;2;Straight - Level;NC Route;Dry;Two-Way, Not Divided;None;No Special Feature;Coarse Asphalt;Coastal;Urban;40 - 45  MPH;Stop And Go Signal;Clear;No;34.2424, -77.8923
62;63;Yes;40-49;40;No;With Traffic;K: Killed;Travel Lane;White;Male;None - Rural Crash;Brunswick;No;01/01/2004;03/03/2011;Motorist Overtaking Bicyclist;18;Non-Intersection;01/03/2001;01/01/2001 18:53;Motorist Overtaking - Other /;311239;2011;K: Killed;Farms, Woods, Pastures;50-59;53;No;51-55 mph;O: No Injury;White;Male;Passenger Car;No;No;Dark - Roadway Not Lighted;Rural (<30% Developed);4 lanes;4;Straight - Level;US Route;Dry;Two-Way, Divided, Unprotected Median;None;No Special Feature;Smooth Asphalt;Coastal;Rural;50 - 55  MPH;No Control Present;Clear;No;34.16698, -78.089
66;67;Yes;40-49;49;No;With Traffic;B: Evident Injury;Non-Roadway;White;Male;Apex;Wake;No;NA;07/03/2011;Motorist Left Turn / Merge;6;Intersection;01/03/2001;01/01/2001 06:37;Motorist Left Turn - Opposite Direction;161212;2011;B: Evident Injury;Commercial;25-29;28;No;16-20 mph;O: No Injury;White;Male;Pickup;No;No;Daylight;Mixed (30% To 70% Developed);1 lane;2;Straight - Grade;US Route;Dry;One-Way, Not Divided;None;Four-Way Intersection;Smooth Asphalt;Piedmont;Urban;50 - 55  MPH;Stop And Go Signal;Clear;No;35.72718, -78.8541
70;71;Yes;25-29;27;No;Facing Traffic;A: Disabling Injury;Travel Lane;Black;Male;Rocky Mount;Edgecombe;No;01/01/2002;15/02/2011;Head-On;7;Intersection;01/02/2001;01/01/2001 07:49;Head-On - Bicyclist;112250;2011;A: Disabling Injury;Residential;40-49;42;No;11-15 mph;O: No Injury;Black;Male;Pickup;No;No;Daylight;Urban (>70% Developed);2 lanes;2;Straight - Level;Local Street;Dry;Two-Way, Not Divided;None;T-Intersection;Coarse Asphalt;Coastal;Urban;30 - 35  MPH;Stop Sign;Clear;No;35.945, -77.7824
72;73;Yes;16-19;19;No;With Traffic;B: Evident Injury;Bike Lane / Paved Shoulder;White;Male;Greensboro;Guilford;No;01/01/2005;18/02/2011;Bicyclist Overtaking Motorist;9;Non-Intersection;01/02/2001;01/01/2001 09:57;Bicyclist Overtaking - Other /;321249;2011;B: Evident Injury;Commercial;30-39;38;No;NA;O: No Injury;Black;Male;Commercial Bus;No;No;Daylight;Urban (>70% Developed);2 lanes;2;Straight - Level;Local Street;Dry;Two-Way, Not Divided;None;No Special Feature;Smooth Asphalt;Piedmont;Urban;30 - 35  MPH;No Control Present;Cloudy;No;36.06381, -79.822
76;77;No;50-59;54;Yes;With Traffic;O: No Injury;Non-Roadway;Black;Male;Fayetteville;Cumberland;Yes;01/01/2005;11/03/2011;Motorist Overtaking Bicyclist;19;Non-Intersection;01/03/2001;01/01/2001 19:10;Motorist Overtaking - Other /;361239;2011;O: No Injury;Farms, Woods, Pastures;25-29;27;No;41-45 mph;O: No Injury;Black;Female;Passenger Car;No;No;Dark - Roadway Not Lighted;Mixed (30% To 70% Developed);2 lanes;2;Straight - Level;Local Street;Dry;Two-Way, Not Divided;None;No Special Feature;Coarse Asphalt;Coastal;Urban;40 - 45  MPH;No Control Present;Cloudy;No;35.05761, -79.0178
79;80;Yes;40-49;44;No;With Traffic;C: Possible Injury;Travel Lane;White;Male;Clemmons;Forsyth;No;NA;07/03/2011;Bicyclist Failed to Yield - Signalized Intersection;13;Intersection;01/03/2001;01/01/2001 13:50;Bicyclist Ride Through - Signalized Intersection;111155;2011;C: Possible Injury;Commercial;50-59;50;No;11-15 mph;O: No Injury;White;Male;Pickup;No;No;Daylight;Urban (>70% Developed);4 lanes;2;Straight - Level;Local Street;Dry;Two-Way, Not Divided;None;On or Off Ramp;Smooth Asphalt;Piedmont;Urban;60 - 75 MPH;Stop And Go Signal;Clear;No;36.03409, -80.3841
84;85;No;0-5;2;No;Not Applicable;C: Possible Injury;Travel Lane;Black;Male;Salisbury;Rowan;No;01/01/2004;17/03/2011;Other / Unusual Circumstances;19;Non-Intersection;01/03/2001;01/01/2001 19:35;Play Vehicle-Related;313700;2011;C: Possible Injury;Residential;60-69;66;No;0-5 mph;O: No Injury;Black;Female;Pickup;No;No;Dusk;Urban (>70% Developed);2 lanes;2;Straight - Level;Local Street;Dry;Two-Way, Not Divided;None;No Special Feature;Smooth Asphalt;Piedmont;Urban;30 - 35  MPH;No Control Present;Clear;No;35.67492, -80.4935
85;86;Yes;40-49;48;No;With Traffic;A: Disabling Injury;Travel Lane;White;Male;None - Rural Crash;Gates;No;01/01/2003;09/03/2011;Bicyclist Failed to Yield - Sign-Controlled Intersection;16;Intersection;01/03/2001;01/01/2001 16:19;Bicyclist Ride Through - Sign-Controlled Intersection;111144;2011;A: Disabling Injury;Residential;20-24;22;No;51-55 mph;B: Evident Injury;Black;Female;Passenger Car;No;No;Daylight;Mixed (30% To 70% Developed);2 lanes;2;Straight - Level;State Secondary Route;Dry;Two-Way, Not Divided;None;T-Intersection;Coarse Asphalt;Coastal;Rural;50 - 55  MPH;Stop Sign;Clear;No;36.49847, -76.7303
89;90;No;15-nov;15;No;Not Applicable;Injury;Non-Roadway;Black;Male;Fayetteville;Cumberland;No;01/01/2005;11/03/2011;Non-Roadway;16;Non-Roadway;01/03/2001;01/01/2001 16:26;Non-Roadway;460910;2011;Injury;Commercial;NA;NA;Missing;NA;Injury;/Missing;NA;NA;No;Yes;Daylight;Urban (>70% Developed);NA;2;Straight - Level;Public Vehicular Area;Dry;NA;None;No Special Feature;Coarse Asphalt;Coastal;Urban;20 - 25  MPH;No Control Present;Clear;No;35.09831, -78.918