FID;OBJECTID;AmbulanceR;BikeAge_Gr;Bike_Age;Bike_Alc_D;Bike_Dir;Bike_Injur;Bike_Pos;Bike_Race;Bike_Sex;City;County;CrashAlcoh;CrashDay;Crash_Date;Crash_Grp;Crash_Hour;Crash_Loc;Crash_Mont;Crash_Time;Crash_Type;Crash_Ty_1;Crash_Year;Crsh_Sevri;Developmen;DrvrAge_Gr;Drvr_Age;Drvr_Alc_D;Drvr_EstSp;Drvr_Injur;Drvr_Race;Drvr_Sex;Drvr_VehTy;ExcsSpdInd;Hit_Run;Light_Cond;Locality;Num_Lanes;Num_Units;Rd_Charact;Rd_Class;Rd_Conditi;Rd_Config;Rd_Defects;Rd_Feature;Rd_Surface;Region;Rural_Urba;Speed_Limi;Traff_Cntr;Weather;Workzone_I;Location
483;484;No;20-24;20;No;Facing Traffic;C: Possible Injury;Sidewalk / Crosswalk / Driveway Crossing;White;Male;Gastonia;Gaston;No;01/01/2002;10/07/2012;Motorist Failed to Yield - Midblock;14;Non-Intersection;01/07/2001;01/01/2001 14:04;Motorist Drive Out - Commercial Driveway / Alley;NA;2012;C: Possible Injury;Commercial;NA;NA;Missing;6-10 mph;Injury;/Missing;NA;NA;No;Yes;Daylight;Urban (>70% Developed);NA;2;Straight - Grade;Public Vehicular Area;Dry;Two-Way, Not Divided;None;Driveway, Public;Concrete;Piedmont;Urban;NA;Stop Sign;Clear;No;35.26012, -81.1295
486;487;Yes;40-49;44;Yes;With Traffic;B: Evident Injury;Travel Lane;White;Male;Tobaccoville;Forsyth;Yes;NA;23/07/2012;Motorist Overtaking Bicyclist;20;Intersection-Related;01/07/2001;01/01/2001 20:03;Motorist Overtaking - Bicyclist Swerved;NA;2012;B: Evident Injury;Farms, Woods, Pastures;25-29;29;No;41-45 mph;O: No Injury;Black;Male;Pickup;No;No;Dusk;Rural (<30% Developed);2 lanes;2;Curve - Level;State Secondary Route;Dry;Two-Way, Not Divided;None;No Special Feature;Coarse Asphalt;Piedmont;Rural;40 - 45  MPH;Double Yellow Line, No Passing Zone;Clear;No;36.23396, -80.3805
487;488;No;30-39;36;No;Not Applicable;C: Possible Injury;NA;Black;Male;Henderson;Vance;No;NA;18/06/2012;Bicyclist Failed to Yield - Midblock;17;Non-Intersection;01/06/2001;01/01/2001 17:08;Bicyclist Ride Out - Other Midblock;NA;2012;C: Possible Injury;Commercial;20-24;23;No;26-30 mph;O: No Injury;Black;Male;Passenger Car;No;No;Daylight;Urban (>70% Developed);4 lanes;2;Straight - Level;Local Street;Dry;Two-Way, Not Divided;None;No Special Feature;Coarse Asphalt;Piedmont;Urban;30 - 35  MPH;No Control Present;Clear;No;36.33259, -78.4022
488;489;Yes;30-39;32;No;With Traffic;B: Evident Injury;Travel Lane;Black;Male;Greenville;Pitt;No;NA;23/07/2012;Crossing Paths - Other Circumstances;22;Intersection;01/07/2001;01/01/2001 22:20;Signalized Intersection - Other /;NA;2012;B: Evident Injury;Commercial;25-29;25;No;41-45 mph;O: No Injury;Black;Male;Passenger Car;No;No;Dark - Lighted Roadway;Urban (>70% Developed);5 lanes;2;Straight - Level;US Route;Wet;Two-Way, Not Divided;None;No Special Feature;Coarse Asphalt;Coastal;Urban;40 - 45  MPH;Stop And Go Signal;Cloudy;No;35.58581, -77.3706
499;500;Yes;10-juin;7;No;Not Applicable;C: Possible Injury;Non-Roadway;Black;Female;Greenville;Pitt;No;01/01/2005;20/07/2012;Non-Roadway;20;Non-Roadway;01/07/2001;01/01/2001 20:48;Non-Roadway;NA;2012;C: Possible Injury;Residential;NA;NA;Missing;0-5 mph;Injury;/Missing;NA;Passenger Car;No;Yes;Dusk;Urban (>70% Developed);NA;2;Curve - Level;Public Vehicular Area;Wet;Two-Way, Not Divided;None;No Special Feature;Coarse Asphalt;Coastal;Urban;5 - 15 MPH;No Control Present;Rain;No;35.55517, -77.4144
501;502;No;15-nov;15;No;NA;C: Possible Injury;NA;/Missing;Male;Charlotte;Mecklenburg;No;01/01/2004;19/07/2012;Bicyclist Failed to Yield - Midblock;14;Non-Intersection;01/07/2001;01/01/2001 14:33;Bicyclist Ride Out - Other Midblock;NA;2012;C: Possible Injury;Commercial;NA;NA;Missing;41-45 mph;Injury;/Missing;NA;Pickup;No;Yes;Daylight;Urban (>70% Developed);4 lanes;2;Straight - Level;Local Street;Dry;Two-Way, Not Divided;None;No Special Feature;Smooth Asphalt;Piedmont;Urban;40 - 45  MPH;No Control Present;Clear;No;35.22796, -80.7268
508;509;Yes;16-19;16;No;Facing Traffic;B: Evident Injury;Travel Lane;White;Male;Jacksonville;Onslow;No;01/01/2007;01/07/2012;Bicyclist Failed to Yield - Signalized Intersection;15;Intersection;01/07/2001;01/01/2001 15:53;Bicyclist Ride Out - Signalized  Intersection;NA;2012;B: Evident Injury;Commercial;40-49;48;No;16-20 mph;O: No Injury;Black;Male;Pickup;No;No;Daylight;Urban (>70% Developed);5 lanes;2;Straight - Level;Local Street;Dry;Two-Way, Not Divided;None;Four-Way Intersection;Smooth Asphalt;Coastal;Urban;40 - 45  MPH;Stop And Go Signal;Clear;No;34.79647, -77.4378
511;512;Yes;50-59;50;No;Facing Traffic;C: Possible Injury;Travel Lane;White;Male;Salisbury;Rowan;No;01/01/2007;29/07/2012;Motorist Failed to Yield - Sign-Controlled Intersection;12;Intersection;01/07/2001;01/01/2001 12:43;Motorist Drive Out - Sign-Controlled Intersection;NA;2012;C: Possible Injury;Commercial;40-49;48;No;0-5 mph;O: No Injury;White;Male;Van;No;No;Daylight;Urban (>70% Developed);2 lanes;2;Straight - Level;Public Vehicular Area;Dry;Two-Way, Not Divided;None;Driveway, Public;Smooth Asphalt;Piedmont;Urban;30 - 35  MPH;No Control Present;Clear;No;35.6589, -80.461
525;526;Yes;40-49;41;No;With Traffic;B: Evident Injury;Travel Lane;White;Male;Winston-Salem;Forsyth;No;01/01/2005;27/07/2012;Motorist Left Turn / Merge;9;Intersection;01/07/2001;01/01/2001 09:43;Motorist Left Turn - Opposite Direction;NA;2012;B: Evident Injury;Commercial;70;70;No;NA;O: No Injury;White;Female;Passenger Car;No;No;Daylight;Urban (>70% Developed);5 lanes;2;Straight - Grade;Local Street;Dry;Two-Way, Not Divided;None;T-Intersection;Smooth Asphalt;Piedmont;Urban;50 - 55  MPH;No Control Present;Cloudy;No;36.03285, -80.3371
527;528;Yes;40-49;44;No;With Traffic;B: Evident Injury;Travel Lane;White;Female;Stanfield;Stanly;No;01/01/2004;26/07/2012;Bicyclist Left Turn / Merge;3;Intersection;01/07/2001;01/01/2001 03:03;Bicyclist Left Turn - Same Direction;NA;2012;B: Evident Injury;Commercial;NA;NA;Missing;36-40 mph;Injury;/Missing;NA;NA;No;Yes;Daylight;Mixed (30% To 70% Developed);2 lanes;2;Straight - Hillcrest;State Secondary Route;Dry;Two-Way, Not Divided;None;T-Intersection;Smooth Asphalt;Piedmont;Rural;40 - 45  MPH;Stop Sign;Clear;No;35.23404, -80.4505
530;531;No;30-39;36;No;With Traffic;C: Possible Injury;Travel Lane;White;Female;None - Rural Crash;Bladen;No;01/01/2005;03/08/2012;Loss of Control / Turning Error;21;Intersection;01/08/2001;01/01/2001 21:17;Motorist Turning Error - Left Turn;NA;2012;C: Possible Injury;Farms, Woods, Pastures;0-19;17;No;21-25 mph;O: No Injury;White;Male;Passenger Car;No;No;Dark - Roadway Not Lighted;Rural (<30% Developed);2 lanes;2;Straight - Level;State Secondary Route;Dry;Two-Way, Not Divided;None;T-Intersection;Smooth Asphalt;Coastal;Rural;50 - 55  MPH;Stop Sign;Clear;No;34.64101, -78.7926
533;534;Yes;40-49;40;No;With Traffic;C: Possible Injury;Travel Lane;White;Male;Garner;Wake;No;01/01/2002;01/05/2012;Motorist Right Turn / Merge;8;Non-Intersection;01/05/2001;01/01/2001 08:51;Motorist Right Turn - Same Direction;NA;2012;C: Possible Injury;Residential;50-59;55;No;6-10 mph;O: No Injury;White;Female;Passenger Car;No;No;Daylight;Urban (>70% Developed);2 lanes;2;Straight - Level;Local Street;Dry;Two-Way, Not Divided;None;No Special Feature;Smooth Asphalt;Piedmont;Urban;30 - 35  MPH;No Control Present;Cloudy;No;35.71675, -78.6238
549;550;Yes;20-24;23;No;Facing Traffic;C: Possible Injury;Sidewalk / Crosswalk / Driveway Crossing;White;Male;Greenville;Pitt;No;01/01/2005;10/08/2012;Motorist Failed to Yield - Midblock;16;Non-Intersection;01/08/2001;01/01/2001 16:03;Motorist Drive Out - Commercial Driveway / Alley;NA;2012;C: Possible Injury;Commercial;25-29;27;No;0-5 mph;O: No Injury;White;Male;Passenger Car;No;No;Daylight;Urban (>70% Developed);NA;2;Straight - Level;Public Vehicular Area;Dry;Two-Way, Not Divided;None;Driveway, Public;Smooth Asphalt;Coastal;Urban;5 - 15 MPH;No Control Present;Cloudy;No;35.5912, -77.3787
552;553;Yes;40-49;46;No;Not Applicable;K: Killed;Non-Roadway;White;Male;None - Rural Crash;Onslow;No;01/01/2004;09/08/2012;Bicyclist Failed to Yield - Midblock;18;Non-Intersection;01/08/2001;01/01/2001 18:28;Bicyclist Ride Out - Commercial Driveway / Alley;NA;2012;K: Killed;Commercial;30-39;39;No;31-35 mph;O: No Injury;White;Female;Pickup;No;No;Daylight;Urban (>70% Developed);3 lanes;2;Straight - Level;State Secondary Route;Dry;Two-Way, Not Divided;None;Driveway, Public;Smooth Asphalt;Coastal;Rural;40 - 45  MPH;Stop Sign;Clear;No;34.71831, -77.3203
559;560;Yes;50-59;52;No;With Traffic;B: Evident Injury;Travel Lane;White;Male;None - Rural Crash;Iredell;No;NA;13/08/2012;Motorist Overtaking Bicyclist;12;Non-Intersection;01/08/2001;01/01/2001 12:23;Motorist Overtaking - Other /;NA;2012;B: Evident Injury;Residential;20-24;23;No;31-35 mph;O: No Injury;White;Male;Pickup;No;No;Daylight;Urban (>70% Developed);2 lanes;2;Straight - Level;State Secondary Route;Dry;Two-Way, Not Divided;None;No Special Feature;Smooth Asphalt;Piedmont;Rural;40 - 45  MPH;No Control Present;Clear;No;35.55584, -80.9231
562;563;Yes;50-59;56;No;With Traffic;B: Evident Injury;Travel Lane;White;Male;Winston-Salem;Forsyth;No;01/01/2006;28/07/2012;Motorist Left Turn / Merge;7;Intersection;01/07/2001;01/01/2001 07:19;Motorist Left Turn - Opposite Direction;NA;2012;B: Evident Injury;Residential;60-69;64;No;11-15 mph;O: No Injury;Black;Male;Sport Utility;No;No;Daylight;Mixed (30% To 70% Developed);2 lanes;2;Straight - Level;Local Street;Dry;Two-Way, Divided, Unprotected Median;None;T-Intersection;Smooth Asphalt;Piedmont;Urban;40 - 45  MPH;Stop And Go Signal;Clear;No;36.1231, -80.3314
565;566;No;10-juin;9;No;Not Applicable;O: No Injury;Non-Roadway;White;Female;None - Rural Crash;Onslow;No;NA;13/08/2012;Non-Roadway;22;Non-Roadway;01/08/2001;01/01/2001 22:48;Non-Roadway;NA;2012;O: No Injury;Commercial;NA;NA;Missing;0-5 mph;Injury;/Missing;NA;Passenger Car;No;No;Daylight;Urban (>70% Developed);NA;2;Straight - Level;Public Vehicular Area;Dry;Two-Way, Not Divided;None;Driveway, Public;Smooth Asphalt;Coastal;Rural;5 - 15 MPH;No Control Present;Clear;No;34.67785, -77.2106
566;567;No;25-29;25;No;Facing Traffic;C: Possible Injury;Sidewalk / Crosswalk / Driveway Crossing;Black;Male;Havelock;Craven;No;01/01/2007;01/07/2012;Motorist Failed to Yield - Midblock;13;Non-Intersection;01/07/2001;01/01/2001 13:34;Motorist Drive Out - Commercial Driveway / Alley;NA;2012;C: Possible Injury;Commercial;40-49;42;No;6-10 mph;O: No Injury;White;Male;Passenger Car;No;No;Daylight;Urban (>70% Developed);4 lanes;2;Straight - Level;US Route;Dry;Two-Way, Divided, Unprotected Median;None;Driveway, Public;Smooth Asphalt;Coastal;Urban;NA;No Control Present;Clear;No;34.87639, -76.9037
577;578;No;NA;0;No;Facing Traffic;O: No Injury;Travel Lane;Black;Male;Greenville;Pitt;No;NA;16/07/2012;Motorist Failed to Yield - Sign-Controlled Intersection;22;Intersection-Related;01/07/2001;01/01/2001 21:59;Motorist Drive Out - Sign-Controlled Intersection;NA;2012;O: No Injury;Institutional;70;70;No;6-10 mph;O: No Injury;Asian;Male;Commercial Bus;No;No;Dark - Roadway Not Lighted;Urban (>70% Developed);2 lanes;2;Straight - Level;Local Street;Dry;Two-Way, Divided, Unprotected Median;None;T-Intersection;Smooth Asphalt;Coastal;Urban;40 - 45  MPH;Stop Sign;Clear;No;35.61147, -77.4147
70;71;Yes;25-29;28;No;With Traffic;B: Evident Injury;Travel Lane;White;Male;Chapel Hill;Orange;No;01/01/2005;05/03/2010;Motorist Left Turn / Merge;18;Intersection;01/03/2001;01/01/2001 18:31;Motorist Left Turn - Opposite Direction;0;2010;B: Evident Injury;Residential;25-29;26;No;16-20 mph;O: No Injury;Black;Female;Passenger Car;No;No;Daylight;Urban (>70% Developed);5 lanes;2;Curve - Grade;Local Street;Dry;Two-Way, Not Divided;None;Four-Way Intersection;Smooth Asphalt;Piedmont;Urban;30 - 35  MPH;Yield Sign;Clear;No;35.915253, -79.0568
72;73;No;30-39;34;No;With Traffic;C: Possible Injury;Travel Lane;White;Female;Cary;Wake;No;01/01/2004;18/03/2010;Motorist Failed to Yield - Midblock;21;Non-Intersection;01/03/2001;01/01/2001 21:40;Motorist Drive Out - Commercial Driveway / Alley;0;2010;C: Possible Injury;Commercial;NA;NA;Missing;0-5 mph;Injury;/Missing;NA;Passenger Car;No;Yes;Dark - Lighted Roadway;Urban (>70% Developed);2 lanes;2;Straight - Level;State Secondary Route;Dry;Two-Way, Not Divided;None;No Special Feature;Smooth Asphalt;Piedmont;Urban;40 - 45  MPH;No Control Present;Clear;No;35.791103, -78.757805
80;81;Yes;16-19;19;No;With Traffic;C: Possible Injury;Travel Lane;Black;Male;Charlotte;Mecklenburg;No;01/01/2003;03/03/2010;Motorist Failed to Yield - Midblock;16;Non-Intersection;01/03/2001;01/01/2001 16:39;Motorist Drive Out - Other Midblock;0;2010;C: Possible Injury;Commercial;NA;NA;Missing;6-10 mph;Injury;/Missing;NA;NA;No;Yes;Daylight;Urban (>70% Developed);4 lanes;2;Straight - Level;Local Street;Dry;Two-Way, Divided, Positive Median Barrier;None;No Special Feature;Smooth Asphalt;Piedmont;Urban;20 - 25  MPH;No Control Present;Clear;No;35.23094, -80.72944
83;84;Yes;30-39;34;No;With Traffic;K: Killed;Travel Lane;White;Male;Goldsboro;Wayne;No;01/01/2004;04/03/2010;Motorist Overtaking Bicyclist;19;Non-Intersection;01/03/2001;01/01/2001 19:22;Motorist Overtaking - Undetected Bicyclist;0;2010;K: Killed;Commercial;70+;NA;No;31-35 mph;O: No Injury;Black;Male;Pickup;No;No;Dark - Roadway Not Lighted;Urban (>70% Developed);2 lanes;2;Straight - Level;Local Street;Dry;Two-Way, Not Divided;None;No Special Feature;Smooth Asphalt;Coastal;Urban;40 - 45  MPH;No Control Present;Clear;No;35.402683, -77.9716
96;97;Yes;10-juin;7;No;With Traffic;B: Evident Injury;Travel Lane;Black;Male;None - Rural Crash;Orange;No;01/01/2002;30/03/2010;Motorist Overtaking Bicyclist;17;Non-Intersection;01/03/2001;01/01/2001 17:16;Motorist Overtaking - Misjudged Space;0;2010;B: Evident Injury;Residential;30-39;35;No;41-45 mph;O: No Injury;Hispanic;Female;Pickup;No;No;Daylight;Rural (<30% Developed);2 lanes;2;Straight - Grade;State Secondary Route;Dry;Two-Way, Not Divided;None;No Special Feature;Smooth Asphalt;Piedmont;Rural;40 - 45  MPH;Double Yellow Line, No Passing Zone;Clear;No;36.04264, -79.028534
101;102;No;20-24;20;No;With Traffic;B: Evident Injury;Travel Lane;White;Male;Wesley Chapel;Union;No;01/01/2003;31/03/2010;Motorist Left Turn / Merge;8;Non-Intersection;01/03/2001;01/01/2001 08:34;Motorist Left Turn - Opposite Direction;0;2010;B: Evident Injury;Residential;40-49;49;No;31-35 mph;O: No Injury;White;Male;Pickup;No;No;Daylight;Urban (>70% Developed);2 lanes;2;Straight - Level;Local Street;Dry;Two-Way, Not Divided;None;Driveway, Private;Smooth Asphalt;Piedmont;Rural;30 - 35  MPH;No Control Present;Clear;No;35.02784, -80.66355
104;105;Yes;40-49;48;No;Not Applicable;B: Evident Injury;Non-Roadway;/Missing;Male;Greensboro;Guilford;No;01/01/2003;17/03/2010;Crossing Paths - Other Circumstances;7;Intersection-Related;01/03/2001;01/01/2001 07:54;Crossing Paths - Uncontrolled Intersection;0;2010;B: Evident Injury;Commercial;30-39;30;No;21-25 mph;O: No Injury;Black;Male;Pickup;No;No;Daylight;Urban (>70% Developed);5 lanes;2;Straight - Level;Local Street;Dry;Two-Way, Not Divided;None;No Special Feature;Smooth Asphalt;Piedmont;Urban;30 - 35  MPH;No Control Present;Clear;No;36.08458, -79.76042
105;106;Yes;20-24;20;No;Facing Traffic;B: Evident Injury;Bike Lane / Paved Shoulder;White;Male;None - Rural Crash;Edgecombe;No;01/01/2002;30/03/2010;Bicyclist Right Turn / Merge;15;Non-Intersection;01/03/2001;01/01/2001 15:14;Bicyclist Right Turn - Same Direction;0;2010;B: Evident Injury;Commercial;40-49;44;No;16-20 mph;O: No Injury;Black;Male;Passenger Car;No;No;Daylight;Rural (<30% Developed);2 lanes;2;Straight - Level;State Secondary Route;Dry;Two-Way, Not Divided;None;Four-Way Intersection;Coarse Asphalt;Coastal;Rural;40 - 45  MPH;No Control Present;Clear;No;35.87946, -77.740814
109;110;Yes;20-24;23;No;With Traffic;B: Evident Injury;Travel Lane;White;Male;Boone;Watauga;No;01/01/2003;31/03/2010;Motorist Left Turn / Merge;11;Non-Intersection;01/03/2001;01/01/2001 11:57;Motorist Left Turn - Opposite Direction;0;2010;B: Evident Injury;Institutional;50-59;52;No;0-5 mph;O: No Injury;White;Male;Light Truck (Mini-Van, Panel);No;No;Daylight;Urban (>70% Developed);4 lanes;2;Straight - Level;Local Street;Dry;Two-Way, Not Divided;None;No Special Feature;Smooth Asphalt;Mountains;Urban;20 - 25  MPH;No Control Present;Clear;No;36.21712, -81.684814
111;112;Yes;20-24;22;No;Not Applicable;B: Evident Injury;Non-Roadway;White;Male;Lumberton;Robeson;No;01/01/2006;13/03/2010;Non-Roadway;13;Non-Roadway;01/03/2001;01/01/2001 13:23;Non-Roadway;0;2010;B: Evident Injury;Commercial;25-29;28;No;0-5 mph;O: No Injury;White;Male;Light Truck (Mini-Van, Panel);No;No;Daylight;Urban (>70% Developed);NA;2;Straight - Level;Public Vehicular Area;Dry;Two-Way, Not Divided;None;No Special Feature;Coarse Asphalt;Coastal;Urban;30 - 35  MPH;No Control Present;Cloudy;No;34.63224, -79.00419
117;118;Yes;10-juin;6;No;With Traffic;C: Possible Injury;Bike Lane / Paved Shoulder;Other;Female;Hope Mills;Cumberland;No;01/01/2007;11/04/2010;Bicyclist Left Turn / Merge;14;Non-Intersection;01/04/2001;01/01/2001 14:56;Bicyclist Left Turn - Same Direction;0;2010;C: Possible Injury;Residential;50-59;52;No;31-35 mph;C: Possible Injury;Black;Male;Van;No;No;Daylight;Mixed (30% To 70% Developed);2 lanes;2;Straight - Level;State Secondary Route;Dry;Two-Way, Not Divided;None;No Special Feature;Coarse Asphalt;Coastal;Urban;40 - 45  MPH;Double Yellow Line, No Passing Zone;Clear;No;34.979275, -78.92527
125;126;No;NA;NA;Missing;With Traffic;Injury;Travel Lane;/Missing;NA;Greensboro;Guilford;No;NA;15/03/2010;Motorist Left Turn / Merge;18;Intersection;01/03/2001;01/01/2001 18:36;Motorist Left Turn - Opposite Direction;0;2010;O: No Injury;Residential;20-24;21;No;0-5 mph;O: No Injury;Other;Female;Passenger Car;No;No;Dawn;Urban (>70% Developed);2 lanes;2;Straight - Level;Local Street;Dry;Two-Way, Not Divided;None;T-Intersection;Smooth Asphalt;Piedmont;Urban;30 - 35  MPH;No Control Present;Clear;No;36.06391, -79.82904
126;127;No;30-39;30;No;With Traffic;B: Evident Injury;Travel Lane;White;Male;None - Rural Crash;Ashe;No;01/01/2002;13/04/2010;Motorist Left Turn / Merge;17;Intersection;01/04/2001;01/01/2001 17:44;Motorist Left Turn - Opposite Direction;0;2010;B: Evident Injury;Farms, Woods, Pastures;60-69;62;No;21-25 mph;O: No Injury;White;Female;Passenger Car;No;No;Daylight;Rural (<30% Developed);2 lanes;2;Curve - Level;NC Route;Dry;Two-Way, Not Divided;None;T-Intersection;Smooth Asphalt;Mountains;Rural;50 - 55  MPH;Double Yellow Line, No Passing Zone;Clear;No;36.33985, -81.540596
127;128;Yes;16-19;19;No;Not Applicable;C: Possible Injury;Travel Lane;Black;Male;Wilmington;New Hanover;No;01/01/2002;30/03/2010;Crossing Paths - Other Circumstances;11;Non-Intersection;01/03/2001;01/01/2001 11:03;Crossing Paths - Midblock - Other /;0;2010;C: Possible Injury;Commercial;NA;NA;Missing;NA;Injury;/Missing;NA;NA;No;Yes;Daylight;Urban (>70% Developed);5 lanes;2;Straight - Grade;Local Street;Dry;One-Way, Not Divided;None;No Special Feature;Smooth Asphalt;Coastal;Urban;30 - 35  MPH;No Control Present;Clear;No;34.224365, -77.94321
132;133;Yes;20-24;23;No;With Traffic;A: Disabling Injury;Bike Lane / Paved Shoulder;White;Male;Jacksonville;Onslow;No;01/01/2002;06/04/2010;Motorist Overtaking Bicyclist;6;Non-Intersection;01/04/2001;01/01/2001 06:34;Motorist Overtaking - Undetected Bicyclist;0;2010;A: Disabling Injury;Commercial;25-29;26;No;41-45 mph;O: No Injury;White;Male;Sport Utility;No;No;Daylight;Urban (>70% Developed);4 lanes;2;Straight - Level;Local Street;Dry;Two-Way, Divided, Unprotected Median;None;No Special Feature;Coarse Asphalt;Coastal;Urban;40 - 45  MPH;No Control Present;Clear;No;34.791374, -77.40635
136;137;No;10-juin;6;No;With Traffic;O: No Injury;Travel Lane;Black;Male;None - Rural Crash;New Hanover;No;01/01/2004;08/04/2010;Bicyclist Left Turn / Merge;18;Non-Intersection;01/04/2001;01/01/2001 18:33;Bicyclist Left Turn - Same Direction;0;2010;O: No Injury;Residential;60-69;62;No;0-5 mph;O: No Injury;Black;Male;Sport Utility;No;No;Daylight;Rural (<30% Developed);2 lanes;2;Straight - Level;Local Street;Dry;Two-Way, Not Divided;None;No Special Feature;Coarse Asphalt;Coastal;Rural;30 - 35  MPH;No Control Present;Clear;No;34.305534, -77.94582
137;138;Yes;15-nov;14;No;Facing Traffic;B: Evident Injury;Sidewalk / Crosswalk / Driveway Crossing;White;Female;Greensboro;Guilford;No;01/01/2002;30/03/2010;Bicyclist Failed to Yield - Sign-Controlled Intersection;18;Intersection;01/03/2001;01/01/2001 18:37;Bicyclist Ride Out - Sign-Controlled Intersection;0;2010;B: Evident Injury;Commercial;20-24;20;No;26-30 mph;O: No Injury;White;Male;Passenger Car;No;No;Daylight;Urban (>70% Developed);2 lanes;2;Straight - Level;Local Street;Dry;Two-Way, Not Divided;None;Four-Way Intersection;Coarse Asphalt;Piedmont;Urban;30 - 35  MPH;Stop And Go Signal;Clear;No;36.0523, -79.82267
148;149;Yes;50-59;54;No;With Traffic;C: Possible Injury;Travel Lane;Black;Male;Raleigh;Wake;No;01/01/2002;16/03/2010;Motorist Left Turn / Merge;15;Intersection;01/03/2001;01/01/2001 15:27;Motorist Left Turn - Opposite Direction;0;2010;C: Possible Injury;Commercial;30-39;36;No;11-15 mph;O: No Injury;Hispanic;Male;Sport Utility;No;No;Daylight;Urban (>70% Developed);9 or more lanes;2;Straight - Level;US Route;Dry;Two-Way, Divided, Unprotected Median;None;Four-Way Intersection;Smooth Asphalt;Piedmont;Urban;5 - 15 MPH;Stop And Go Signal;Cloudy;No;35.85019, -78.61044
150;151;Yes;15-nov;14;No;Not Applicable;C: Possible Injury;Travel Lane;Black;Male;Rocky Mount;Nash;No;01/01/2003;31/03/2010;Bicyclist Failed to Yield - Midblock;18;Non-Intersection;01/03/2001;01/01/2001 18:24;Bicyclist Ride Out - Midblock -;0;2010;C: Possible Injury;Residential;60-69;66;No;26-30 mph;O: No Injury;Black;Male;Passenger Car;No;No;Daylight;Urban (>70% Developed);2 lanes;2;Straight - Level;Local Street;Dry;Two-Way, Not Divided;None;No Special Feature;Smooth Asphalt;Coastal;Urban;30 - 35  MPH;No Control Present;Clear;No;35.930355, -77.81332
168;169;Yes;30-39;30;No;With Traffic;B: Evident Injury;Travel Lane;White;Male;None - Rural Crash;Buncombe;No;NA;19/04/2010;Motorist Overtaking Bicyclist;6;Non-Intersection;01/04/2001;01/01/2001 06:24;Motorist Overtaking - Other /;0;2010;B: Evident Injury;Commercial;40-49;45;No;41-45 mph;O: No Injury;White;Female;Passenger Car;No;No;Dark - Roadway Not Lighted;Urban (>70% Developed);5 lanes;2;Straight - Level;US Route;Dry;Two-Way, Not Divided;None;No Special Feature;Smooth Asphalt;Mountains;Rural;40 - 45  MPH;No Control Present;Clear;No;35.44962, -82.50889
1004;1005;Yes;16-19;18;No;Not Applicable;B: Evident Injury;Non-Roadway;Black;Male;Greensboro;Guilford;No;01/01/2007;03/08/2008;Bicyclist Failed to Yield - Midblock;19;Non-Intersection;01/08/2001;01/01/2001 18:59;Bicyclist Ride Out - Commercial Driveway / Alley;363312;2008;B: Evident Injury;Residential;20-24;21;No;NA;O: No Injury;Black;Male;NA;No;Yes;Daylight;Urban (>70% Developed);2 lanes;2;Straight - Grade;Local Street;Dry;Two-Way, Not Divided;None;Railroad Crossing;Smooth Asphalt;Piedmont;Urban;30 - 35  MPH;No Control Present;Clear;No;0.0, 0.0
2;3;No;25-29;25;No;Not Applicable;B: Evident Injury;Travel Lane;White;Male;Durham;Durham;No;01/01/2005;09/01/2009;Non-Roadway;22;Non-Roadway;NA;01/01/2001 22:36;Non-Roadway;410910;2009;B: Evident Injury;Residential;25-29;29;No;11-15 mph;O: No Injury;Hispanic;Female;Passenger Car;No;No;Dark - Lighted Roadway;Urban (>70% Developed);2 lanes;2;Straight - Bottom;Public Vehicular Area;Dry;Two-Way, Divided, Unprotected Median;None;T-Intersection;Coarse Asphalt;Piedmont;Urban;5 - 15 MPH;No Control Present;Clear;No;36.010765, -78.94343
6;7;Yes;40-49;47;No;Facing Traffic;C: Possible Injury;Travel Lane;Black;Male;Durham;Durham;No;01/01/2005;23/01/2009;Loss of Control / Turning Error;20;Intersection;NA;01/01/2001 20:21;Motorist Turning Error - Other;112113;2009;C: Possible Injury;Commercial;50-59;52;No;6-10 mph;O: No Injury;White;Female;Passenger Car;No;No;Dark - Lighted Roadway;Urban (>70% Developed);5 lanes;2;Straight - Level;Local Street;Dry;Two-Way, Not Divided;None;No Special Feature;Smooth Asphalt;Piedmont;Urban;30 - 35  MPH;Stop Sign;Clear;No;36.03635, -78.89483
7;8;Yes;25-29;26;No;With Traffic;C: Possible Injury;Travel Lane;Black;Male;None - Rural Crash;Nash;No;01/01/2007;04/01/2009;Motorist Overtaking Bicyclist;18;Non-Intersection;NA;01/01/2001 18:23;Motorist Overtaking - Other /;311239;2009;C: Possible Injury;Residential;NA;NA;Missing;41-45 mph;Injury;/Missing;NA;Passenger Car;No;Yes;Dark - Roadway Not Lighted;Rural (<30% Developed);2 lanes;2;Straight - Grade;State Secondary Route;Wet;Two-Way, Not Divided;None;No Special Feature;Smooth Asphalt;Coastal;Rural;40 - 45  MPH;Double Yellow Line, No Passing Zone;Cloudy;No;36.048836, -78.00365