FID;OBJECTID;AmbulanceR;BikeAge_Gr;Bike_Age;Bike_Alc_D;Bike_Dir;Bike_Injur;Bike_Pos;Bike_Race;Bike_Sex;City;County;CrashAlcoh;CrashDay;Crash_Date;Crash_Grp;Crash_Hour;Crash_Loc;Crash_Mont;Crash_Time;Crash_Type;Crash_Ty_1;Crash_Year;Crsh_Sevri;Developmen;DrvrAge_Gr;Drvr_Age;Drvr_Alc_D;Drvr_EstSp;Drvr_Injur;Drvr_Race;Drvr_Sex;Drvr_VehTy;ExcsSpdInd;Hit_Run;Light_Cond;Locality;Num_Lanes;Num_Units;Rd_Charact;Rd_Class;Rd_Conditi;Rd_Config;Rd_Defects;Rd_Feature;Rd_Surface;Region;Rural_Urba;Speed_Limi;Traff_Cntr;Weather;Workzone_I;Location
20;21;No;20-24;22;No;With Traffic;B: Evident Injury;Sidewalk / Crosswalk / Driveway Crossing;White;Female;Raleigh;Wake;No;NA;12/01/2009;Motorist Failed to Yield - Sign-Controlled Intersection;18;Intersection;NA;01/01/2001 18:06;Motorist Drive Out - Sign-Controlled Intersection;131141;2009;B: Evident Injury;Residential;20-24;20;No;0-5 mph;O: No Injury;White;Female;Passenger Car;No;No;Dark - Roadway Not Lighted;Urban (>70% Developed);4 lanes;2;Straight - Level;Local Street;Dry;Two-Way, Not Divided;None;T-Intersection;Smooth Asphalt;Piedmont;Urban;30 - 35  MPH;Stop Sign;Clear;No;35.77255, -78.69349
25;26;Yes;50-59;54;No;Facing Traffic;B: Evident Injury;Travel Lane;Black;Male;Carthage;Moore;No;01/01/2005;23/01/2009;Head-On;18;Non-Intersection;NA;01/01/2001 18:23;Head-On - Bicyclist;312250;2009;B: Evident Injury;Commercial;30-39;37;No;0-5 mph;O: No Injury;White;Female;Passenger Car;No;No;Dark - Lighted Roadway;Urban (>70% Developed);2 lanes;2;Straight - Grade;Local Street;Dry;Two-Way, Divided, Unprotected Median;None;No Special Feature;Coarse Asphalt;Piedmont;Rural;30 - 35  MPH;No Control Present;Clear;No;35.34109, -79.40623
27;28;Yes;20-24;21;No;With Traffic;C: Possible Injury;Travel Lane;White;Male;Charlotte;Mecklenburg;No;01/01/2005;23/01/2009;Motorist Left Turn / Merge;12;Non-Intersection;NA;01/01/2001 12:04;Motorist Left Turn - Opposite Direction;311212;2009;C: Possible Injury;Commercial;30-39;38;No;0-5 mph;O: No Injury;White;Male;Sport Utility;No;No;Daylight;Urban (>70% Developed);2 lanes;2;Straight - Level;Local Street;Dry;Two-Way, Not Divided;None;No Special Feature;Coarse Asphalt;Piedmont;Urban;30 - 35  MPH;No Control Present;Clear;No;35.199593, -80.84157
43;44;Yes;40-49;49;No;With Traffic;B: Evident Injury;Travel Lane;Black;Male;Kinston;Lenoir;No;01/01/2003;04/03/2009;Motorist Overtaking Bicyclist;15;Intersection-Related;01/03/2001;01/01/2001 15:07;Motorist Overtaking - Misjudged Space;211232;2009;B: Evident Injury;Commercial;70+;NA;No;11-15 mph;O: No Injury;White;Male;Sport Utility;No;No;Daylight;Urban (>70% Developed);2 lanes;2;Straight - Grade;Local Street;Dry;Two-Way, Not Divided;None;Four-Way Intersection;Coarse Asphalt;Coastal;Urban;30 - 35  MPH;Stop And Go Signal;Clear;No;35.262497, -77.58285
44;45;Yes;60-69;66;No;With Traffic;C: Possible Injury;Travel Lane;White;Female;None - Rural Crash;New Hanover;No;01/01/2005;13/02/2009;Motorist Failed to Yield - Sign-Controlled Intersection;16;Intersection;01/02/2001;01/01/2001 16:09;Motorist Drive Out - Sign-Controlled Intersection;111141;2009;C: Possible Injury;Residential;70+;NA;No;11-15 mph;O: No Injury;White;Male;Pickup;No;No;Daylight;Urban (>70% Developed);2 lanes;2;Straight - Level;State Secondary Route;Dry;Two-Way, Divided, Positive Median Barrier;None;No Special Feature;Coarse Asphalt;Coastal;Rural;30 - 35  MPH;No Control Present;Clear;No;34.257812, -77.87193
45;46;Yes;50-59;53;No;With Traffic;O: No Injury;Travel Lane;White;Male;Gastonia;Gaston;Yes;01/01/2005;09/01/2009;Motorist Overtaking Bicyclist;20;Non-Intersection;NA;01/01/2001 20:14;Motorist Overtaking - Other /;311239;2009;B: Evident Injury;Commercial;30-39;34;Yes;NA;B: Evident Injury;White;Male;Pedestrian;No;No;Dark - Roadway Not Lighted;Urban (>70% Developed);4 lanes;3;Straight - Level;US Route;Dry;Two-Way, Divided, Positive Median Barrier;None;No Special Feature;Smooth Asphalt;Piedmont;Urban;NA;No Control Present;Clear;No;35.30215, -81.18782
47;48;Yes;10-juin;10;No;With Traffic;O: No Injury;Travel Lane;Black;Female;Kinston;Lenoir;No;01/01/2006;07/03/2009;Motorist Overtaking Bicyclist;12;Non-Intersection;01/03/2001;01/01/2001 12:52;Motorist Overtaking - Other /;311239;2009;B: Evident Injury;Commercial;25-29;29;No;31-35 mph;B: Evident Injury;Black;Female;Motorcycle;No;No;Daylight;Urban (>70% Developed);2 lanes;2;Curve - Level;Local Street;Dry;Two-Way, Not Divided;None;T-Intersection;Smooth Asphalt;Coastal;Urban;30 - 35  MPH;No Control Present;Clear;No;35.270615, -77.5828
48;49;Yes;10-juin;9;No;With Traffic;B: Evident Injury;Travel Lane;White;Male;None - Rural Crash;Rowan;No;01/01/2006;07/03/2009;Bicyclist Overtaking Motorist;15;Non-Intersection;01/03/2001;01/01/2001 15:38;Bicyclist Overtaking - Other /;311249;2009;B: Evident Injury;Residential;30-39;38;No;0-5 mph;O: No Injury;White;Male;Van;No;No;Daylight;Mixed (30% To 70% Developed);2 lanes;2;Straight - Level;Local Street;Dry;Two-Way, Not Divided;None;No Special Feature;Smooth Asphalt;Piedmont;Rural;30 - 35  MPH;No Control Present;Clear;No;35.648693, -80.558975
58;59;No;40-49;48;No;With Traffic;C: Possible Injury;Travel Lane;White;Male;Trinity;Randolph;No;01/01/2003;11/03/2009;Crossing Paths - Other Circumstances;14;Intersection;01/03/2001;01/01/2001 14:49;Crossing Paths - Intersection - Other /;111180;2009;C: Possible Injury;Farms, Woods, Pastures;60-69;69;No;6-10 mph;O: No Injury;White;Male;Passenger Car;No;No;Daylight;Rural (<30% Developed);2 lanes;2;Straight - Level;State Secondary Route;NA;Two-Way, Not Divided;None;T-Intersection;Smooth Asphalt;Piedmont;Urban;50 - 55  MPH;Other;Clear;No;35.862953, -80.03525
61;62;Yes;50-59;55;No;With Traffic;C: Possible Injury;Travel Lane;White;Female;None - Rural Crash;Gaston;No;01/01/2007;22/03/2009;Bicyclist Left Turn / Merge;9;Intersection-Related;01/03/2001;01/01/2001 09:50;Bicyclist Left Turn - Same Direction;211221;2009;C: Possible Injury;Commercial;60-69;60;No;31-35 mph;O: No Injury;White;Female;Sport Utility;No;No;Daylight;Urban (>70% Developed);2 lanes;2;Straight - Level;NC Route;Dry;Two-Way, Not Divided;None;No Special Feature;Smooth Asphalt;Piedmont;Rural;40 - 45  MPH;No Control Present;Clear;No;35.39161, -81.009926
62;63;No;25-29;26;No;Facing Traffic;B: Evident Injury;Sidewalk / Crosswalk / Driveway Crossing;White;Male;Raleigh;Wake;No;01/01/2005;20/02/2009;Motorist Failed to Yield - Sign-Controlled Intersection;7;Intersection;01/02/2001;01/01/2001 06:59;Motorist Drive Out - Sign-Controlled Intersection;132141;2009;B: Evident Injury;Farms, Woods, Pastures;NA;NA;Missing;6-10 mph;Injury;/Missing;NA;NA;No;Yes;Daylight;Urban (>70% Developed);2 lanes;2;Straight - Level;Local Street;Dry;Two-Way, Not Divided;None;T-Intersection;Coarse Asphalt;Piedmont;Urban;30 - 35  MPH;Stop Sign;Clear;No;35.78412, -78.69532
65;66;No;40-49;43;No;With Traffic;B: Evident Injury;Travel Lane;White;Male;None - Rural Crash;Forsyth;No;NA;23/03/2009;Motorist Failed to Yield - Sign-Controlled Intersection;17;Intersection;01/03/2001;01/01/2001 16:59;Motorist Drive Out - Sign-Controlled Intersection;111141;2009;B: Evident Injury;Farms, Woods, Pastures;30-39;33;No;0-5 mph;O: No Injury;White;Male;Passenger Car;No;No;Daylight;Rural (<30% Developed);2 lanes;2;Straight - Level;State Secondary Route;Dry;Two-Way, Not Divided;None;T-Intersection;Smooth Asphalt;Piedmont;Rural;40 - 45  MPH;Stop Sign;Clear;No;36.041737, -80.09401
66;67;No;10-juin;9;No;With Traffic;B: Evident Injury;Travel Lane;Black;Male;Charlotte;Mecklenburg;No;01/01/2007;08/03/2009;Bicyclist Failed to Yield - Sign-Controlled Intersection;16;Intersection;01/03/2001;01/01/2001 16:13;Bicyclist Ride Out - Sign-Controlled Intersection;111142;2009;B: Evident Injury;Residential;30-39;37;No;21-25 mph;O: No Injury;Black;Male;Passenger Car;No;No;Daylight;Mixed (30% To 70% Developed);2 lanes;2;Straight - Grade;Local Street;Dry;Two-Way, Not Divided;None;T-Intersection;Smooth Asphalt;Piedmont;Urban;20 - 25  MPH;Stop Sign;Clear;No;35.26734, -80.92128
68;69;Yes;15-nov;13;No;Not Applicable;B: Evident Injury;Travel Lane;Black;Male;Greensboro;Guilford;No;01/01/2006;07/03/2009;Bicyclist Failed to Yield - Midblock;16;Non-Intersection;01/03/2001;01/01/2001 16:58;Bicyclist Ride Out - Other Midblock;313318;2009;B: Evident Injury;Commercial;NA;NA;Missing;36-40 mph;Injury;/Missing;NA;Passenger Car;No;Yes;Daylight;Urban (>70% Developed);7 lanes;2;Straight - Level;Local Street;Dry;Two-Way, Not Divided;None;No Special Feature;Smooth Asphalt;Piedmont;Urban;30 - 35  MPH;Stop Sign;Clear;No;36.03947, -79.85059
73;74;No;40-49;45;No;With Traffic;B: Evident Injury;Bike Lane / Paved Shoulder;White;Male;Rocky Mount;Nash;No;01/01/2006;07/02/2009;Motorist Overtaking Bicyclist;8;Non-Intersection;01/02/2001;01/01/2001 08:51;Motorist Overtaking - Other /;321239;2009;B: Evident Injury;Commercial;NA;NA;Missing;31-35 mph;Injury;/Missing;NA;NA;No;Yes;Dark - Lighted Roadway;Urban (>70% Developed);2 lanes;2;Straight - Level;US Route;Dry;Two-Way, Divided, Unprotected Median;None;No Special Feature;Coarse Asphalt;Coastal;Urban;40 - 45  MPH;No Control Present;Clear;No;35.96218, -77.82004
78;79;Yes;20-24;20;No;Not Applicable;C: Possible Injury;Non-Roadway;Black;Female;Greensboro;Guilford;No;01/01/2007;22/03/2009;Non-Roadway;19;Non-Roadway;01/03/2001;01/01/2001 19:14;Non-Roadway;460910;2009;C: Possible Injury;Commercial;20-24;20;No;NA;C: Possible Injury;Black;Female;Passenger Car;No;Yes;Daylight;Urban (>70% Developed);NA;2;Straight - Level;Public Vehicular Area;Dry;NA;None;Driveway, Public;Smooth Asphalt;Piedmont;Urban;20 - 25  MPH;No Control Present;Clear;No;36.047104, -79.79964
79;80;No;20-24;20;No;Facing Traffic;C: Possible Injury;Travel Lane;Hispanic;NA;Fayetteville;Cumberland;No;01/01/2006;21/02/2009;Motorist Failed to Yield - Sign-Controlled Intersection;22;Intersection;01/02/2001;01/01/2001 22:56;Motorist Drive Out - Sign-Controlled Intersection;112141;2009;C: Possible Injury;Commercial;20-24;20;No;6-10 mph;O: No Injury;White;Male;Passenger Car;No;No;Dark - Lighted Roadway;Urban (>70% Developed);NA;2;Straight - Level;Public Vehicular Area;Dry;Two-Way, Divided, Unprotected Median;None;No Special Feature;Coarse Asphalt;Coastal;Urban;30 - 35  MPH;Stop Sign;Clear;No;35.059456, -78.96088
87;88;No;15-nov;12;No;Facing Traffic;O: No Injury;Sidewalk / Crosswalk / Driveway Crossing;White;Male;Morehead City;Carteret;No;01/01/2006;21/03/2009;Motorist Failed to Yield - Midblock;11;Non-Intersection;01/03/2001;01/01/2001 11:31;Motorist Drive Out - Commercial Driveway / Alley;332322;2009;O: No Injury;Commercial;60-69;63;No;6-10 mph;O: No Injury;White;Female;Van;No;No;Daylight;Rural (<30% Developed);NA;2;Straight - Level;NA;Dry;Two-Way, Divided, Unprotected Median;None;No Special Feature;Smooth Asphalt;Coastal;Urban;5 - 15 MPH;No Control Present;Clear;No;34.726967, -76.76925
93;94;No;10-juin;9;No;With Traffic;C: Possible Injury;Travel Lane;White;Male;None - Rural Crash;Rockingham;No;01/01/2005;20/03/2009;Bicyclist Left Turn / Merge;17;Non-Intersection;01/03/2001;01/01/2001 17:19;Bicyclist Left Turn - Same Direction;311221;2009;C: Possible Injury;Farms, Woods, Pastures;40-49;48;No;46-50 mph;O: No Injury;White;Female;Sport Utility;No;No;Daylight;Rural (<30% Developed);2 lanes;2;Straight - Level;State Secondary Route;Dry;Two-Way, Not Divided;None;Driveway, Private;Smooth Asphalt;Piedmont;Rural;50 - 55  MPH;No Control Present;Clear;No;36.28224, -80.003395
102;103;Yes;30-39;38;No;With Traffic;A: Disabling Injury;Travel Lane;White;Male;None - Rural Crash;Forsyth;No;01/01/2005;20/03/2009;Motorist Overtaking Bicyclist;20;Non-Intersection;01/03/2001;01/01/2001 20:09;Motorist Overtaking - Other /;311239;2009;A: Disabling Injury;Farms, Woods, Pastures;30-39;38;No;41-45 mph;O: No Injury;White;Male;Passenger Car;No;No;Dusk;Mixed (30% To 70% Developed);2 lanes;2;Straight - Level;NC Route;Dry;Two-Way, Not Divided;None;No Special Feature;Smooth Asphalt;Piedmont;Rural;50 - 55  MPH;Double Yellow Line, No Passing Zone;Clear;No;36.21738, -80.285164
106;107;No;25-29;27;No;With Traffic;A: Disabling Injury;Travel Lane;White;Female;Raleigh;Wake;No;01/01/2005;03/04/2009;Bicyclist Overtaking Motorist;9;Intersection;01/04/2001;01/01/2001 09:26;Bicyclist Overtaking - Passing on Right;111241;2009;A: Disabling Injury;Institutional;NA;NA;Missing;6-10 mph;Injury;/Missing;NA;NA;No;Yes;Daylight;Urban (>70% Developed);2 lanes;2;Straight - Level;Local Street;Wet;Two-Way, Not Divided;None;No Special Feature;Smooth Asphalt;Piedmont;Urban;20 - 25  MPH;Other;Clear;No;35.786144, -78.67498
121;122;Yes;15-nov;13;No;With Traffic;A: Disabling Injury;Travel Lane;Black;Male;Wilmington;New Hanover;No;01/01/2006;18/04/2009;Bicyclist Failed to Yield - Sign-Controlled Intersection;20;Intersection;01/04/2001;01/01/2001 20:13;Bicyclist Ride Out - Sign-Controlled Intersection;111142;2009;A: Disabling Injury;Commercial;30-39;38;No;31-35 mph;O: No Injury;White;Male;Pickup;No;No;Dark - Lighted Roadway;Urban (>70% Developed);3 lanes;2;Straight - Level;US Route;Dry;One-Way, Not Divided;None;Four-Way Intersection;Coarse Asphalt;Coastal;Urban;30 - 35  MPH;Stop Sign;Clear;No;34.22664, -77.9303
123;124;No;20-24;20;No;Facing Traffic;B: Evident Injury;Sidewalk / Crosswalk / Driveway Crossing;White;Female;Raleigh;Wake;No;NA;23/03/2009;Motorist Failed to Yield - Signalized Intersection;10;Intersection;01/03/2001;01/01/2001 10:44;Motorist Drive Out - Signalized Intersection;132152;2009;B: Evident Injury;Commercial;25-29;26;No;0-5 mph;O: No Injury;White;Female;Sport Utility;No;No;Daylight;Urban (>70% Developed);4 lanes;2;Curve - Level;Local Street;Dry;Two-Way, Not Divided;None;Four-Way Intersection;Coarse Asphalt;Piedmont;Urban;40 - 45  MPH;Stop And Go Signal;Cloudy;No;35.86845, -78.61116
133;134;No;40-49;49;No;With Traffic;B: Evident Injury;Travel Lane;White;Female;Washington;Beaufort;No;01/01/2006;18/04/2009;Loss of Control / Turning Error;17;Non-Intersection;01/04/2001;01/01/2001 17:04;Bicyclist Lost Control - Other /;311129;2009;B: Evident Injury;Residential;NA;NA;Missing;0-5 mph;Injury;/Missing;NA;Motorcycle;No;No;Daylight;Urban (>70% Developed);2 lanes;2;Straight - Level;Local Street;Dry;One-Way, Not Divided;None;No Special Feature;Coarse Asphalt;Coastal;Urban;20 - 25  MPH;No Control Present;Clear;No;35.538605, -77.04727
135;136;Yes;10-juin;10;No;Not Applicable;C: Possible Injury;Travel Lane;Black;Female;None - Rural Crash;Catawba;No;01/01/2005;01/05/2009;Non-Roadway;19;Non-Roadway;01/05/2001;01/01/2001 19:41;Non-Roadway;410910;2009;C: Possible Injury;Residential;50-59;51;No;11-15 mph;O: No Injury;White;Male;Passenger Car;No;No;Daylight;Rural (<30% Developed);2 lanes;2;Straight - Grade;Public Vehicular Area;Dry;Two-Way, Not Divided;None;T-Intersection;Coarse Asphalt;Piedmont;Rural;20 - 25  MPH;No Control Present;Clear;No;35.785763, -81.19706
145;146;Yes;50-59;58;No;With Traffic;B: Evident Injury;Bike Lane / Paved Shoulder;Black;Male;Greenville;Pitt;No;01/01/2004;26/03/2009;Motorist Overtaking Bicyclist;4;Non-Intersection;01/03/2001;01/01/2001 04:58;Motorist Overtaking - Other /;321239;2009;B: Evident Injury;Residential;50-59;52;No;31-35 mph;O: No Injury;Black;Male;Passenger Car;No;No;Dark - Roadway Not Lighted;Urban (>70% Developed);3 lanes;2;Straight - Level;Local Street;Dry;Two-Way, Divided, Unprotected Median;None;No Special Feature;Smooth Asphalt;Coastal;Urban;30 - 35  MPH;No Control Present;Cloudy;No;35.629673, -77.36464
146;147;Yes;25-29;25;No;With Traffic;B: Evident Injury;Travel Lane;White;Male;Raleigh;Wake;No;01/01/2004;02/04/2009;Crossing Paths - Other Circumstances;22;Intersection;01/04/2001;01/01/2001 22:19;Sign-Controlled Intersection - Other /;111148;2009;B: Evident Injury;Commercial;40-49;47;No;21-25 mph;O: No Injury;White;Male;Passenger Car;No;No;Dark - Lighted Roadway;Urban (>70% Developed);2 lanes;2;Straight - Level;Local Street;Wet;Two-Way, Not Divided;None;T-Intersection;Smooth Asphalt;Piedmont;Urban;30 - 35  MPH;Stop Sign;Rain;No;35.791035, -78.715256
153;154;No;NA;NA;No;With Traffic;Injury;Travel Lane;Black;Male;None - Rural Crash;Northampton;No;01/01/2005;08/05/2009;Motorist Overtaking Bicyclist;19;Non-Intersection;01/05/2001;01/01/2001 19:35;Motorist Overtaking - Other /;311239;2009;O: No Injury;Farms, Woods, Pastures;20-24;21;No;51-55 mph;O: No Injury;Black;Female;Passenger Car;No;No;Daylight;Rural (<30% Developed);2 lanes;2;Straight - Level;NC Route;Dry;Two-Way, Not Divided;None;No Special Feature;Coarse Asphalt;Coastal;Rural;50 - 55  MPH;Double Yellow Line, No Passing Zone;Clear;No;36.34717, -77.2234
164;165;Yes;30-39;39;No;With Traffic;B: Evident Injury;Travel Lane;White;Male;High Point;Guilford;No;01/01/2005;01/05/2009;Motorist Overtaking Bicyclist;6;Non-Intersection;01/05/2001;01/01/2001 06:44;Motorist Overtaking - Undetected Bicyclist;311231;2009;B: Evident Injury;Residential;70+;NA;No;31-35 mph;O: No Injury;White;Male;Passenger Car;No;No;Dawn;Urban (>70% Developed);5 lanes;2;Curve - Hillcrest;NC Route;Dry;Two-Way, Not Divided;None;No Special Feature;Smooth Asphalt;Piedmont;Urban;40 - 45  MPH;No Control Present;Cloudy;No;35.982796, -80.02931
171;172;Yes;20-24;24;No;With Traffic;B: Evident Injury;Travel Lane;White;Male;Wilmington;New Hanover;Yes;01/01/2007;03/05/2009;Crossing Paths - Other Circumstances;3;Intersection;01/05/2001;01/01/2001 03:37;Signalized Intersection - Other /;111158;2009;B: Evident Injury;Commercial;20-24;24;Yes;36-40 mph;O: No Injury;White;Male;Passenger Car;No;No;Dark - Roadway Not Lighted;Urban (>70% Developed);NA;2;Straight - Level;US Route;Dry;Two-Way, Divided, Unprotected Median;None;No Special Feature;Coarse Asphalt;Coastal;Urban;40 - 45  MPH;Stop And Go Signal;Cloudy;No;34.22306, -77.882126
179;180;Yes;15-nov;12;No;Not Applicable;B: Evident Injury;Non-Roadway;Black;Male;Fayetteville;Cumberland;No;01/01/2007;10/05/2009;Bicyclist Failed to Yield - Midblock;18;Non-Intersection;01/05/2001;01/01/2001 18:39;Bicyclist Ride Out - Other Midblock;363318;2009;B: Evident Injury;Residential;50-59;54;No;21-25 mph;O: No Injury;Black;Female;Van;No;No;Daylight;Urban (>70% Developed);2 lanes;2;Straight - Level;Local Street;Dry;Two-Way, Not Divided;None;No Special Feature;Coarse Asphalt;Coastal;Urban;20 - 25  MPH;No Control Present;Clear;No;35.08139, -78.89734
185;186;Yes;15-nov;13;No;With Traffic;C: Possible Injury;Travel Lane;Hispanic;Male;None - Rural Crash;Brunswick;No;NA;25/05/2009;Bicyclist Left Turn / Merge;16;Non-Intersection;01/05/2001;01/01/2001 15:59;Bicyclist Left Turn - Same Direction;311221;2009;C: Possible Injury;Commercial;20-24;20;No;41-45 mph;O: No Injury;White;Female;Van;No;No;Daylight;Urban (>70% Developed);2 lanes;2;Straight - Level;NC Route;Dry;Two-Way, Not Divided;None;Driveway, Public;Coarse Asphalt;Coastal;Rural;40 - 45  MPH;Double Yellow Line, No Passing Zone;Cloudy;No;33.899704, -78.46291
186;187;Yes;0-5;4;No;With Traffic;B: Evident Injury;Travel Lane;Black;Male;Charlotte;Mecklenburg;No;NA;11/05/2009;Crossing Paths - Other Circumstances;16;Intersection-Related;01/05/2001;01/01/2001 16:24;Crossing Paths - Uncontrolled Intersection;211160;2009;B: Evident Injury;Residential;60-69;63;No;41-45 mph;O: No Injury;White;Male;Passenger Car;No;No;Daylight;Urban (>70% Developed);2 lanes;2;Straight - Level;Local Street;Dry;Two-Way, Not Divided;None;No Special Feature;Coarse Asphalt;Piedmont;Urban;40 - 45  MPH;No Control Present;Clear;No;35.29627, -80.83963
194;195;Yes;40-49;44;No;With Traffic;B: Evident Injury;Travel Lane;White;Male;Conover;Catawba;No;01/01/2007;31/05/2009;Motorist Overtaking Bicyclist;18;Non-Intersection;01/05/2001;01/01/2001 18:25;Motorist Overtaking - Other /;311239;2009;B: Evident Injury;Commercial;0-19;19;No;41-45 mph;O: No Injury;White;Male;Pickup;No;No;Daylight;Urban (>70% Developed);2 lanes;2;Straight - Level;Local Street;Dry;Two-Way, Not Divided;None;No Special Feature;Smooth Asphalt;Piedmont;Urban;40 - 45  MPH;No Control Present;Clear;No;35.718845, -81.19266
206;207;Yes;16-19;18;No;With Traffic;C: Possible Injury;Travel Lane;White;Male;Gastonia;Gaston;No;01/01/2003;13/05/2009;Crossing Paths - Other Circumstances;16;Intersection;01/05/2001;01/01/2001 16:21;Crossing Paths - Intersection - Other /;111180;2009;C: Possible Injury;Commercial;40-49;43;No;36-40 mph;O: No Injury;White;Male;Passenger Car;No;No;Daylight;Urban (>70% Developed);5 lanes;2;Straight - Level;State Secondary Route;Dry;Two-Way, Not Divided;None;Four-Way Intersection;Smooth Asphalt;Piedmont;Urban;40 - 45  MPH;Stop And Go Signal;Cloudy;No;35.257607, -81.20751
221;222;Yes;30-39;37;No;Not Applicable;B: Evident Injury;Non-Roadway;Hispanic;Male;Winston-Salem;Forsyth;No;01/01/2006;23/05/2009;Bicyclist Failed to Yield - Midblock;16;Non-Intersection;01/05/2001;01/01/2001 16:38;Bicyclist Ride Out - Commercial Driveway / Alley;363312;2009;B: Evident Injury;Commercial;70+;NA;No;16-20 mph;O: No Injury;White;Female;Van;No;No;Daylight;Urban (>70% Developed);2 lanes;2;Straight - Level;Local Street;Dry;Two-Way, Not Divided;None;No Special Feature;Smooth Asphalt;Piedmont;Urban;30 - 35  MPH;Double Yellow Line, No Passing Zone;Clear;No;36.157856, -80.22759
232;233;Yes;10-juin;8;No;NA;C: Possible Injury;Travel Lane;Black;Male;Goldsboro;Wayne;No;01/01/2005;22/05/2009;Other /  - Insufficient Details;19;Intersection;01/05/2001;01/01/2001 19:05;Approach Paths;119970;2009;C: Possible Injury;Residential;40-49;48;No;16-20 mph;O: No Injury;Black;Male;Sport Utility;No;No;Daylight;Urban (>70% Developed);2 lanes;2;Straight - Level;Local Street;Dry;Two-Way, Not Divided;None;T-Intersection;Coarse Asphalt;Coastal;Urban;20 - 25  MPH;Stop Sign;Clear;No;35.352257, -77.983574
233;234;Yes;10-juin;10;No;With Traffic;B: Evident Injury;Travel Lane;Black;Male;Washington;Beaufort;No;01/01/2003;27/05/2009;Bicyclist Failed to Yield - Sign-Controlled Intersection;10;Intersection;01/05/2001;01/01/2001 10:56;Bicyclist Ride Through - Sign-Controlled Intersection;111144;2009;B: Evident Injury;Residential;30-39;30;No;21-25 mph;O: No Injury;Black;Male;Van;No;No;Daylight;Urban (>70% Developed);2 lanes;2;Straight - Level;Local Street;Dry;Two-Way, Not Divided;None;Four-Way Intersection;Coarse Asphalt;Coastal;Urban;20 - 25  MPH;Stop Sign;Clear;No;35.549316, -77.05425
234;235;Yes;50-59;54;No;With Traffic;B: Evident Injury;Travel Lane;White;Male;Charlotte;Mecklenburg;No;01/01/2002;02/06/2009;Motorist Failed to Yield - Midblock;16;Non-Intersection;01/06/2001;01/01/2001 16:35;Motorist Drive Out - Midblock -;311329;2009;B: Evident Injury;Residential;40-49;42;No;0-5 mph;C: Possible Injury;White;Female;Passenger Car;No;No;Daylight;Urban (>70% Developed);2 lanes;2;Straight - Grade;Local Street;Dry;Two-Way, Not Divided;None;No Special Feature;Smooth Asphalt;Piedmont;Urban;30 - 35  MPH;Stop Sign;Clear;No;35.088364, -80.75561
240;241;No;30-39;32;No;With Traffic;Injury;Travel Lane;White;Male;Wrightsville Beach;New Hanover;No;NA;25/05/2009;Motorist Overtaking Bicyclist;17;Non-Intersection;01/05/2001;01/01/2001 16:59;Motorist Overtaking - Misjudged Space;311232;2009;Injury;Residential;NA;NA;Missing;21-25 mph;Injury;/Missing;NA;NA;No;Yes;Daylight;Urban (>70% Developed);2 lanes;2;Straight - Level;Local Street;Dry;Two-Way, Not Divided;None;No Special Feature;Smooth Asphalt;Coastal;Rural;20 - 25  MPH;No Control Present;Clear;No;34.211517, -77.79331
249;250;Yes;15-nov;12;No;Not Applicable;C: Possible Injury;Non-Roadway;Black;Male;Raleigh;Wake;Yes;NA;25/05/2009;Non-Roadway;21;Non-Roadway;01/05/2001;01/01/2001 21:58;Non-Roadway;460910;2009;C: Possible Injury;Residential;25-29;27;Yes;6-10 mph;O: No Injury;Hispanic;Male;Passenger Car;No;No;Daylight;Urban (>70% Developed);2 lanes;2;Straight - Level;Local Street;Dry;Two-Way, Not Divided;None;No Special Feature;Smooth Asphalt;Piedmont;Urban;20 - 25  MPH;No Control Present;Cloudy;No;35.83046, -78.62743
250;251;No;10-juin;8;No;With Traffic;O: No Injury;Travel Lane;/Missing;Female;Kinston;Lenoir;No;01/01/2007;03/05/2009;Motorist Overtaking Bicyclist;16;Intersection;01/05/2001;01/01/2001 16:17;Motorist Overtaking - Other /;111239;2009;O: No Injury;Farms, Woods, Pastures;NA;NA;Missing;6-10 mph;Injury;/Missing;NA;NA;No;Yes;Daylight;Mixed (30% To 70% Developed);NA;2;Straight - Level;Local Street;Water (Standing, Moving);Two-Way, Not Divided;None;Four-Way Intersection;Smooth Asphalt;Coastal;Urban;30 - 35  MPH;Stop And Go Signal;Cloudy;No;35.263527, -77.57256
255;256;Yes;15-nov;14;No;With Traffic;B: Evident Injury;Travel Lane;/Missing;Male;Newport;Carteret;No;01/01/2006;16/05/2009;Motorist Overtaking Bicyclist;4;Non-Intersection;01/05/2001;01/01/2001 04:39;Motorist Overtaking - Undetected Bicyclist;311231;2009;B: Evident Injury;Commercial;40-49;46;No;51-55 mph;O: No Injury;Black;Male;Sport Utility;No;No;Dark - Roadway Not Lighted;Mixed (30% To 70% Developed);4 lanes;3;Straight - Level;US Route;Wet;Two-Way, Divided, Unprotected Median;None;No Special Feature;Smooth Asphalt;Coastal;Rural;50 - 55  MPH;No Control Present;Rain;No;34.788948, -76.875984
263;264;Yes;30-39;38;No;With Traffic;B: Evident Injury;Travel Lane;White;Female;Elizabeth City;Pasquotank;No;01/01/2002;09/06/2009;Motorist Left Turn / Merge;11;Intersection;01/06/2001;01/01/2001 11:52;Motorist Left Turn - Opposite Direction;111212;2009;B: Evident Injury;Residential;30-39;38;No;6-10 mph;O: No Injury;Black;Female;Passenger Car;No;No;Daylight;Rural (<30% Developed);2 lanes;2;Straight - Level;Local Street;Dry;Two-Way, Divided, Unprotected Median;None;Four-Way Intersection;Grooved Concrete;Coastal;Urban;20 - 25  MPH;Stop And Go Signal;Clear;No;36.302185, -76.22327