FID;OBJECTID;AmbulanceR;BikeAge_Gr;Bike_Age;Bike_Alc_D;Bike_Dir;Bike_Injur;Bike_Pos;Bike_Race;Bike_Sex;City;County;CrashAlcoh;CrashDay;Crash_Date;Crash_Grp;Crash_Hour;Crash_Loc;Crash_Mont;Crash_Time;Crash_Type;Crash_Ty_1;Crash_Year;Crsh_Sevri;Developmen;DrvrAge_Gr;Drvr_Age;Drvr_Alc_D;Drvr_EstSp;Drvr_Injur;Drvr_Race;Drvr_Sex;Drvr_VehTy;ExcsSpdInd;Hit_Run;Light_Cond;Locality;Num_Lanes;Num_Units;Rd_Charact;Rd_Class;Rd_Conditi;Rd_Config;Rd_Defects;Rd_Feature;Rd_Surface;Region;Rural_Urba;Speed_Limi;Traff_Cntr;Weather;Workzone_I;Location
270;271;Yes;50-59;55;No;With Traffic;B: Evident Injury;Travel Lane;White;Male;Davidson;Mecklenburg;No;01/01/2005;05/06/2009;Bicyclist Overtaking Motorist;6;Non-Intersection;01/06/2001;01/01/2001 06:28;Bicyclist Overtaking - Parked Vehicle;311243;2009;B: Evident Injury;Residential;NA;NA;Missing;NA;Injury;/Missing;NA;Van;No;No;Daylight;Rural (<30% Developed);2 lanes;2;Straight - Grade;Local Street;Wet;Two-Way, Not Divided;Road Surface Condition;No Special Feature;Smooth Asphalt;Piedmont;Urban;NA;No Control Present;Clear;No;35.493023, -80.84684
272;273;Yes;50-59;52;No;Facing Traffic;C: Possible Injury;Sidewalk / Crosswalk / Driveway Crossing;Black;Male;Wilmington;New Hanover;No;01/01/2002;16/06/2009;Motorist Failed to Yield - Sign-Controlled Intersection;20;Intersection;01/06/2001;01/01/2001 20:49;Motorist Drive Out - Sign-Controlled Intersection;132141;2009;C: Possible Injury;Residential;NA;NA;Missing;11-15 mph;Injury;/Missing;NA;NA;No;Yes;Dark - Lighted Roadway;Urban (>70% Developed);5 lanes;2;Straight - Level;Local Street;Dry;One-Way, Not Divided;None;No Special Feature;Smooth Asphalt;Coastal;Urban;30 - 35  MPH;Stop Sign;Clear;No;34.228256, -77.92667
275;276;No;25-29;25;No;Not Applicable;O: No Injury;Other;Black;Male;Wilmington;New Hanover;No;01/01/2007;14/06/2009;Parallel Paths - Other Circumstances;0;Intersection;01/06/2001;01/01/2001 00:09;Parallel Paths - Other /;183280;2009;O: No Injury;Residential;30-39;39;No;11-15 mph;O: No Injury;White;Male;Police;No;No;Dark - Lighted Roadway;Urban (>70% Developed);2 lanes;2;Straight - Level;Local Street;Dry;Two-Way, Not Divided;None;Four-Way Intersection;Smooth Asphalt;Coastal;Urban;20 - 25  MPH;Stop Sign;Cloudy;No;34.241554, -77.93721
277;278;No;30-39;33;No;With Traffic;C: Possible Injury;Travel Lane;White;Male;None - Rural Crash;Wake;No;01/01/2007;21/06/2009;Bicyclist Left Turn / Merge;8;Intersection;01/06/2001;01/01/2001 08:18;Bicyclist Left Turn - Same Direction;111221;2009;C: Possible Injury;Residential;0-19;18;No;41-45 mph;O: No Injury;White;Female;Passenger Car;No;No;Daylight;Mixed (30% To 70% Developed);2 lanes;2;Straight - Level;NC Route;Dry;Two-Way, Not Divided;None;Y-Intersection;Smooth Asphalt;Piedmont;Rural;40 - 45  MPH;Double Yellow Line, No Passing Zone;Clear;No;35.969604, -78.56126
282;283;Yes;50-59;51;No;NA;B: Evident Injury;Travel Lane;Black;Male;Durham;Durham;No;NA;15/06/2009;Bicyclist Failed to Yield - Midblock;17;Non-Intersection;01/06/2001;01/01/2001 17:31;Bicyclist Ride Out - Midblock -;319319;2009;B: Evident Injury;Commercial;20-24;22;No;11-15 mph;O: No Injury;Black;Male;Passenger Car;No;No;Daylight;Urban (>70% Developed);3 lanes;2;Straight - Level;Local Street;Dry;One-Way, Not Divided;None;Y-Intersection;Smooth Asphalt;Piedmont;Urban;20 - 25  MPH;No Control Present;Clear;No;35.995087, -78.89728
285;286;Yes;40-49;45;No;With Traffic;C: Possible Injury;Bike Lane / Paved Shoulder;White;Male;Chapel Hill;Orange;No;01/01/2004;18/06/2009;Bicyclist Overtaking Motorist;17;Non-Intersection;01/06/2001;01/01/2001 17:26;Bicyclist Overtaking - Other /;321249;2009;C: Possible Injury;Farms, Woods, Pastures;NA;NA;Missing;NA;Injury;/Missing;NA;Van;No;No;Daylight;Mixed (30% To 70% Developed);2 lanes;2;Straight - Level;Local Street;Dry;Two-Way, Not Divided;None;No Special Feature;Smooth Asphalt;Piedmont;Urban;30 - 35  MPH;Double Yellow Line, No Passing Zone;Clear;No;35.931194, -79.06254
295;296;Yes;50-59;51;No;Facing Traffic;C: Possible Injury;Sidewalk / Crosswalk / Driveway Crossing;White;Female;Wilmington;New Hanover;No;01/01/2003;17/06/2009;Motorist Failed to Yield - Signalized Intersection;15;Intersection;01/06/2001;01/01/2001 15:51;Motorist Drive Out - Right Turn on Red;132151;2009;C: Possible Injury;Commercial;50-59;50;No;0-5 mph;O: No Injury;White;Female;Sport Utility;No;No;Daylight;Urban (>70% Developed);3 lanes;2;Straight - Level;Local Street;Dry;Two-Way, Not Divided;None;T-Intersection;Smooth Asphalt;Coastal;Urban;30 - 35  MPH;Stop And Go Signal;Clear;No;34.231583, -77.87965
299;300;No;16-19;16;No;With Traffic;O: No Injury;Travel Lane;White;Male;Erwin;Harnett;No;01/01/2002;23/06/2009;Motorist Overtaking Bicyclist;16;Intersection;01/06/2001;01/01/2001 15:59;Motorist Overtaking - Undetected Bicyclist;111231;2009;O: No Injury;Residential;25-29;29;No;31-35 mph;O: No Injury;White;Male;Van;No;No;Daylight;Urban (>70% Developed);NA;2;NA;NA;Dry;NA;None;No Special Feature;NA;Coastal;Rural;30 - 35  MPH;No Control Present;Clear;No;35.317974, -78.6802
303;304;Yes;25-29;26;No;With Traffic;B: Evident Injury;Travel Lane;White;Male;None - Rural Crash;Sampson;No;01/01/2002;30/06/2009;Motorist Overtaking Bicyclist;21;Non-Intersection;01/06/2001;01/01/2001 21:44;Motorist Overtaking - Other /;311239;2009;B: Evident Injury;Farms, Woods, Pastures;60-69;69;No;51-55 mph;O: No Injury;White;Male;Passenger Car;No;No;Dark - Roadway Not Lighted;Rural (<30% Developed);2 lanes;2;Curve - Level;State Secondary Route;Dry;Two-Way, Not Divided;None;No Special Feature;Smooth Asphalt;Coastal;Rural;50 - 55  MPH;Double Yellow Line, No Passing Zone;Clear;No;34.944477, -78.56627
305;306;Yes;15-nov;12;No;NA;C: Possible Injury;Travel Lane;White;Female;Garner;Wake;No;01/01/2002;16/06/2009;Other /  - Insufficient Details;19;Non-Intersection;01/06/2001;01/01/2001 19:03;Approach Paths;319970;2009;C: Possible Injury;Residential;20-24;23;No;6-10 mph;O: No Injury;Black;Female;Sport Utility;No;No;Daylight;Urban (>70% Developed);2 lanes;2;Straight - Level;Local Street;Wet;Two-Way, Not Divided;None;No Special Feature;Smooth Asphalt;Piedmont;Urban;20 - 25  MPH;No Control Present;Cloudy;No;35.710613, -78.62492
309;310;Yes;30-39;39;No;With Traffic;A: Disabling Injury;Bike Lane / Paved Shoulder;White;Male;None - Rural Crash;Union;No;01/01/2005;12/06/2009;Bicyclist Left Turn / Merge;17;Non-Intersection;01/06/2001;01/01/2001 17:03;Bicyclist Left Turn - Same Direction;321221;2009;A: Disabling Injury;Farms, Woods, Pastures;25-29;29;No;51-55 mph;O: No Injury;Black;Female;Passenger Car;No;No;Daylight;Rural (<30% Developed);2 lanes;2;Straight - Level;US Route;Dry;Two-Way, Not Divided;None;No Special Feature;Smooth Asphalt;Piedmont;Rural;50 - 55  MPH;Double Yellow Line, No Passing Zone;Clear;Yes;34.936245, -80.48663
322;323;Yes;15-nov;15;No;With Traffic;B: Evident Injury;Travel Lane;Black;Male;Raleigh;Wake;No;NA;22/06/2009;Motorist Overtaking Bicyclist;18;Non-Intersection;01/06/2001;01/01/2001 17:59;Motorist Overtaking - Misjudged Space;311232;2009;B: Evident Injury;Commercial;40-49;49;No;31-35 mph;O: No Injury;White;Male;Passenger Car;No;No;Daylight;Urban (>70% Developed);2 lanes;2;Straight - Level;Local Street;Dry;Two-Way, Not Divided;None;No Special Feature;Smooth Asphalt;Piedmont;Urban;30 - 35  MPH;No Control Present;Clear;No;35.75988, -78.637566
327;328;Yes;15-nov;14;No;With Traffic;C: Possible Injury;Travel Lane;Black;Male;Durham;Durham;No;01/01/2006;04/07/2009;Bicyclist Failed to Yield - Sign-Controlled Intersection;14;Intersection;01/07/2001;01/01/2001 14:21;Bicyclist Ride Through - Sign-Controlled Intersection;111144;2009;C: Possible Injury;Residential;20-24;22;No;26-30 mph;O: No Injury;Black;Female;Van;No;No;Daylight;Urban (>70% Developed);2 lanes;2;Straight - Level;Local Street;Dry;Two-Way, Not Divided;None;No Special Feature;Coarse Asphalt;Piedmont;Urban;30 - 35  MPH;Stop Sign;Clear;No;35.987915, -78.88871
335;336;No;15-nov;13;No;Not Applicable;C: Possible Injury;Non-Roadway;White;Male;Kinston;Lenoir;No;01/01/2007;07/06/2009;Non-Roadway;17;Non-Roadway;01/06/2001;01/01/2001 17:24;Non-Roadway;460910;2009;C: Possible Injury;Commercial;40-49;44;No;6-10 mph;O: No Injury;White;Female;Passenger Car;No;No;Daylight;Urban (>70% Developed);NA;2;Straight - Level;Local Street;Dry;Two-Way, Not Divided;None;Other;Coarse Asphalt;Coastal;Urban;NA;No Control Present;Clear;No;35.259533, -77.579994
340;341;Yes;15-nov;14;No;Facing Traffic;B: Evident Injury;Sidewalk / Crosswalk / Driveway Crossing;White;Male;Greensboro;Guilford;No;01/01/2005;03/07/2009;Motorist Failed to Yield - Signalized Intersection;14;Intersection;01/07/2001;01/01/2001 14:19;Motorist Drive Out - Right Turn on Red;132151;2009;B: Evident Injury;Commercial;30-39;32;No;6-10 mph;O: No Injury;Black;Female;Passenger Car;No;No;Daylight;Urban (>70% Developed);4 lanes;2;Straight - Level;Local Street;Dry;Two-Way, Not Divided;None;Four-Way Intersection;Smooth Asphalt;Piedmont;Urban;30 - 35  MPH;Stop And Go Signal;Clear;No;36.08651, -79.84102
342;343;No;60-69;62;No;Facing Traffic;B: Evident Injury;Travel Lane;White;Male;Charlotte;Mecklenburg;No;01/01/2002;30/06/2009;Motorist Failed to Yield - Sign-Controlled Intersection;9;Intersection;01/06/2001;01/01/2001 09:23;Motorist Drive Out - Sign-Controlled Intersection;112141;2009;B: Evident Injury;Commercial;70+;NA;No;0-5 mph;O: No Injury;White;Male;Passenger Car;No;No;Daylight;Urban (>70% Developed);7 lanes;2;Straight - Level;Local Street;Dry;Two-Way, Divided, Unprotected Median;None;No Special Feature;Smooth Asphalt;Piedmont;Urban;30 - 35  MPH;No Control Present;Clear;No;35.148678, -80.832146
350;351;No;40-49;45;No;With Traffic;B: Evident Injury;Travel Lane;Black;Male;None - Rural Crash;Johnston;No;01/01/2006;04/07/2009;Motorist Overtaking Bicyclist;14;Non-Intersection;01/07/2001;01/01/2001 14:36;Motorist Overtaking - Misjudged Space;311232;2009;B: Evident Injury;Farms, Woods, Pastures;NA;NA;No;51-55 mph;Injury;/Missing;NA;NA;No;Yes;Daylight;Rural (<30% Developed);2 lanes;2;Curve - Level;NC Route;Dry;Two-Way, Not Divided;None;No Special Feature;Coarse Asphalt;Coastal;Rural;50 - 55  MPH;Double Yellow Line, No Passing Zone;Clear;No;35.584457, -78.29122
353;354;Yes;20-24;23;No;With Traffic;C: Possible Injury;Travel Lane;White;Female;Charlotte;Mecklenburg;No;01/01/2002;07/07/2009;Motorist Right Turn / Merge;12;Non-Intersection;01/07/2001;01/01/2001 12:17;Motorist Right Turn - Same Direction;311213;2009;C: Possible Injury;Commercial;40-49;40;No;31-35 mph;O: No Injury;White;Female;Sport Utility;No;No;Daylight;Urban (>70% Developed);3 lanes;2;Straight - Level;Local Street;Dry;Two-Way, Not Divided;None;No Special Feature;Smooth Asphalt;Piedmont;Urban;30 - 35  MPH;No Control Present;Cloudy;No;35.200436, -80.84269
359;360;Yes;20-24;22;No;With Traffic;B: Evident Injury;Travel Lane;White;Male;Raleigh;Wake;Yes;01/01/2005;26/06/2009;Crossing Paths - Other Circumstances;22;Intersection;01/06/2001;01/01/2001 22:42;Crossing Paths - Intersection - Other /;111180;2009;B: Evident Injury;Commercial;25-29;25;Yes;11-15 mph;O: No Injury;White;Male;Sport Utility;No;No;Dark - Lighted Roadway;Urban (>70% Developed);6 lanes;2;Straight - Bottom;Local Street;Dry;Two-Way, Not Divided;None;Four-Way Intersection;Smooth Asphalt;Piedmont;Urban;20 - 25  MPH;Stop And Go Signal;Clear;No;35.786224, -78.64725
361;362;Yes;50-59;54;Yes;Not Applicable;B: Evident Injury;NA;Black;Male;Fayetteville;Cumberland;Yes;01/01/2006;11/07/2009;Bicyclist Failed to Yield - Midblock;0;Non-Intersection;01/07/2001;01/01/2001 00:41;Bicyclist Ride Out - Other Midblock;393318;2009;B: Evident Injury;Commercial;25-29;29;No;46-50 mph;C: Possible Injury;White;Male;Passenger Car;No;No;Dark - Lighted Roadway;Urban (>70% Developed);3 lanes;2;Straight - Level;Local Street;Dry;Two-Way, Divided, Positive Median Barrier;None;No Special Feature;Smooth Asphalt;Coastal;Urban;40 - 45  MPH;No Control Present;Clear;No;35.09943, -78.95742
363;364;Yes;40-49;41;No;With Traffic;C: Possible Injury;Travel Lane;White;Male;None - Rural Crash;Guilford;No;01/01/2007;26/07/2009;Motorist Failed to Yield - Sign-Controlled Intersection;10;Intersection;01/07/2001;01/01/2001 10:41;Motorist Drive Out - Sign-Controlled Intersection;111141;2009;C: Possible Injury;Commercial;50-59;53;No;0-5 mph;O: No Injury;Black;Female;Passenger Car;No;No;Daylight;Mixed (30% To 70% Developed);2 lanes;2;Straight - Level;State Secondary Route;Dry;Two-Way, Not Divided;None;Four-Way Intersection;Smooth Asphalt;Piedmont;Rural;40 - 45  MPH;Double Yellow Line, No Passing Zone;Clear;No;36.128033, -79.708084
365;366;No;40-49;46;No;With Traffic;B: Evident Injury;Travel Lane;Black;Male;Winston-Salem;Forsyth;No;01/01/2004;16/07/2009;Other / Unusual Circumstances;22;Non-Intersection;01/07/2001;01/01/2001 22:09;Motorist Intentionally Caused;311510;2009;B: Evident Injury;Residential;NA;NA;Missing;16-20 mph;Injury;/Missing;NA;NA;No;Yes;Dark - Lighted Roadway;Urban (>70% Developed);2 lanes;2;Straight - Grade;Local Street;Dry;Two-Way, Not Divided;None;No Special Feature;Coarse Asphalt;Piedmont;Urban;30 - 35  MPH;No Control Present;Clear;No;36.055954, -80.21675
389;390;Yes;25-29;25;No;With Traffic;B: Evident Injury;Travel Lane;White;Male;Chapel Hill;Orange;No;01/01/2006;25/07/2009;Motorist Failed to Yield - Sign-Controlled Intersection;12;Intersection;01/07/2001;01/01/2001 12:03;Motorist Drive Out - Sign-Controlled Intersection;111141;2009;B: Evident Injury;Commercial;50-59;54;No;0-5 mph;O: No Injury;Black;Male;Passenger Car;No;No;Daylight;Urban (>70% Developed);2 lanes;2;Straight - Grade;Local Street;Dry;Two-Way, Not Divided;None;T-Intersection;Smooth Asphalt;Piedmont;Urban;20 - 25  MPH;Stop Sign;Clear;No;35.91172, -79.06241
394;395;Yes;15-nov;14;No;Not Applicable;B: Evident Injury;Driveway / Alley;Other;Male;None - Rural Crash;Rockingham;No;NA;03/08/2009;Bicyclist Failed to Yield - Midblock;19;Non-Intersection;01/08/2001;01/01/2001 19:23;Bicyclist Ride Out - Residential Driveway;353311;2009;B: Evident Injury;Farms, Woods, Pastures;50-59;58;No;11-15 mph;O: No Injury;White;Female;Van;No;No;Daylight;Rural (<30% Developed);2 lanes;2;Straight - Level;State Secondary Route;Dry;Two-Way, Not Divided;None;Driveway, Private;Smooth Asphalt;Piedmont;Rural;30 - 35  MPH;No Control Present;Clear;No;36.53548, -79.75993
396;397;No;15-nov;15;No;With Traffic;O: No Injury;Travel Lane;White;Male;Whiteville;Columbus;No;NA;20/07/2009;Motorist Overtaking Bicyclist;8;Non-Intersection;01/07/2001;01/01/2001 08:29;Motorist Overtaking - Misjudged Space;311232;2009;O: No Injury;Residential;NA;NA;Missing;NA;Injury;/Missing;NA;NA;No;Yes;Daylight;Urban (>70% Developed);2 lanes;2;Straight - Hillcrest;Local Street;Wet;One-Way, Not Divided;None;No Special Feature;Coarse Asphalt;Coastal;Urban;NA;No Control Present;Cloudy;No;34.343067, -78.69071
403;404;No;30-39;30;Yes;With Traffic;O: No Injury;Sidewalk / Crosswalk / Driveway Crossing;White;Male;Raleigh;Wake;Yes;01/01/2004;25/06/2009;Motorist Failed to Yield - Signalized Intersection;17;Intersection;01/06/2001;01/01/2001 17:29;Motorist Drive Out - Signalized Intersection;131152;2009;O: No Injury;Residential;70+;NA;No;NA;O: No Injury;White;Male;Passenger Car;No;No;Daylight;Urban (>70% Developed);4 lanes;2;Straight - Level;Local Street;Dry;Two-Way, Not Divided;None;Four-Way Intersection;Coarse Asphalt;Piedmont;Urban;40 - 45  MPH;Stop And Go Signal;Clear;No;35.87316, -78.69164
408;409;No;60-69;60;No;Not Applicable;B: Evident Injury;Bike Lane / Paved Shoulder;White;Male;None - Rural Crash;Wake;No;01/01/2002;04/08/2009;Loss of Control / Turning Error;8;Non-Intersection;01/08/2001;01/01/2001 08:44;Motorist Lost Control - Other /;323139;2009;B: Evident Injury;Farms, Woods, Pastures;NA;NA;No;41-45 mph;Injury;/Missing;NA;Passenger Car;No;Yes;Daylight;Rural (<30% Developed);2 lanes;2;Straight - Level;State Secondary Route;Dry;Two-Way, Not Divided;None;No Special Feature;Smooth Asphalt;Piedmont;Rural;40 - 45  MPH;No Control Present;Clear;No;35.580185, -78.743416
420;421;Yes;25-29;28;No;With Traffic;B: Evident Injury;Travel Lane;White;Male;None - Rural Crash;Wilkes;No;01/01/2006;18/07/2009;Motorist Overtaking Bicyclist;18;Non-Intersection;01/07/2001;01/01/2001 18:44;Motorist Overtaking - Other /;311239;2009;B: Evident Injury;Residential;NA;NA;Missing;41-45 mph;Injury;/Missing;NA;NA;No;Yes;Daylight;Urban (>70% Developed);2 lanes;2;Straight - Grade;State Secondary Route;Dry;Two-Way, Divided, Unprotected Median;None;No Special Feature;Smooth Asphalt;Mountains;Rural;50 - 55  MPH;Double Yellow Line, No Passing Zone;Clear;No;36.142803, -81.102264
422;423;No;10-juin;9;No;Not Applicable;O: No Injury;Driveway / Alley;Black;Male;Durham;Durham;No;01/01/2005;07/08/2009;Bicyclist Failed to Yield - Midblock;10;Non-Intersection;01/08/2001;01/01/2001 10:08;Bicyclist Ride Out - Other Midblock;353318;2009;O: No Injury;Commercial;0-19;15;No;21-25 mph;O: No Injury;Black;Female;Sport Utility;No;No;Daylight;Urban (>70% Developed);3 lanes;2;Straight - Grade;Local Street;Dry;Two-Way, Not Divided;None;Driveway, Public;Smooth Asphalt;Piedmont;Urban;30 - 35  MPH;No Control Present;Clear;No;35.993313, -78.88606
424;425;No;40-49;48;No;With Traffic;B: Evident Injury;Travel Lane;White;Male;Wrightsville Beach;New Hanover;No;01/01/2004;06/08/2009;Motorist Right Turn / Merge;9;Non-Intersection;01/08/2001;01/01/2001 09:56;Motorist Right Turn - Same Direction;311213;2009;B: Evident Injury;Residential;30-39;34;No;11-15 mph;O: No Injury;White;Female;Van;No;No;Daylight;Urban (>70% Developed);2 lanes;2;Straight - Level;NC Route;Dry;Two-Way, Not Divided;None;Driveway, Public;Coarse Asphalt;Coastal;Rural;20 - 25  MPH;No Control Present;Clear;No;34.22708, -77.78258
426;427;Yes;50-59;59;No;With Traffic;C: Possible Injury;Travel Lane;White;Female;None - Rural Crash;Gaston;No;01/01/2007;16/08/2009;Motorist Overtaking Bicyclist;18;Non-Intersection;01/08/2001;01/01/2001 18:07;Motorist Overtaking - Misjudged Space;311232;2009;C: Possible Injury;Farms, Woods, Pastures;20-24;21;No;31-35 mph;O: No Injury;White;Female;Passenger Car;No;No;Daylight;Rural (<30% Developed);2 lanes;2;Straight - Level;State Secondary Route;Dry;Two-Way, Not Divided;None;No Special Feature;Smooth Asphalt;Piedmont;Rural;40 - 45  MPH;Double Yellow Line, No Passing Zone;Cloudy;No;35.38871, -81.00123
429;430;Yes;10-juin;7;No;Not Applicable;B: Evident Injury;Non-Roadway;White;Male;Asheville;Buncombe;No;01/01/2002;04/08/2009;Non-Roadway;18;Non-Roadway;01/08/2001;01/01/2001 18:00;Non-Roadway;460910;2009;B: Evident Injury;Residential;NA;NA;Missing;0-5 mph;Injury;/Missing;NA;Passenger Car;No;No;Daylight;Urban (>70% Developed);2 lanes;2;Straight - Level;Local Street;Wet;Two-Way, Not Divided;None;No Special Feature;Coarse Asphalt;Mountains;Urban;20 - 25  MPH;No Control Present;Rain;No;35.593704, -82.56984
662;663;No;20-24;20;No;With Traffic;C: Possible Injury;Travel Lane;White;Male;Raleigh;Wake;No;01/01/2002;20/09/2011;Crossing Paths - Other Circumstances;18;Intersection;01/09/2001;01/01/2001 18:40;Sign-Controlled Intersection - Other /;111148;2011;C: Possible Injury;Institutional;25-29;25;No;6-10 mph;O: No Injury;Black;Male;Passenger Car;No;No;Daylight;Urban (>70% Developed);3 lanes;2;Straight - Grade;Local Street;Dry;Two-Way, Not Divided;None;No Special Feature;Coarse Asphalt;Piedmont;Urban;20 - 25  MPH;Stop Sign;Clear;No;35.78699, -78.6746
663;664;Yes;15-nov;11;No;Facing Traffic;B: Evident Injury;Travel Lane;Black;Female;Raleigh;Wake;No;01/01/2003;07/09/2011;Bicyclist Failed to Yield - Sign-Controlled Intersection;17;Intersection;01/09/2001;01/01/2001 17:33;Bicyclist Ride Through - Sign-Controlled Intersection;112144;2011;B: Evident Injury;Residential;20-24;24;No;21-25 mph;O: No Injury;Black;Male;Passenger Car;No;No;Daylight;Urban (>70% Developed);4 lanes;2;Straight - Level;Local Street;Dry;Two-Way, Not Divided;None;Four-Way Intersection;Smooth Asphalt;Piedmont;Urban;20 - 25  MPH;Stop Sign;Clear;No;35.7683, -78.6029
669;670;Yes;60-69;60;No;With Traffic;C: Possible Injury;Travel Lane;White;Male;None - Rural Crash;Franklin;No;01/01/2002;13/09/2011;Motorist Overtaking Bicyclist;7;Non-Intersection;01/09/2001;01/01/2001 07:33;Motorist Overtaking - Misjudged Space;311232;2011;C: Possible Injury;Farms, Woods, Pastures;30-39;34;No;36-40 mph;O: No Injury;White;Female;Passenger Car;No;No;Daylight;Rural (<30% Developed);2 lanes;2;Straight - Grade;State Secondary Route;Dry;Two-Way, Not Divided;None;No Special Feature;Smooth Asphalt;Piedmont;Rural;50 - 55  MPH;No Control Present;Clear;No;36.07758, -78.4977
671;672;Yes;10-juin;10;No;Not Applicable;A: Disabling Injury;Driveway / Alley;Hispanic;Female;None - Rural Crash;Randolph;No;01/01/2005;30/09/2011;Bicyclist Failed to Yield - Midblock;14;Non-Intersection;01/09/2001;01/01/2001 14:06;Bicyclist Ride Out - Residential Driveway;353311;2011;A: Disabling Injury;Residential;60-69;66;No;16-20 mph;O: No Injury;White;Female;Passenger Car;No;No;Daylight;Urban (>70% Developed);2 lanes;2;Straight - Grade;State Secondary Route;Dry;Two-Way, Not Divided;None;Driveway, Private;Coarse Asphalt;Piedmont;Rural;30 - 35  MPH;No Control Present;Clear;No;35.67213, -79.8193
673;674;Yes;10-juin;9;No;Facing Traffic;B: Evident Injury;Travel Lane;Hispanic;Male;Raleigh;Wake;No;01/01/2007;02/10/2011;Parallel Paths - Other Circumstances;15;Non-Intersection;01/10/2001;01/01/2001 15:21;Parallel Paths - Other /;312280;2011;B: Evident Injury;Residential;20-24;20;No;16-20 mph;O: No Injury;Black;Male;Passenger Car;No;No;Daylight;Urban (>70% Developed);2 lanes;2;Curve - Level;Local Street;Dry;Two-Way, Not Divided;None;No Special Feature;Smooth Asphalt;Piedmont;Urban;5 - 15 MPH;No Control Present;Clear;No;35.73716, -78.5747
674;675;Yes;15-nov;15;No;Not Applicable;B: Evident Injury;Non-Roadway;White;Male;Columbia;Tyrrell;No;NA;05/09/2011;Bicyclist Failed to Yield - Midblock;18;Non-Intersection;01/09/2001;01/01/2001 18:49;Bicyclist Ride Out - Commercial Driveway / Alley;363312;2011;B: Evident Injury;Residential;60-69;66;No;11-15 mph;O: No Injury;White;Male;Pickup;No;No;Daylight;Urban (>70% Developed);2 lanes;2;Straight - Level;Local Street;Dry;Two-Way, Not Divided;None;No Special Feature;Smooth Asphalt;Coastal;Rural;20 - 25  MPH;No Control Present;Clear;No;35.91894, -76.2526
681;682;No;30-39;30;No;With Traffic;O: No Injury;Travel Lane;Black;Male;Durham;Durham;No;01/01/2003;05/10/2011;Bicyclist Failed to Yield - Signalized Intersection;10;Intersection;01/10/2001;01/01/2001 10:47;Bicyclist Ride Through - Signalized Intersection;111155;2011;O: No Injury;Commercial;30-39;32;No;31-35 mph;O: No Injury;White;Female;Passenger Car;No;No;Daylight;Urban (>70% Developed);2 lanes;2;Straight - Level;Local Street;Dry;One-Way, Not Divided;None;No Special Feature;Smooth Asphalt;Piedmont;Urban;30 - 35  MPH;Stop And Go Signal;Clear;No;36.03669, -78.8958
683;684;Yes;15-nov;15;No;With Traffic;C: Possible Injury;Sidewalk / Crosswalk / Driveway Crossing;Black;Male;Wilmington;New Hanover;No;01/01/2004;22/09/2011;Loss of Control / Turning Error;8;Intersection;01/09/2001;01/01/2001 08:01;Bicyclist Lost Control - Other /;131129;2011;C: Possible Injury;Residential;40-49;47;No;16-20 mph;O: No Injury;White;Female;Sport Utility;No;No;Daylight;Urban (>70% Developed);2 lanes;2;Straight - Level;Local Street;Dry;One-Way, Not Divided;Debris;No Special Feature;Smooth Asphalt;Coastal;Urban;30 - 35  MPH;No Control Present;Clear;No;34.23318, -77.9284
688;689;Yes;15-nov;12;No;Facing Traffic;C: Possible Injury;Sidewalk / Crosswalk / Driveway Crossing;Asian;Male;Cary;Wake;No;01/01/2004;29/09/2011;Bicyclist Failed to Yield - Signalized Intersection;7;Intersection;01/09/2001;01/01/2001 07:38;Bicyclist Ride Through - Signalized Intersection;132155;2011;C: Possible Injury;Residential;40-49;48;No;0-5 mph;O: No Injury;White;Female;Passenger Car;No;No;Daylight;Urban (>70% Developed);5 lanes;2;Straight - Bottom;State Secondary Route;Dry;Two-Way, Divided, Unprotected Median;None;Four-Way Intersection;Smooth Asphalt;Piedmont;Urban;40 - 45  MPH;Stop And Go Signal;Clear;No;35.77367, -78.846
691;692;No;NA;NA;No;Not Applicable;Injury;Sidewalk / Crosswalk / Driveway Crossing;/Missing;NA;Carolina Beach;New Hanover;No;01/01/2003;07/09/2011;Motorist Left Turn / Merge;14;Intersection;01/09/2001;01/01/2001 14:19;Motorist Left Turn - Opposite Direction;133212;2011;O: No Injury;Residential;25-29;27;No;6-10 mph;O: No Injury;White;Female;Sport Utility;No;No;Daylight;Urban (>70% Developed);3 lanes;2;Straight - Level;NA;Dry;Two-Way, Not Divided;None;No Special Feature;Smooth Asphalt;Coastal;Urban;20 - 25  MPH;Stop And Go Signal;Clear;No;34.03635, -77.8938