FID;OBJECTID;AmbulanceR;BikeAge_Gr;Bike_Age;Bike_Alc_D;Bike_Dir;Bike_Injur;Bike_Pos;Bike_Race;Bike_Sex;City;County;CrashAlcoh;CrashDay;Crash_Date;Crash_Grp;Crash_Hour;Crash_Loc;Crash_Mont;Crash_Time;Crash_Type;Crash_Ty_1;Crash_Year;Crsh_Sevri;Developmen;DrvrAge_Gr;Drvr_Age;Drvr_Alc_D;Drvr_EstSp;Drvr_Injur;Drvr_Race;Drvr_Sex;Drvr_VehTy;ExcsSpdInd;Hit_Run;Light_Cond;Locality;Num_Lanes;Num_Units;Rd_Charact;Rd_Class;Rd_Conditi;Rd_Config;Rd_Defects;Rd_Feature;Rd_Surface;Region;Rural_Urba;Speed_Limi;Traff_Cntr;Weather;Workzone_I;Location
696;697;No;20-24;22;No;Facing Traffic;B: Evident Injury;Sidewalk / Crosswalk / Driveway Crossing;Black;Female;Huntersville;Mecklenburg;No;01/01/2005;30/09/2011;Motorist Failed to Yield - Signalized Intersection;6;Intersection;01/09/2001;01/01/2001 06:18;Motorist Drive Out - Right Turn on Red;132151;2011;B: Evident Injury;Commercial;0-19;16;No;6-10 mph;O: No Injury;White;Female;Passenger Car;No;No;Dark - Roadway Not Lighted;Urban (>70% Developed);3 lanes;2;Straight - Level;Local Street;Dry;Two-Way, Divided, Positive Median Barrier;None;Four-Way Intersection;Smooth Asphalt;Piedmont;Urban;30 - 35  MPH;Stop And Go Signal;Clear;No;35.40616, -80.8659
698;699;No;25-29;26;No;With Traffic;C: Possible Injury;Travel Lane;White;Male;Wilmington;New Hanover;No;01/01/2003;05/10/2011;Motorist Failed to Yield - Midblock;13;Non-Intersection;01/10/2001;01/01/2001 13:02;Motorist Drive Out - Commercial Driveway / Alley;311322;2011;C: Possible Injury;Commercial;20-24;21;No;6-10 mph;O: No Injury;White;Female;Passenger Car;No;No;Daylight;Urban (>70% Developed);8 lanes;2;Straight - Level;NC Route;Dry;Two-Way, Divided, Unprotected Median;None;No Special Feature;Smooth Asphalt;Coastal;Urban;40 - 45  MPH;Stop And Go Signal;Clear;No;34.22983, -77.8776
699;700;Yes;16-19;19;No;With Traffic;B: Evident Injury;Sidewalk / Crosswalk / Driveway Crossing;Black;Male;Charlotte;Mecklenburg;No;01/01/2002;04/10/2011;Motorist Right Turn / Merge;17;Intersection;01/10/2001;01/01/2001 17:48;Motorist Right Turn - Same Direction;131213;2011;B: Evident Injury;Commercial;20-24;21;No;21-25 mph;O: No Injury;White;Female;Passenger Car;No;No;Daylight;Urban (>70% Developed);3 lanes;2;Straight - Level;Local Street;Dry;Two-Way, Divided, Unprotected Median;None;No Special Feature;Smooth Asphalt;Piedmont;Urban;30 - 35  MPH;Stop And Go Signal;Clear;No;35.25496, -80.8008
701;702;No;NA;NA;No;With Traffic;Injury;Travel Lane;/Missing;NA;Wilmington;New Hanover;No;NA;03/10/2011;Motorist Overtaking Bicyclist;5;Non-Intersection;01/10/2001;01/01/2001 05:02;Motorist Overtaking - Undetected Bicyclist;311231;2011;O: No Injury;Residential;30-39;33;No;41-45 mph;O: No Injury;White;Male;Pickup;No;No;Dark - Lighted Roadway;Urban (>70% Developed);4 lanes;2;Straight - Level;Local Street;Dry;Two-Way, Divided, Positive Median Barrier;None;No Special Feature;Coarse Asphalt;Coastal;Urban;40 - 45  MPH;No Control Present;Clear;No;34.24118, -77.8563
805;806;Yes;50-59;52;Yes;With Traffic;C: Possible Injury;Travel Lane;Black;Male;Burlington;Alamance;Yes;01/01/2005;12/10/2012;Loss of Control / Turning Error;20;Intersection-Related;01/10/2001;01/01/2001 20:56;Motorist Turning Error - Left Turn;NA;2012;C: Possible Injury;Residential;60-69;62;No;31-35 mph;O: No Injury;Black;Male;Passenger Car;No;No;Dark - Roadway Not Lighted;Urban (>70% Developed);2 lanes;2;Straight - Level;Local Street;Dry;Two-Way, Not Divided;None;No Special Feature;Coarse Asphalt;Piedmont;Urban;30 - 35  MPH;No Control Present;Clear;No;36.10204, -79.4318
808;809;Yes;25-29;27;No;With Traffic;B: Evident Injury;Travel Lane;White;Male;Wilmington;New Hanover;No;01/01/2003;10/10/2012;Motorist Right Turn / Merge;17;Intersection;01/10/2001;01/01/2001 17:14;Motorist Right Turn - Same Direction;NA;2012;B: Evident Injury;Commercial;NA;NA;Missing;21-25 mph;Injury;/Missing;NA;Pickup;No;Yes;Daylight;Urban (>70% Developed);4 lanes;2;Straight - Level;Local Street;Dry;One-Way, Not Divided;None;No Special Feature;Coarse Asphalt;Coastal;Urban;30 - 35  MPH;Stop And Go Signal;Clear;No;34.2255, -77.9276
809;810;Yes;30-39;33;No;Facing Traffic;B: Evident Injury;Travel Lane;White;Male;Wilmington;New Hanover;No;NA;15/10/2012;Bicyclist Failed to Yield - Sign-Controlled Intersection;11;Intersection;01/10/2001;01/01/2001 11:32;Bicyclist Ride Through - Sign-Controlled Intersection;NA;2012;B: Evident Injury;Residential;20-24;24;No;11-15 mph;O: No Injury;Black;Female;Passenger Car;No;No;Daylight;Urban (>70% Developed);8 lanes;2;Straight - Level;Local Street;Dry;Two-Way, Not Divided;None;Four-Way Intersection;Other;Coastal;Urban;20 - 25  MPH;Stop Sign;Clear;No;34.23165, -77.947
813;814;No;10-juin;9;No;NA;C: Possible Injury;NA;Hispanic;Female;Winston-Salem;Forsyth;No;01/01/2005;12/10/2012;Bicyclist Failed to Yield - Midblock;16;Non-Intersection;01/10/2001;01/01/2001 16:28;Bicyclist Ride Out - Midblock -;NA;2012;C: Possible Injury;Residential;NA;NA;Missing;NA;Injury;/Missing;NA;Passenger Car;No;Yes;Daylight;Urban (>70% Developed);2 lanes;2;Straight - Level;Local Street;Dry;Two-Way, Not Divided;None;No Special Feature;Smooth Asphalt;Piedmont;Urban;20 - 25  MPH;No Control Present;Clear;No;36.06687, -80.22
822;823;Yes;25-29;28;No;With Traffic;C: Possible Injury;Travel Lane;White;Male;Greensboro;Guilford;No;01/01/2003;24/10/2012;Motorist Left Turn / Merge;16;Intersection;01/10/2001;01/01/2001 16:58;Motorist Left Turn - Opposite Direction;NA;2012;C: Possible Injury;Commercial;60-69;68;No;0-5 mph;O: No Injury;Black;Female;Passenger Car;No;No;Daylight;Urban (>70% Developed);3 lanes;2;Straight - Hillcrest;Local Street;Dry;Two-Way, Divided, Unprotected Median;None;No Special Feature;Coarse Asphalt;Piedmont;Urban;30 - 35  MPH;Double Yellow Line, No Passing Zone;Clear;No;36.06736, -79.7906
832;833;Yes;50-59;54;No;With Traffic;C: Possible Injury;Travel Lane;Black;Male;Raleigh;Wake;No;NA;29/10/2012;Crossing Paths - Other Circumstances;6;Intersection;01/10/2001;01/01/2001 06:42;Signalized Intersection - Other /;NA;2012;C: Possible Injury;Commercial;60-69;62;No;11-15 mph;O: No Injury;White;Male;Passenger Car;No;No;Dark - Lighted Roadway;Mixed (30% To 70% Developed);3 lanes;2;Straight - Level;Local Street;Wet;One-Way, Not Divided;None;No Special Feature;Smooth Asphalt;Piedmont;Urban;30 - 35  MPH;Stop And Go Signal;Rain;No;35.7805, -78.6223
835;836;No;NA;0;No;Facing Traffic;C: Possible Injury;Sidewalk / Crosswalk / Driveway Crossing;Black;Male;Greenville;Pitt;No;01/01/2006;27/10/2012;Crossing Paths - Other Circumstances;20;Intersection;01/10/2001;01/01/2001 20:27;Signalized Intersection - Other /;NA;2012;C: Possible Injury;Commercial;NA;NA;Missing;0-5 mph;Injury;/Missing;NA;Passenger Car;No;Yes;Dark - Lighted Roadway;Urban (>70% Developed);4 lanes;2;Straight - Level;Local Street;Water (Standing, Moving);Two-Way, Divided, Unprotected Median;None;Four-Way Intersection;Coarse Asphalt;Coastal;Urban;30 - 35  MPH;Stop And Go Signal;Rain;No;35.5918, -77.3895
842;843;No;20-24;21;No;With Traffic;C: Possible Injury;Bike Lane / Paved Shoulder;White;Male;Greensboro;Guilford;No;01/01/2004;18/10/2012;Motorist Right Turn / Merge;10;Intersection;01/10/2001;01/01/2001 10:32;Motorist Right Turn - Same Direction;NA;2012;C: Possible Injury;Institutional;0-19;19;No;21-25 mph;O: No Injury;White;Female;Passenger Car;No;No;Daylight;Urban (>70% Developed);2 lanes;2;Straight - Level;Local Street;Dry;Two-Way, Divided, Positive Median Barrier;None;No Special Feature;Smooth Asphalt;Piedmont;Urban;20 - 25  MPH;Stop Sign;Clear;No;36.06528, -79.8128
844;845;Yes;50-59;50;No;With Traffic;B: Evident Injury;Travel Lane;White;Male;None - Rural Crash;Onslow;No;01/01/2004;01/11/2012;Motorist Overtaking Bicyclist;18;Non-Intersection;01/11/2001;01/01/2001 18:03;Motorist Overtaking - Other /;NA;2012;B: Evident Injury;Residential;30-39;30;No;26-30 mph;O: No Injury;Black;Male;Passenger Car;No;No;Daylight;Rural (<30% Developed);2 lanes;2;Straight - Level;State Secondary Route;Dry;Two-Way, Not Divided;None;No Special Feature;Coarse Asphalt;Coastal;Rural;30 - 35  MPH;Double Yellow Line, No Passing Zone;Clear;No;34.81627, -77.4584
848;849;Yes;40-49;46;No;Facing Traffic;B: Evident Injury;Sidewalk / Crosswalk / Driveway Crossing;White;Male;Greensboro;Guilford;No;01/01/2006;02/06/2012;Motorist Failed to Yield - Midblock;20;Non-Intersection;01/06/2001;01/01/2001 20:08;Motorist Drive Out - Commercial Driveway / Alley;NA;2012;B: Evident Injury;Commercial;NA;NA;No;6-10 mph;Injury;/Missing;NA;Passenger Car;No;Yes;Daylight;Urban (>70% Developed);NA;2;Straight - Hillcrest;Public Vehicular Area;Dry;NA;None;Driveway, Public;Coarse Asphalt;Piedmont;Urban;5 - 15 MPH;No Control Present;Clear;No;36.13156, -79.7965
873;874;No;50-59;54;No;Facing Traffic;Injury;Travel Lane;Black;Male;Gastonia;Gaston;No;01/01/2003;24/10/2012;Motorist Failed to Yield - Signalized Intersection;9;Intersection;01/10/2001;01/01/2001 09:54;Motorist Drive Out - Right Turn on Red;NA;2012;Injury;Residential;NA;NA;Missing;0-5 mph;Injury;/Missing;NA;Sport Utility;No;Yes;Daylight;Urban (>70% Developed);2 lanes;2;Straight - Level;Local Street;Dry;Two-Way, Not Divided;NA;Four-Way Intersection;Smooth Asphalt;Piedmont;Urban;30 - 35  MPH;Stop And Go Signal;Clear;No;35.27027, -81.2226
877;878;Yes;40-49;48;No;Facing Traffic;A: Disabling Injury;Travel Lane;Black;Male;Greenville;Pitt;No;01/01/2003;07/11/2012;Bicyclist Failed to Yield - Sign-Controlled Intersection;18;Intersection-Related;01/11/2001;01/01/2001 18:48;Bicyclist Ride Through - Sign-Controlled Intersection;NA;2012;A: Disabling Injury;Commercial;50-59;56;No;36-40 mph;O: No Injury;Black;Female;Van;No;No;Dark - Lighted Roadway;Urban (>70% Developed);5 lanes;2;Straight - Level;Local Street;Wet;Two-Way, Not Divided;None;No Special Feature;Coarse Asphalt;Coastal;Urban;40 - 45  MPH;No Control Present;Rain;No;35.59849, -77.3912
886;887;No;20-24;20;No;With Traffic;C: Possible Injury;Travel Lane;Black;Male;None - Rural Crash;Johnston;No;01/01/2004;08/11/2012;Loss of Control / Turning Error;11;Non-Intersection;01/11/2001;01/01/2001 11:37;Motorist Turning Error - Left Turn;NA;2012;C: Possible Injury;Residential;NA;NA;No;16-20 mph;Injury;/Missing;NA;Pickup;No;Yes;Dark - Roadway Not Lighted;Rural (<30% Developed);2 lanes;2;Straight - Level;State Secondary Route;Dry;Two-Way, Not Divided;None;T-Intersection;Coarse Asphalt;Coastal;Rural;5 - 15 MPH;Stop Sign;Clear;No;35.79345, -78.2903
890;891;Yes;50-59;59;No;With Traffic;C: Possible Injury;Travel Lane;White;Male;None - Rural Crash;Cleveland;No;NA;19/11/2012;Motorist Overtaking Bicyclist;17;Non-Intersection;01/11/2001;01/01/2001 17:10;Motorist Overtaking - Other /;NA;2012;C: Possible Injury;Farms, Woods, Pastures;50-59;55;No;51-55 mph;O: No Injury;White;Male;Pickup;No;No;Dusk;Rural (<30% Developed);9 or more lanes;2;Straight - Grade;State Secondary Route;Dry;Two-Way, Not Divided;None;No Special Feature;Smooth Asphalt;Mountains;Rural;50 - 55  MPH;Double Yellow Line, No Passing Zone;Clear;No;35.26833, -81.6386
895;896;Yes;15-nov;12;No;Facing Traffic;B: Evident Injury;Sidewalk / Crosswalk / Driveway Crossing;Black;Male;Gastonia;Gaston;Yes;01/01/2006;20/10/2012;Motorist Left Turn / Merge;19;Intersection;01/10/2001;01/01/2001 19:34;Motorist Left Turn - Same Direction;NA;2012;B: Evident Injury;Commercial;30-39;35;Yes;16-20 mph;O: No Injury;White;Female;Passenger Car;No;No;Dusk;Urban (>70% Developed);2 lanes;2;Straight - Level;Local Street;Dry;Two-Way, Not Divided;None;T-Intersection;Smooth Asphalt;Piedmont;Urban;30 - 35  MPH;Stop Sign;Clear;No;35.26226, -81.1957
896;897;Yes;25-29;29;No;Facing Traffic;B: Evident Injury;Sidewalk / Crosswalk / Driveway Crossing;White;Male;Greenville;Pitt;No;NA;19/11/2012;Motorist Failed to Yield - Sign-Controlled Intersection;20;Intersection;01/11/2001;01/01/2001 20:07;Motorist Drive Out - Sign-Controlled Intersection;NA;2012;B: Evident Injury;Residential;30-39;33;No;0-5 mph;O: No Injury;White;Female;Sport Utility;No;No;Dark - Lighted Roadway;Urban (>70% Developed);7 lanes;2;Straight - Level;Local Street;Dry;Two-Way, Not Divided;None;T-Intersection;Coarse Asphalt;Coastal;Urban;40 - 45  MPH;Stop Sign;Clear;No;35.57765, -77.3628
901;902;No;15-nov;15;No;Facing Traffic;C: Possible Injury;Travel Lane;Black;Male;Jacksonville;Onslow;No;01/01/2003;31/10/2012;Motorist Failed to Yield - Sign-Controlled Intersection;17;Intersection;01/10/2001;01/01/2001 17:04;Motorist Drive Out - Sign-Controlled Intersection;NA;2012;C: Possible Injury;Residential;40-49;47;No;11-15 mph;O: No Injury;White;Male;Passenger Car;No;No;Daylight;Urban (>70% Developed);2 lanes;2;Straight - Level;Local Street;Dry;Two-Way, Not Divided;None;No Special Feature;Smooth Asphalt;Coastal;Urban;20 - 25  MPH;Stop Sign;Clear;No;34.77942, -77.4263
925;926;Yes;20-24;22;No;With Traffic;B: Evident Injury;Travel Lane;White;Male;Fayetteville;Cumberland;No;01/01/2004;08/11/2012;Motorist Overtaking Bicyclist;7;Non-Intersection;01/11/2001;01/01/2001 07:17;Motorist Overtaking - Undetected Bicyclist;NA;2012;B: Evident Injury;Commercial;40-49;41;No;21-25 mph;O: No Injury;White;Female;Sport Utility;No;No;Daylight;Urban (>70% Developed);5 lanes;2;Straight - Hillcrest;Local Street;Dry;Two-Way, Not Divided;None;No Special Feature;Concrete;Coastal;Urban;30 - 35  MPH;No Control Present;Clear;No;35.06066, -78.9157
929;930;Yes;50-59;50;Yes;With Traffic;B: Evident Injury;NA;Black;Male;None - Rural Crash;Scotland;Yes;01/01/2004;29/11/2012;Motorist Overtaking Bicyclist;22;Non-Intersection;01/11/2001;01/01/2001 22:34;Motorist Overtaking - Other /;NA;2012;B: Evident Injury;Residential;20-24;24;No;51-55 mph;O: No Injury;White;Male;Pickup;No;No;Dark - Roadway Not Lighted;Urban (>70% Developed);2 lanes;2;Straight - Level;State Secondary Route;Dry;Two-Way, Not Divided;None;No Special Feature;Coarse Asphalt;Coastal;Rural;50 - 55  MPH;No Control Present;Clear;No;34.69047, -79.5297
934;935;No;40-49;46;No;Facing Traffic;C: Possible Injury;Travel Lane;Native American;Male;Pembroke;Robeson;No;01/01/2005;30/11/2012;Head-On;14;Intersection;01/11/2001;01/01/2001 14:49;Head-On - Bicyclist;NA;2012;C: Possible Injury;Commercial;30-39;39;No;26-30 mph;O: No Injury;Native American;Female;Passenger Car;No;No;Daylight;Urban (>70% Developed);2 lanes;2;Straight - Level;Local Street;Dry;Two-Way, Divided, Unprotected Median;None;No Special Feature;Smooth Asphalt;Coastal;Rural;30 - 35  MPH;No Control Present;Clear;No;34.68436, -79.1885
941;942;Yes;30-39;36;No;With Traffic;C: Possible Injury;Bike Lane / Paved Shoulder;White;Male;None - Rural Crash;Durham;No;01/01/2007;02/12/2012;Loss of Control / Turning Error;16;Non-Intersection;01/12/2001;01/01/2001 16:21;Motorist Lost Control - Oversteering, Improper Braking, Speed;NA;2012;C: Possible Injury;Farms, Woods, Pastures;70;70;No;41-45 mph;O: No Injury;White;Male;Pickup;No;No;Daylight;Rural (<30% Developed);2 lanes;2;Straight - Grade;NC Route;Dry;Two-Way, Not Divided;None;No Special Feature;Smooth Asphalt;Piedmont;Rural;50 - 55  MPH;Double Yellow Line, No Passing Zone;Clear;No;35.87333, -78.9484
942;943;No;25-29;27;No;Facing Traffic;B: Evident Injury;Travel Lane;White;Female;Wilmington;New Hanover;No;01/01/2007;11/11/2012;Motorist Failed to Yield - Sign-Controlled Intersection;16;Intersection;01/11/2001;01/01/2001 16:15;Motorist Drive Out - Sign-Controlled Intersection;NA;2012;B: Evident Injury;Residential;50-59;58;No;0-5 mph;O: No Injury;White;Male;Passenger Car;No;No;Daylight;Urban (>70% Developed);2 lanes;2;Straight - Level;Local Street;Dry;Two-Way, Not Divided;None;T-Intersection;Smooth Asphalt;Coastal;Urban;20 - 25  MPH;Yield Sign;Clear;No;34.22937, -77.8327
948;949;No;50-59;51;No;With Traffic;B: Evident Injury;Travel Lane;White;Male;None - Rural Crash;New Hanover;No;01/01/2004;06/12/2012;Motorist Overtaking Bicyclist;15;Non-Intersection;01/12/2001;01/01/2001 15:01;Motorist Overtaking - Other /;NA;2012;B: Evident Injury;Residential;70;70;No;41-45 mph;O: No Injury;White;Female;Passenger Car;No;No;Daylight;Mixed (30% To 70% Developed);2 lanes;2;Straight - Level;State Secondary Route;Dry;Two-Way, Not Divided;None;No Special Feature;Coarse Asphalt;Coastal;Rural;40 - 45  MPH;No Control Present;Clear;No;34.28626, -77.7728
949;950;Yes;30-39;33;No;Facing Traffic;K: Killed;Travel Lane;White;Female;Lumberton;Robeson;No;01/01/2002;04/12/2012;Motorist Failed to Yield - Sign-Controlled Intersection;18;Intersection;01/12/2001;01/01/2001 18:02;Motorist Drive Out - Sign-Controlled Intersection;NA;2012;K: Killed;Commercial;60-69;60;No;11-15 mph;O: No Injury;White;Female;Sport Utility;No;No;Dark -  Lighting;Urban (>70% Developed);6 lanes;3;Straight - Level;Local Street;Dry;Two-Way, Not Divided;None;T-Intersection;Coarse Asphalt;Coastal;Urban;30 - 35  MPH;Stop Sign;Clear;No;34.63257, -79.001
954;955;No;50-59;54;No;With Traffic;C: Possible Injury;Travel Lane;White;Male;Mooresville;Iredell;No;01/01/2005;16/11/2012;Motorist Left Turn / Merge;15;Intersection;01/11/2001;01/01/2001 15:49;Motorist Left Turn - Opposite Direction;NA;2012;C: Possible Injury;Residential;50-59;59;No;11-15 mph;O: No Injury;White;Female;Passenger Car;No;No;Daylight;Rural (<30% Developed);3 lanes;2;Straight - Level;NC Route;Dry;Two-Way, Not Divided;None;No Special Feature;Smooth Asphalt;Piedmont;Urban;30 - 35  MPH;No Control Present;Clear;No;35.58813, -80.7975
958;959;Yes;40-49;49;No;Facing Traffic;B: Evident Injury;Travel Lane;Black;Male;Lumberton;Robeson;No;01/01/2002;27/11/2012;Motorist Failed to Yield - Signalized Intersection;19;Intersection;01/11/2001;01/01/2001 19:45;Motorist Drive Out - Right Turn on Red;NA;2012;B: Evident Injury;Commercial;NA;NA;Missing;31-35 mph;Injury;/Missing;NA;NA;No;Yes;Dark - Lighted Roadway;Urban (>70% Developed);2 lanes;2;Straight - Level;Local Street;Wet;Two-Way, Not Divided;None;T-Intersection;Coarse Asphalt;Coastal;Urban;30 - 35  MPH;Stop And Go Signal;Cloudy;No;34.61424, -79.0184
980;981;Yes;50-59;54;No;Not Applicable;B: Evident Injury;Non-Roadway;Black;Male;Fayetteville;Cumberland;No;01/01/2006;01/12/2012;Bicyclist Failed to Yield - Midblock;9;Non-Intersection;01/12/2001;01/01/2001 09:54;Bicyclist Ride Out - Other Midblock;NA;2012;B: Evident Injury;Commercial;70;70;No;36-40 mph;O: No Injury;White;Male;Passenger Car;No;No;Daylight;Urban (>70% Developed);3 lanes;2;Straight - Hillcrest;Local Street;Dry;Two-Way, Divided, Unprotected Median;None;No Special Feature;Smooth Asphalt;Coastal;Urban;30 - 35  MPH;No Control Present;Clear;No;35.03034, -78.8947
987;988;No;25-29;26;No;With Traffic;B: Evident Injury;Travel Lane;White;Female;Durham;Durham;No;01/01/2007;23/12/2012;Bicyclist Failed to Yield - Signalized Intersection;15;Intersection;01/12/2001;01/01/2001 15:06;Bicyclist Ride Through - Signalized Intersection;NA;2012;B: Evident Injury;Residential;25-29;26;No;31-35 mph;O: No Injury;Black;Female;Passenger Car;No;No;Daylight;Urban (>70% Developed);3 lanes;2;Straight - Level;Local Street;Dry;Two-Way, Not Divided;None;No Special Feature;Coarse Asphalt;Piedmont;Urban;30 - 35  MPH;Stop And Go Signal;Clear;No;36.00026, -78.9077
992;993;Yes;25-29;25;No;Facing Traffic;B: Evident Injury;Sidewalk / Crosswalk / Driveway Crossing;Black;Female;Charlotte;Mecklenburg;No;01/01/2006;29/12/2012;Motorist Failed to Yield - Midblock;16;Non-Intersection;01/12/2001;01/01/2001 16:03;Motorist Drive Out - Commercial Driveway / Alley;NA;2012;B: Evident Injury;Commercial;30-39;30;No;0-5 mph;O: No Injury;Black;Female;Sport Utility;No;No;Daylight;Urban (>70% Developed);2 lanes;2;Straight - Level;Local Street;Dry;Two-Way, Not Divided;None;No Special Feature;Smooth Asphalt;Piedmont;Urban;5 - 15 MPH;Stop Sign;Cloudy;No;35.20382, -80.7533
1004;1005;Yes;16-19;18;No;With Traffic;B: Evident Injury;Sidewalk / Crosswalk / Driveway Crossing;Black;Female;Chapel Hill;Orange;No;01/01/2003;05/12/2012;Bicyclist Failed to Yield - Signalized Intersection;10;Intersection;01/12/2001;01/01/2001 10:40;Bicyclist Failed to Clear - Multiple Threat;NA;2012;B: Evident Injury;Institutional;25-29;26;No;0-5 mph;O: No Injury;White;Female;Sport Utility;No;No;Daylight;Urban (>70% Developed);3 lanes;2;Straight - Level;Local Street;Dry;Two-Way, Not Divided;None;No Special Feature;Smooth Asphalt;Piedmont;Urban;20 - 25  MPH;Stop And Go Signal;Cloudy;No;35.90852, -79.0529
1009;1010;No;40-49;45;No;Facing Traffic;C: Possible Injury;Travel Lane;White;Male;Wilson;Wilson;No;01/01/2003;26/12/2012;Crossing Paths - Other Circumstances;14;Intersection;01/12/2001;01/01/2001 14:10;Sign-Controlled Intersection - Other /;NA;2012;C: Possible Injury;Residential;30-39;33;No;0-5 mph;O: No Injury;Black;Female;Passenger Car;No;No;Daylight;Urban (>70% Developed);2 lanes;2;Straight - Level;Local Street;Wet;Two-Way, Not Divided;None;No Special Feature;Coarse Asphalt;Coastal;Urban;30 - 35  MPH;Stop Sign;Rain;No;35.71799, -77.9256
313;314;Yes;50-59;54;No;With Traffic;B: Evident Injury;Travel Lane;Black;Male;Wilson;Wilson;No;NA;07/05/2012;Motorist Failed to Yield - Sign-Controlled Intersection;23;Intersection;01/05/2001;01/01/2001 23:13;Motorist Drive Out - Sign-Controlled Intersection;NA;2012;B: Evident Injury;Residential;0-19;18;No;31-35 mph;O: No Injury;White;Female;Passenger Car;No;No;Dark - Roadway Not Lighted;Mixed (30% To 70% Developed);2 lanes;2;Straight - Level;Local Street;Dry;Two-Way, Not Divided;None;No Special Feature;Coarse Asphalt;Coastal;Urban;30 - 35  MPH;Stop Sign;Cloudy;No;35.71613, -77.9194
329;330;Yes;40-49;44;No;Facing Traffic;B: Evident Injury;Sidewalk / Crosswalk / Driveway Crossing;Hispanic;Male;Charlotte;Mecklenburg;No;01/01/2004;31/05/2012;Head-On;11;Intersection;01/05/2001;01/01/2001 11:24;Head-On - Bicyclist;NA;2012;B: Evident Injury;Residential;70;70;No;31-35 mph;O: No Injury;White;Male;Passenger Car;No;No;Daylight;Urban (>70% Developed);5 lanes;2;Straight - Grade;Local Street;Dry;Two-Way, Divided, Positive Median Barrier;None;Four-Way Intersection;Smooth Asphalt;Piedmont;Urban;30 - 35  MPH;Stop And Go Signal;Clear;No;35.09655, -80.8597
334;335;No;NA;0;Missing;With Traffic;Injury;Travel Lane;/Missing;NA;Fayetteville;Cumberland;No;01/01/2003;09/05/2012;Bicyclist Failed to Yield - Sign-Controlled Intersection;15;Intersection;01/05/2001;01/01/2001 15:31;Bicyclist Ride Through - Sign-Controlled Intersection;NA;2012;O: No Injury;Residential;25-29;28;No;26-30 mph;O: No Injury;White;Female;Sport Utility;No;No;Daylight;Mixed (30% To 70% Developed);4 lanes;2;Straight - Level;Local Street;Wet;Two-Way, Not Divided;None;No Special Feature;Smooth Asphalt;Coastal;Urban;20 - 25  MPH;Stop Sign;Rain;No;35.02514, -78.9647
350;351;Yes;10-juin;7;No;NA;B: Evident Injury;NA;White;Female;Asheboro;Randolph;No;01/01/2003;30/05/2012;Bicyclist Failed to Yield - Midblock;20;Non-Intersection;01/05/2001;01/01/2001 20:34;Bicyclist Ride Out - Midblock -;NA;2012;B: Evident Injury;Residential;NA;NA;Missing;NA;Injury;/Missing;NA;Passenger Car;No;Yes;Daylight;Urban (>70% Developed);2 lanes;2;Straight - Bottom;State Secondary Route;Dry;Two-Way, Not Divided;None;No Special Feature;Smooth Asphalt;Piedmont;Urban;30 - 35  MPH;No Control Present;Clear;No;35.71642, -79.8077
357;358;No;20-24;23;No;With Traffic;B: Evident Injury;Travel Lane;White;Male;Cary;Wake;No;01/01/2004;24/05/2012;Bicyclist Overtaking Motorist;19;Intersection;01/05/2001;01/01/2001 18:59;Bicyclist Overtaking - Passing on Right;NA;2012;B: Evident Injury;Residential;NA;NA;Missing;6-10 mph;Injury;/Missing;NA;Passenger Car;No;Yes;Daylight;Urban (>70% Developed);4 lanes;2;Straight - Level;State Secondary Route;Dry;Two-Way, Divided, Unprotected Median;None;Four-Way Intersection;Smooth Asphalt;Piedmont;Urban;40 - 45  MPH;Stop And Go Signal;Other;No;35.81891, -78.9023
361;362;No;60-69;66;No;With Traffic;C: Possible Injury;Travel Lane;White;Male;None - Rural Crash;Guilford;No;01/01/2005;08/06/2012;Loss of Control / Turning Error;13;Intersection;01/06/2001;01/01/2001 13:49;Bicyclist Turning Error - Left Turn;NA;2012;C: Possible Injury;Farms, Woods, Pastures;50-59;51;No;0-5 mph;O: No Injury;White;Female;Passenger Car;No;No;Daylight;Rural (<30% Developed);2 lanes;2;Straight - Grade;State Secondary Route;Dry;Two-Way, Not Divided;None;T-Intersection;Coarse Asphalt;Piedmont;Rural;40 - 45  MPH;Stop Sign;Clear;No;36.07593, -79.9952
362;363;Yes;20-24;20;No;With Traffic;B: Evident Injury;Travel Lane;White;Male;Kitty Hawk;Dare;No;NA;04/06/2012;Motorist Overtaking Bicyclist;18;Non-Intersection;01/06/2001;01/01/2001 18:11;Motorist Overtaking - Bicyclist Swerved;NA;2012;B: Evident Injury;Residential;30-39;31;No;31-35 mph;O: No Injury;White;Male;Passenger Car;No;No;Daylight;Mixed (30% To 70% Developed);2 lanes;2;Straight - Level;NC Route;Dry;Two-Way, Not Divided;None;No Special Feature;Smooth Asphalt;Coastal;Rural;30 - 35  MPH;No Control Present;Clear;No;36.06457, -75.7066
365;366;Yes;30-39;39;No;Facing Traffic;C: Possible Injury;Sidewalk / Crosswalk / Driveway Crossing;Black;Male;Wilmington;New Hanover;No;01/01/2002;29/05/2012;Motorist Failed to Yield - Midblock;17;Non-Intersection;01/05/2001;01/01/2001 17:15;Motorist Drive Out - Commercial Driveway / Alley;NA;2012;C: Possible Injury;Commercial;20-24;24;No;0-5 mph;O: No Injury;White;Female;Sport Utility;No;No;Daylight;Urban (>70% Developed);3 lanes;2;Straight - Level;Public Vehicular Area;Dry;Two-Way, Not Divided;None;No Special Feature;Coarse Asphalt;Coastal;Urban;20 - 25  MPH;No Control Present;Clear;No;34.23097, -77.8781