FID;OBJECTID;AmbulanceR;BikeAge_Gr;Bike_Age;Bike_Alc_D;Bike_Dir;Bike_Injur;Bike_Pos;Bike_Race;Bike_Sex;City;County;CrashAlcoh;CrashDay;Crash_Date;Crash_Grp;Crash_Hour;Crash_Loc;Crash_Mont;Crash_Time;Crash_Type;Crash_Ty_1;Crash_Year;Crsh_Sevri;Developmen;DrvrAge_Gr;Drvr_Age;Drvr_Alc_D;Drvr_EstSp;Drvr_Injur;Drvr_Race;Drvr_Sex;Drvr_VehTy;ExcsSpdInd;Hit_Run;Light_Cond;Locality;Num_Lanes;Num_Units;Rd_Charact;Rd_Class;Rd_Conditi;Rd_Config;Rd_Defects;Rd_Feature;Rd_Surface;Region;Rural_Urba;Speed_Limi;Traff_Cntr;Weather;Workzone_I;Location
384;385;Yes;15-nov;12;No;With Traffic;B: Evident Injury;Travel Lane;White;Male;None - Rural Crash;Gaston;No;NA;18/06/2012;Bicyclist Left Turn / Merge;19;Non-Intersection;01/06/2001;01/01/2001 19:42;Bicyclist Left Turn - Same Direction;NA;2012;B: Evident Injury;Residential;30-39;30;No;41-45 mph;O: No Injury;White;Male;Van;No;No;Dusk;Rural (<30% Developed);2 lanes;2;Straight - Level;NC Route;Dry;Two-Way, Not Divided;None;No Special Feature;Smooth Asphalt;Piedmont;Rural;40 - 45  MPH;Double Yellow Line, No Passing Zone;Clear;No;35.33229, -81.3201
394;395;Yes;16-19;16;No;With Traffic;B: Evident Injury;Travel Lane;Black;Male;None - Rural Crash;Lenoir;No;01/01/2003;20/06/2012;Motorist Overtaking Bicyclist;13;Non-Intersection;01/06/2001;01/01/2001 13:54;Motorist Overtaking - Bicyclist Swerved;NA;2012;B: Evident Injury;Residential;40-49;48;No;41-45 mph;O: No Injury;Black;Female;Passenger Car;No;No;Daylight;Rural (<30% Developed);2 lanes;2;Straight - Level;State Secondary Route;Dry;Two-Way, Not Divided;None;No Special Feature;Coarse Asphalt;Coastal;Rural;40 - 45  MPH;No Control Present;Clear;No;35.28947, -77.5274
400;401;Yes;20-24;24;Yes;With Traffic;B: Evident Injury;Travel Lane;Hispanic;Male;Charlotte;Mecklenburg;Yes;01/01/2006;23/06/2012;Loss of Control / Turning Error;13;Non-Intersection;01/06/2001;01/01/2001 13:06;Bicylist Lost Control - Alcohol / Drug Impairment;NA;2012;B: Evident Injury;Commercial;50-59;51;No;11-15 mph;O: No Injury;White;Male;Passenger Car;No;No;Daylight;Urban (>70% Developed);4 lanes;2;Straight - Level;Local Street;Dry;Two-Way, Divided, Unprotected Median;None;No Special Feature;Smooth Asphalt;Piedmont;Urban;40 - 45  MPH;No Control Present;Clear;No;35.21856, -80.7807
402;403;Yes;20-24;21;No;Facing Traffic;C: Possible Injury;Travel Lane;Other;Male;Archdale;Randolph;No;01/01/2004;14/06/2012;Bicyclist Failed to Yield - Signalized Intersection;20;Intersection;01/06/2001;01/01/2001 20:55;Bicyclist Ride Through - Signalized Intersection;NA;2012;C: Possible Injury;Commercial;0-19;16;No;11-15 mph;O: No Injury;White;Female;Passenger Car;No;No;Dusk;Urban (>70% Developed);5 lanes;2;Straight - Level;Local Street;Dry;Two-Way, Not Divided;None;Four-Way Intersection;Smooth Asphalt;Piedmont;Urban;30 - 35  MPH;Stop And Go Signal;Clear;No;35.89992, -79.9465
411;412;Yes;16-19;17;No;With Traffic;B: Evident Injury;Travel Lane;White;Male;Mooresville;Iredell;No;01/01/2002;19/06/2012;Bicyclist Failed to Yield - Sign-Controlled Intersection;14;Intersection;01/06/2001;01/01/2001 14:30;Bicyclist Ride Through - Sign-Controlled Intersection;NA;2012;B: Evident Injury;Commercial;70;70;No;16-20 mph;O: No Injury;White;Female;Sport Utility;No;No;Daylight;Urban (>70% Developed);2 lanes;2;Straight - Grade;Local Street;Dry;Two-Way, Not Divided;None;T-Intersection;Smooth Asphalt;Piedmont;Urban;30 - 35  MPH;Stop Sign;Clear;No;35.58269, -80.8101
415;416;Yes;25-29;29;No;Facing Traffic;C: Possible Injury;Sidewalk / Crosswalk / Driveway Crossing;Black;Male;None - Rural Crash;Brunswick;No;01/01/2002;26/06/2012;Motorist Failed to Yield - Midblock;14;Non-Intersection;01/06/2001;01/01/2001 14:51;Motorist Drive Out - Commercial Driveway / Alley;NA;2012;C: Possible Injury;Commercial;25-29;26;No;11-15 mph;O: No Injury;White;Male;Pickup;No;No;Daylight;Urban (>70% Developed);3 lanes;2;Straight - Level;NC Route;Dry;Two-Way, Not Divided;None;Driveway, Public;Coarse Asphalt;Coastal;Rural;5 - 15 MPH;No Control Present;Clear;No;33.95162, -78.0455
421;422;Yes;16-19;17;No;Not Applicable;B: Evident Injury;Driveway / Alley;White;Male;None - Rural Crash;Transylvania;No;NA;02/07/2012;Bicyclist Failed to Yield - Midblock;15;Non-Intersection;01/07/2001;01/01/2001 15:03;Bicyclist Ride Out - Residential Driveway;NA;2012;B: Evident Injury;Farms, Woods, Pastures;0-19;17;No;36-40 mph;O: No Injury;White;Male;Pickup;No;No;Daylight;Rural (<30% Developed);2 lanes;2;Curve - Level;State Secondary Route;Dry;Two-Way, Not Divided;None;No Special Feature;Smooth Asphalt;Mountains;Rural;40 - 45  MPH;Double Yellow Line, No Passing Zone;Clear;No;35.22394, -82.7044
424;425;Yes;16-19;16;No;With Traffic;C: Possible Injury;Travel Lane;White;Male;Durham;Durham;No;01/01/2006;30/06/2012;Motorist Overtaking Bicyclist;12;Non-Intersection;01/06/2001;01/01/2001 12:08;Motorist Overtaking - Other /;NA;2012;C: Possible Injury;Residential;NA;NA;Missing;0-5 mph;Injury;/Missing;NA;Heavy Truck;No;Yes;Daylight;Urban (>70% Developed);2 lanes;2;Straight - Level;Local Street;Dry;One-Way, Not Divided;None;No Special Feature;Smooth Asphalt;Piedmont;Urban;30 - 35  MPH;No Control Present;Clear;No;35.97554, -78.9738
427;428;No;15-nov;15;No;With Traffic;B: Evident Injury;Sidewalk / Crosswalk / Driveway Crossing;Native American;Male;Hickory;Catawba;No;01/01/2004;28/06/2012;Parallel Paths - Other Circumstances;11;Non-Intersection;01/06/2001;01/01/2001 11:04;Bicyclist Ride Out - Parallel Path;NA;2012;B: Evident Injury;Commercial;NA;NA;Missing;16-20 mph;Injury;/Missing;NA;NA;No;Yes;Daylight;Urban (>70% Developed);3 lanes;2;Straight - Level;Local Street;Dry;Two-Way, Not Divided;None;No Special Feature;Coarse Asphalt;Piedmont;Urban;30 - 35  MPH;No Control Present;Clear;No;35.75398, -81.3433
429;430;No;10-juin;10;No;Not Applicable;C: Possible Injury;Driveway / Alley;White;Male;Charlotte;Mecklenburg;No;01/01/2003;27/06/2012;Bicyclist Failed to Yield - Midblock;18;Non-Intersection;01/06/2001;01/01/2001 18:52;Bicyclist Ride Out - Residential Driveway;NA;2012;C: Possible Injury;Residential;30-39;30;No;16-20 mph;O: No Injury;White;Male;Sport Utility;No;No;Dusk;Urban (>70% Developed);2 lanes;2;Straight - Hillcrest;Local Street;Dry;Two-Way, Not Divided;None;Driveway, Public;Smooth Asphalt;Piedmont;Urban;20 - 25  MPH;No Control Present;Clear;No;35.19533, -80.8695
431;432;Yes;30-39;32;No;With Traffic;B: Evident Injury;Travel Lane;White;Male;None - Rural Crash;Lee;No;01/01/2007;01/07/2012;Motorist Overtaking Bicyclist;18;Non-Intersection;01/07/2001;01/01/2001 18:09;Motorist Overtaking - Other /;NA;2012;B: Evident Injury;Farms, Woods, Pastures;NA;NA;Missing;21-25 mph;Injury;/Missing;NA;Passenger Car;No;Yes;Daylight;Mixed (30% To 70% Developed);1 lane;2;Straight - Grade;Local Street;Dry;One-Way, Not Divided;None;No Special Feature;Smooth Asphalt;Piedmont;Rural;20 - 25  MPH;No Control Present;Clear;No;35.41533, -79.1102
432;433;Yes;30-39;37;No;With Traffic;C: Possible Injury;Travel Lane;Hispanic;Male;None - Rural Crash;Hyde;No;01/01/2003;04/07/2012;Motorist Overtaking Bicyclist;21;Non-Intersection;01/07/2001;01/01/2001 21:19;Motorist Overtaking - Misjudged Space;NA;2012;C: Possible Injury;Commercial;20-24;20;No;6-10 mph;O: No Injury;White;Male;Pickup;No;No;Dark - Lighted Roadway;Urban (>70% Developed);2 lanes;2;Straight - Level;NC Route;Dry;Two-Way, Not Divided;None;No Special Feature;Coarse Asphalt;Coastal;Rural;20 - 25  MPH;Double Yellow Line, No Passing Zone;Clear;No;35.1148, -75.9841
434;435;No;30-39;30;No;With Traffic;O: No Injury;Travel Lane;White;Male;Cornelius;Mecklenburg;No;01/01/2007;17/06/2012;Loss of Control / Turning Error;12;Intersection;01/06/2001;01/01/2001 12:08;Bicyclist Lost Control - Mechanical Problems;NA;2012;O: No Injury;Commercial;60-69;62;No;NA;O: No Injury;White;Male;Passenger Car;No;No;Daylight;Urban (>70% Developed);2 lanes;2;Straight - Level;Private Road, Driveway;Dry;Two-Way, Not Divided;None;T-Intersection;Coarse Asphalt;Piedmont;Urban;30 - 35  MPH;Stop Sign;Clear;No;35.47189, -80.8917
441;442;Yes;50-59;57;No;With Traffic;C: Possible Injury;Bike Lane / Paved Shoulder;White;Male;None - Rural Crash;Dare;No;01/01/2004;28/06/2012;Loss of Control / Turning Error;9;Non-Intersection;01/06/2001;01/01/2001 09:48;Motorist Lost Control - Other /;NA;2012;C: Possible Injury;Farms, Woods, Pastures;30-39;33;No;51-55 mph;O: No Injury;White;Male;Sport Utility;No;No;Daylight;Rural (<30% Developed);2 lanes;2;Straight - Level;NC Route;Dry;Two-Way, Not Divided;None;No Special Feature;Coarse Asphalt;Coastal;Rural;50 - 55  MPH;No Control Present;Clear;No;35.35359, -75.5031
443;444;No;16-19;17;No;With Traffic;Injury;Travel Lane;White;Male;Waxhaw;Union;No;01/01/2002;26/06/2012;Motorist Overtaking Bicyclist;16;Non-Intersection;01/06/2001;01/01/2001 16:51;Motorist Overtaking - Bicyclist Swerved;NA;2012;C: Possible Injury;Commercial;25-29;25;No;41-45 mph;C: Possible Injury;White;Male;Sport Utility;No;No;Daylight;Mixed (30% To 70% Developed);2 lanes;2;Curve - Grade;State Secondary Route;Dry;Two-Way, Divided, Unprotected Median;None;No Special Feature;Coarse Asphalt;Piedmont;Rural;40 - 45  MPH;Double Yellow Line, No Passing Zone;Clear;No;34.96158, -80.7446
444;445;No;30-39;39;No;With Traffic;B: Evident Injury;Travel Lane;White;Male;Wilmington;New Hanover;No;01/01/2005;29/06/2012;Motorist Left Turn / Merge;14;Intersection;01/06/2001;01/01/2001 14:51;Motorist Left Turn - Opposite Direction;NA;2012;B: Evident Injury;Commercial;0-19;18;No;NA;O: No Injury;White;Male;Passenger Car;No;No;Daylight;Urban (>70% Developed);2 lanes;2;Straight - Level;Local Street;Dry;Two-Way, Not Divided;None;No Special Feature;Smooth Asphalt;Coastal;Urban;NA;Stop And Go Signal;Clear;No;34.22328, -77.8822
446;447;No;10-juin;8;No;With Traffic;B: Evident Injury;Travel Lane;/Missing;Female;Williamston;Martin;No;01/01/2002;26/06/2012;Bicyclist Failed to Yield - Sign-Controlled Intersection;15;Intersection;01/06/2001;01/01/2001 15:09;Bicyclist Ride Through - Sign-Controlled Intersection;NA;2012;B: Evident Injury;Residential;60-69;61;No;21-25 mph;O: No Injury;Black;Female;Passenger Car;No;No;Daylight;Urban (>70% Developed);1 lane;2;Straight - Grade;Local Street;Dry;Two-Way, Not Divided;None;Four-Way Intersection;Grooved Concrete;Coastal;Urban;20 - 25  MPH;Stop Sign;Clear;No;35.8514, -77.0524
447;448;Yes;25-29;26;No;Facing Traffic;B: Evident Injury;Sidewalk / Crosswalk / Driveway Crossing;White;Female;Wilmington;New Hanover;No;01/01/2005;29/06/2012;Motorist Failed to Yield - Midblock;17;Non-Intersection;01/06/2001;01/01/2001 17:25;Motorist Drive Out - Commercial Driveway / Alley;NA;2012;B: Evident Injury;Commercial;40-49;42;No;0-5 mph;O: No Injury;White;Female;Sport Utility;No;No;Daylight;Urban (>70% Developed);2 lanes;2;Straight - Level;Local Street;Dry;One-Way, Not Divided;None;Related To Intersection;Smooth Asphalt;Coastal;Urban;5 - 15 MPH;No Control Present;Clear;No;34.23129, -77.8792
451;452;Yes;40-49;45;Yes;With Traffic;K: Killed;Travel Lane;Black;Female;None - Rural Crash;Washington;Yes;01/01/2007;08/07/2012;Motorist Overtaking Bicyclist;22;Non-Intersection;01/07/2001;01/01/2001 22:35;Motorist Overtaking - Bicyclist Swerved;NA;2012;K: Killed;Residential;30-39;30;No;41-45 mph;O: No Injury;White;Male;Pickup;No;No;Dark - Roadway Not Lighted;Rural (<30% Developed);2 lanes;2;Straight - Level;State Secondary Route;Dry;Two-Way, Not Divided;None;No Special Feature;Smooth Asphalt;Coastal;Rural;40 - 45  MPH;Double Yellow Line, No Passing Zone;Clear;No;35.86333, -76.7444
456;457;Yes;40-49;44;No;With Traffic;A: Disabling Injury;Travel Lane;White;Male;None - Rural Crash;Iredell;No;01/01/2006;07/07/2012;Motorist Overtaking Bicyclist;9;Non-Intersection;01/07/2001;01/01/2001 09:47;Motorist Overtaking - Other /;NA;2012;A: Disabling Injury;Farms, Woods, Pastures;30-39;38;No;51-55 mph;O: No Injury;White;Male;Passenger Car;No;No;Daylight;Rural (<30% Developed);2 lanes;2;Straight - Hillcrest;State Secondary Route;Dry;Two-Way, Not Divided;None;Driveway, Public;Coarse Asphalt;Piedmont;Rural;50 - 55  MPH;Double Yellow Line, No Passing Zone;Clear;No;35.84294, -80.8863
462;463;Yes;30-39;30;No;NA;B: Evident Injury;Sidewalk / Crosswalk / Driveway Crossing;White;Male;Beaufort;Carteret;No;NA;09/07/2012;Parallel Paths - Other Circumstances;15;Intersection-Related;01/07/2001;01/01/2001 15:54;Bicyclist Ride Out - Parallel Path;NA;2012;B: Evident Injury;Residential;25-29;27;No;6-10 mph;O: No Injury;Black;Male;Sport Utility;No;No;Daylight;Urban (>70% Developed);2 lanes;2;Straight - Level;Local Street;Dry;Two-Way, Not Divided;None;No Special Feature;Smooth Asphalt;Coastal;Rural;20 - 25  MPH;Stop Sign;Clear;No;34.72192, -76.662
468;469;Yes;15-nov;14;No;With Traffic;B: Evident Injury;Travel Lane;Black;Male;None - Rural Crash;Pitt;No;NA;16/07/2012;Bicyclist Left Turn / Merge;21;Intersection;01/07/2001;01/01/2001 21:42;Bicyclist Left Turn - Same Direction;NA;2012;B: Evident Injury;Residential;20-24;24;No;36-40 mph;O: No Injury;Hispanic;Female;Van;No;No;Dark - Roadway Not Lighted;Mixed (30% To 70% Developed);2 lanes;2;Curve - Level;State Secondary Route;Dry;Two-Way, Not Divided;None;T-Intersection;Smooth Asphalt;Coastal;Rural;40 - 45  MPH;Double Yellow Line, No Passing Zone;Clear;No;35.56864, -77.1862
472;473;Yes;25-29;28;Yes;With Traffic;B: Evident Injury;Travel Lane;Black;Male;Durham;Durham;Yes;01/01/2007;15/07/2012;Loss of Control / Turning Error;11;Intersection;01/07/2001;01/01/2001 11:47;Bicyclist Turning Error - Right Turn;NA;2012;B: Evident Injury;Residential;30-39;37;No;31-35 mph;O: No Injury;Hispanic;Male;Sport Utility;No;No;Daylight;Urban (>70% Developed);2 lanes;2;Straight - Grade;Local Street;Dry;Two-Way, Not Divided;None;Four-Way Intersection;Smooth Asphalt;Piedmont;Urban;30 - 35  MPH;Stop Sign;Clear;No;35.99065, -78.8706
478;479;No;10-juin;8;No;Facing Traffic;C: Possible Injury;Travel Lane;White;Female;None - Rural Crash;Caldwell;No;01/01/2002;17/07/2012;Bicyclist Failed to Yield - Sign-Controlled Intersection;10;Intersection;01/07/2001;01/01/2001 10:40;Bicyclist Ride Through - Sign-Controlled Intersection;NA;2012;C: Possible Injury;Residential;70;70;No;11-15 mph;O: No Injury;White;Female;Pickup;No;No;Daylight;Urban (>70% Developed);2 lanes;2;Straight - Level;Local Street;Dry;Two-Way, Not Divided;None;T-Intersection;Smooth Asphalt;Mountains;Rural;20 - 25  MPH;Stop Sign;Cloudy;No;35.85406, -81.5361
480;481;Yes;70;0;No;With Traffic;K: Killed;Travel Lane;White;Male;None - Rural Crash;Stokes;No;01/01/2005;22/06/2012;Motorist Overtaking Bicyclist;8;Non-Intersection;01/06/2001;01/01/2001 08:12;Motorist Overtaking - Other /;NA;2012;K: Killed;Farms, Woods, Pastures;50-59;58;No;51-55 mph;O: No Injury;White;Male;Pickup;No;No;Daylight;Mixed (30% To 70% Developed);2 lanes;2;Straight - Level;State Secondary Route;Dry;Two-Way, Not Divided;None;No Special Feature;Smooth Asphalt;Piedmont;Rural;50 - 55  MPH;Double Yellow Line, No Passing Zone;Clear;No;36.36227, -80.4267
485;486;Yes;60-69;62;No;With Traffic;C: Possible Injury;Travel Lane;White;Female;None - Rural Crash;Alleghany;No;NA;23/07/2012;Motorist Overtaking Bicyclist;8;Non-Intersection;01/07/2001;01/01/2001 08:09;Motorist Overtaking - Other /;NA;2012;C: Possible Injury;Farms, Woods, Pastures;30-39;37;No;46-50 mph;O: No Injury;White;Male;Pickup;No;No;Daylight;Rural (<30% Developed);2 lanes;2;Curve - Level;NC Route;Dry;Two-Way, Not Divided;None;No Special Feature;Smooth Asphalt;Mountains;Rural;50 - 55  MPH;Double Yellow Line, No Passing Zone;Clear;No;36.55505, -80.9153
494;495;Yes;50-59;51;No;Not Applicable;B: Evident Injury;Driveway / Alley;Hispanic;Male;Midland;Cabarrus;No;01/01/2002;24/07/2012;Motorist Failed to Yield - Midblock;18;Non-Intersection;01/07/2001;01/01/2001 18:56;Motorist Drive Out - Residential Driveway;NA;2012;B: Evident Injury;Residential;0-19;17;No;0-5 mph;O: No Injury;White;Female;Passenger Car;No;No;Daylight;Rural (<30% Developed);2 lanes;2;Straight - Level;State Secondary Route;Dry;Two-Way, Not Divided;None;Driveway, Private;Coarse Asphalt;Piedmont;Rural;40 - 45  MPH;No Control Present;Cloudy;No;35.23492, -80.5692
495;496;Yes;40-49;46;No;With Traffic;B: Evident Injury;Travel Lane;Black;Male;Weddington;Union;No;01/01/2002;24/07/2012;Motorist Overtaking Bicyclist;20;Non-Intersection;01/07/2001;01/01/2001 20:08;Motorist Overtaking - Other /;NA;2012;B: Evident Injury;Residential;20-24;23;No;16-20 mph;O: No Injury;White;Male;Passenger Car;No;No;Daylight;Mixed (30% To 70% Developed);2 lanes;2;Straight - Level;State Secondary Route;Dry;Two-Way, Not Divided;None;No Special Feature;Smooth Asphalt;Piedmont;Urban;40 - 45  MPH;No Control Present;Clear;Yes;35.00074, -80.7187
496;497;Yes;15-nov;15;No;With Traffic;C: Possible Injury;Travel Lane;White;Male;Cherokee Reservation;Swain;No;01/01/2002;24/07/2012;Motorist Overtaking Bicyclist;18;Non-Intersection;01/07/2001;01/01/2001 18:38;Motorist Overtaking - Bicyclist Swerved;NA;2012;C: Possible Injury;Commercial;0-19;18;No;31-35 mph;O: No Injury;Native American;Female;Passenger Car;No;No;Daylight;Mixed (30% To 70% Developed);2 lanes;2;Straight - Level;Local Street;Dry;Two-Way, Not Divided;None;No Special Feature;Smooth Asphalt;Mountains;Rural;30 - 35  MPH;No Control Present;Clear;No;35.53195, -83.2851
502;503;Yes;20-24;20;No;With Traffic;C: Possible Injury;Travel Lane;Black;Male;Charlotte;Mecklenburg;No;01/01/2004;21/06/2012;Crossing Paths - Other Circumstances;12;Intersection;01/06/2001;01/01/2001 12:10;Crossing Paths - Intersection - Other /;NA;2012;C: Possible Injury;Commercial;20-24;22;No;16-20 mph;O: No Injury;Black;Female;Passenger Car;No;No;Daylight;Urban (>70% Developed);2 lanes;2;Straight - Level;Local Street;Dry;Two-Way, Not Divided;None;No Special Feature;Smooth Asphalt;Piedmont;Urban;20 - 25  MPH;No Control Present;Clear;No;35.23227, -80.8248
505;506;Yes;20-24;23;No;Facing Traffic;C: Possible Injury;Sidewalk / Crosswalk / Driveway Crossing;Black;Male;Charlotte;Mecklenburg;No;01/01/2002;17/07/2012;Crossing Paths - Other Circumstances;14;Intersection;01/07/2001;01/01/2001 14:27;Sign-Controlled Intersection - Other /;NA;2012;C: Possible Injury;Residential;70;70;No;NA;O: No Injury;White;Female;Passenger Car;No;No;Daylight;Urban (>70% Developed);2 lanes;2;Straight - Level;Local Street;Dry;Two-Way, Not Divided;None;Four-Way Intersection;Smooth Asphalt;Piedmont;Urban;20 - 25  MPH;Stop Sign;Clear;No;35.21308, -80.7661
506;507;Yes;25-29;28;No;With Traffic;A: Disabling Injury;Travel Lane;White;Male;None - Rural Crash;Carteret;No;01/01/2003;25/07/2012;Bicyclist Failed to Yield - Signalized Intersection;14;Intersection;01/07/2001;01/01/2001 14:04;Bicyclist Ride Through - Signalized Intersection;NA;2012;A: Disabling Injury;Commercial;50-59;52;No;51-55 mph;O: No Injury;White;Female;Sport Utility;No;No;Daylight;Mixed (30% To 70% Developed);4 lanes;2;Straight - Level;US Route;Dry;Two-Way, Divided, Unprotected Median;None;Four-Way Intersection;Smooth Asphalt;Coastal;Rural;50 - 55  MPH;Stop And Go Signal;Clear;No;34.78921, -76.8761
518;519;No;60-69;65;No;Facing Traffic;O: No Injury;Bike Lane / Paved Shoulder;White;Male;Havelock;Craven;No;01/01/2006;30/06/2012;Motorist Failed to Yield - Midblock;11;Non-Intersection;01/06/2001;01/01/2001 11:22;Motorist Drive Out - Commercial Driveway / Alley;NA;2012;O: No Injury;Commercial;25-29;26;No;0-5 mph;O: No Injury;White;Female;Passenger Car;No;No;Daylight;Mixed (30% To 70% Developed);4 lanes;2;Straight - Level;US Route;Dry;Two-Way, Divided, Unprotected Median;None;Driveway, Public;Smooth Asphalt;Coastal;Urban;40 - 45  MPH;No Control Present;Clear;No;34.86166, -76.8976
537;538;Yes;40-49;48;No;Not Applicable;C: Possible Injury;Non-Roadway;Black;Male;Charlotte;Mecklenburg;No;01/01/2007;15/07/2012;Non-Roadway;16;Non-Roadway;01/07/2001;01/01/2001 16:16;Non-Roadway;NA;2012;C: Possible Injury;Residential;NA;NA;Missing;NA;Injury;/Missing;NA;Passenger Car;No;No;Daylight;Urban (>70% Developed);1 lane;2;Straight - Level;Public Vehicular Area;Dry;One-Way, Not Divided;None;Driveway, Private;Sand;Piedmont;Urban;30 - 35  MPH;No Control Present;Clear;No;35.23001, -80.8157
538;539;Yes;20-24;22;No;Facing Traffic;B: Evident Injury;Travel Lane;White;Female;None - Rural Crash;Buncombe;Yes;01/01/2005;03/08/2012;Head-On;15;Non-Intersection;01/08/2001;01/01/2001 15:00;Head-On - Bicyclist;NA;2012;B: Evident Injury;Institutional;20-24;23;Yes;11-15 mph;O: No Injury;White;Female;Sport Utility;No;No;Daylight;Mixed (30% To 70% Developed);2 lanes;2;Curve - Grade;Public Vehicular Area;Dry;Two-Way, Not Divided;None;Driveway, Public;Smooth Asphalt;Mountains;Rural;NA;No Control Present;Clear;No;35.61207, -82.4417
539;540;No;50-59;55;No;With Traffic;C: Possible Injury;Travel Lane;White;Male;None - Rural Crash;Catawba;No;01/01/2002;07/08/2012;Motorist Overtaking Bicyclist;8;Non-Intersection;01/08/2001;01/01/2001 08:54;Motorist Overtaking - Other /;NA;2012;C: Possible Injury;Farms, Woods, Pastures;40-49;41;No;41-45 mph;O: No Injury;White;Female;Passenger Car;No;No;Daylight;Mixed (30% To 70% Developed);2 lanes;2;Curve - Grade;State Secondary Route;Dry;Two-Way, Not Divided;None;No Special Feature;Smooth Asphalt;Piedmont;Rural;40 - 45  MPH;Double Yellow Line, No Passing Zone;Cloudy;No;35.66461, -81.2927
540;541;Yes;15-nov;11;No;With Traffic;B: Evident Injury;Travel Lane;Black;Male;Hendersonville;Henderson;No;01/01/2007;29/07/2012;Loss of Control / Turning Error;17;Intersection;01/07/2001;01/01/2001 17:02;Bicyclist Lost Control - Mechanical Problems;NA;2012;B: Evident Injury;Residential;NA;NA;Missing;31-35 mph;Injury;/Missing;NA;NA;No;Yes;Daylight;Urban (>70% Developed);2 lanes;2;Straight - Grade;Local Street;Dry;Two-Way, Not Divided;None;Related To Intersection;Coarse Asphalt;Mountains;Urban;30 - 35  MPH;No Control Present;Clear;No;35.32903, -82.4726
541;542;Yes;NA;0;No;Facing Traffic;C: Possible Injury;Sidewalk / Crosswalk / Driveway Crossing;White;Male;Mooresville;Iredell;No;01/01/2003;01/08/2012;Motorist Failed to Yield - Midblock;16;Non-Intersection;01/08/2001;01/01/2001 16:16;Motorist Drive Out - Commercial Driveway / Alley;NA;2012;C: Possible Injury;Commercial;30-39;39;No;NA;O: No Injury;White;Male;Light Truck (Mini-Van, Panel);No;No;Daylight;Urban (>70% Developed);8 lanes;2;Straight - Grade;Local Street;Dry;Two-Way, Divided, Positive Median Barrier;None;No Special Feature;Coarse Asphalt;Piedmont;Urban;40 - 45  MPH;No Control Present;Clear;No;35.5807, -80.8818
544;545;Yes;40-49;45;Missing;Facing Traffic;B: Evident Injury;Sidewalk / Crosswalk / Driveway Crossing;White;Female;Charlotte;Mecklenburg;No;NA;06/08/2012;Motorist Failed to Yield - Sign-Controlled Intersection;8;Intersection;01/08/2001;01/01/2001 08:45;Motorist Drive Out - Sign-Controlled Intersection;NA;2012;B: Evident Injury;Residential;60-69;65;No;0-5 mph;O: No Injury;White;Male;Passenger Car;No;No;Daylight;Urban (>70% Developed);6 lanes;2;Straight - Level;Local Street;Dry;Two-Way, Not Divided;None;T-Intersection;Smooth Asphalt;Piedmont;Urban;40 - 45  MPH;Stop Sign;Clear;No;35.15884, -80.7893
545;546;Yes;15-nov;12;No;With Traffic;C: Possible Injury;Travel Lane;Black;Male;None - Rural Crash;Cumberland;No;01/01/2007;05/08/2012;Motorist Overtaking Bicyclist;14;Non-Intersection;01/08/2001;01/01/2001 14:53;Motorist Overtaking - Bicyclist Swerved;NA;2012;C: Possible Injury;Residential;0-19;17;No;41-45 mph;O: No Injury;White;Male;Passenger Car;No;No;Daylight;Mixed (30% To 70% Developed);2 lanes;2;Straight - Level;State Secondary Route;Dry;Two-Way, Not Divided;None;No Special Feature;Coarse Asphalt;Coastal;Rural;40 - 45  MPH;Double Yellow Line, No Passing Zone;Clear;No;34.99553, -78.9653
551;552;Yes;50-59;51;No;With Traffic;B: Evident Injury;Travel Lane;White;Male;None - Rural Crash;Iredell;No;01/01/2007;12/08/2012;Motorist Overtaking Bicyclist;12;Non-Intersection;01/08/2001;01/01/2001 12:15;Motorist Overtaking - Other /;NA;2012;B: Evident Injury;Residential;70;70;No;26-30 mph;O: No Injury;White;Male;Passenger Car;No;No;Daylight;Mixed (30% To 70% Developed);2 lanes;2;Curve - Level;State Secondary Route;Dry;Two-Way, Not Divided;None;No Special Feature;Coarse Asphalt;Piedmont;Rural;50 - 55  MPH;Double Yellow Line, No Passing Zone;Clear;No;35.78908, -81.0088
561;562;Yes;20-24;21;No;With Traffic;C: Possible Injury;Travel Lane;Hispanic;Male;None - Rural Crash;Franklin;No;01/01/2002;14/08/2012;Motorist Overtaking Bicyclist;10;Non-Intersection;01/08/2001;01/01/2001 10:28;Motorist Overtaking - Other /;NA;2012;B: Evident Injury;Residential;0-19;19;No;51-55 mph;O: No Injury;White;Female;Passenger Car;No;No;Daylight;Rural (<30% Developed);2 lanes;3;Straight - Grade;US Route;Dry;Two-Way, Not Divided;None;No Special Feature;Smooth Asphalt;Piedmont;Rural;50 - 55  MPH;Double Yellow Line, No Passing Zone;Clear;No;35.99438, -78.3697