FID;OBJECTID;AmbulanceR;BikeAge_Gr;Bike_Age;Bike_Alc_D;Bike_Dir;Bike_Injur;Bike_Pos;Bike_Race;Bike_Sex;City;County;CrashAlcoh;CrashDay;Crash_Date;Crash_Grp;Crash_Hour;Crash_Loc;Crash_Mont;Crash_Time;Crash_Type;Crash_Ty_1;Crash_Year;Crsh_Sevri;Developmen;DrvrAge_Gr;Drvr_Age;Drvr_Alc_D;Drvr_EstSp;Drvr_Injur;Drvr_Race;Drvr_Sex;Drvr_VehTy;ExcsSpdInd;Hit_Run;Light_Cond;Locality;Num_Lanes;Num_Units;Rd_Charact;Rd_Class;Rd_Conditi;Rd_Config;Rd_Defects;Rd_Feature;Rd_Surface;Region;Rural_Urba;Speed_Limi;Traff_Cntr;Weather;Workzone_I;Location
570;571;No;NA;0;Missing;Not Applicable;Injury;Non-Roadway;/Missing;NA;Durham;Durham;No;01/01/2003;15/08/2012;Non-Roadway;15;Non-Roadway;01/08/2001;01/01/2001 15:22;Non-Roadway;NA;2012;O: No Injury;Commercial;30-39;34;No;0-5 mph;O: No Injury;Black;Female;Sport Utility;No;No;Daylight;Urban (>70% Developed);NA;2;Straight - Level;Public Vehicular Area;Dry;Two-Way, Not Divided;None;No Special Feature;Smooth Asphalt;Piedmont;Urban;5 - 15 MPH;No Control Present;Clear;No;35.99324, -78.8688
574;575;No;20-24;20;No;With Traffic;C: Possible Injury;Travel Lane;Hispanic;Male;Monroe;Union;No;01/01/2005;10/08/2012;Motorist Failed to Yield - Sign-Controlled Intersection;0;Intersection;01/08/2001;01/01/2001 00:20;Motorist Drive Out - Sign-Controlled Intersection;NA;2012;C: Possible Injury;Commercial;50-59;56;No;16-20 mph;O: No Injury;White;Male;Passenger Car;No;No;Dark -  Lighting;Mixed (30% To 70% Developed);2 lanes;2;Straight - Bottom;Local Street;Wet;Two-Way, Not Divided;None;Four-Way Intersection;Smooth Asphalt;Piedmont;Urban;20 - 25  MPH;Stop Sign;Cloudy;No;34.98989, -80.5586
578;579;No;25-29;25;No;With Traffic;C: Possible Injury;Travel Lane;White;Male;Asheville;Buncombe;No;01/01/2005;10/08/2012;Motorist Failed to Yield - Sign-Controlled Intersection;9;Intersection;01/08/2001;01/01/2001 09:51;Motorist Drive Out - Sign-Controlled Intersection;NA;2012;C: Possible Injury;Commercial;30-39;30;No;0-5 mph;O: No Injury;White;Male;Passenger Car;No;No;Dark -  Lighting;Urban (>70% Developed);2 lanes;2;Straight - Level;Local Street;Dry;Two-Way, Not Divided;None;No Special Feature;Smooth Asphalt;Mountains;Urban;30 - 35  MPH;Stop Sign;Clear;No;35.56909, -82.5444
581;582;Yes;15-nov;14;No;Facing Traffic;C: Possible Injury;Multi-use Path;White;Male;Nags Head;Dare;No;01/01/2004;26/07/2012;Motorist Failed to Yield - Midblock;21;Non-Intersection;01/07/2001;01/01/2001 21:53;Motorist Drive Out - Commercial Driveway / Alley;NA;2012;C: Possible Injury;Commercial;60-69;61;No;6-10 mph;O: No Injury;White;Male;Passenger Car;No;No;Dark - Roadway Not Lighted;Urban (>70% Developed);NA;2;Straight - Level;Public Vehicular Area;Dry;Two-Way, Not Divided;None;Driveway, Public;Smooth Asphalt;Coastal;Rural;5 - 15 MPH;No Control Present;Clear;No;35.97764, -75.6355
582;583;Yes;50-59;55;No;With Traffic;O: No Injury;Travel Lane;Black;Male;Salisbury;Rowan;No;01/01/2005;17/08/2012;Crossing Paths - Other Circumstances;16;Intersection-Related;01/08/2001;01/01/2001 16:28;Crossing Paths - Intersection - Other /;NA;2012;O: No Injury;Residential;50-59;53;No;6-10 mph;O: No Injury;White;Male;Passenger Car;No;No;Daylight;Urban (>70% Developed);2 lanes;2;Straight - Level;Local Street;Wet;Two-Way, Not Divided;None;T-Intersection;Smooth Asphalt;Piedmont;Urban;30 - 35  MPH;Stop Sign;Rain;No;35.67276, -80.4719
662;663;Yes;30-39;37;No;Facing Traffic;A: Disabling Injury;Travel Lane;Black;Male;Goldsboro;Wayne;No;01/01/2003;20/08/2008;Motorist Failed to Yield - Sign-Controlled Intersection;23;Intersection;01/08/2001;01/01/2001 23:25;Motorist Drive Through - Sign-Controlled Intersection;112143;2008;A: Disabling Injury;Commercial;0-19;19;No;NA;Injury;/Missing;NA;Passenger Car;No;Yes;Dark - Lighted Roadway;Urban (>70% Developed);4 lanes;2;Straight - Level;Local Street;Dry;Two-Way, Divided, Unprotected Median;None;T-Intersection;Coarse Asphalt;Coastal;Urban;30 - 35  MPH;Stop Sign;Clear;No;0.0, 0.0
666;667;Yes;15-nov;15;No;Facing Traffic;C: Possible Injury;Sidewalk / Crosswalk / Driveway Crossing;Black;Male;Charlotte;Mecklenburg;No;01/01/2002;16/09/2008;Motorist Failed to Yield - Midblock;10;Non-Intersection;01/09/2001;01/01/2001 10:51;Motorist Drive Out - Commercial Driveway / Alley;332322;2008;C: Possible Injury;Commercial;60-69;60;No;0-5 mph;O: No Injury;White;Male;Van;No;No;Daylight;Urban (>70% Developed);NA;2;Straight - Level;Public Vehicular Area;Wet;Two-Way, Not Divided;None;Driveway, Public;Concrete;Piedmont;Urban;5 - 15 MPH;No Control Present;Rain;No;0.0, 0.0
668;669;Yes;50-59;52;No;With Traffic;B: Evident Injury;Travel Lane;Black;Male;None - Rural Crash;Cleveland;No;01/01/2003;27/08/2008;Motorist Overtaking Bicyclist;11;Non-Intersection;01/08/2001;01/01/2001 11:51;Motorist Overtaking - Misjudged Space;311232;2008;B: Evident Injury;Residential;60-69;62;No;31-35 mph;O: No Injury;White;Female;Sport Utility;No;No;Daylight;Mixed (30% To 70% Developed);2 lanes;2;Straight - Level;State Secondary Route;Wet;Two-Way, Not Divided;None;No Special Feature;Smooth Asphalt;Mountains;Rural;50 - 55  MPH;Missing;Rain;No;0.0, 0.0
673;674;Yes;NA;NA;No;With Traffic;B: Evident Injury;Bike Lane / Paved Shoulder;White;Male;None - Rural Crash;Gaston;No;NA;18/08/2008;Parallel Paths - Other Circumstances;14;Non-Intersection;01/08/2001;01/01/2001 14:08;Bicyclist Ride Out - Parallel Path;321225;2008;B: Evident Injury;Residential;30-39;33;No;36-40 mph;O: No Injury;White;Male;Sport Utility;No;No;Daylight;Rural (<30% Developed);2 lanes;2;Curve - Level;State Secondary Route;Dry;Two-Way, Not Divided;None;T-Intersection;Smooth Asphalt;Piedmont;Rural;40 - 45  MPH;No Control Present;Cloudy;No;0.0, 0.0
675;676;Yes;16-19;18;No;Facing Traffic;C: Possible Injury;Sidewalk / Crosswalk / Driveway Crossing;White;Female;Boone;Watauga;No;01/01/2004;28/08/2008;Motorist Failed to Yield - Sign-Controlled Intersection;19;Intersection;01/08/2001;01/01/2001 19:44;Motorist Drive Out - Sign-Controlled Intersection;132141;2008;C: Possible Injury;Commercial;20-24;21;No;NA;O: No Injury;White;Male;Passenger Car;No;No;Daylight;Urban (>70% Developed);2 lanes;2;Straight - Level;Local Street;Dry;Two-Way, Not Divided;None;T-Intersection;Smooth Asphalt;Mountains;Urban;20 - 25  MPH;Stop Sign;Clear;No;0.0, 0.0
682;683;No;15-nov;13;No;Not Applicable;B: Evident Injury;Non-Roadway;White;Male;None - Rural Crash;Pasquotank;No;01/01/2002;02/09/2008;Bicyclist Failed to Yield - Midblock;17;Non-Intersection;01/09/2001;01/01/2001 17:01;Bicyclist Ride Out - Other Midblock;363318;2008;B: Evident Injury;Commercial;0-19;17;No;51-55 mph;O: No Injury;Black;Male;Passenger Car;No;No;Daylight;Mixed (30% To 70% Developed);4 lanes;2;Straight - Level;US Route;Dry;Two-Way, Divided, Unprotected Median;None;No Special Feature;Coarse Asphalt;Coastal;Rural;50 - 55  MPH;No Control Present;Clear;No;0.0, 0.0
684;685;Yes;30-39;37;No;With Traffic;C: Possible Injury;Bike Lane / Paved Shoulder;Black;Male;Kinston;Lenoir;No;NA;22/09/2008;Motorist Overtaking Bicyclist;5;Non-Intersection;01/09/2001;01/01/2001 05:53;Motorist Overtaking - Undetected Bicyclist;321231;2008;C: Possible Injury;Commercial;NA;NA;Missing;NA;Injury;/Missing;NA;Tractor/Semi-Trailer;No;Yes;Dark - Lighted Roadway;Urban (>70% Developed);6 lanes;2;Straight - Level;US Route;Dry;Two-Way, Divided, Unprotected Median;None;No Special Feature;Smooth Asphalt;Coastal;Urban;40 - 45  MPH;No Control Present;Clear;No;0.0, 0.0
690;691;Yes;15-nov;14;No;Facing Traffic;B: Evident Injury;Travel Lane;Black;Male;Fayetteville;Cumberland;No;01/01/2004;22/05/2008;Loss of Control / Turning Error;17;Intersection;01/05/2001;01/01/2001 17:31;Bicyclist Lost Control - Mechanical Problems;112121;2008;B: Evident Injury;Residential;40-49;49;No;0-5 mph;O: No Injury;Asian;Male;Pickup;No;No;Daylight;Urban (>70% Developed);8 lanes;2;Straight - Level;Local Street;Dry;Two-Way, Not Divided;None;Four-Way Intersection;Coarse Asphalt;Coastal;Urban;30 - 35  MPH;Stop Sign;Clear;No;0.0, 0.0
694;695;Yes;15-nov;12;No;With Traffic;C: Possible Injury;Sidewalk / Crosswalk / Driveway Crossing;Black;Male;Chapel Hill;Orange;No;01/01/2003;03/09/2008;Bicyclist Failed to Yield - Signalized Intersection;17;Intersection;01/09/2001;01/01/2001 17:15;Bicyclist Failed to Clear - Trapped;131156;2008;C: Possible Injury;Commercial;20-24;22;No;0-5 mph;O: No Injury;White;Female;Passenger Car;No;No;Daylight;Urban (>70% Developed);4 lanes;2;Straight - Level;Local Street;Dry;Two-Way, Divided, Unprotected Median;None;Four-Way Intersection;Smooth Asphalt;Piedmont;Urban;30 - 35  MPH;Stop And Go Signal;Clear;No;0.0, 0.0
699;700;Yes;25-29;25;No;Facing Traffic;B: Evident Injury;Travel Lane;White;Male;Chapel Hill;Orange;No;01/01/2005;29/08/2008;Crossing Paths - Other Circumstances;21;Intersection;01/08/2001;01/01/2001 21:54;Crossing Paths - Uncontrolled Intersection;112160;2008;B: Evident Injury;Residential;20-24;20;No;6-10 mph;O: No Injury;White;Male;Passenger Car;No;No;Dark - Lighted Roadway;Urban (>70% Developed);2 lanes;2;Straight - Level;Local Street;Dry;Two-Way, Not Divided;None;T-Intersection;Smooth Asphalt;Piedmont;Urban;20 - 25  MPH;No Control Present;Cloudy;No;0.0, 0.0
703;704;No;25-29;26;No;Facing Traffic;B: Evident Injury;Travel Lane;White;Male;Durham;Durham;No;01/01/2003;24/09/2008;Motorist Left Turn / Merge;20;Intersection;01/09/2001;01/01/2001 20:30;Motorist Left Turn - Same Direction;112211;2008;B: Evident Injury;Commercial;40-49;47;No;31-35 mph;O: No Injury;White;Male;Sport Utility;No;No;Dark - Roadway Not Lighted;Urban (>70% Developed);2 lanes;2;Straight - Level;Local Street;Dry;Two-Way, Divided, Unprotected Median;None;No Special Feature;Coarse Asphalt;Piedmont;Urban;30 - 35  MPH;Stop And Go Signal;Clear;No;0.0, 0.0
705;706;No;20-24;20;No;Not Applicable;O: No Injury;Non-Roadway;White;Male;Fayetteville;Cumberland;No;NA;08/09/2008;Non-Roadway;21;Non-Roadway;01/09/2001;01/01/2001 21:36;Non-Roadway;460910;2008;O: No Injury;Commercial;25-29;25;No;6-10 mph;O: No Injury;Black;Male;Passenger Car;No;No;Dark - Lighted Roadway;Urban (>70% Developed);2 lanes;2;Straight - Level;Public Vehicular Area;Dry;Two-Way, Not Divided;None;No Special Feature;Coarse Asphalt;Coastal;Urban;30 - 35  MPH;No Control Present;Clear;No;0.0, 0.0
711;712;No;20-24;23;No;With Traffic;B: Evident Injury;Travel Lane;White;Male;Boone;Watauga;No;01/01/2002;09/09/2008;Bicyclist Overtaking Motorist;13;Non-Intersection;01/09/2001;01/01/2001 13:58;Bicyclist Overtaking - Other /;311249;2008;B: Evident Injury;Institutional;30-39;30;No;16-20 mph;O: No Injury;White;Female;Sport Utility;No;No;Daylight;Rural (<30% Developed);4 lanes;2;Straight - Level;Local Street;Wet;Two-Way, Not Divided;None;No Special Feature;Smooth Asphalt;Mountains;Urban;20 - 25  MPH;Stop And Go Signal;Cloudy;No;0.0, 0.0
713;714;Yes;20-24;22;No;With Traffic;B: Evident Injury;Travel Lane;White;Male;Clinton;Sampson;No;01/01/2003;10/09/2008;Bicyclist Left Turn / Merge;6;Non-Intersection;01/09/2001;01/01/2001 06:19;Bicyclist Left Turn - Opposite Direction;311222;2008;B: Evident Injury;Commercial;20-24;20;No;31-35 mph;O: No Injury;Hispanic;Male;Passenger Car;No;No;Dark - Lighted Roadway;Urban (>70% Developed);3 lanes;2;Straight - Level;Local Street;Dry;Two-Way, Not Divided;None;No Special Feature;Coarse Asphalt;Coastal;Urban;30 - 35  MPH;No Control Present;Cloudy;No;0.0, 0.0
714;715;Yes;15-nov;13;No;Not Applicable;B: Evident Injury;Non-Roadway;Black;Male;Raleigh;Wake;No;01/01/2004;26/06/2008;Bicyclist Failed to Yield - Midblock;18;Non-Intersection;01/06/2001;01/01/2001 18:18;Bicyclist Ride Out - Other Midblock;363318;2008;B: Evident Injury;Residential;60-69;60;No;31-35 mph;O: No Injury;Black;Female;Sport Utility;No;No;Daylight;Urban (>70% Developed);1 lane;2;Straight - Level;Local Street;Dry;One-Way, Not Divided;None;No Special Feature;Smooth Asphalt;Piedmont;Urban;30 - 35  MPH;Missing;Clear;No;0.0, 0.0
721;722;Yes;30-39;31;No;With Traffic;C: Possible Injury;Travel Lane;Native American;Male;None - Rural Crash;Robeson;No;01/01/2004;11/09/2008;Motorist Overtaking Bicyclist;23;Non-Intersection;01/09/2001;01/01/2001 23:18;Motorist Overtaking - Other /;311239;2008;C: Possible Injury;Farms, Woods, Pastures;NA;NA;Missing;51-55 mph;Injury;/Missing;NA;NA;No;Yes;Dark - Roadway Not Lighted;Rural (<30% Developed);2 lanes;2;Straight - Level;State Secondary Route;Dry;Two-Way, Not Divided;None;No Special Feature;Coarse Asphalt;Coastal;Rural;50 - 55  MPH;No Control Present;Clear;No;0.0, 0.0
732;733;No;20-24;20;No;Not Applicable;C: Possible Injury;Non-Roadway;White;Male;Raleigh;Wake;No;01/01/2002;16/09/2008;Non-Roadway;8;Non-Roadway;01/09/2001;01/01/2001 08:12;Non-Roadway;460910;2008;C: Possible Injury;Institutional;20-24;20;No;0-5 mph;O: No Injury;White;Male;Passenger Car;No;No;Daylight;Urban (>70% Developed);NA;2;Straight - Hillcrest;Local Street;Dry;Two-Way, Not Divided;None;Driveway, Public;Smooth Asphalt;Piedmont;Urban;5 - 15 MPH;No Control Present;Cloudy;No;0.0, 0.0
736;737;Yes;50-59;55;No;Facing Traffic;K: Killed;Travel Lane;White;Male;None - Rural Crash;Caswell;No;01/01/2006;20/09/2008;Head-On;6;Non-Intersection;01/09/2001;01/01/2001 06:54;Head-On - Bicyclist;312250;2008;K: Killed;Farms, Woods, Pastures;30-39;31;No;46-50 mph;O: No Injury;White;Female;Pickup;No;No;Dark - Roadway Not Lighted;Rural (<30% Developed);2 lanes;2;Straight - Level;State Secondary Route;Dry;Two-Way, Not Divided;None;No Special Feature;Smooth Asphalt;Piedmont;Rural;50 - 55  MPH;Double Yellow Line, No Passing Zone;Clear;No;0.0, 0.0
740;741;Yes;40-49;45;No;With Traffic;B: Evident Injury;Travel Lane;Black;Male;Reidsville;Rockingham;No;01/01/2004;04/09/2008;Backing Vehicle;18;Intersection-Related;01/09/2001;01/01/2001 18:02;Backing Vehicle;211600;2008;B: Evident Injury;Residential;30-39;31;No;0-5 mph;O: No Injury;White;Male;Passenger Car;No;No;Daylight;Urban (>70% Developed);2 lanes;2;Straight - Hillcrest;Local Street;Dry;Two-Way, Not Divided;None;T-Intersection;Smooth Asphalt;Piedmont;Urban;5 - 15 MPH;Stop Sign;Clear;No;0.0, 0.0
744;745;No;30-39;34;No;With Traffic;B: Evident Injury;Bike Lane / Paved Shoulder;Black;Male;Goldsboro;Wayne;No;01/01/2006;27/09/2008;Other / Unusual Circumstances;14;Non-Intersection;01/09/2001;01/01/2001 14:29;Motorist Intentionally Caused;321510;2008;B: Evident Injury;Residential;30-39;35;No;31-35 mph;C: Possible Injury;Black;Female;Sport Utility;No;No;Daylight;Mixed (30% To 70% Developed);2 lanes;2;Straight - Level;Local Street;Dry;Two-Way, Not Divided;None;No Special Feature;Coarse Asphalt;Coastal;Urban;30 - 35  MPH;No Control Present;Clear;No;0.0, 0.0
746;747;No;40-49;44;No;With Traffic;Injury;Other;White;Male;None - Rural Crash;Columbus;No;01/01/2002;16/09/2008;Crossing Paths - Other Circumstances;20;Intersection;01/09/2001;01/01/2001 20:21;Sign-Controlled Intersection - Other /;181148;2008;O: No Injury;Farms, Woods, Pastures;70+;NA;No;0-5 mph;O: No Injury;White;Female;Passenger Car;No;No;Dark - Roadway Not Lighted;Rural (<30% Developed);2 lanes;2;Straight - Level;US Route;Dry;Two-Way, Not Divided;None;On or Off Ramp;Smooth Asphalt;Coastal;Rural;50 - 55  MPH;Stop Sign;Cloudy;No;0.0, 0.0
752;753;Yes;30-39;39;No;With Traffic;K: Killed;Travel Lane;Native American;Female;None - Rural Crash;Halifax;No;01/01/2002;16/09/2008;Motorist Overtaking Bicyclist;19;Non-Intersection;01/09/2001;01/01/2001 19:58;Motorist Overtaking - Other /;311239;2008;K: Killed;Residential;0-19;16;No;41-45 mph;O: No Injury;Native American;Male;Passenger Car;No;No;Dark - Roadway Not Lighted;Mixed (30% To 70% Developed);2 lanes;2;Straight - Level;State Secondary Route;Dry;Two-Way, Not Divided;None;No Special Feature;Smooth Asphalt;Coastal;Rural;40 - 45  MPH;Double Yellow Line, No Passing Zone;Fog, Smog, Smoke;No;0.0, 0.0
754;755;Yes;20-24;23;No;With Traffic;B: Evident Injury;Travel Lane;White;Female;Greensboro;Guilford;No;01/01/2006;20/09/2008;Bicyclist Failed to Yield - Signalized Intersection;13;Intersection;01/09/2001;01/01/2001 13:31;Bicyclist Ride Through - Signalized Intersection;111155;2008;B: Evident Injury;Residential;60-69;60;No;31-35 mph;O: No Injury;White;Male;Passenger Car;No;No;Daylight;Rural (<30% Developed);4 lanes;2;Straight - Level;Local Street;Dry;Two-Way, Divided, Positive Median Barrier;None;No Special Feature;Smooth Asphalt;Piedmont;Urban;30 - 35  MPH;Stop And Go Signal;Clear;No;0.0, 0.0
758;759;No;16-19;17;No;Facing Traffic;B: Evident Injury;Sidewalk / Crosswalk / Driveway Crossing;White;Male;Asheville;Buncombe;Yes;01/01/2005;26/09/2008;Motorist Failed to Yield - Signalized Intersection;23;Intersection;01/09/2001;01/01/2001 23:22;Motorist Drive Through - Signalized Intersection;132154;2008;B: Evident Injury;Commercial;20-24;21;Yes;NA;O: No Injury;White;Male;Sport Utility;No;No;Dark - Lighted Roadway;Urban (>70% Developed);4 lanes;2;Straight - Grade;Local Street;Wet;Two-Way, Not Divided;None;Four-Way Intersection;Smooth Asphalt;Mountains;Urban;20 - 25  MPH;Stop And Go Signal;Rain;No;0.0, 0.0
765;766;No;40-49;47;Yes;Facing Traffic;O: No Injury;Travel Lane;Black;Male;Kannapolis;Cabarrus;Yes;01/01/2005;03/10/2008;Motorist Left Turn / Merge;16;Non-Intersection;01/10/2001;01/01/2001 16:12;Motorist Left Turn - Same Direction;312211;2008;O: No Injury;Commercial;50-59;51;No;6-10 mph;O: No Injury;White;Male;Pickup;No;No;Daylight;Urban (>70% Developed);4 lanes;2;Straight - Level;Local Street;Dry;Two-Way, Not Divided;None;No Special Feature;Smooth Asphalt;Piedmont;Urban;40 - 45  MPH;No Control Present;Clear;No;0.0, 0.0
768;769;Yes;50-59;53;No;With Traffic;A: Disabling Injury;Travel Lane;White;Female;Kannapolis;Cabarrus;No;01/01/2006;04/10/2008;Motorist Overtaking Bicyclist;18;Non-Intersection;01/10/2001;01/01/2001 18:03;Motorist Overtaking - Undetected Bicyclist;311231;2008;A: Disabling Injury;Commercial;50-59;59;No;41-45 mph;O: No Injury;White;Male;Sport Utility;No;No;Daylight;Urban (>70% Developed);5 lanes;2;Straight - Grade;Local Street;Dry;Two-Way, Not Divided;None;No Special Feature;Smooth Asphalt;Piedmont;Urban;40 - 45  MPH;No Control Present;Clear;No;0.0, 0.0
769;770;Yes;40-49;47;No;Facing Traffic;K: Killed;Travel Lane;White;Male;Salisbury;Rowan;No;NA;13/10/2008;Head-On;18;Non-Intersection;01/10/2001;01/01/2001 18:45;Head-On - Bicyclist;312250;2008;K: Killed;Commercial;20-24;20;No;46-50 mph;O: No Injury;White;Male;Pickup;No;No;Daylight;Mixed (30% To 70% Developed);5 lanes;2;Straight - Level;US Route;Dry;Two-Way, Not Divided;None;No Special Feature;Coarse Asphalt;Piedmont;Urban;50 - 55  MPH;No Control Present;Clear;No;0.0, 0.0
772;773;No;20-24;24;Yes;With Traffic;A: Disabling Injury;Travel Lane;White;Male;Leland;Brunswick;Yes;01/01/2002;23/09/2008;Bicyclist Left Turn / Merge;23;Non-Intersection;01/09/2001;01/01/2001 23:28;Bicyclist Left Turn - Same Direction;311221;2008;A: Disabling Injury;Farms, Woods, Pastures;30-39;33;No;NA;O: No Injury;Asian;Male;Passenger Car;No;No;Dark - Roadway Not Lighted;Urban (>70% Developed);2 lanes;2;Straight - Grade;US Route;Dry;One-Way, Not Divided;None;On or Off Ramp;Smooth Asphalt;Coastal;Rural;50 - 55  MPH;Missing;Clear;No;0.0, 0.0
781;782;No;20-24;21;No;With Traffic;C: Possible Injury;Travel Lane;Black;Male;Henderson;Vance;No;01/01/2003;15/10/2008;Motorist Overtaking Bicyclist;16;Non-Intersection;01/10/2001;01/01/2001 15:59;Motorist Overtaking - Other /;311239;2008;C: Possible Injury;Residential;NA;NA;No;31-35 mph;Injury;/Missing;NA;Pickup;No;Yes;Daylight;Urban (>70% Developed);2 lanes;2;Curve - Level;State Secondary Route;Dry;Two-Way, Not Divided;None;No Special Feature;Coarse Asphalt;Piedmont;Urban;30 - 35  MPH;Double Yellow Line, No Passing Zone;Clear;No;0.0, 0.0
788;789;No;20-24;24;No;With Traffic;C: Possible Injury;Travel Lane;White;Male;Boone;Watauga;No;01/01/2006;11/10/2008;Motorist Right Turn / Merge;14;Intersection;01/10/2001;01/01/2001 14:34;Motorist Right Turn - Same Direction;111213;2008;C: Possible Injury;Institutional;0-19;19;No;0-5 mph;O: No Injury;Asian;Female;Passenger Car;No;No;Daylight;Urban (>70% Developed);4 lanes;2;Straight - Bottom;Local Street;Dry;Two-Way, Not Divided;None;T-Intersection;Smooth Asphalt;Mountains;Urban;20 - 25  MPH;Stop And Go Signal;Clear;No;0.0, 0.0
793;794;No;30-39;37;No;Facing Traffic;C: Possible Injury;Sidewalk / Crosswalk / Driveway Crossing;Black;Male;Cary;Wake;No;01/01/2005;17/10/2008;Motorist Failed to Yield - Sign-Controlled Intersection;14;Intersection;01/10/2001;01/01/2001 13:59;Motorist Drive Out - Sign-Controlled Intersection;132141;2008;C: Possible Injury;Residential;20-24;20;No;0-5 mph;O: No Injury;White;Female;Passenger Car;No;No;Daylight;Urban (>70% Developed);2 lanes;2;Straight - Level;Local Street;Dry;Two-Way, Divided, Unprotected Median;None;T-Intersection;Smooth Asphalt;Piedmont;Urban;30 - 35  MPH;Stop Sign;Clear;No;0.0, 0.0
796;797;No;50-59;55;Yes;With Traffic;B: Evident Injury;Travel Lane;Black;Male;Lumberton;Robeson;Yes;01/01/2007;12/10/2008;Bicyclist Right Turn / Merge;10;Non-Intersection;01/10/2001;01/01/2001 10:44;Bicyclist Right Turn - Same Direction;311223;2008;B: Evident Injury;Commercial;40-49;42;No;6-10 mph;Injury;Hispanic;Male;Passenger Car;No;No;Daylight;Urban (>70% Developed);3 lanes;2;Straight - Level;Local Street;Dry;Two-Way, Not Divided;None;No Special Feature;Coarse Asphalt;Coastal;Urban;30 - 35  MPH;Stop And Go Signal;Clear;No;0.0, 0.0
797;798;No;50-59;54;No;With Traffic;C: Possible Injury;Travel Lane;Native American;Male;None - Rural Crash;Robeson;No;01/01/2006;11/10/2008;Motorist Overtaking Bicyclist;21;Non-Intersection;01/10/2001;01/01/2001 21:34;Motorist Overtaking - Undetected Bicyclist;311231;2008;C: Possible Injury;Residential;50-59;58;No;36-40 mph;O: No Injury;White;Male;Pickup;No;No;Dark - Roadway Not Lighted;Rural (<30% Developed);2 lanes;2;Straight - Level;State Secondary Route;Wet;Two-Way, Not Divided;None;No Special Feature;Smooth Asphalt;Coastal;Rural;50 - 55  MPH;Double Yellow Line, No Passing Zone;Rain;No;0.0, 0.0
803;804;Yes;40-49;42;No;Facing Traffic;O: No Injury;Bike Lane / Paved Shoulder;Native American;Male;Pembroke;Robeson;No;01/01/2005;24/10/2008;Head-On;20;Intersection;01/10/2001;01/01/2001 20:44;Head-On - Bicyclist;122250;2008;O: No Injury;Commercial;NA;NA;Missing;NA;Injury;/Missing;NA;Passenger Car;No;Yes;Dark - Lighted Roadway;Urban (>70% Developed);4 lanes;2;Straight - Level;Local Street;Wet;Two-Way, Not Divided;None;T-Intersection;Smooth Asphalt;Coastal;Rural;NA;Stop Sign;Cloudy;No;0.0, 0.0
815;816;Yes;60-69;69;No;With Traffic;B: Evident Injury;Travel Lane;White;Male;Charlotte;Mecklenburg;No;01/01/2006;01/11/2008;Loss of Control / Turning Error;14;Intersection;01/11/2001;01/01/2001 14:34;Motorist Turning Error - Left Turn;111111;2008;B: Evident Injury;Residential;0-19;17;No;21-25 mph;O: No Injury;White;Male;Sport Utility;No;No;Daylight;Urban (>70% Developed);2 lanes;2;Straight - Grade;Local Street;Dry;Two-Way, Not Divided;None;T-Intersection;Smooth Asphalt;Piedmont;Urban;20 - 25  MPH;Stop Sign;Clear;No;0.0, 0.0
818;819;Yes;40-49;47;No;With Traffic;B: Evident Injury;Bike Lane / Paved Shoulder;White;Male;None - Rural Crash;Cumberland;No;NA;29/09/2008;Motorist Overtaking Bicyclist;18;Non-Intersection;01/09/2001;01/01/2001 18:01;Motorist Overtaking - Misjudged Space;321232;2008;B: Evident Injury;Residential;50-59;51;No;51-55 mph;O: No Injury;White;Male;Pickup;No;Yes;Daylight;Mixed (30% To 70% Developed);2 lanes;2;Straight - Level;State Secondary Route;Dry;Two-Way, Not Divided;None;No Special Feature;Coarse Asphalt;Coastal;Rural;50 - 55  MPH;Double Yellow Line, No Passing Zone;Clear;No;0.0, 0.0
819;820;Yes;30-39;37;No;Facing Traffic;C: Possible Injury;Sidewalk / Crosswalk / Driveway Crossing;Black;Male;Asheboro;Randolph;No;01/01/2003;08/10/2008;Motorist Failed to Yield - Sign-Controlled Intersection;7;Intersection;01/10/2001;01/01/2001 07:54;Motorist Drive Out - Sign-Controlled Intersection;132141;2008;C: Possible Injury;Commercial;30-39;39;No;NA;O: No Injury;White;Female;Passenger Car;No;No;Daylight;Urban (>70% Developed);2 lanes;2;Straight - Level;State Secondary Route;Dry;Two-Way, Not Divided;None;T-Intersection;Smooth Asphalt;Piedmont;Urban;30 - 35  MPH;Stop Sign;Clear;No;0.0, 0.0
820;821;Yes;40-49;47;No;With Traffic;B: Evident Injury;Travel Lane;White;Female;Cary;Wake;No;01/01/2004;16/10/2008;Other / Unusual Circumstances;8;Intersection;01/10/2001;01/01/2001 08:08;Unusual Circumstances;111800;2008;B: Evident Injury;Commercial;30-39;32;No;41-45 mph;C: Possible Injury;Black;Female;Sport Utility;No;No;Daylight;Urban (>70% Developed);4 lanes;4;Straight - Grade;NC Route;Dry;Two-Way, Divided, Unprotected Median;None;Four-Way Intersection;Smooth Asphalt;Piedmont;Urban;40 - 45  MPH;Stop And Go Signal;Clear;No;0.0, 0.0
830;831;Yes;20-24;20;No;With Traffic;C: Possible Injury;Bike Lane / Paved Shoulder;Black;Male;None - Rural Crash;Halifax;No;01/01/2002;07/10/2008;Head-On;19;Non-Intersection;01/10/2001;01/01/2001 19:06;Head-On - Motorist;321255;2008;C: Possible Injury;Farms, Woods, Pastures;NA;NA;Missing;41-45 mph;Injury;/Missing;NA;NA;No;Yes;Dusk;Rural (<30% Developed);2 lanes;2;Straight - Bottom;State Secondary Route;Dry;Two-Way, Not Divided;None;No Special Feature;Smooth Asphalt;Coastal;Rural;50 - 55  MPH;Double Yellow Line, No Passing Zone;Clear;No;0.0, 0.0