FID;OBJECTID;AmbulanceR;BikeAge_Gr;Bike_Age;Bike_Alc_D;Bike_Dir;Bike_Injur;Bike_Pos;Bike_Race;Bike_Sex;City;County;CrashAlcoh;CrashDay;Crash_Date;Crash_Grp;Crash_Hour;Crash_Loc;Crash_Mont;Crash_Time;Crash_Type;Crash_Ty_1;Crash_Year;Crsh_Sevri;Developmen;DrvrAge_Gr;Drvr_Age;Drvr_Alc_D;Drvr_EstSp;Drvr_Injur;Drvr_Race;Drvr_Sex;Drvr_VehTy;ExcsSpdInd;Hit_Run;Light_Cond;Locality;Num_Lanes;Num_Units;Rd_Charact;Rd_Class;Rd_Conditi;Rd_Config;Rd_Defects;Rd_Feature;Rd_Surface;Region;Rural_Urba;Speed_Limi;Traff_Cntr;Weather;Workzone_I;Location
748;749;Yes;25-29;25;No;Not Applicable;B: Evident Injury;Non-Roadway;White;Male;Wilmington;New Hanover;No;01/01/2004;23/09/2010;Crossing Paths - Other Circumstances;14;Intersection;01/09/2001;01/01/2001 14:07;Crossing Paths - Intersection - Other /;0;2010;B: Evident Injury;Residential;25-29;29;No;41-45 mph;O: No Injury;Black;Male;Passenger Car;No;No;Daylight;Urban (>70% Developed);5 lanes;2;Straight - Level;NC Route;Dry;Two-Way, Divided, Unprotected Median;None;No Special Feature;Coarse Asphalt;Coastal;Urban;40 - 45  MPH;No Control Present;Clear;No;34.239075, -77.85204
753;754;Yes;40-49;49;No;NA;B: Evident Injury;Sidewalk / Crosswalk / Driveway Crossing;Black;Male;Winston-Salem;Forsyth;No;01/01/2002;05/10/2010;Motorist Left Turn / Merge;17;Intersection;01/10/2001;01/01/2001 17:56;Motorist Left Turn - Opposite Direction;0;2010;B: Evident Injury;Institutional;0-19;19;No;6-10 mph;O: No Injury;Black;Female;Passenger Car;No;No;Daylight;Urban (>70% Developed);2 lanes;2;NA;Local Street;NA;Two-Way, Divided, Unprotected Median;None;Related To Intersection;Smooth Asphalt;Piedmont;Urban;30 - 35  MPH;Stop And Go Signal;Clear;No;36.090473, -80.22811
760;761;No;30-39;31;No;With Traffic;B: Evident Injury;Travel Lane;White;Male;Charlotte;Mecklenburg;No;NA;04/10/2010;Motorist Right Turn / Merge;16;Non-Intersection;01/10/2001;01/01/2001 16:45;Motorist Right Turn - Same Direction;0;2010;B: Evident Injury;Residential;40-49;47;No;31-35 mph;O: No Injury;Black;Female;School Bus;No;No;Daylight;Urban (>70% Developed);2 lanes;2;Straight - Level;Local Street;Dry;Two-Way, Divided, Positive Median Barrier;None;No Special Feature;Coarse Asphalt;Piedmont;Urban;30 - 35  MPH;No Control Present;Clear;No;35.231213, -80.80806
768;769;Yes;25-29;26;No;With Traffic;Injury;Travel Lane;Other;Male;Elon College;Alamance;No;01/01/2003;15/09/2010;Motorist Overtaking Bicyclist;7;Non-Intersection;01/09/2001;01/01/2001 07:48;Motorist Overtaking - Other /;0;2010;O: No Injury;Residential;30-39;35;No;21-25 mph;O: No Injury;Black;Female;NA;No;Yes;Dawn;Urban (>70% Developed);2 lanes;2;Straight - Level;Local Street;Dry;Two-Way, Not Divided;None;No Special Feature;Smooth Asphalt;Piedmont;Urban;20 - 25  MPH;No Control Present;Clear;No;36.10059, -79.5092
773;774;Yes;60-69;61;No;With Traffic;B: Evident Injury;Travel Lane;White;Male;Zebulon;Wake;No;01/01/2005;15/10/2010;Bicyclist Left Turn / Merge;18;Non-Intersection;01/10/2001;01/01/2001 18:47;Bicyclist Left Turn - Same Direction;0;2010;B: Evident Injury;Commercial;25-29;26;No;0-5 mph;O: No Injury;White;Female;Passenger Car;No;No;Dusk;Urban (>70% Developed);3 lanes;2;Straight - Level;Local Street;Dry;Two-Way, Not Divided;None;No Special Feature;Coarse Asphalt;Piedmont;Rural;30 - 35  MPH;No Control Present;Clear;No;35.838924, -78.32454
774;775;Yes;10-juin;6;No;Not Applicable;B: Evident Injury;Non-Roadway;White;Female;None - Rural Crash;Burke;No;01/01/2004;14/10/2010;Bicyclist Failed to Yield - Midblock;19;Non-Intersection;01/10/2001;01/01/2001 18:59;Bicyclist Ride Out - Commercial Driveway / Alley;0;2010;B: Evident Injury;Residential;50-59;50;No;31-35 mph;O: No Injury;White;Male;Pickup;No;No;Dusk;Rural (<30% Developed);2 lanes;2;Straight - Grade;State Secondary Route;Dry;Two-Way, Not Divided;None;No Special Feature;Smooth Asphalt;Mountains;Rural;30 - 35  MPH;Double Yellow Line, No Passing Zone;Clear;No;35.675037, -81.734
785;786;No;50-59;52;No;With Traffic;C: Possible Injury;Travel Lane;White;Female;New Bern;Craven;No;01/01/2002;12/10/2010;Motorist Failed to Yield - Sign-Controlled Intersection;18;Intersection;01/10/2001;01/01/2001 18:01;Motorist Drive Out - Sign-Controlled Intersection;0;2010;C: Possible Injury;Residential;40-49;42;No;6-10 mph;O: No Injury;Black;Male;Passenger Car;No;No;Daylight;Urban (>70% Developed);2 lanes;2;Straight - Level;Local Street;Dry;NA;None;Five-Point, Or More;Smooth Asphalt;Coastal;Urban;20 - 25  MPH;Stop Sign;Clear;No;35.106743, -77.050156
792;793;Yes;16-19;18;No;Not Applicable;B: Evident Injury;Non-Roadway;White;Male;Rockwell;Rowan;No;01/01/2002;12/10/2010;Bicyclist Failed to Yield - Midblock;18;Non-Intersection;01/10/2001;01/01/2001 18:49;Bicyclist Ride Out - Commercial Driveway / Alley;0;2010;B: Evident Injury;Commercial;70+;NA;No;31-35 mph;O: No Injury;White;Male;Passenger Car;No;No;Dusk;Urban (>70% Developed);3 lanes;2;Straight - Level;US Route;Dry;Two-Way, Not Divided;None;Driveway, Public;Smooth Asphalt;Piedmont;Rural;30 - 35  MPH;No Control Present;Clear;No;35.56009, -80.41514
795;796;Yes;20-24;22;No;With Traffic;C: Possible Injury;Travel Lane;Black;Female;Raleigh;Wake;No;01/01/2003;22/09/2010;Bicyclist Failed to Yield - Sign-Controlled Intersection;18;Intersection;01/09/2001;01/01/2001 18:08;Bicyclist Ride Through - Sign-Controlled Intersection;0;2010;C: Possible Injury;Residential;30-39;36;No;31-35 mph;O: No Injury;White;Male;Passenger Car;No;No;Daylight;Urban (>70% Developed);2 lanes;2;Straight - Level;Local Street;Dry;Two-Way, Not Divided;None;Four-Way Intersection;Coarse Asphalt;Piedmont;Urban;30 - 35  MPH;Stop Sign;Clear;No;35.78496, -78.649025
796;797;Yes;30-39;37;No;Facing Traffic;C: Possible Injury;Bike Lane / Paved Shoulder;White;Male;Greensboro;Guilford;No;NA;18/10/2010;Motorist Failed to Yield - Sign-Controlled Intersection;19;Intersection;01/10/2001;01/01/2001 18:59;Motorist Drive Through - Sign-Controlled Intersection;0;2010;C: Possible Injury;Residential;NA;NA;Missing;6-10 mph;Injury;/Missing;NA;NA;No;Yes;Dark - Lighted Roadway;Urban (>70% Developed);6 lanes;2;Straight - Grade;Local Street;Dry;Two-Way, Not Divided;None;Shared-Use Paths Or Trails;Smooth Asphalt;Piedmont;Urban;30 - 35  MPH;Other;Cloudy;No;36.063858, -79.82651
798;799;No;15-nov;11;No;Not Applicable;B: Evident Injury;Travel Lane;Black;Female;Durham;Durham;No;01/01/2005;22/10/2010;Non-Roadway;16;Non-Roadway;01/10/2001;01/01/2001 16:46;Non-Roadway;0;2010;B: Evident Injury;Residential;20-24;24;No;11-15 mph;O: No Injury;White;Female;Passenger Car;No;No;Daylight;Urban (>70% Developed);NA;2;Straight - Level;Public Vehicular Area;Dry;Two-Way, Not Divided;None;No Special Feature;Smooth Asphalt;Piedmont;Urban;5 - 15 MPH;No Control Present;Clear;No;35.907387, -78.981964
806;807;Yes;50-59;52;No;Facing Traffic;C: Possible Injury;Sidewalk / Crosswalk / Driveway Crossing;Black;Male;Wilmington;New Hanover;No;01/01/2002;19/10/2010;Bicyclist Failed to Yield - Signalized Intersection;15;Intersection;01/10/2001;01/01/2001 15:41;Bicyclist Ride Through - Signalized Intersection;0;2010;C: Possible Injury;Commercial;30-39;36;No;6-10 mph;O: No Injury;Black;Male;Passenger Car;No;No;Daylight;Urban (>70% Developed);5 lanes;2;Straight - Level;US Route;Dry;Two-Way, Not Divided;None;Four-Way Intersection;Smooth Asphalt;Coastal;Urban;30 - 35  MPH;Stop And Go Signal;Clear;No;34.240345, -77.90465
811;812;No;15-nov;12;No;With Traffic;B: Evident Injury;Travel Lane;Hispanic;Male;Lumberton;Robeson;No;01/01/2005;29/10/2010;Bicyclist Failed to Yield - Sign-Controlled Intersection;17;Intersection;01/10/2001;01/01/2001 17:17;Bicyclist Ride Through - Sign-Controlled Intersection;0;2010;B: Evident Injury;Residential;30-39;38;No;11-15 mph;O: No Injury;Black;Male;Passenger Car;No;No;Daylight;Urban (>70% Developed);2 lanes;2;Straight - Level;Local Street;Dry;Two-Way, Not Divided;None;Four-Way Intersection;Coarse Asphalt;Coastal;Urban;20 - 25  MPH;Stop Sign;Clear;No;34.614372, -78.99234
815;816;No;20-24;21;No;With Traffic;O: No Injury;Travel Lane;White;Male;Charlotte;Mecklenburg;No;01/01/2005;22/10/2010;Head-On;21;Intersection;01/10/2001;01/01/2001 21:42;Head-On - Motorist;0;2010;O: No Injury;Industrial;NA;NA;Missing;0-5 mph;Injury;/Missing;NA;NA;No;Yes;Dark - Lighted Roadway;Urban (>70% Developed);4 lanes;2;Straight - Level;Local Street;Dry;Two-Way, Not Divided;None;No Special Feature;Smooth Asphalt;Piedmont;Urban;20 - 25  MPH;Stop And Go Signal;Clear;No;35.229435, -80.839905
818;819;Yes;20-24;20;No;With Traffic;B: Evident Injury;Travel Lane;White;Male;Raleigh;Wake;No;NA;25/10/2010;Bicyclist Overtaking Motorist;12;Non-Intersection;01/10/2001;01/01/2001 12:40;Bicyclist Overtaking - Passing on Left;0;2010;B: Evident Injury;Institutional;25-29;27;No;0-5 mph;O: No Injury;Hispanic;Female;Passenger Car;No;No;Daylight;Urban (>70% Developed);1 lane;2;Straight - Level;Local Street;Wet;One-Way, Not Divided;None;No Special Feature;Smooth Asphalt;Piedmont;Urban;5 - 15 MPH;No Control Present;Cloudy;No;35.785027, -78.66561
820;821;No;40-49;42;No;Facing Traffic;Injury;Bike Lane / Paved Shoulder;/Missing;Male;Williamston;Martin;No;01/01/2002;05/10/2010;Motorist Failed to Yield - Midblock;15;Non-Intersection;01/10/2001;01/01/2001 15:29;Motorist Drive Out - Commercial Driveway / Alley;0;2010;O: No Injury;Commercial;20-24;23;No;NA;O: No Injury;White;Male;Passenger Car;No;No;Daylight;Mixed (30% To 70% Developed);NA;2;Straight - Level;Local Street;Dry;Two-Way, Divided, Positive Median Barrier;None;T-Intersection;Smooth Asphalt;Coastal;Urban;NA;Stop Sign;Clear;No;35.84483, -77.060936
826;827;Yes;40-49;43;No;With Traffic;A: Disabling Injury;Travel Lane;White;Male;Wilson;Wilson;No;01/01/2005;22/10/2010;Motorist Overtaking Bicyclist;19;Non-Intersection;01/10/2001;01/01/2001 19:14;Motorist Overtaking - Bicyclist Swerved;0;2010;A: Disabling Injury;Commercial;40-49;44;No;31-35 mph;O: No Injury;White;Male;Passenger Car;No;No;Dark - Lighted Roadway;Urban (>70% Developed);3 lanes;2;Straight - Level;Local Street;Dry;Two-Way, Not Divided;None;No Special Feature;Smooth Asphalt;Coastal;Urban;40 - 45  MPH;No Control Present;Clear;No;35.7077, -77.926346
831;832;Yes;40-49;41;No;With Traffic;C: Possible Injury;Travel Lane;Black;Male;None - Rural Crash;Granville;No;01/01/2004;28/10/2010;Motorist Overtaking Bicyclist;7;Non-Intersection;01/10/2001;01/01/2001 07:19;Motorist Overtaking - Misjudged Space;0;2010;C: Possible Injury;Farms, Woods, Pastures;70+;NA;No;31-35 mph;O: No Injury;White;Male;Pickup;No;No;Daylight;Rural (<30% Developed);2 lanes;2;Curve - Grade;US Route;Wet;Two-Way, Not Divided;None;No Special Feature;Coarse Asphalt;Piedmont;Rural;50 - 55  MPH;Double Yellow Line, No Passing Zone;Cloudy;No;36.365494, -78.59151
833;834;Yes;60-69;69;No;With Traffic;C: Possible Injury;Travel Lane;White;Male;Raleigh;Wake;No;01/01/2003;13/10/2010;Motorist Failed to Yield - Signalized Intersection;13;Intersection;01/10/2001;01/01/2001 13:04;Motorist Drive Out - Signalized Intersection;0;2010;C: Possible Injury;Residential;NA;NA;Missing;6-10 mph;Injury;/Missing;NA;NA;No;Yes;Daylight;Mixed (30% To 70% Developed);7 lanes;2;Straight - Grade;Local Street;Dry;Two-Way, Divided, Unprotected Median;None;T-Intersection;Smooth Asphalt;Piedmont;Urban;30 - 35  MPH;Stop Sign;Clear;No;35.772213, -78.685234
834;835;Yes;60-69;69;No;With Traffic;K: Killed;Bike Lane / Paved Shoulder;White;Male;None - Rural Crash;Carteret;No;01/01/2004;04/11/2010;Loss of Control / Turning Error;9;Non-Intersection;01/11/2001;01/01/2001 09:43;Motorist Lost Control - Other /;0;2010;K: Killed;Farms, Woods, Pastures;40-49;42;No;51-55 mph;O: No Injury;White;Male;Pickup;No;No;Daylight;Mixed (30% To 70% Developed);4 lanes;2;Straight - Level;US Route;Dry;Two-Way, Divided, Unprotected Median;None;No Special Feature;Smooth Asphalt;Coastal;Rural;50 - 55  MPH;No Control Present;Clear;No;34.75625, -76.84733
836;837;Yes;60-69;61;No;With Traffic;C: Possible Injury;Travel Lane;White;Male;Unionville;Union;No;01/01/2006;06/11/2010;Motorist Left Turn / Merge;18;Non-Intersection;01/11/2001;01/01/2001 18:58;Motorist Left Turn - Opposite Direction;0;2010;C: Possible Injury;Residential;25-29;25;No;41-45 mph;O: No Injury;White;Female;Sport Utility;No;No;Dusk;Rural (<30% Developed);2 lanes;2;Straight - Level;State Secondary Route;Dry;Two-Way, Not Divided;None;Driveway, Private;Smooth Asphalt;Piedmont;Urban;40 - 45  MPH;Double Yellow Line, No Passing Zone;Clear;No;35.050346, -80.55733
850;851;Yes;16-19;17;No;With Traffic;B: Evident Injury;Travel Lane;White;Male;None - Rural Crash;Johnston;No;01/01/2005;12/11/2010;Motorist Overtaking Bicyclist;18;Non-Intersection;01/11/2001;01/01/2001 18:24;Motorist Overtaking - Other /;0;2010;B: Evident Injury;Farms, Woods, Pastures;30-39;37;No;41-45 mph;O: No Injury;White;Female;Passenger Car;No;No;Dark - Roadway Not Lighted;Rural (<30% Developed);2 lanes;2;Straight - Level;NC Route;Dry;Two-Way, Not Divided;None;No Special Feature;Coarse Asphalt;Coastal;Rural;50 - 55  MPH;Double Yellow Line, No Passing Zone;Clear;No;35.432316, -78.41014
854;855;Yes;15-nov;12;No;With Traffic;B: Evident Injury;Travel Lane;White;Male;Charlotte;Mecklenburg;No;01/01/2002;09/11/2010;Bicyclist Failed to Yield - Signalized Intersection;12;Intersection-Related;01/11/2001;01/01/2001 12:42;Bicyclist Ride Through - Signalized Intersection;0;2010;B: Evident Injury;Commercial;50-59;55;No;26-30 mph;O: No Injury;White;Male;Pickup;No;No;Daylight;Urban (>70% Developed);5 lanes;2;Straight - Level;Local Street;Dry;Two-Way, Divided, Positive Median Barrier;None;No Special Feature;Smooth Asphalt;Piedmont;Urban;40 - 45  MPH;Stop And Go Signal;Clear;No;35.195774, -80.877266
856;857;No;16-19;19;No;With Traffic;Injury;Travel Lane;White;Male;Greenville;Pitt;No;01/01/2003;27/10/2010;Motorist Left Turn / Merge;12;Non-Intersection;01/10/2001;01/01/2001 12:45;Motorist Left Turn - Opposite Direction;0;2010;O: No Injury;Institutional;50-59;58;No;0-5 mph;O: No Injury;White;Female;Passenger Car;No;No;Daylight;Urban (>70% Developed);2 lanes;3;Straight - Level;Local Street;Dry;Two-Way, Not Divided;None;No Special Feature;Smooth Asphalt;Coastal;Urban;5 - 15 MPH;No Control Present;Clear;No;35.60273, -77.36219
868;869;Yes;70+;NA;No;With Traffic;B: Evident Injury;Travel Lane;White;Male;Carthage;Moore;No;01/01/2007;14/11/2010;Motorist Overtaking Bicyclist;8;Intersection;01/11/2001;01/01/2001 08:06;Motorist Overtaking - Other /;0;2010;B: Evident Injury;Residential;70+;NA;No;41-45 mph;O: No Injury;White;Male;Pickup;No;No;Daylight;Mixed (30% To 70% Developed);2 lanes;2;Straight - Level;Local Street;Dry;Two-Way, Not Divided;None;No Special Feature;Coarse Asphalt;Piedmont;Rural;40 - 45  MPH;No Control Present;Clear;No;35.324738, -79.40234
872;873;No;40-49;42;No;Facing Traffic;C: Possible Injury;Travel Lane;White;Male;Laurinburg;Scotland;No;01/01/2004;11/11/2010;Motorist Failed to Yield - Sign-Controlled Intersection;11;Intersection;01/11/2001;01/01/2001 11:07;Motorist Drive Out - Sign-Controlled Intersection;0;2010;C: Possible Injury;Residential;NA;NA;Missing;0-5 mph;Injury;/Missing;NA;NA;No;Yes;Daylight;Urban (>70% Developed);2 lanes;2;Straight - Grade;US Route;Dry;Two-Way, Not Divided;None;No Special Feature;Coarse Asphalt;Coastal;Urban;30 - 35  MPH;Stop Sign;Clear;No;34.776024, -79.46812
873;874;Yes;60-69;64;No;Not Applicable;C: Possible Injury;Non-Roadway;White;Female;Forest City;Rutherford;No;NA;15/11/2010;Non-Roadway;15;Non-Roadway;01/11/2001;01/01/2001 15:04;Non-Roadway;0;2010;C: Possible Injury;Commercial;30-39;35;No;0-5 mph;O: No Injury;White;Female;Sport Utility;No;No;Daylight;Urban (>70% Developed);NA;2;Straight - Level;Public Vehicular Area;Wet;One-Way, Not Divided;None;No Special Feature;Smooth Asphalt;Mountains;Urban;20 - 25  MPH;No Control Present;Rain;No;35.31989, -81.85887
875;876;No;30-39;33;No;With Traffic;C: Possible Injury;Travel Lane;White;Male;Asheville;Buncombe;No;01/01/2005;12/11/2010;Motorist Failed to Yield - Sign-Controlled Intersection;13;Intersection;01/11/2001;01/01/2001 13:47;Motorist Drive Out - Sign-Controlled Intersection;0;2010;C: Possible Injury;Commercial;30-39;35;No;0-5 mph;O: No Injury;White;Female;Sport Utility;No;No;Daylight;Urban (>70% Developed);4 lanes;2;Straight - Grade;Local Street;Dry;Two-Way, Not Divided;None;T-Intersection;Smooth Asphalt;Mountains;Urban;30 - 35  MPH;Stop Sign;Clear;No;35.600895, -82.55542
877;878;Yes;15-nov;12;No;With Traffic;C: Possible Injury;Travel Lane;White;Male;None - Rural Crash;New Hanover;No;01/01/2003;24/11/2010;Bicyclist Failed to Yield - Sign-Controlled Intersection;14;Intersection;01/11/2001;01/01/2001 14:54;Bicyclist Ride Through - Sign-Controlled Intersection;0;2010;C: Possible Injury;Residential;30-39;31;No;26-30 mph;O: No Injury;White;Male;Pickup;No;No;Daylight;Urban (>70% Developed);2 lanes;2;Curve - Level;State Secondary Route;Dry;Two-Way, Not Divided;None;Four-Way Intersection;Coarse Asphalt;Coastal;Rural;30 - 35  MPH;Stop Sign;Clear;No;34.110455, -77.9048
880;881;Yes;25-29;25;No;With Traffic;C: Possible Injury;Travel Lane;White;Male;None - Rural Crash;Wake;No;01/01/2002;23/11/2010;Motorist Left Turn / Merge;6;Intersection;01/11/2001;01/01/2001 06:36;Motorist Left Turn - Opposite Direction;0;2010;C: Possible Injury;Farms, Woods, Pastures;60-69;68;No;31-35 mph;C: Possible Injury;White;Male;Passenger Car;No;No;Dark - Roadway Not Lighted;Rural (<30% Developed);2 lanes;2;Straight - Level;State Secondary Route;Dry;Two-Way, Not Divided;None;Four-Way Intersection;Coarse Asphalt;Piedmont;Rural;40 - 45  MPH;Double Yellow Line, No Passing Zone;Clear;No;35.708965, -78.71018
892;893;Yes;15-nov;12;No;Facing Traffic;C: Possible Injury;Bike Lane / Paved Shoulder;Black;Male;Fayetteville;Cumberland;No;01/01/2002;30/11/2010;Bicyclist Right Turn / Merge;6;Non-Intersection;01/11/2001;01/01/2001 06:38;Bicyclist Right Turn - Same Direction;0;2010;C: Possible Injury;Farms, Woods, Pastures;50-59;55;No;36-40 mph;O: No Injury;Black;Male;Pickup;No;No;Daylight;Mixed (30% To 70% Developed);2 lanes;2;Straight - Level;Local Street;Dry;Two-Way, Not Divided;None;No Special Feature;Coarse Asphalt;Coastal;Urban;40 - 45  MPH;No Control Present;Clear;No;35.013554, -79.00568
896;897;No;30-39;37;No;NA;Injury;Travel Lane;White;Male;Davidson;Mecklenburg;No;01/01/2007;21/11/2010;Other /  - Insufficient Details;12;Non-Intersection;01/11/2001;01/01/2001 12:24;Approach Paths;0;2010;O: No Injury;Farms, Woods, Pastures;40-49;47;No;11-15 mph;O: No Injury;White;Female;Sport Utility;No;No;Daylight;Mixed (30% To 70% Developed);1 lane;2;Curve - Grade;Local Street;Dry;One-Way, Not Divided;None;Other;Smooth Asphalt;Piedmont;Urban;30 - 35  MPH;Yield Sign;Clear;No;35.483868, -80.819855
921;922;Yes;30-39;32;No;With Traffic;C: Possible Injury;Travel Lane;White;Male;Wilmington;New Hanover;No;01/01/2005;03/12/2010;Motorist Left Turn / Merge;16;Intersection;01/12/2001;01/01/2001 16:23;Motorist Left Turn - Opposite Direction;0;2010;C: Possible Injury;Commercial;60-69;68;No;41-45 mph;O: No Injury;White;Male;Sport Utility;No;No;Daylight;Urban (>70% Developed);9 or more lanes;2;Straight - Level;Local Street;Dry;Two-Way, Not Divided;None;No Special Feature;Smooth Asphalt;Coastal;Urban;40 - 45  MPH;Stop And Go Signal;Clear;No;34.210167, -77.83692
924;925;No;15-nov;14;No;With Traffic;O: No Injury;Travel Lane;Black;Male;None - Rural Crash;Beaufort;No;01/01/2002;23/11/2010;Motorist Overtaking Bicyclist;16;Non-Intersection;01/11/2001;01/01/2001 16:33;Motorist Overtaking - Bicyclist Swerved;0;2010;O: No Injury;Commercial;70+;NA;No;31-35 mph;O: No Injury;White;Female;Passenger Car;No;No;Daylight;Rural (<30% Developed);4 lanes;2;Straight - Level;NC Route;Dry;Two-Way, Not Divided;None;T-Intersection;Smooth Asphalt;Coastal;Rural;30 - 35  MPH;No Control Present;Cloudy;No;35.53247, -77.02093
930;931;No;20-24;22;No;With Traffic;C: Possible Injury;Travel Lane;White;Male;None - Rural Crash;Buncombe;No;01/01/2007;19/12/2010;Bicyclist Left Turn / Merge;14;Non-Intersection;01/12/2001;01/01/2001 14:03;Bicyclist Left Turn - Same Direction;0;2010;C: Possible Injury;Commercial;NA;NA;No;21-25 mph;Injury;/Missing;NA;Passenger Car;No;Yes;Daylight;Rural (<30% Developed);2 lanes;2;Straight - Grade;State Secondary Route;Dry;Two-Way, Not Divided;None;Driveway, Public;Smooth Asphalt;Mountains;Rural;20 - 25  MPH;Double Yellow Line, No Passing Zone;Clear;No;35.612534, -82.45269
948;949;No;60-69;60;No;Facing Traffic;O: No Injury;Sidewalk / Crosswalk / Driveway Crossing;White;Male;Wilmington;New Hanover;No;01/01/2003;15/12/2010;Motorist Failed to Yield - Midblock;16;Non-Intersection;01/12/2001;01/01/2001 16:10;Motorist Drive Out - Commercial Driveway / Alley;0;2010;O: No Injury;Commercial;20-24;23;No;6-10 mph;O: No Injury;Black;Female;Motorcycle;No;No;Daylight;Urban (>70% Developed);NA;2;Straight - Grade;US Route;Dry;Two-Way, Not Divided;None;T-Intersection;Concrete;Coastal;Urban;30 - 35  MPH;No Control Present;Clear;No;34.239075, -77.91102
955;956;No;16-19;19;No;Facing Traffic;C: Possible Injury;Sidewalk / Crosswalk / Driveway Crossing;White;Male;Wilmington;New Hanover;No;01/01/2003;17/11/2010;Motorist Failed to Yield - Midblock;12;Non-Intersection;01/11/2001;01/01/2001 12:02;Motorist Drive Out - Other Midblock;0;2010;C: Possible Injury;Commercial;60-69;62;No;0-5 mph;O: No Injury;White;Male;Passenger Car;No;No;Daylight;Rural (<30% Developed);2 lanes;2;Straight - Level;Local Street;Dry;Two-Way, Divided, Unprotected Median;None;No Special Feature;Smooth Asphalt;Coastal;Urban;5 - 15 MPH;No Control Present;Clear;No;34.23752, -77.874825
963;964;Yes;20-24;21;No;With Traffic;B: Evident Injury;Travel Lane;White;Male;Jamestown;Guilford;No;01/01/2006;06/02/2010;Motorist Left Turn / Merge;9;Intersection;01/02/2001;01/01/2001 09:39;Motorist Left Turn - Opposite Direction;0;2010;B: Evident Injury;Institutional;20-24;21;No;6-10 mph;O: No Injury;Black;Female;Sport Utility;No;No;Daylight;Urban (>70% Developed);2 lanes;2;Straight - Hillcrest;Local Street;Dry;Two-Way, Not Divided;None;T-Intersection;Smooth Asphalt;Piedmont;Rural;20 - 25  MPH;Stop Sign;Clear;No;35.997467, -79.91635
5;6;Yes;50-59;53;Yes;With Traffic;C: Possible Injury;Bike Lane / Paved Shoulder;Black;Male;None - Rural Crash;Halifax;Yes;NA;10/01/2011;Motorist Overtaking Bicyclist;17;Non-Intersection;NA;01/01/2001 17:58;Motorist Overtaking - Undetected Bicyclist;321231;2011;C: Possible Injury;Farms, Woods, Pastures;40-49;40;No;51-55 mph;O: No Injury;White;Male;Pickup;No;No;Dark - Roadway Not Lighted;Rural (<30% Developed);2 lanes;2;Straight - Hillcrest;US Route;Dry;Two-Way, Not Divided;None;No Special Feature;Smooth Asphalt;Coastal;Rural;50 - 55  MPH;Double Yellow Line, No Passing Zone;Clear;No;36.4489, -77.7698
13;14;No;30-39;34;No;With Traffic;B: Evident Injury;Travel Lane;White;Male;Greensboro;Guilford;No;01/01/2002;18/01/2011;Motorist Failed to Yield - Sign-Controlled Intersection;13;Intersection;NA;01/01/2001 13:18;Motorist Drive Out - Sign-Controlled Intersection;111141;2011;B: Evident Injury;Commercial;40-49;45;No;6-10 mph;B: Evident Injury;White;Male;Passenger Car;No;No;Daylight;Urban (>70% Developed);3 lanes;2;Straight - Grade;Local Street;Dry;Two-Way, Not Divided;None;T-Intersection;Smooth Asphalt;Piedmont;Urban;20 - 25  MPH;Stop Sign;Cloudy;No;36.06819, -79.7901
17;18;No;15-nov;13;No;Facing Traffic;C: Possible Injury;Sidewalk / Crosswalk / Driveway Crossing;Black;Male;Raleigh;Wake;No;01/01/2004;06/01/2011;Motorist Failed to Yield - Sign-Controlled Intersection;17;Intersection;NA;01/01/2001 17:33;Motorist Drive Out - Sign-Controlled Intersection;132141;2011;C: Possible Injury;Residential;25-29;25;No;NA;O: No Injury;Black;Female;Passenger Car;No;No;Dark - Lighted Roadway;Urban (>70% Developed);2 lanes;2;Straight - Level;Local Street;Dry;Two-Way, Not Divided;None;T-Intersection;Smooth Asphalt;Piedmont;Urban;30 - 35  MPH;Stop Sign;Clear;No;35.87207, -78.6582
27;28;No;40-49;49;Yes;With Traffic;B: Evident Injury;Travel Lane;Black;Male;Winston-Salem;Forsyth;Yes;01/01/2006;15/01/2011;Bicyclist Overtaking Motorist;23;Non-Intersection;NA;01/01/2001 23:26;Bicyclist Overtaking - Parked Vehicle;311243;2011;B: Evident Injury;Residential;NA;NA;Missing;11-15 mph;Injury;/Missing;NA;Single Unit Truck (3 Or More Axles);No;No;Dark -  Lighting;Urban (>70% Developed);2 lanes;3;Straight - Grade;Local Street;Dry;Two-Way, Not Divided;None;No Special Feature;Smooth Asphalt;Piedmont;Urban;30 - 35  MPH;No Control Present;Clear;No;36.11725, -80.2463
28;29;No;40-49;49;Yes;Facing Traffic;O: No Injury;Travel Lane;Native American;Male;None - Rural Crash;Robeson;Yes;01/01/2005;11/02/2011;Head-On;18;Non-Intersection;01/02/2001;01/01/2001 18:44;Head-On - Bicyclist;312250;2011;O: No Injury;Farms, Woods, Pastures;70+;NA;No;51-55 mph;O: No Injury;White;Male;EMS Vehicle, Ambulance, Rescue Squad;No;No;Dark - Roadway Not Lighted;Rural (<30% Developed);2 lanes;2;Straight - Level;NC Route;Dry;Two-Way, Not Divided;None;No Special Feature;Coarse Asphalt;Coastal;Rural;50 - 55  MPH;No Control Present;Clear;No;34.56528, -79.0574