FID;OBJECTID;AmbulanceR;BikeAge_Gr;Bike_Age;Bike_Alc_D;Bike_Dir;Bike_Injur;Bike_Pos;Bike_Race;Bike_Sex;City;County;CrashAlcoh;CrashDay;Crash_Date;Crash_Grp;Crash_Hour;Crash_Loc;Crash_Mont;Crash_Time;Crash_Type;Crash_Ty_1;Crash_Year;Crsh_Sevri;Developmen;DrvrAge_Gr;Drvr_Age;Drvr_Alc_D;Drvr_EstSp;Drvr_Injur;Drvr_Race;Drvr_Sex;Drvr_VehTy;ExcsSpdInd;Hit_Run;Light_Cond;Locality;Num_Lanes;Num_Units;Rd_Charact;Rd_Class;Rd_Conditi;Rd_Config;Rd_Defects;Rd_Feature;Rd_Surface;Region;Rural_Urba;Speed_Limi;Traff_Cntr;Weather;Workzone_I;Location
31;32;Yes;20-24;23;No;Facing Traffic;B: Evident Injury;Sidewalk / Crosswalk / Driveway Crossing;White;Male;Wilmington;New Hanover;No;01/01/2004;27/01/2011;Motorist Failed to Yield - Midblock;17;Non-Intersection;NA;01/01/2001 17:57;Motorist Drive Out - Commercial Driveway / Alley;332322;2011;B: Evident Injury;Commercial;40-49;44;No;0-5 mph;O: No Injury;White;Male;Single Unit Truck (2-Axle, 6-Tire);No;No;Dark - Lighted Roadway;Urban (>70% Developed);NA;2;Straight - Level;Public Vehicular Area;Dry;Two-Way, Not Divided;None;No Special Feature;Coarse Asphalt;Coastal;Urban;5 - 15 MPH;No Control Present;Clear;No;34.24178, -77.8948
33;34;Yes;10-juin;7;No;With Traffic;B: Evident Injury;Travel Lane;Black;Male;Yanceyville;Caswell;No;01/01/2007;13/02/2011;Bicyclist Failed to Yield - Sign-Controlled Intersection;16;Intersection;01/02/2001;01/01/2001 16:28;Bicyclist Ride Through - Sign-Controlled Intersection;111144;2011;B: Evident Injury;Residential;20-24;24;No;31-35 mph;O: No Injury;Black;Female;Passenger Car;No;No;Daylight;Urban (>70% Developed);2 lanes;2;Straight - Level;Local Street;Dry;Two-Way, Not Divided;None;T-Intersection;Coarse Asphalt;Piedmont;Rural;30 - 35  MPH;No Control Present;Clear;No;36.40724, -79.3436
34;35;Yes;25-29;27;No;With Traffic;B: Evident Injury;Bike Lane / Paved Shoulder;White;Male;Durham;Durham;No;01/01/2002;15/02/2011;Motorist Overtaking Bicyclist;18;Non-Intersection;01/02/2001;01/01/2001 18:29;Motorist Overtaking - Other /;321239;2011;B: Evident Injury;Commercial;NA;NA;Missing;41-45 mph;Injury;/Missing;NA;Sport Utility;No;Yes;Daylight;Urban (>70% Developed);NA;2;Straight - Level;Local Street;Dry;Two-Way, Divided, Unprotected Median;None;No Special Feature;Smooth Asphalt;Piedmont;Urban;40 - 45  MPH;No Control Present;Clear;No;35.96152, -78.9769
43;44;No;30-39;35;No;With Traffic;O: No Injury;Travel Lane;White;Male;None - Rural Crash;Randolph;No;01/01/2004;17/02/2011;Motorist Overtaking Bicyclist;15;Non-Intersection;01/02/2001;01/01/2001 15:00;Motorist Overtaking - Other /;311239;2011;O: No Injury;Residential;70+;NA;No;31-35 mph;O: No Injury;White;Male;Passenger Car;No;No;Daylight;Rural (<30% Developed);2 lanes;2;Straight - Grade;State Secondary Route;Dry;Two-Way, Not Divided;None;No Special Feature;Smooth Asphalt;Piedmont;Rural;40 - 45  MPH;Double Yellow Line, No Passing Zone;Clear;No;35.82222, -79.9503
45;46;Yes;40-49;45;No;Facing Traffic;C: Possible Injury;Travel Lane;White;Male;Greensboro;Guilford;No;01/01/2004;10/02/2011;Loss of Control / Turning Error;16;Intersection;01/02/2001;01/01/2001 16:01;Bicyclist Lost Control - Mechanical Problems;112121;2011;C: Possible Injury;Commercial;30-39;38;No;0-5 mph;O: No Injury;White;Male;Pickup;No;No;Daylight;Urban (>70% Developed);6 lanes;2;Straight - Level;Local Street;Dry;Two-Way, Not Divided;None;Related To Intersection;Smooth Asphalt;Piedmont;Urban;30 - 35  MPH;No Control Present;Clear;No;36.06306, -79.8091
47;48;Yes;20-24;24;No;Facing Traffic;C: Possible Injury;Sidewalk / Crosswalk / Driveway Crossing;Hispanic;Male;Durham;Durham;No;01/01/2004;24/02/2011;Motorist Failed to Yield - Signalized Intersection;18;Intersection;01/02/2001;01/01/2001 18:45;Motorist Drive Out - Right Turn on Red;132151;2011;C: Possible Injury;Residential;70+;NA;No;0-5 mph;O: No Injury;White;Male;Sport Utility;No;No;Dark - Roadway Not Lighted;Urban (>70% Developed);3 lanes;2;Straight - Level;Local Street;Dry;Two-Way, Not Divided;None;Four-Way Intersection;Coarse Asphalt;Piedmont;Urban;30 - 35  MPH;Stop And Go Signal;Clear;Yes;36.03755, -78.9355
59;60;No;50-59;52;No;With Traffic;B: Evident Injury;Travel Lane;White;Male;Charlotte;Mecklenburg;No;01/01/2002;22/02/2011;Motorist Left Turn / Merge;7;Intersection;01/02/2001;01/01/2001 07:21;Motorist Left Turn - Opposite Direction;111212;2011;B: Evident Injury;Residential;30-39;38;No;11-15 mph;O: No Injury;White;Female;Passenger Car;No;No;Daylight;Urban (>70% Developed);2 lanes;2;Straight - Level;Local Street;Dry;Two-Way, Not Divided;None;T-Intersection;Coarse Asphalt;Piedmont;Urban;20 - 25  MPH;No Control Present;Clear;No;35.15183, -80.8684
60;61;Yes;10-juin;8;No;With Traffic;C: Possible Injury;Travel Lane;Black;Female;Greensboro;Guilford;No;01/01/2003;23/02/2011;Bicyclist Failed to Yield - Sign-Controlled Intersection;17;Intersection;01/02/2001;01/01/2001 17:38;Bicyclist Ride Through - Sign-Controlled Intersection;111144;2011;C: Possible Injury;Residential;25-29;26;No;26-30 mph;O: No Injury;White;Male;Passenger Car;No;No;Daylight;Urban (>70% Developed);2 lanes;2;Straight - Level;Local Street;Dry;Two-Way, Not Divided;None;Four-Way Intersection;Smooth Asphalt;Piedmont;Urban;20 - 25  MPH;Stop Sign;Clear;No;36.0515, -79.8479
83;84;Yes;25-29;25;No;Facing Traffic;B: Evident Injury;Travel Lane;Black;Male;Wilmington;New Hanover;No;01/01/2002;08/03/2011;Motorist Failed to Yield - Sign-Controlled Intersection;13;Intersection;01/03/2001;01/01/2001 13:24;Motorist Drive Out - Sign-Controlled Intersection;112141;2011;B: Evident Injury;Residential;20-24;21;No;6-10 mph;O: No Injury;White;Female;Sport Utility;No;No;Daylight;Urban (>70% Developed);5 lanes;2;Straight - Level;Local Street;Dry;Two-Way, Not Divided;None;T-Intersection;Smooth Asphalt;Coastal;Urban;20 - 25  MPH;Stop Sign;Clear;No;34.23481, -77.8881
95;96;Yes;50-59;53;No;With Traffic;C: Possible Injury;Other;Black;Male;Kinston;Lenoir;No;01/01/2004;24/03/2011;Loss of Control / Turning Error;7;Non-Intersection;01/03/2001;01/01/2001 07:00;Motorist Lost Control - Other /;381139;2011;C: Possible Injury;Commercial;60-69;64;No;41-45 mph;O: No Injury;White;Male;Van;No;No;Daylight;Urban (>70% Developed);2 lanes;2;Straight - Level;US Route;Dry;Two-Way, Not Divided;None;No Special Feature;Smooth Asphalt;Coastal;Urban;40 - 45  MPH;No Control Present;Clear;No;35.26173, -77.6465
98;99;No;16-19;16;No;Facing Traffic;O: No Injury;Travel Lane;White;Male;Wrightsville Beach;New Hanover;No;01/01/2007;30/01/2011;Parallel Paths - Other Circumstances;16;Intersection;NA;01/01/2001 16:29;Parallel Paths - Other /;112280;2011;O: No Injury;Residential;40-49;45;No;0-5 mph;O: No Injury;White;Female;Sport Utility;No;No;Daylight;Urban (>70% Developed);4 lanes;2;Straight - Level;Local Street;Dry;Two-Way, Not Divided;None;No Special Feature;Smooth Asphalt;Coastal;Rural;30 - 35  MPH;No Control Present;Clear;No;34.21377, -77.8055
100;101;No;70+;NA;No;With Traffic;B: Evident Injury;Travel Lane;White;Male;Davidson;Mecklenburg;No;01/01/2006;19/03/2011;Motorist Failed to Yield - Sign-Controlled Intersection;14;Intersection;01/03/2001;01/01/2001 14:26;Motorist Drive Out - Sign-Controlled Intersection;111141;2011;B: Evident Injury;Residential;40-49;49;No;6-10 mph;O: No Injury;White;Female;Passenger Car;No;No;Daylight;Mixed (30% To 70% Developed);3 lanes;2;Straight - Level;Local Street;Dry;Two-Way, Divided, Unprotected Median;None;No Special Feature;Smooth Asphalt;Piedmont;Urban;20 - 25  MPH;Double Yellow Line, No Passing Zone;Clear;No;35.46424, -80.811
105;106;Yes;15-nov;14;No;Facing Traffic;C: Possible Injury;Sidewalk / Crosswalk / Driveway Crossing;Hispanic;Male;Charlotte;Mecklenburg;No;01/01/2006;19/03/2011;Motorist Failed to Yield - Signalized Intersection;19;Intersection;01/03/2001;01/01/2001 19:57;Motorist Drive Out - Right Turn on Red;132151;2011;C: Possible Injury;Residential;NA;NA;No;0-5 mph;O: No Injury;White;Male;Sport Utility;No;No;Dark - Lighted Roadway;Urban (>70% Developed);2 lanes;2;Straight - Level;Local Street;Dry;Two-Way, Divided, Unprotected Median;None;No Special Feature;Smooth Asphalt;Piedmont;Urban;30 - 35  MPH;Stop And Go Signal;Cloudy;No;35.22814, -80.7753
109;110;No;25-29;29;No;With Traffic;C: Possible Injury;Travel Lane;White;Male;Fayetteville;Cumberland;No;01/01/2003;16/03/2011;Motorist Failed to Yield - Signalized Intersection;7;Intersection;01/03/2001;01/01/2001 07:28;Motorist Drive Through - Signalized Intersection;111154;2011;C: Possible Injury;Commercial;50-59;54;No;31-35 mph;O: No Injury;White;Male;Passenger Car;No;No;Dawn;Urban (>70% Developed);6 lanes;2;Straight - Level;Local Street;Wet;Two-Way, Not Divided;None;No Special Feature;Coarse Asphalt;Coastal;Urban;30 - 35  MPH;Stop And Go Signal;Clear;No;35.04803, -78.8651
112;113;Yes;30-39;31;No;With Traffic;B: Evident Injury;Travel Lane;White;Male;Carrboro;Orange;No;01/01/2002;15/03/2011;Bicyclist Overtaking Motorist;12;Non-Intersection;01/03/2001;01/01/2001 12:27;Bicyclist Overtaking - Parked Vehicle;311243;2011;B: Evident Injury;Residential;NA;NA;Missing;NA;Injury;/Missing;NA;Commercial Bus;No;No;Daylight;Urban (>70% Developed);2 lanes;2;Straight - Level;State Secondary Route;Dry;Two-Way, Not Divided;None;No Special Feature;Smooth Asphalt;Piedmont;Urban;30 - 35  MPH;Double Yellow Line, No Passing Zone;Clear;No;35.92554, -79.092
116;117;No;25-29;25;No;With Traffic;C: Possible Injury;Travel Lane;White;Male;Raleigh;Wake;No;01/01/2005;11/03/2011;Motorist Failed to Yield - Signalized Intersection;11;Intersection;01/03/2001;01/01/2001 11:24;Motorist Drive Out - Signalized Intersection;111152;2011;C: Possible Injury;Commercial;70+;NA;No;6-10 mph;O: No Injury;White;Female;Passenger Car;No;No;Daylight;Urban (>70% Developed);5 lanes;2;Straight - Level;Local Street;Dry;Two-Way, Not Divided;None;T-Intersection;Smooth Asphalt;Piedmont;Urban;30 - 35  MPH;Stop And Go Signal;Cloudy;No;35.7993, -78.6605
121;122;No;NA;NA;Missing;With Traffic;Injury;Travel Lane;/Missing;NA;Wilmington;New Hanover;No;01/01/2006;26/03/2011;Motorist Left Turn / Merge;16;Intersection;01/03/2001;01/01/2001 16:25;Motorist Left Turn - Opposite Direction;111212;2011;O: No Injury;Commercial;60-69;66;No;11-15 mph;O: No Injury;White;Female;Passenger Car;No;No;Daylight;Urban (>70% Developed);4 lanes;2;Straight - Level;Local Street;Dry;Two-Way, Not Divided;None;No Special Feature;Smooth Asphalt;Coastal;Urban;40 - 45  MPH;No Control Present;Cloudy;No;34.16711, -77.9462
122;123;Yes;15-nov;12;No;With Traffic;B: Evident Injury;Travel Lane;Hispanic;Male;None - Rural Crash;Robeson;No;01/01/2005;01/04/2011;Bicyclist Left Turn / Merge;15;Non-Intersection;01/04/2001;01/01/2001 15:32;Bicyclist Left Turn - Same Direction;311221;2011;B: Evident Injury;Farms, Woods, Pastures;70+;NA;No;51-55 mph;O: No Injury;Native American;Male;Pickup;No;No;Daylight;Rural (<30% Developed);2 lanes;2;Straight - Level;State Secondary Route;Dry;Two-Way, Not Divided;None;No Special Feature;Coarse Asphalt;Coastal;Rural;50 - 55  MPH;No Control Present;Clear;No;34.81757, -79.1573
123;124;No;30-39;31;No;With Traffic;O: No Injury;Travel Lane;White;Male;Durham;Durham;No;NA;04/04/2011;Motorist Right Turn / Merge;7;Intersection;01/04/2001;01/01/2001 07:26;Motorist Right Turn - Same Direction;111213;2011;O: No Injury;Residential;60-69;68;No;31-35 mph;O: No Injury;Black;Male;School Bus;No;No;Daylight;Urban (>70% Developed);2 lanes;2;Straight - Level;Local Street;Dry;Two-Way, Not Divided;None;No Special Feature;Smooth Asphalt;Piedmont;Urban;30 - 35  MPH;No Control Present;Clear;No;35.98321, -78.9307
125;126;Yes;50-59;50;No;With Traffic;A: Disabling Injury;Travel Lane;White;Male;None - Rural Crash;Martin;No;01/01/2002;29/03/2011;Bicyclist Left Turn / Merge;8;Non-Intersection;01/03/2001;01/01/2001 08:21;Bicyclist Left Turn - Same Direction;311221;2011;A: Disabling Injury;Farms, Woods, Pastures;40-49;44;No;51-55 mph;O: No Injury;White;Female;Sport Utility;No;No;Daylight;Rural (<30% Developed);2 lanes;2;Straight - Grade;State Secondary Route;Dry;Two-Way, Not Divided;None;Driveway, Private;Coarse Asphalt;Coastal;Rural;50 - 55  MPH;Double Yellow Line, No Passing Zone;Clear;No;35.77156, -77.0381
131;132;Yes;25-29;25;No;Facing Traffic;C: Possible Injury;Travel Lane;Black;Male;Raleigh;Wake;No;01/01/2002;29/03/2011;Parallel Paths - Other Circumstances;16;Non-Intersection;01/03/2001;01/01/2001 16:16;Bicyclist Ride Out - Parallel Path;312225;2011;C: Possible Injury;Commercial;40-49;45;No;0-5 mph;O: No Injury;White;Female;Passenger Car;No;No;Daylight;Urban (>70% Developed);6 lanes;2;Straight - Level;Local Street;Dry;Two-Way, Divided, Positive Median Barrier;None;No Special Feature;Smooth Asphalt;Piedmont;Urban;40 - 45  MPH;Stop And Go Signal;Clear;No;35.85518, -78.581
134;135;Yes;30-39;35;No;With Traffic;B: Evident Injury;Travel Lane;White;Male;None - Rural Crash;Buncombe;No;01/01/2004;07/04/2011;Motorist Overtaking Bicyclist;17;Non-Intersection;01/04/2001;01/01/2001 17:53;Motorist Overtaking - Misjudged Space;311232;2011;B: Evident Injury;Farms, Woods, Pastures;30-39;33;No;51-55 mph;O: No Injury;White;Male;Pickup;No;No;Daylight;Rural (<30% Developed);2 lanes;2;Curve - Level;NC Route;Dry;Two-Way, Not Divided;None;T-Intersection;Smooth Asphalt;Mountains;Rural;50 - 55  MPH;Double Yellow Line, No Passing Zone;Clear;No;35.71682, -82.6269
135;136;Yes;20-24;20;No;With Traffic;C: Possible Injury;Travel Lane;White;Male;Mount Olive;Wayne;No;01/01/2005;01/04/2011;Bicyclist Failed to Yield - Sign-Controlled Intersection;14;Intersection;01/04/2001;01/01/2001 14:39;Bicyclist Ride Out - Sign-Controlled Intersection;111142;2011;C: Possible Injury;Commercial;50-59;50;No;26-30 mph;O: No Injury;White;Male;Single Unit Truck (2-Axle, 6-Tire);No;No;Daylight;Urban (>70% Developed);5 lanes;2;Straight - Level;NC Route;Dry;Two-Way, Divided, Unprotected Median;None;T-Intersection;Smooth Asphalt;Coastal;Rural;30 - 35  MPH;No Control Present;Clear;No;35.20452, -78.0646
136;137;Yes;40-49;45;Yes;With Traffic;A: Disabling Injury;Travel Lane;White;Male;Charlotte;Mecklenburg;Yes;NA;04/04/2011;Bicyclist Failed to Yield - Signalized Intersection;15;Intersection;01/04/2001;01/01/2001 15:17;Bicyclist Ride Through - Signalized Intersection;111155;2011;A: Disabling Injury;Commercial;40-49;49;No;26-30 mph;O: No Injury;Hispanic;Female;Sport Utility;No;No;Daylight;Urban (>70% Developed);4 lanes;2;Straight - Level;Local Street;Dry;Two-Way, Divided, Unprotected Median;None;Four-Way Intersection;Smooth Asphalt;Piedmont;Urban;30 - 35  MPH;Stop And Go Signal;Clear;No;35.26045, -80.8369
141;142;No;20-24;21;No;With Traffic;C: Possible Injury;Bike Lane / Paved Shoulder;Hispanic;Male;Durham;Durham;No;01/01/2004;14/04/2011;Motorist Overtaking Bicyclist;17;Non-Intersection;01/04/2001;01/01/2001 17:04;Motorist Overtaking - Other /;321239;2011;C: Possible Injury;Residential;60-69;66;No;31-35 mph;O: No Injury;White;Male;Passenger Car;No;No;Daylight;Urban (>70% Developed);4 lanes;2;Straight - Level;Local Street;Dry;Two-Way, Not Divided;None;No Special Feature;Coarse Asphalt;Piedmont;Urban;30 - 35  MPH;No Control Present;Clear;No;35.9859, -78.84
144;145;No;40-49;45;No;With Traffic;C: Possible Injury;Travel Lane;White;Male;None - Rural Crash;Lee;No;01/01/2004;14/04/2011;Motorist Failed to Yield - Midblock;12;Non-Intersection;01/04/2001;01/01/2001 12:54;Motorist Drive Out - Residential Driveway;311321;2011;C: Possible Injury;Farms, Woods, Pastures;30-39;39;No;0-5 mph;O: No Injury;White;Male;Pickup;No;No;Daylight;Rural (<30% Developed);2 lanes;2;Straight - Level;State Secondary Route;Dry;Two-Way, Not Divided;None;Driveway, Private;Smooth Asphalt;Piedmont;Rural;50 - 55  MPH;No Control Present;Clear;No;35.43781, -79.0982
153;154;No;40-49;41;No;Facing Traffic;O: No Injury;Sidewalk / Crosswalk / Driveway Crossing;White;Male;Raleigh;Wake;No;01/01/2003;06/04/2011;Backing Vehicle;14;Non-Intersection;01/04/2001;01/01/2001 14:31;Backing Vehicle;332600;2011;O: No Injury;Commercial;40-49;46;No;0-5 mph;O: No Injury;White;Female;Sport Utility;No;No;Daylight;Urban (>70% Developed);1 lane;2;Straight - Level;Public Vehicular Area;Dry;Two-Way, Not Divided;None;Driveway, Public;Concrete;Piedmont;Urban;30 - 35  MPH;No Control Present;Clear;No;35.79174, -78.6628
160;161;No;40-49;47;Yes;With Traffic;Injury;Sidewalk / Crosswalk / Driveway Crossing;/Missing;NA;Lumberton;Robeson;Yes;01/01/2002;05/04/2011;Motorist Left Turn / Merge;5;Non-Intersection;01/04/2001;01/01/2001 05:49;Motorist Left Turn - Same Direction;331211;2011;O: No Injury;Residential;25-29;27;Yes;0-5 mph;O: No Injury;White;Male;Passenger Car;No;No;Dark - Lighted Roadway;Urban (>70% Developed);NA;2;Curve - Grade;NA;Dry;Two-Way, Not Divided;None;Driveway, Public;Grooved Concrete;Coastal;Urban;30 - 35  MPH;No Control Present;Cloudy;No;34.62374, -79.006
163;164;Yes;20-24;23;No;With Traffic;A: Disabling Injury;Travel Lane;White;Female;None - Rural Crash;Orange;No;01/01/2004;14/04/2011;Motorist Right Turn / Merge;17;Intersection;01/04/2001;01/01/2001 17:25;Motorist Right Turn - Same Direction;111213;2011;A: Disabling Injury;Farms, Woods, Pastures;25-29;25;No;41-45 mph;O: No Injury;Black;Female;Passenger Car;No;No;Daylight;Rural (<30% Developed);2 lanes;2;Straight - Grade;State Secondary Route;Dry;Two-Way, Not Divided;None;T-Intersection;Smooth Asphalt;Piedmont;Rural;50 - 55  MPH;Double Yellow Line, No Passing Zone;Clear;No;35.94704, -79.1304
172;173;Yes;60-69;60;No;With Traffic;C: Possible Injury;Travel Lane;White;Male;Durham;Durham;No;01/01/2005;29/04/2011;Motorist Left Turn / Merge;7;Intersection;01/04/2001;01/01/2001 07:46;Motorist Left Turn - Opposite Direction;111212;2011;C: Possible Injury;Commercial;50-59;53;No;0-5 mph;O: No Injury;Black;Female;Sport Utility;No;No;Daylight;Urban (>70% Developed);2 lanes;2;Straight - Level;Local Street;Dry;Two-Way, Not Divided;None;Five-Point, Or More;Smooth Asphalt;Piedmont;Urban;20 - 25  MPH;Stop And Go Signal;Clear;No;35.99697, -78.9039
185;186;Yes;0-5;4;No;With Traffic;C: Possible Injury;Travel Lane;Black;Male;None - Rural Crash;Richmond;No;01/01/2007;01/05/2011;Loss of Control / Turning Error;16;Non-Intersection;01/05/2001;01/01/2001 16:07;Bicyclist Lost Control - Mechanical Problems;311121;2011;C: Possible Injury;Residential;40-49;41;No;11-15 mph;O: No Injury;Black;Female;Sport Utility;No;No;Daylight;Urban (>70% Developed);2 lanes;2;Straight - Grade;State Secondary Route;Dry;Two-Way, Not Divided;None;No Special Feature;Smooth Asphalt;Piedmont;Rural;30 - 35  MPH;No Control Present;Clear;No;34.90184, -79.7793
190;191;Yes;30-39;37;No;With Traffic;B: Evident Injury;Travel Lane;White;Male;Charlotte;Mecklenburg;No;01/01/2003;20/04/2011;Motorist Failed to Yield - Signalized Intersection;19;Intersection;01/04/2001;01/01/2001 19:40;Motorist Drive Out - Signalized Intersection;111152;2011;B: Evident Injury;Commercial;25-29;26;No;16-20 mph;O: No Injury;White;Female;Passenger Car;No;No;Daylight;Urban (>70% Developed);3 lanes;2;Straight - Grade;Local Street;Dry;One-Way, Not Divided;None;Four-Way Intersection;Smooth Asphalt;Piedmont;Urban;20 - 25  MPH;Stop And Go Signal;Clear;No;35.2306, -80.8429
589;590;No;60-69;61;No;With Traffic;O: No Injury;Travel Lane;White;Male;Cary;Wake;No;01/01/2005;10/08/2012;Motorist Failed to Yield - Sign-Controlled Intersection;13;Intersection;01/08/2001;01/01/2001 13:35;Motorist Drive Out - Sign-Controlled Intersection;NA;2012;O: No Injury;Residential;70;70;No;0-5 mph;O: No Injury;White;Female;Passenger Car;No;No;Daylight;Urban (>70% Developed);2 lanes;2;Straight - Level;Local Street;Dry;Two-Way, Not Divided;None;No Special Feature;Smooth Asphalt;Piedmont;Urban;30 - 35  MPH;Stop Sign;Clear;No;35.82801, -78.9153
593;594;Yes;25-29;25;No;With Traffic;C: Possible Injury;Bike Lane / Paved Shoulder;White;Male;Greensboro;Guilford;No;01/01/2004;23/08/2012;Motorist Right Turn / Merge;17;Intersection;01/08/2001;01/01/2001 16:59;Motorist Right Turn - Same Direction;NA;2012;C: Possible Injury;Institutional;20-24;20;No;0-5 mph;O: No Injury;White;Female;Passenger Car;No;No;Daylight;Urban (>70% Developed);2 lanes;2;Straight - Level;Local Street;Dry;Two-Way, Divided, Positive Median Barrier;None;T-Intersection;Smooth Asphalt;Piedmont;Urban;20 - 25  MPH;Stop And Go Signal;Clear;No;36.06623, -79.8074
620;621;Yes;20-24;20;No;Facing Traffic;C: Possible Injury;Sidewalk / Crosswalk / Driveway Crossing;White;Female;Raleigh;Wake;No;01/01/2005;24/08/2012;Motorist Failed to Yield - Signalized Intersection;8;Intersection;01/08/2001;01/01/2001 08:39;Motorist Drive Out - Signalized Intersection;NA;2012;C: Possible Injury;Commercial;30-39;31;Missing;0-5 mph;O: No Injury;White;Male;Van;No;No;Dark - Lighted Roadway;Urban (>70% Developed);2 lanes;2;Straight - Level;Local Street;Dry;Two-Way, Not Divided;None;No Special Feature;Coarse Asphalt;Piedmont;Urban;40 - 45  MPH;Stop And Go Signal;Clear;No;35.7751, -78.6566
626;627;Yes;10-juin;8;No;Not Applicable;B: Evident Injury;Non-Roadway;Asian;Male;Asheville;Buncombe;No;01/01/2007;26/08/2012;Bicyclist Failed to Yield - Midblock;18;Non-Intersection;01/08/2001;01/01/2001 18:39;Bicyclist Ride Out - Other Midblock;NA;2012;B: Evident Injury;Commercial;60-69;63;No;21-25 mph;O: No Injury;White;Female;Passenger Car;No;No;Daylight;Urban (>70% Developed);2 lanes;2;Straight - Level;Local Street;Dry;Two-Way, Not Divided;None;No Special Feature;Smooth Asphalt;Mountains;Urban;20 - 25  MPH;No Control Present;Clear;No;35.62984, -82.5539
631;632;Yes;30-39;35;No;With Traffic;B: Evident Injury;Travel Lane;White;Male;Wilmington;New Hanover;No;NA;27/08/2012;Bicyclist Left Turn / Merge;18;Intersection;01/08/2001;01/01/2001 18:34;Bicyclist Left Turn - Opposite Direction;NA;2012;B: Evident Injury;Residential;NA;NA;Missing;NA;Injury;/Missing;NA;NA;No;Yes;Daylight;Urban (>70% Developed);2 lanes;2;Straight - Level;Local Street;Dry;Two-Way, Divided, Unprotected Median;None;T-Intersection;Coarse Asphalt;Coastal;Urban;30 - 35  MPH;No Control Present;Clear;No;34.23571, -77.9044
639;640;Yes;16-19;18;No;With Traffic;C: Possible Injury;Bike Lane / Paved Shoulder;Black;Male;Winterville;Pitt;No;NA;30/07/2012;Motorist Overtaking Bicyclist;21;Non-Intersection;01/07/2001;01/01/2001 21:54;Motorist Overtaking - Other /;NA;2012;C: Possible Injury;Farms, Woods, Pastures;NA;NA;Missing;51-55 mph;Injury;/Missing;NA;NA;No;Yes;Dark - Roadway Not Lighted;Rural (<30% Developed);2 lanes;2;Straight - Level;NC Route;Dry;Two-Way, Not Divided;None;No Special Feature;Smooth Asphalt;Coastal;Urban;50 - 55  MPH;No Control Present;Clear;No;35.51076, -77.4094
652;653;No;15-nov;12;No;With Traffic;O: No Injury;Sidewalk / Crosswalk / Driveway Crossing;Black;Male;Winston-Salem;Forsyth;No;01/01/2002;21/08/2012;Bicyclist Failed to Yield - Signalized Intersection;16;Intersection-Related;01/08/2001;01/01/2001 16:13;Bicyclist Ride Through - Signalized Intersection;NA;2012;O: No Injury;Commercial;50-59;58;No;6-10 mph;O: No Injury;White;Female;Sport Utility;No;No;Daylight;Urban (>70% Developed);2 lanes;2;Straight - Level;Local Street;Dry;Two-Way, Divided, Unprotected Median;None;Related To Intersection;Smooth Asphalt;Piedmont;Urban;30 - 35  MPH;Stop And Go Signal;Clear;No;36.06876, -80.2067
656;657;No;40-49;49;No;Facing Traffic;C: Possible Injury;Multi-use Path;White;Female;Kitty Hawk;Dare;No;01/01/2007;12/08/2012;Motorist Failed to Yield - Midblock;11;Non-Intersection;01/08/2001;01/01/2001 11:04;Motorist Drive Out - Commercial Driveway / Alley;NA;2012;C: Possible Injury;Commercial;40-49;43;No;0-5 mph;O: No Injury;White;Male;Van;No;No;Daylight;Urban (>70% Developed);5 lanes;2;Straight - Level;US Route;Dry;Two-Way, Not Divided;None;No Special Feature;Coarse Asphalt;Coastal;Rural;60 - 75 MPH;No Control Present;Clear;No;36.09845, -75.7231
657;658;Yes;50-59;51;Yes;With Traffic;B: Evident Injury;Travel Lane;White;Male;Chapel Hill;Orange;Yes;01/01/2004;30/08/2012;Bicyclist Right Turn / Merge;16;Intersection-Related;01/08/2001;01/01/2001 16:05;Bicyclist Right Turn - Same Direction;NA;2012;B: Evident Injury;Commercial;20-24;24;No;0-5 mph;O: No Injury;White;Female;Passenger Car;No;No;Daylight;Urban (>70% Developed);6 lanes;2;Straight - Level;NC Route;Dry;Two-Way, Divided, Unprotected Median;None;No Special Feature;Smooth Asphalt;Piedmont;Urban;40 - 45  MPH;No Control Present;Clear;No;35.90298, -79.0108
659;660;Yes;25-29;25;No;Facing Traffic;C: Possible Injury;Travel Lane;White;Female;Durham;Durham;No;NA;10/09/2012;Crossing Paths - Other Circumstances;7;Intersection;01/09/2001;01/01/2001 07:01;Signalized Intersection - Other /;NA;2012;C: Possible Injury;Commercial;25-29;27;No;31-35 mph;O: No Injury;Asian;Female;Passenger Car;No;No;Daylight;Urban (>70% Developed);4 lanes;2;Straight - Level;Local Street;Dry;Two-Way, Not Divided;None;Four-Way Intersection;Smooth Asphalt;Piedmont;Urban;30 - 35  MPH;Stop And Go Signal;Clear;No;36.0032, -78.9513