FID;OBJECTID;AmbulanceR;BikeAge_Gr;Bike_Age;Bike_Alc_D;Bike_Dir;Bike_Injur;Bike_Pos;Bike_Race;Bike_Sex;City;County;CrashAlcoh;CrashDay;Crash_Date;Crash_Grp;Crash_Hour;Crash_Loc;Crash_Mont;Crash_Time;Crash_Type;Crash_Ty_1;Crash_Year;Crsh_Sevri;Developmen;DrvrAge_Gr;Drvr_Age;Drvr_Alc_D;Drvr_EstSp;Drvr_Injur;Drvr_Race;Drvr_Sex;Drvr_VehTy;ExcsSpdInd;Hit_Run;Light_Cond;Locality;Num_Lanes;Num_Units;Rd_Charact;Rd_Class;Rd_Conditi;Rd_Config;Rd_Defects;Rd_Feature;Rd_Surface;Region;Rural_Urba;Speed_Limi;Traff_Cntr;Weather;Workzone_I;Location
665;666;Yes;15-nov;14;No;With Traffic;B: Evident Injury;Travel Lane;White;Male;None - Rural Crash;Johnston;No;01/01/2002;04/09/2012;Motorist Overtaking Bicyclist;17;Non-Intersection;01/09/2001;01/01/2001 17:20;Motorist Overtaking - Bicyclist Swerved;NA;2012;B: Evident Injury;Residential;30-39;30;No;51-55 mph;B: Evident Injury;Black;Male;Motorcycle;No;No;Daylight;Rural (<30% Developed);2 lanes;2;Straight - Level;State Secondary Route;Dry;Two-Way, Not Divided;None;No Special Feature;Gravel;Coastal;Rural;40 - 45  MPH;Double Yellow Line, No Passing Zone;Clear;No;35.54112, -78.6295
669;670;Yes;30-39;36;Yes;With Traffic;A: Disabling Injury;Travel Lane;Black;Male;Durham;Durham;Yes;01/01/2007;09/09/2012;Crossing Paths - Other Circumstances;1;Intersection;01/09/2001;01/01/2001 01:39;Signalized Intersection - Other /;NA;2012;A: Disabling Injury;Residential;NA;NA;Missing;31-35 mph;Injury;/Missing;NA;Passenger Car;No;Yes;Dark -  Lighting;Urban (>70% Developed);4 lanes;2;Straight - Level;Local Street;Wet;Two-Way, Divided, Unprotected Median;None;No Special Feature;Coarse Asphalt;Piedmont;Urban;40 - 45  MPH;Other;Rain;No;35.97946, -78.8918
672;673;No;30-39;33;No;Facing Traffic;O: No Injury;Sidewalk / Crosswalk / Driveway Crossing;Black;Male;Charlotte;Mecklenburg;No;01/01/2004;13/09/2012;Motorist Failed to Yield - Midblock;13;Non-Intersection;01/09/2001;01/01/2001 13:14;Motorist Drive Out - Commercial Driveway / Alley;NA;2012;O: No Injury;Commercial;NA;NA;Missing;0-5 mph;Injury;/Missing;NA;NA;No;Yes;Daylight;Urban (>70% Developed);6 lanes;2;Straight - Level;NA;Dry;Two-Way, Divided, Positive Median Barrier;None;No Special Feature;Concrete;Piedmont;Urban;5 - 15 MPH;No Control Present;Clear;No;35.23949, -80.8856
679;680;Yes;60-69;61;No;With Traffic;K: Killed;Travel Lane;Black;Male;None - Rural Crash;Harnett;No;NA;10/09/2012;Bicyclist Left Turn / Merge;20;Non-Intersection;01/09/2001;01/01/2001 20:23;Bicyclist Left Turn - Same Direction;NA;2012;K: Killed;Farms, Woods, Pastures;20-24;22;No;46-50 mph;O: No Injury;White;Male;Pickup;No;Yes;Dark - Roadway Not Lighted;Mixed (30% To 70% Developed);2 lanes;2;Straight - Level;State Secondary Route;Dry;Two-Way, Not Divided;None;No Special Feature;Coarse Asphalt;Coastal;Rural;50 - 55  MPH;No Control Present;Clear;No;35.32498, -78.5677
683;684;Yes;10-juin;8;No;Not Applicable;C: Possible Injury;Non-Roadway;Black;Male;Durham;Durham;No;01/01/2003;19/09/2012;Non-Roadway;16;Non-Roadway;01/09/2001;01/01/2001 16:18;Non-Roadway;NA;2012;C: Possible Injury;Residential;0-19;17;No;6-10 mph;O: No Injury;Asian;Female;Sport Utility;No;No;Daylight;Urban (>70% Developed);NA;2;Straight - Level;Public Vehicular Area;Dry;One-Way, Not Divided;None;No Special Feature;Coarse Asphalt;Piedmont;Urban;5 - 15 MPH;No Control Present;Clear;No;35.97832, -78.8095
685;686;Yes;16-19;18;No;Not Applicable;B: Evident Injury;Non-Roadway;Hispanic;Male;None - Rural Crash;Cumberland;No;01/01/2002;18/09/2012;Bicyclist Failed to Yield - Midblock;14;Non-Intersection;01/09/2001;01/01/2001 14:30;Bicyclist Ride Out - Other Midblock;NA;2012;B: Evident Injury;Residential;NA;NA;Missing;31-35 mph;Injury;/Missing;NA;Passenger Car;No;Yes;Daylight;Urban (>70% Developed);2 lanes;2;Straight - Level;State Secondary Route;Dry;Two-Way, Not Divided;None;No Special Feature;Smooth Asphalt;Coastal;Rural;40 - 45  MPH;No Control Present;Cloudy;No;35.01913, -78.9402
686;687;Yes;25-29;25;Yes;With Traffic;C: Possible Injury;Travel Lane;Black;Male;None - Rural Crash;Orange;Yes;01/01/2005;14/09/2012;Bicyclist Failed to Yield - Sign-Controlled Intersection;2;Intersection;01/09/2001;01/01/2001 02:46;Bicyclist Ride Through - Sign-Controlled Intersection;NA;2012;C: Possible Injury;Residential;40-49;49;No;31-35 mph;O: No Injury;Black;Male;Van;No;No;Dark - Lighted Roadway;Urban (>70% Developed);2 lanes;2;Straight - Level;Local Street;Dry;Two-Way, Not Divided;None;No Special Feature;Smooth Asphalt;Piedmont;Rural;30 - 35  MPH;Stop Sign;Clear;No;35.96385, -79.0476
688;689;Yes;60-69;65;No;With Traffic;B: Evident Injury;Travel Lane;White;Male;Sanford;Lee;No;01/01/2003;12/09/2012;Motorist Left Turn / Merge;9;Intersection;01/09/2001;01/01/2001 09:39;Motorist Left Turn - Opposite Direction;NA;2012;B: Evident Injury;Commercial;70;70;No;11-15 mph;O: No Injury;White;Female;Van;No;No;Daylight;Urban (>70% Developed);5 lanes;2;Straight - Hillcrest;Local Street;Dry;Two-Way, Not Divided;None;No Special Feature;Coarse Asphalt;Piedmont;Urban;30 - 35  MPH;Stop Sign;Clear;No;35.4805, -79.181
689;690;No;40-49;49;No;With Traffic;C: Possible Injury;Travel Lane;White;Male;None - Rural Crash;Cumberland;No;01/01/2006;22/09/2012;Backing Vehicle;9;Non-Intersection;01/09/2001;01/01/2001 09:06;Backing Vehicle;NA;2012;C: Possible Injury;Residential;40-49;48;No;0-5 mph;O: No Injury;White;Male;Sport Utility;No;No;Daylight;Mixed (30% To 70% Developed);2 lanes;2;Straight - Level;US Route;Dry;Two-Way, Not Divided;None;Driveway, Private;Smooth Asphalt;Coastal;Rural;NA;No Control Present;Clear;No;35.12304, -78.7408
690;691;Yes;30-39;33;No;With Traffic;C: Possible Injury;Travel Lane;Hispanic;Male;Durham;Durham;No;01/01/2006;22/09/2012;Crossing Paths - Other Circumstances;0;Intersection;01/09/2001;01/01/2001 00:11;Signalized Intersection - Other /;NA;2012;C: Possible Injury;Commercial;50-59;50;No;36-40 mph;O: No Injury;White;Male;Passenger Car;No;No;Dark - Roadway Not Lighted;Mixed (30% To 70% Developed);2 lanes;2;Straight - Level;Local Street;Dry;Two-Way, Not Divided;None;No Special Feature;Smooth Asphalt;Piedmont;Urban;30 - 35  MPH;Stop And Go Signal;Clear;No;35.98087, -78.8822
705;706;No;25-29;26;No;With Traffic;C: Possible Injury;Sidewalk / Crosswalk / Driveway Crossing;White;Male;Raleigh;Wake;No;01/01/2004;20/09/2012;Motorist Failed to Yield - Signalized Intersection;9;Intersection;01/09/2001;01/01/2001 08:59;Motorist Drive Out - Signalized Intersection;NA;2012;C: Possible Injury;Residential;25-29;26;No;31-35 mph;O: No Injury;White;Male;Passenger Car;No;No;Daylight;Urban (>70% Developed);2 lanes;2;Straight - Level;Local Street;Dry;Two-Way, Not Divided;None;No Special Feature;Concrete;Piedmont;Urban;30 - 35  MPH;Stop And Go Signal;Clear;No;35.76905, -78.6912
707;708;Yes;40-49;46;No;With Traffic;A: Disabling Injury;Travel Lane;Black;Male;Raleigh;Wake;No;NA;24/09/2012;Motorist Overtaking Bicyclist;14;Non-Intersection;01/09/2001;01/01/2001 14:04;Motorist Overtaking - Other /;NA;2012;A: Disabling Injury;Commercial;25-29;29;No;36-40 mph;O: No Injury;White;Male;Single Unit Truck (2-Axle, 6-Tire);No;No;Daylight;Urban (>70% Developed);6 lanes;2;Straight - Level;NC Route;Dry;Two-Way, Divided, Unprotected Median;None;No Special Feature;Smooth Asphalt;Piedmont;Urban;40 - 45  MPH;No Control Present;Clear;No;35.85777, -78.553
710;711;Yes;20-24;21;No;With Traffic;B: Evident Injury;Travel Lane;White;Male;Wilmington;New Hanover;No;01/01/2004;20/09/2012;Motorist Left Turn / Merge;9;Intersection;01/09/2001;01/01/2001 09:23;Motorist Left Turn - Opposite Direction;NA;2012;B: Evident Injury;Residential;70;70;No;6-10 mph;O: No Injury;White;Male;Passenger Car;No;No;Daylight;Urban (>70% Developed);2 lanes;2;Straight - Level;Local Street;Dry;Two-Way, Not Divided;None;T-Intersection;Coarse Asphalt;Coastal;Urban;20 - 25  MPH;No Control Present;Clear;No;34.23327, -77.8598
712;713;Yes;30-39;35;No;With Traffic;B: Evident Injury;Travel Lane;Hispanic;Male;None - Rural Crash;Mecklenburg;No;01/01/2004;27/09/2012;Motorist Right Turn / Merge;17;Non-Intersection;01/09/2001;01/01/2001 17:01;Motorist Right Turn - Same Direction;NA;2012;B: Evident Injury;Commercial;20-24;22;No;0-5 mph;O: No Injury;White;Male;Passenger Car;No;No;Daylight;Urban (>70% Developed);4 lanes;2;Straight - Level;Local Street;Dry;Two-Way, Not Divided;None;No Special Feature;Smooth Asphalt;Piedmont;Rural;20 - 25  MPH;No Control Present;Clear;No;35.22397, -80.8478
713;714;No;10-juin;8;No;Not Applicable;O: No Injury;Non-Roadway;Hispanic;Female;Lenoir;Caldwell;No;01/01/2004;27/09/2012;Non-Roadway;17;Non-Roadway;01/09/2001;01/01/2001 17:25;Non-Roadway;NA;2012;O: No Injury;Residential;60-69;64;No;6-10 mph;O: No Injury;White;Male;Passenger Car;No;No;Daylight;Urban (>70% Developed);NA;3;Straight - Level;Public Vehicular Area;Dry;Two-Way, Not Divided;None;Driveway, Private;Coarse Asphalt;Mountains;Urban;5 - 15 MPH;No Control Present;Clear;No;35.86618, -81.5241
721;722;Yes;10-juin;9;No;Facing Traffic;C: Possible Injury;Travel Lane;White;Male;Sanford;Lee;No;01/01/2005;14/09/2012;Crossing Paths - Other Circumstances;19;Intersection;01/09/2001;01/01/2001 19:40;Sign-Controlled Intersection - Other /;NA;2012;C: Possible Injury;Residential;30-39;35;No;31-35 mph;O: No Injury;Black;Female;Sport Utility;No;No;Dark - Lighted Roadway;Urban (>70% Developed);4 lanes;2;Straight - Level;Local Street;Dry;Two-Way, Not Divided;None;No Special Feature;Coarse Asphalt;Piedmont;Urban;30 - 35  MPH;No Control Present;Clear;No;35.47754, -79.1705
724;725;No;20-24;22;No;With Traffic;O: No Injury;Travel Lane;White;Male;Burlington;Alamance;No;01/01/2005;28/09/2012;Bicyclist Overtaking Motorist;10;Non-Intersection;01/09/2001;01/01/2001 10:14;Bicyclist Overtaking - Parked Vehicle;NA;2012;O: No Injury;Residential;NA;NA;Missing;0-5 mph;Injury;/Missing;NA;Pickup;No;No;Daylight;Urban (>70% Developed);2 lanes;2;Straight - Level;Local Street;Dry;Two-Way, Not Divided;None;No Special Feature;Smooth Asphalt;Piedmont;Urban;30 - 35  MPH;No Control Present;Clear;No;36.10049, -79.4367
730;731;Yes;16-19;19;No;With Traffic;C: Possible Injury;Travel Lane;Black;Female;Winston-Salem;Forsyth;No;01/01/2004;13/09/2012;Bicyclist Failed to Yield - Signalized Intersection;9;Intersection;01/09/2001;01/01/2001 09:25;Bicyclist Ride Through - Signalized Intersection;NA;2012;C: Possible Injury;Residential;60-69;63;No;6-10 mph;O: No Injury;White;Female;Passenger Car;No;No;Daylight;Urban (>70% Developed);4 lanes;2;Straight - Level;Local Street;Dry;Two-Way, Not Divided;None;Four-Way Intersection;Smooth Asphalt;Piedmont;Urban;30 - 35  MPH;Stop And Go Signal;Clear;No;36.13932, -80.2781
731;732;Yes;30-39;34;No;With Traffic;B: Evident Injury;Travel Lane;Black;Male;Wilson;Wilson;No;01/01/2004;30/08/2012;Motorist Overtaking Bicyclist;23;Non-Intersection;01/08/2001;01/01/2001 23:24;Motorist Overtaking - Other /;NA;2012;B: Evident Injury;Residential;NA;NA;No;26-30 mph;Injury;/Missing;NA;NA;No;Yes;Dark - Lighted Roadway;Urban (>70% Developed);2 lanes;2;Curve - Grade;Local Street;Dry;Two-Way, Divided, Unprotected Median;None;No Special Feature;Coarse Asphalt;Coastal;Urban;40 - 45  MPH;No Control Present;Clear;No;35.71157, -77.8991
738;739;Yes;10-juin;8;No;With Traffic;C: Possible Injury;Travel Lane;Black;Male;None - Rural Crash;Guilford;No;01/01/2005;21/09/2012;Loss of Control / Turning Error;22;Intersection;01/09/2001;01/01/2001 21:59;Bicyclist Lost Control - Mechanical Problems;NA;2012;C: Possible Injury;Residential;40-49;48;No;26-30 mph;O: No Injury;Black;Female;Pickup;No;No;Daylight;Urban (>70% Developed);2 lanes;2;Straight - Level;Local Street;Dry;Two-Way, Not Divided;None;Related To Intersection;Smooth Asphalt;Piedmont;Rural;30 - 35  MPH;Stop Sign;Clear;No;35.95928, -79.9609
742;743;Yes;15-nov;14;No;Facing Traffic;B: Evident Injury;Travel Lane;White;Male;None - Rural Crash;Pender;No;01/01/2004;04/10/2012;Bicyclist Right Turn / Merge;19;Intersection;01/10/2001;01/01/2001 19:40;Bicyclist Right Turn - Same Direction;NA;2012;B: Evident Injury;Farms, Woods, Pastures;30-39;31;No;26-30 mph;O: No Injury;Hispanic;Male;Pickup;No;No;Dusk;Rural (<30% Developed);2 lanes;2;Straight - Level;State Secondary Route;Dry;Two-Way, Not Divided;None;T-Intersection;Smooth Asphalt;Coastal;Rural;50 - 55  MPH;No Control Present;Clear;No;34.51785, -77.8431
746;747;Yes;50-59;54;No;With Traffic;B: Evident Injury;Travel Lane;White;Male;Lenoir;Caldwell;No;01/01/2007;07/10/2012;Motorist Overtaking Bicyclist;6;Non-Intersection;01/10/2001;01/01/2001 06:12;Motorist Overtaking - Other /;NA;2012;B: Evident Injury;Commercial;20-24;22;No;36-40 mph;O: No Injury;White;Male;Passenger Car;No;No;Dark - Lighted Roadway;Mixed (30% To 70% Developed);5 lanes;2;Straight - Level;Local Street;Wet;Two-Way, Not Divided;None;No Special Feature;Smooth Asphalt;Mountains;Urban;40 - 45  MPH;No Control Present;Rain;No;35.90223, -81.5456
747;748;No;25-29;27;No;With Traffic;O: No Injury;Travel Lane;Hispanic;Male;None - Rural Crash;Stanly;No;01/01/2002;25/09/2012;Motorist Overtaking Bicyclist;6;Non-Intersection;01/09/2001;01/01/2001 06:13;Motorist Overtaking - Bicyclist Swerved;NA;2012;O: No Injury;Farms, Woods, Pastures;30-39;38;No;51-55 mph;O: No Injury;White;Male;Passenger Car;No;No;Dark - Roadway Not Lighted;Rural (<30% Developed);2 lanes;2;Straight - Level;NC Route;Dry;Two-Way, Not Divided;None;No Special Feature;Smooth Asphalt;Piedmont;Rural;50 - 55  MPH;Double Yellow Line, No Passing Zone;Fog, Smog, Smoke;No;35.20512, -80.0875
751;752;Yes;40-49;44;No;With Traffic;B: Evident Injury;Travel Lane;Black;Male;None - Rural Crash;Hoke;No;01/01/2007;07/10/2012;Motorist Overtaking Bicyclist;19;Non-Intersection;01/10/2001;01/01/2001 19:57;Motorist Overtaking - Other /;NA;2012;B: Evident Injury;Commercial;70;70;No;51-55 mph;C: Possible Injury;Native American;Male;Passenger Car;No;No;Dark - Roadway Not Lighted;Rural (<30% Developed);2 lanes;2;Straight - Grade;State Secondary Route;Dry;Two-Way, Not Divided;None;No Special Feature;Coarse Asphalt;Coastal;Rural;50 - 55  MPH;No Control Present;Clear;No;34.90576, -79.2319
754;755;No;30-39;30;No;With Traffic;C: Possible Injury;Travel Lane;White;Male;Cary;Wake;No;01/01/2007;23/09/2012;Motorist Failed to Yield - Sign-Controlled Intersection;17;Intersection;01/09/2001;01/01/2001 17:27;Motorist Drive Out - Sign-Controlled Intersection;NA;2012;C: Possible Injury;Residential;30-39;39;No;6-10 mph;O: No Injury;Other;Female;NA;No;Yes;Daylight;Urban (>70% Developed);2 lanes;2;Straight - Level;Local Street;Dry;Two-Way, Not Divided;None;T-Intersection;Smooth Asphalt;Piedmont;Urban;30 - 35  MPH;Stop Sign;Clear;No;35.82471, -78.8422
760;761;No;20-24;20;No;With Traffic;C: Possible Injury;Travel Lane;White;Male;Wilmington;New Hanover;No;01/01/2004;11/10/2012;Motorist Left Turn / Merge;22;Intersection;01/10/2001;01/01/2001 22:14;Motorist Left Turn - Opposite Direction;NA;2012;C: Possible Injury;Institutional;20-24;20;No;0-5 mph;O: No Injury;White;Female;Passenger Car;No;No;Dark - Lighted Roadway;Urban (>70% Developed);2 lanes;2;Straight - Level;Local Street;Dry;Two-Way, Not Divided;None;Four-Way Intersection;Smooth Asphalt;Coastal;Urban;20 - 25  MPH;Other;Clear;No;34.22886, -77.871
769;770;Yes;16-19;18;No;With Traffic;C: Possible Injury;Travel Lane;White;Female;None - Rural Crash;Johnston;No;01/01/2007;07/10/2012;Motorist Overtaking Bicyclist;21;Non-Intersection;01/10/2001;01/01/2001 21:06;Motorist Overtaking - Bicyclist Swerved;NA;2012;C: Possible Injury;Farms, Woods, Pastures;70;70;No;51-55 mph;Injury;White;Male;NA;No;Yes;Dark - Roadway Not Lighted;Mixed (30% To 70% Developed);2 lanes;2;Straight - Level;US Route;Dry;Two-Way, Not Divided;None;No Special Feature;Coarse Asphalt;Coastal;Rural;50 - 55  MPH;No Control Present;Cloudy;No;35.48997, -78.2037
774;775;No;10-juin;10;No;NA;C: Possible Injury;NA;Black;Male;Farmville;Pitt;No;01/01/2002;09/10/2012;Bicyclist Failed to Yield - Midblock;0;Non-Intersection;01/10/2001;0-12-31 23:59:58;Bicyclist Ride Out - Midblock -;NA;2012;C: Possible Injury;Residential;30-39;30;No;16-20 mph;O: No Injury;White;Female;Passenger Car;No;No;Daylight;Urban (>70% Developed);2 lanes;2;Straight - Level;Local Street;Dry;Two-Way, Not Divided;None;No Special Feature;Smooth Asphalt;Coastal;Rural;30 - 35  MPH;No Control Present;Cloudy;No;35.59911, -77.5875
776;777;Yes;10-juin;10;No;NA;B: Evident Injury;Travel Lane;White;Male;Raleigh;Wake;No;01/01/2003;10/10/2012;Crossing Paths - Other Circumstances;8;Intersection-Related;01/10/2001;01/01/2001 08:44;Sign-Controlled Intersection - Other /;NA;2012;B: Evident Injury;Residential;30-39;30;No;11-15 mph;O: No Injury;Hispanic;Female;Passenger Car;No;No;Daylight;Urban (>70% Developed);2 lanes;2;Straight - Level;NA;Dry;Two-Way, Not Divided;None;No Special Feature;Smooth Asphalt;Piedmont;Urban;30 - 35  MPH;No Control Present;Clear;No;35.84297, -78.6236
781;782;Yes;30-39;36;No;Facing Traffic;C: Possible Injury;Travel Lane;White;Female;Wilson;Wilson;Yes;01/01/2005;28/09/2012;Motorist Failed to Yield - Sign-Controlled Intersection;18;Intersection;01/09/2001;01/01/2001 18:15;Motorist Drive Out - Sign-Controlled Intersection;NA;2012;C: Possible Injury;Commercial;60-69;67;Yes;21-25 mph;O: No Injury;White;Male;Pickup;No;No;Dusk;Urban (>70% Developed);5 lanes;2;Straight - Level;Local Street;Dry;Two-Way, Not Divided;None;T-Intersection;Smooth Asphalt;Coastal;Urban;40 - 45  MPH;Stop Sign;Cloudy;No;35.70908, -77.9466
790;791;Yes;20-24;21;No;Facing Traffic;B: Evident Injury;Sidewalk / Crosswalk / Driveway Crossing;White;Female;Cary;Wake;No;01/01/2006;06/10/2012;Motorist Failed to Yield - Sign-Controlled Intersection;15;Intersection;01/10/2001;01/01/2001 15:44;Motorist Drive Out - Sign-Controlled Intersection;NA;2012;B: Evident Injury;Residential;25-29;28;No;0-5 mph;O: No Injury;White;Female;Passenger Car;No;No;Daylight;Urban (>70% Developed);2 lanes;2;Straight - Level;Local Street;Dry;Two-Way, Divided, Unprotected Median;None;Related To Intersection;Smooth Asphalt;Piedmont;Urban;20 - 25  MPH;Stop Sign;Clear;No;35.79161, -78.823
797;798;Yes;16-19;17;No;With Traffic;B: Evident Injury;Travel Lane;White;Female;Durham;Durham;No;01/01/2006;20/10/2012;Bicyclist Overtaking Motorist;15;Intersection;01/10/2001;01/01/2001 15:15;Bicyclist Overtaking - Extended Door;NA;2012;B: Evident Injury;Commercial;60-69;62;Missing;0-5 mph;O: No Injury;White;Female;Passenger Car;No;No;Daylight;Urban (>70% Developed);4 lanes;2;Straight - Grade;Local Street;Dry;Two-Way, Not Divided;None;No Special Feature;Smooth Asphalt;Piedmont;Urban;30 - 35  MPH;No Control Present;Clear;No;36.01367, -78.9218
799;800;Yes;0-5;4;No;Not Applicable;C: Possible Injury;Driveway / Alley;Black;Female;Charlotte;Mecklenburg;No;01/01/2006;20/10/2012;Bicyclist Failed to Yield - Midblock;18;Non-Intersection;01/10/2001;01/01/2001 18:05;Bicyclist Ride Out - Residential Driveway;NA;2012;C: Possible Injury;Residential;30-39;38;No;0-5 mph;O: No Injury;Black;Female;Passenger Car;No;No;Daylight;Urban (>70% Developed);1 lane;2;Straight - Level;Local Street;Dry;Two-Way, Not Divided;None;No Special Feature;Smooth Asphalt;Piedmont;Urban;20 - 25  MPH;No Control Present;Clear;No;35.17403, -80.7132
803;804;Yes;60-69;62;No;With Traffic;B: Evident Injury;Travel Lane;White;Male;None - Rural Crash;Caldwell;No;01/01/2005;19/10/2012;Motorist Right Turn / Merge;11;Intersection;01/10/2001;01/01/2001 11:43;Motorist Right Turn - Same Direction;NA;2012;B: Evident Injury;Farms, Woods, Pastures;50-59;57;No;26-30 mph;O: No Injury;White;Female;Passenger Car;No;No;Daylight;Rural (<30% Developed);2 lanes;2;Straight - Level;State Secondary Route;Dry;Two-Way, Not Divided;None;T-Intersection;Smooth Asphalt;Mountains;Rural;50 - 55  MPH;Double Yellow Line, No Passing Zone;Clear;No;35.86001, -81.3446
779;780;Yes;30-39;35;No;With Traffic;C: Possible Injury;Travel Lane;White;Male;None - Rural Crash;Johnston;No;01/01/2003;20/10/2010;Motorist Overtaking Bicyclist;19;Non-Intersection;01/10/2001;01/01/2001 19:07;Motorist Overtaking - Misjudged Space;0;2010;C: Possible Injury;Farms, Woods, Pastures;50-59;56;No;51-55 mph;O: No Injury;Black;Male;Pickup;No;No;Dark - Roadway Not Lighted;Rural (<30% Developed);2 lanes;2;Straight - Level;State Secondary Route;Dry;Two-Way, Not Divided;None;Bridge Approach;Coarse Asphalt;Coastal;Rural;50 - 55  MPH;Double Yellow Line, No Passing Zone;Clear;No;35.399345, -78.50027
790;791;Yes;20-24;20;No;With Traffic;B: Evident Injury;Bike Lane / Paved Shoulder;White;Male;Chapel Hill;Orange;No;01/01/2007;17/10/2010;Bicyclist Overtaking Motorist;20;Non-Intersection;01/10/2001;01/01/2001 20:03;Bicyclist Overtaking - Parked Vehicle;0;2010;B: Evident Injury;Institutional;NA;NA;Missing;NA;Injury;/Missing;NA;Passenger Car;No;No;Dark - Lighted Roadway;Urban (>70% Developed);4 lanes;2;Straight - Level;Local Street;Dry;Two-Way, Divided, Unprotected Median;None;No Special Feature;Smooth Asphalt;Piedmont;Urban;20 - 25  MPH;No Control Present;Clear;No;35.91462, -79.051865
791;792;No;50-59;55;No;With Traffic;C: Possible Injury;Travel Lane;White;Male;Charlotte;Mecklenburg;No;01/01/2006;16/10/2010;Bicyclist Overtaking Motorist;14;Non-Intersection;01/10/2001;01/01/2001 14:38;Bicyclist Overtaking - Parked Vehicle;0;2010;C: Possible Injury;Residential;NA;NA;Missing;31-35 mph;Injury;/Missing;NA;Passenger Car;Yes;No;Daylight;Urban (>70% Developed);2 lanes;2;Straight - Level;Local Street;Dry;Two-Way, Not Divided;None;No Special Feature;Concrete;Piedmont;Urban;30 - 35  MPH;No Control Present;Clear;No;35.034195, -80.79219
809;810;Yes;20-24;22;No;Facing Traffic;C: Possible Injury;Travel Lane;Black;Male;None - Rural Crash;Robeson;No;01/01/2002;26/10/2010;Head-On;21;Non-Intersection;01/10/2001;01/01/2001 21:31;Head-On - Bicyclist;0;2010;C: Possible Injury;Farms, Woods, Pastures;50-59;53;No;51-55 mph;O: No Injury;Native American;Male;Pickup;No;No;Dark - Roadway Not Lighted;Rural (<30% Developed);2 lanes;2;Straight - Level;NC Route;Dry;Two-Way, Not Divided;None;No Special Feature;Coarse Asphalt;Coastal;Rural;50 - 55  MPH;Double Yellow Line, No Passing Zone;Clear;No;34.710075, -79.35131
812;813;Yes;40-49;48;No;With Traffic;K: Killed;Travel Lane;White;Male;Charlotte;Mecklenburg;No;01/01/2005;22/10/2010;Motorist Overtaking Bicyclist;12;Non-Intersection;01/10/2001;01/01/2001 12:13;Motorist Overtaking - Bicyclist Swerved;0;2010;K: Killed;Commercial;20-24;20;No;46-50 mph;O: No Injury;Asian;Male;Pickup;No;No;Daylight;Urban (>70% Developed);5 lanes;2;Straight - Level;US Route;Dry;Two-Way, Divided, Unprotected Median;None;No Special Feature;Coarse Asphalt;Piedmont;Urban;50 - 55  MPH;No Control Present;Clear;No;35.241795, -80.984344
813;814;Yes;50-59;53;No;With Traffic;B: Evident Injury;Travel Lane;Black;Male;Rocky Mount;Nash;No;01/01/2005;24/09/2010;Crossing Paths - Other Circumstances;17;Intersection;01/09/2001;01/01/2001 17:21;Crossing Paths - Uncontrolled Intersection;0;2010;B: Evident Injury;Commercial;40-49;41;No;0-5 mph;O: No Injury;Hispanic;Female;Passenger Car;No;No;Daylight;Urban (>70% Developed);4 lanes;2;Straight - Level;Local Street;Dry;Two-Way, Divided, Unprotected Median;None;Four-Way Intersection;Coarse Asphalt;Coastal;Urban;30 - 35  MPH;No Control Present;Clear;No;35.93051, -77.81367
814;815;Yes;10-juin;10;No;Not Applicable;B: Evident Injury;Driveway / Alley;White;Male;Cary;Wake;No;01/01/2007;31/10/2010;Bicyclist Failed to Yield - Midblock;12;Non-Intersection;01/10/2001;01/01/2001 12:53;Bicyclist Ride Out - Residential Driveway;0;2010;B: Evident Injury;Residential;40-49;42;No;16-20 mph;O: No Injury;Black;Male;Pickup;No;No;Daylight;Urban (>70% Developed);2 lanes;2;Straight - Level;Local Street;Dry;Two-Way, Not Divided;None;No Special Feature;Smooth Asphalt;Piedmont;Urban;20 - 25  MPH;No Control Present;Clear;No;35.79605, -78.85487
821;822;Yes;20-24;20;No;Facing Traffic;C: Possible Injury;Sidewalk / Crosswalk / Driveway Crossing;Black;Male;Gastonia;Gaston;No;01/01/2006;16/10/2010;Motorist Failed to Yield - Signalized Intersection;13;Intersection;01/10/2001;01/01/2001 13:14;Motorist Drive Out - Signalized Intersection;0;2010;C: Possible Injury;Commercial;40-49;49;No;0-5 mph;O: No Injury;Black;Male;Passenger Car;No;No;Daylight;Urban (>70% Developed);3 lanes;2;Straight - Grade;NC Route;Dry;Two-Way, Not Divided;None;Four-Way Intersection;Smooth Asphalt;Piedmont;Urban;30 - 35  MPH;Stop And Go Signal;Clear;No;35.26526, -81.197624
829;830;Yes;50-59;59;No;With Traffic;B: Evident Injury;Travel Lane;White;Male;Durham;Durham;No;01/01/2006;25/09/2010;Motorist Overtaking Bicyclist;10;Intersection;01/09/2001;01/01/2001 10:27;Motorist Overtaking - Misjudged Space;0;2010;B: Evident Injury;Residential;30-39;38;No;11-15 mph;O: No Injury;White;Female;Passenger Car;No;No;Daylight;Urban (>70% Developed);3 lanes;2;Straight - Level;NC Route;Dry;Two-Way, Divided, Unprotected Median;None;No Special Feature;Grooved Concrete;Piedmont;Urban;30 - 35  MPH;Stop And Go Signal;Clear;No;35.900925, -78.95959