FID;OBJECTID;AmbulanceR;BikeAge_Gr;Bike_Age;Bike_Alc_D;Bike_Dir;Bike_Injur;Bike_Pos;Bike_Race;Bike_Sex;City;County;CrashAlcoh;CrashDay;Crash_Date;Crash_Grp;Crash_Hour;Crash_Loc;Crash_Mont;Crash_Time;Crash_Type;Crash_Ty_1;Crash_Year;Crsh_Sevri;Developmen;DrvrAge_Gr;Drvr_Age;Drvr_Alc_D;Drvr_EstSp;Drvr_Injur;Drvr_Race;Drvr_Sex;Drvr_VehTy;ExcsSpdInd;Hit_Run;Light_Cond;Locality;Num_Lanes;Num_Units;Rd_Charact;Rd_Class;Rd_Conditi;Rd_Config;Rd_Defects;Rd_Feature;Rd_Surface;Region;Rural_Urba;Speed_Limi;Traff_Cntr;Weather;Workzone_I;Location
15;16;Yes;20-24;21;No;With Traffic;C: Possible Injury;Travel Lane;Black;Male;None - Rural Crash;Pitt;No;01/01/2004;03/02/2011;Bicyclist Failed to Yield - Sign-Controlled Intersection;15;Intersection;01/02/2001;01/01/2001 14:59;Bicyclist Ride Through - Sign-Controlled Intersection;111144;2011;C: Possible Injury;Farms, Woods, Pastures;50-59;54;No;51-55 mph;O: No Injury;Black;Male;Single Unit Truck (3 Or More Axles);No;No;Daylight;Rural (<30% Developed);2 lanes;2;Straight - Level;State Secondary Route;Dry;Two-Way, Not Divided;None;Four-Way Intersection;Coarse Asphalt;Coastal;Rural;50 - 55  MPH;Stop Sign;Cloudy;No;35.66247, -77.3897
18;19;No;40-49;46;No;With Traffic;K: Killed;Travel Lane;White;Male;Monroe;Union;Yes;01/01/2004;27/01/2011;Motorist Overtaking Bicyclist;23;Non-Intersection;NA;01/01/2001 23:29;Motorist Overtaking - Other /;311239;2011;K: Killed;Commercial;30-39;31;Yes;41-45 mph;O: No Injury;White;Male;Passenger Car;No;No;Dark - Lighted Roadway;Urban (>70% Developed);2 lanes;2;Straight - Level;Local Street;Dry;Two-Way, Not Divided;None;No Special Feature;Smooth Asphalt;Piedmont;Urban;40 - 45  MPH;No Control Present;Clear;No;35.0401, -80.601
19;20;Yes;50-59;51;No;Facing Traffic;C: Possible Injury;Sidewalk / Crosswalk / Driveway Crossing;White;Male;Greensboro;Guilford;No;01/01/2005;28/01/2011;Crossing Paths - Other Circumstances;13;Intersection;NA;01/01/2001 13:06;Sign-Controlled Intersection - Other /;132148;2011;C: Possible Injury;Residential;20-24;21;No;6-10 mph;O: No Injury;Black;Male;Passenger Car;No;No;Daylight;Urban (>70% Developed);2 lanes;2;Straight - Hillcrest;Public Vehicular Area;Dry;Two-Way, Not Divided;No Shoulders;T-Intersection;Smooth Asphalt;Piedmont;Urban;NA;Stop Sign;Clear;No;36.07578, -79.8939
433;434;No;15-nov;11;No;Facing Traffic;C: Possible Injury;Travel Lane;Black;Male;Winton;Hertford;No;01/01/2003;05/08/2009;Motorist Left Turn / Merge;19;Intersection;01/08/2001;01/01/2001 19:39;Motorist Left Turn - Same Direction;112211;2009;C: Possible Injury;Residential;NA;NA;Missing;31-35 mph;Injury;/Missing;NA;NA;No;Yes;Dark - Roadway Not Lighted;Mixed (30% To 70% Developed);2 lanes;2;Straight - Level;NC Route;Dry;Two-Way, Not Divided;None;T-Intersection;Coarse Asphalt;Coastal;Rural;30 - 35  MPH;Double Yellow Line, No Passing Zone;Clear;No;36.38904, -76.93733
438;439;Yes;10-juin;7;No;Not Applicable;B: Evident Injury;Driveway / Alley;White;Male;Raleigh;Wake;No;01/01/2003;05/08/2009;Bicyclist Failed to Yield - Midblock;18;Non-Intersection;01/08/2001;01/01/2001 18:38;Bicyclist Ride Out - Residential Driveway;353311;2009;B: Evident Injury;Residential;50-59;58;No;31-35 mph;O: No Injury;Other;Female;Passenger Car;No;No;Daylight;Urban (>70% Developed);2 lanes;2;Curve - Level;Local Street;Dry;Two-Way, Not Divided;None;No Special Feature;Coarse Asphalt;Piedmont;Urban;30 - 35  MPH;No Control Present;Clear;No;35.87213, -78.626045
443;444;No;15-nov;15;No;Facing Traffic;C: Possible Injury;Travel Lane;White;Male;Concord;Cabarrus;No;01/01/2005;07/08/2009;Loss of Control / Turning Error;17;Intersection;01/08/2001;01/01/2001 17:07;Bicyclist Lost Control - Mechanical Problems;112121;2009;C: Possible Injury;Commercial;30-39;32;No;6-10 mph;O: No Injury;White;Female;Sport Utility;No;No;Daylight;Urban (>70% Developed);3 lanes;2;Straight - Level;NC Route;Dry;Two-Way, Not Divided;None;Related To Intersection;Smooth Asphalt;Piedmont;Urban;30 - 35  MPH;Stop And Go Signal;Clear;No;35.42268, -80.5916
447;448;Yes;16-19;17;No;Facing Traffic;C: Possible Injury;Travel Lane;Black;Male;None - Rural Crash;New Hanover;No;01/01/2007;23/08/2009;Other /  - Insufficient Details;22;Intersection;01/08/2001;01/01/2001 22:06;Approach Paths;112970;2009;C: Possible Injury;Commercial;0-19;18;No;16-20 mph;O: No Injury;White;Female;Sport Utility;No;No;Dark - Roadway Not Lighted;Mixed (30% To 70% Developed);7 lanes;2;Straight - Level;US Route;Dry;Two-Way, Divided, Unprotected Median;None;Four-Way Intersection;Coarse Asphalt;Coastal;Rural;50 - 55  MPH;Stop Sign;Clear;No;34.10678, -77.89995
449;450;Yes;50-59;52;No;Facing Traffic;C: Possible Injury;NA;Hispanic;Male;Raleigh;Wake;No;01/01/2006;08/08/2009;Motorist Left Turn / Merge;15;Intersection;01/08/2001;01/01/2001 15:02;Motorist Left Turn - Same Direction;192211;2009;C: Possible Injury;Commercial;20-24;20;No;6-10 mph;O: No Injury;Black;Female;Passenger Car;No;No;Daylight;Urban (>70% Developed);2 lanes;2;Straight - Level;Local Street;Dry;Two-Way, Divided, Unprotected Median;None;No Special Feature;Smooth Asphalt;Piedmont;Urban;30 - 35  MPH;Stop And Go Signal;Clear;No;35.83059, -78.61895
455;456;Yes;40-49;44;No;Facing Traffic;C: Possible Injury;Sidewalk / Crosswalk / Driveway Crossing;Black;Male;Lexington;Davidson;No;NA;10/08/2009;Motorist Failed to Yield - Sign-Controlled Intersection;9;Intersection;01/08/2001;01/01/2001 09:34;Motorist Drive Out - Sign-Controlled Intersection;132141;2009;C: Possible Injury;Commercial;50-59;58;No;0-5 mph;O: No Injury;White;Female;Passenger Car;No;No;Daylight;Urban (>70% Developed);1 lane;2;Straight - Level;Local Street;Dry;One-Way, Not Divided;None;No Special Feature;Smooth Asphalt;Piedmont;Urban;20 - 25  MPH;Stop Sign;Clear;No;35.894104, -80.56144
459;460;Yes;20-24;20;No;Not Applicable;B: Evident Injury;NA;Native American;Male;None - Rural Crash;Robeson;No;01/01/2006;29/08/2009;Bicyclist Failed to Yield - Midblock;17;Non-Intersection;01/08/2001;01/01/2001 17:33;Bicyclist Ride Out - Midblock -;393319;2009;B: Evident Injury;Residential;30-39;34;No;41-45 mph;B: Evident Injury;Native American;Male;Motorcycle;No;No;Daylight;Mixed (30% To 70% Developed);2 lanes;4;Straight - Level;State Secondary Route;Dry;Two-Way, Not Divided;None;No Special Feature;Coarse Asphalt;Coastal;Rural;50 - 55  MPH;No Control Present;Clear;No;34.833344, -79.08341
460;461;Yes;40-49;43;No;With Traffic;C: Possible Injury;Travel Lane;Black;Male;Goldsboro;Wayne;No;01/01/2002;25/08/2009;Bicyclist Failed to Yield - Signalized Intersection;14;Intersection;01/08/2001;01/01/2001 14:19;Bicyclist Failed to Clear - Trapped;111156;2009;C: Possible Injury;Residential;30-39;39;No;NA;O: No Injury;Black;Male;Pickup;No;No;Daylight;Urban (>70% Developed);4 lanes;2;Straight - Level;Local Street;Dry;Two-Way, Not Divided;None;Four-Way Intersection;Smooth Asphalt;Coastal;Urban;30 - 35  MPH;Stop And Go Signal;Cloudy;No;35.36584, -77.99178
464;465;Yes;15-nov;13;No;With Traffic;B: Evident Injury;Sidewalk / Crosswalk / Driveway Crossing;Black;Male;Charlotte;Mecklenburg;No;NA;17/08/2009;Loss of Control / Turning Error;18;Intersection;01/08/2001;01/01/2001 18:15;Bicyclist Lost Control - Mechanical Problems;131121;2009;B: Evident Injury;Residential;20-24;21;No;0-5 mph;O: No Injury;Hispanic;Female;Light Truck (Mini-Van, Panel);No;No;Daylight;Urban (>70% Developed);2 lanes;2;Straight - Grade;Local Street;Dry;Two-Way, Not Divided;None;Four-Way Intersection;Smooth Asphalt;Piedmont;Urban;30 - 35  MPH;Stop Sign;Clear;No;35.229523, -80.81211
475;476;No;16-19;18;No;Facing Traffic;O: No Injury;NA;Black;Male;None - Rural Crash;Lenoir;No;01/01/2007;16/08/2009;Motorist Failed to Yield - Sign-Controlled Intersection;15;Intersection;01/08/2001;01/01/2001 15:29;Motorist Drive Out - Sign-Controlled Intersection;192141;2009;O: No Injury;Farms, Woods, Pastures;25-29;27;No;51-55 mph;O: No Injury;Black;Female;Passenger Car;No;No;Daylight;Rural (<30% Developed);4 lanes;2;Straight - Level;NC Route;Dry;Two-Way, Divided, Unprotected Median;None;T-Intersection;Coarse Asphalt;Coastal;Rural;50 - 55  MPH;Stop Sign;Clear;No;35.342125, -77.476204
531;532;No;40-49;44;No;With Traffic;C: Possible Injury;Travel Lane;Black;Male;Spring Lake;Cumberland;No;01/01/2002;05/08/2008;Motorist Failed to Yield - Sign-Controlled Intersection;11;Intersection;01/08/2001;01/01/2001 11:38;Motorist Drive Out - Sign-Controlled Intersection;111141;2008;C: Possible Injury;Commercial;40-49;46;No;11-15 mph;O: No Injury;White;Male;Passenger Car;No;No;Daylight;Urban (>70% Developed);4 lanes;2;Straight - Level;Local Street;Dry;NA;Road Surface Condition;T-Intersection;Coarse Asphalt;Coastal;Urban;20 - 25  MPH;Stop Sign;Clear;No;0.0, 0.0
536;537;Yes;15-nov;15;No;Facing Traffic;C: Possible Injury;Bike Lane / Paved Shoulder;Black;Male;Charlotte;Mecklenburg;No;01/01/2004;26/06/2008;Motorist Failed to Yield - Signalized Intersection;17;Intersection;01/06/2001;01/01/2001 17:02;Motorist Drive Out - Right Turn on Red;122151;2008;C: Possible Injury;Commercial;20-24;20;No;11-15 mph;O: No Injury;White;Male;Passenger Car;No;Yes;Daylight;Urban (>70% Developed);5 lanes;2;Straight - Level;Local Street;Dry;Two-Way, Divided, Unprotected Median;None;No Special Feature;Smooth Asphalt;Piedmont;Urban;30 - 35  MPH;Stop And Go Signal;Cloudy;No;0.0, 0.0
545;546;No;10-juin;8;No;Not Applicable;C: Possible Injury;Non-Roadway;Black;Male;Dunn;Harnett;No;01/01/2005;18/07/2008;Bicyclist Failed to Yield - Midblock;14;Non-Intersection;01/07/2001;01/01/2001 14:53;Bicyclist Ride Out - Other Midblock;363318;2008;C: Possible Injury;Residential;40-49;45;No;26-30 mph;O: No Injury;White;Female;Sport Utility;No;No;Daylight;Mixed (30% To 70% Developed);2 lanes;2;Straight - Level;State Secondary Route;Wet;Two-Way, Not Divided;None;No Special Feature;Coarse Asphalt;Coastal;Urban;40 - 45  MPH;Missing;Rain;No;0.0, 0.0
548;549;Yes;16-19;19;No;With Traffic;K: Killed;Travel Lane;White;Male;Asheville;Buncombe;No;01/01/2003;23/07/2008;Crossing Paths - Other Circumstances;22;Intersection;01/07/2001;01/01/2001 22:39;Signalized Intersection - Other /;111158;2008;K: Killed;Commercial;70+;NA;No;41-45 mph;O: No Injury;White;Male;Sport Utility;No;No;Dark - Lighted Roadway;Urban (>70% Developed);5 lanes;2;Straight - Level;US Route;Dry;Two-Way, Not Divided;None;Four-Way Intersection;Coarse Asphalt;Mountains;Urban;40 - 45  MPH;Stop And Go Signal;Cloudy;No;0.0, 0.0
551;552;No;NA;NA;No;With Traffic;O: No Injury;Non-Roadway;Black;Male;Fayetteville;Cumberland;No;01/01/2002;22/07/2008;Motorist Left Turn / Merge;17;Intersection;01/07/2001;01/01/2001 17:56;Motorist Left Turn - Opposite Direction;161212;2008;O: No Injury;Commercial;0-19;19;No;0-5 mph;O: No Injury;White;Male;Passenger Car;No;No;Daylight;Urban (>70% Developed);5 lanes;2;Straight - Level;Local Street;Dry;Two-Way, Not Divided;None;T-Intersection;Smooth Asphalt;Coastal;Urban;40 - 45  MPH;Stop And Go Signal;Cloudy;No;0.0, 0.0
558;559;No;25-29;27;No;With Traffic;C: Possible Injury;Travel Lane;Black;Male;Raleigh;Wake;No;01/01/2003;02/07/2008;Motorist Right Turn / Merge;10;Non-Intersection;01/07/2001;01/01/2001 10:04;Motorist Right Turn - Same Direction;311213;2008;C: Possible Injury;Commercial;25-29;26;No;6-10 mph;O: No Injury;White;Female;Sport Utility;No;No;Daylight;Urban (>70% Developed);2 lanes;2;Straight - Level;Local Street;Dry;Two-Way, Divided, Unprotected Median;None;No Special Feature;Coarse Asphalt;Piedmont;Urban;30 - 35  MPH;No Control Present;Clear;No;0.0, 0.0
563;564;Yes;10-juin;8;No;Not Applicable;C: Possible Injury;Travel Lane;Black;Female;High Point;Guilford;No;01/01/2006;26/07/2008;Crossing Paths - Other Circumstances;11;Intersection;01/07/2001;01/01/2001 11:14;Crossing Paths - Uncontrolled Intersection;113160;2008;C: Possible Injury;Residential;50-59;55;No;36-40 mph;O: No Injury;Black;Male;Single Unit Truck (2-Axle, 6-Tire);No;No;Daylight;Urban (>70% Developed);4 lanes;2;Straight - Grade;Local Street;Dry;Two-Way, Divided, Positive Median Barrier;None;No Special Feature;Coarse Asphalt;Piedmont;Urban;40 - 45  MPH;No Control Present;Clear;No;0.0, 0.0
564;565;No;15-nov;14;No;Facing Traffic;O: No Injury;Sidewalk / Crosswalk / Driveway Crossing;White;Male;Charlotte;Mecklenburg;No;01/01/2005;22/08/2008;Bicyclist Failed to Yield - Signalized Intersection;17;Intersection;01/08/2001;01/01/2001 17:28;Bicyclist Ride Out - Signalized  Intersection;132153;2008;O: No Injury;Commercial;30-39;38;No;6-10 mph;O: No Injury;White;Male;Sport Utility;No;No;Daylight;Urban (>70% Developed);NA;2;Straight - Level;Local Street;Dry;Two-Way, Divided, Positive Median Barrier;None;Four-Way Intersection;Smooth Asphalt;Piedmont;Urban;40 - 45  MPH;Stop And Go Signal;Clear;No;0.0, 0.0
570;571;Yes;20-24;20;No;Facing Traffic;B: Evident Injury;Sidewalk / Crosswalk / Driveway Crossing;Asian;Male;Smithfield;Johnston;No;NA;28/07/2008;Crossing Paths - Other Circumstances;14;Intersection;01/07/2001;01/01/2001 14:41;Signalized Intersection - Other /;132158;2008;B: Evident Injury;Commercial;40-49;46;No;6-10 mph;O: No Injury;Black;Male;Passenger Car;No;No;Daylight;Urban (>70% Developed);2 lanes;2;Straight - Level;Local Street;Dry;Two-Way, Not Divided;None;Four-Way Intersection;Smooth Asphalt;Coastal;Urban;20 - 25  MPH;Stop And Go Signal;Clear;No;0.0, 0.0
575;576;Yes;15-nov;12;No;Facing Traffic;B: Evident Injury;Sidewalk / Crosswalk / Driveway Crossing;Black;Male;Gastonia;Gaston;No;01/01/2004;31/07/2008;Motorist Failed to Yield - Midblock;17;Non-Intersection;01/07/2001;01/01/2001 17:42;Motorist Drive Out - Commercial Driveway / Alley;332322;2008;B: Evident Injury;Commercial;25-29;28;No;NA;O: No Injury;White;Female;Passenger Car;No;No;Daylight;Urban (>70% Developed);NA;2;NA;Local Street;Dry;NA;None;No Special Feature;Smooth Asphalt;Piedmont;Urban;NA;Missing;Clear;No;0.0, 0.0
584;585;No;15-nov;15;No;Not Applicable;C: Possible Injury;Sidewalk / Crosswalk / Driveway Crossing;White;Female;Cary;Wake;No;01/01/2005;22/08/2008;Non-Roadway;8;Non-Roadway;01/08/2001;01/01/2001 08:29;Non-Roadway;430910;2008;C: Possible Injury;Commercial;40-49;45;No;0-5 mph;O: No Injury;White;Male;Passenger Car;No;No;Daylight;Urban (>70% Developed);NA;2;Straight - Level;Public Vehicular Area;Dry;Two-Way, Not Divided;None;Driveway, Public;Concrete;Piedmont;Urban;5 - 15 MPH;No Control Present;Clear;No;0.0, 0.0
587;588;Yes;50-59;53;No;NA;B: Evident Injury;Sidewalk / Crosswalk / Driveway Crossing;Black;Male;Rocky Mount;Nash;No;01/01/2003;25/06/2008;Motorist Failed to Yield - Midblock;22;Non-Intersection;01/06/2001;01/01/2001 22:56;Motorist Drive Out - Commercial Driveway / Alley;339322;2008;B: Evident Injury;Residential;40-49;49;No;6-10 mph;O: No Injury;Black;Female;Passenger Car;No;No;Dark - Lighted Roadway;Urban (>70% Developed);NA;2;Straight - Level;Public Vehicular Area;Dry;Two-Way, Not Divided;None;No Special Feature;Smooth Asphalt;Coastal;Urban;30 - 35  MPH;No Control Present;Clear;No;0.0, 0.0
590;591;Yes;10-juin;8;No;With Traffic;B: Evident Injury;Travel Lane;Black;Female;Greensboro;Guilford;No;01/01/2005;11/07/2008;Motorist Failed to Yield - Sign-Controlled Intersection;20;Intersection;01/07/2001;01/01/2001 19:59;Motorist Drive Out - Sign-Controlled Intersection;111141;2008;B: Evident Injury;Residential;50-59;51;No;0-5 mph;O: No Injury;Black;Male;NA;No;Yes;Dark - Lighted Roadway;Urban (>70% Developed);2 lanes;2;Straight - Level;Local Street;Dry;Two-Way, Not Divided;None;T-Intersection;Coarse Asphalt;Piedmont;Urban;20 - 25  MPH;Stop Sign;Clear;No;0.0, 0.0
592;593;No;40-49;49;No;With Traffic;B: Evident Injury;Travel Lane;Black;Male;None - Rural Crash;Cumberland;No;01/01/2007;03/08/2008;Motorist Overtaking Bicyclist;18;Non-Intersection;01/08/2001;01/01/2001 18:34;Motorist Overtaking - Bicyclist Swerved;311235;2008;B: Evident Injury;Residential;30-39;31;No;31-35 mph;O: No Injury;White;Female;Sport Utility;No;No;Daylight;Rural (<30% Developed);2 lanes;2;Straight - Level;State Secondary Route;Dry;Two-Way, Not Divided;None;No Special Feature;Smooth Asphalt;Coastal;Rural;40 - 45  MPH;Missing;Clear;No;0.0, 0.0
594;595;Yes;15-nov;12;No;With Traffic;B: Evident Injury;Travel Lane;White;Male;None - Rural Crash;Richmond;No;NA;04/08/2008;Motorist Overtaking Bicyclist;16;Non-Intersection;01/08/2001;01/01/2001 16:46;Motorist Overtaking - Other /;311239;2008;B: Evident Injury;Farms, Woods, Pastures;50-59;56;No;51-55 mph;O: No Injury;White;Male;Passenger Car;No;No;Daylight;Mixed (30% To 70% Developed);2 lanes;2;Straight - Grade;NC Route;Dry;Two-Way, Not Divided;None;Driveway, Private;Smooth Asphalt;Piedmont;Rural;50 - 55  MPH;Double Yellow Line, No Passing Zone;Clear;No;0.0, 0.0
596;597;Yes;15-nov;15;No;Facing Traffic;C: Possible Injury;Travel Lane;Black;Male;None - Rural Crash;Mecklenburg;No;NA;04/08/2008;Motorist Failed to Yield - Sign-Controlled Intersection;11;Intersection;01/08/2001;01/01/2001 11:58;Motorist Drive Out - Sign-Controlled Intersection;112141;2008;C: Possible Injury;Residential;20-24;20;No;11-15 mph;O: No Injury;White;Male;Passenger Car;No;No;Daylight;Mixed (30% To 70% Developed);3 lanes;3;Straight - Level;Local Street;Dry;Two-Way, Not Divided;None;T-Intersection;Smooth Asphalt;Piedmont;Rural;40 - 45  MPH;Stop Sign;Clear;No;0.0, 0.0
601;602;Yes;30-39;30;No;With Traffic;B: Evident Injury;Travel Lane;White;Female;Raleigh;Wake;No;NA;11/08/2008;Motorist Failed to Yield - Sign-Controlled Intersection;18;Intersection;01/08/2001;01/01/2001 18:26;Motorist Drive Out - Sign-Controlled Intersection;111141;2008;B: Evident Injury;Commercial;0-19;17;No;0-5 mph;O: No Injury;White;Female;Passenger Car;No;No;Daylight;Urban (>70% Developed);NA;2;Straight - Grade;Public Vehicular Area;Dry;Two-Way, Not Divided;None;Four-Way Intersection;Smooth Asphalt;Piedmont;Urban;5 - 15 MPH;Stop Sign;Clear;No;0.0, 0.0
602;603;Yes;60-69;66;No;With Traffic;B: Evident Injury;Travel Lane;White;Male;Charlotte;Mecklenburg;No;NA;01/09/2008;Motorist Right Turn / Merge;9;Intersection;01/09/2001;01/01/2001 09:27;Motorist Right Turn - Same Direction;111213;2008;B: Evident Injury;Commercial;20-24;24;No;41-45 mph;O: No Injury;Black;Female;Passenger Car;No;No;Daylight;Urban (>70% Developed);2 lanes;2;Straight - Grade;Local Street;Dry;Two-Way, Not Divided;None;No Special Feature;Smooth Asphalt;Piedmont;Urban;40 - 45  MPH;No Control Present;Clear;No;0.0, 0.0
607;608;Yes;40-49;45;No;Not Applicable;B: Evident Injury;Travel Lane;White;Male;None - Rural Crash;Currituck;No;01/01/2007;10/08/2008;Non-Roadway;13;Non-Roadway;01/08/2001;01/01/2001 13:49;Non-Roadway;410910;2008;B: Evident Injury;Residential;20-24;22;No;6-10 mph;O: No Injury;White;Male;Passenger Car;No;No;Daylight;Rural (<30% Developed);2 lanes;2;Straight - Level;Public Vehicular Area;Wet;Two-Way, Not Divided;None;No Special Feature;Other;Coastal;Rural;NA;Missing;Rain;No;0.0, 0.0
609;610;No;25-29;25;No;With Traffic;C: Possible Injury;Travel Lane;White;Male;Asheville;Buncombe;No;01/01/2007;10/08/2008;Motorist Left Turn / Merge;0;Intersection;01/08/2001;01/01/2001 00:04;Motorist Left Turn - Opposite Direction;111212;2008;C: Possible Injury;Commercial;25-29;26;No;16-20 mph;O: No Injury;Black;Male;Sport Utility;No;No;Dark - Lighted Roadway;Urban (>70% Developed);5 lanes;2;Straight - Level;Public Vehicular Area;Dry;Two-Way, Not Divided;None;No Special Feature;Smooth Asphalt;Mountains;Urban;30 - 35  MPH;Stop And Go Signal;Clear;No;0.0, 0.0
615;616;Yes;15-nov;11;No;With Traffic;C: Possible Injury;Travel Lane;Black;Male;Shelby;Cleveland;No;01/01/2002;12/08/2008;Motorist Overtaking Bicyclist;14;Intersection;01/08/2001;01/01/2001 13:59;Motorist Overtaking - Bicyclist Swerved;111235;2008;C: Possible Injury;Residential;60-69;60;No;16-20 mph;O: No Injury;White;Female;Passenger Car;No;No;Daylight;Mixed (30% To 70% Developed);2 lanes;2;Straight - Grade;Local Street;Dry;Two-Way, Not Divided;None;No Special Feature;Smooth Asphalt;Mountains;Urban;30 - 35  MPH;No Control Present;Clear;No;0.0, 0.0
624;625;Yes;10-juin;9;No;Not Applicable;C: Possible Injury;NA;Black;Male;None - Rural Crash;Cleveland;No;01/01/2004;14/08/2008;Bicyclist Failed to Yield - Midblock;17;Non-Intersection;01/08/2001;01/01/2001 17:33;Bicyclist Ride Out - Other Midblock;393318;2008;C: Possible Injury;Residential;40-49;41;No;41-45 mph;O: No Injury;Black;Female;Passenger Car;No;No;Daylight;Urban (>70% Developed);2 lanes;2;Straight - Level;State Secondary Route;Dry;Two-Way, Not Divided;None;No Special Feature;Smooth Asphalt;Mountains;Rural;40 - 45  MPH;Double Yellow Line, No Passing Zone;Cloudy;No;0.0, 0.0
626;627;No;25-29;26;No;Facing Traffic;B: Evident Injury;Sidewalk / Crosswalk / Driveway Crossing;White;Male;Raleigh;Wake;No;NA;21/07/2008;Motorist Failed to Yield - Midblock;20;Non-Intersection;01/07/2001;01/01/2001 19:59;Motorist Drive Out - Commercial Driveway / Alley;332322;2008;B: Evident Injury;Commercial;NA;NA;Missing;0-5 mph;Injury;/Missing;NA;NA;No;Yes;Daylight;Urban (>70% Developed);2 lanes;2;Straight - Level;Local Street;Dry;Two-Way, Divided, Unprotected Median;None;Driveway, Private;Concrete;Piedmont;Urban;30 - 35  MPH;Missing;Clear;No;0.0, 0.0
628;629;No;15-nov;13;No;With Traffic;B: Evident Injury;Travel Lane;Black;Male;Rocky Mount;Nash;No;01/01/2006;09/08/2008;Bicyclist Failed to Yield - Sign-Controlled Intersection;14;Intersection;01/08/2001;01/01/2001 14:27;Bicyclist Ride Out - Sign-Controlled Intersection;111142;2008;B: Evident Injury;Residential;30-39;38;No;31-35 mph;O: No Injury;Black;Female;Passenger Car;No;No;Daylight;Urban (>70% Developed);2 lanes;2;Straight - Level;Local Street;Dry;Two-Way, Not Divided;None;Four-Way Intersection;Coarse Asphalt;Coastal;Urban;30 - 35  MPH;Stop Sign;Clear;No;0.0, 0.0
641;642;Yes;20-24;22;No;With Traffic;C: Possible Injury;Travel Lane;White;Female;Asheville;Buncombe;No;01/01/2003;20/08/2008;Bicyclist Failed to Yield - Signalized Intersection;17;Intersection;01/08/2001;01/01/2001 17:29;Bicyclist Ride Through - Signalized Intersection;111155;2008;C: Possible Injury;Commercial;40-49;48;No;0-5 mph;O: No Injury;White;Female;Sport Utility;No;No;Daylight;Urban (>70% Developed);4 lanes;2;Straight - Level;US Route;Dry;Two-Way, Not Divided;None;T-Intersection;Smooth Asphalt;Mountains;Urban;30 - 35  MPH;Stop And Go Signal;Clear;No;0.0, 0.0
645;646;Yes;16-19;19;No;With Traffic;B: Evident Injury;Travel Lane;White;Male;Hudson;Caldwell;No;01/01/2004;21/08/2008;Bicyclist Left Turn / Merge;11;Intersection-Related;01/08/2001;01/01/2001 11:04;Bicyclist Left Turn - Same Direction;211221;2008;B: Evident Injury;Residential;60-69;62;No;41-45 mph;O: No Injury;White;Female;Sport Utility;No;No;Daylight;Urban (>70% Developed);2 lanes;2;Straight - Grade;Local Street;Dry;Two-Way, Not Divided;None;No Special Feature;Smooth Asphalt;Mountains;Rural;40 - 45  MPH;No Control Present;Clear;No;0.0, 0.0
651;652;Yes;10-juin;6;No;With Traffic;B: Evident Injury;Travel Lane;Black;Male;Charlotte;Mecklenburg;No;01/01/2006;13/09/2008;Loss of Control / Turning Error;18;Non-Intersection;01/09/2001;01/01/2001 18:42;Bicyclist Lost Control - Other /;311129;2008;B: Evident Injury;Residential;30-39;38;No;6-10 mph;O: No Injury;Black;Male;Van;No;No;Daylight;Urban (>70% Developed);2 lanes;2;Straight - Hillcrest;Local Street;Dry;Two-Way, Not Divided;None;No Special Feature;Smooth Asphalt;Piedmont;Urban;5 - 15 MPH;No Control Present;Clear;No;0.0, 0.0
652;653;Yes;15-nov;13;No;With Traffic;O: No Injury;Travel Lane;White;Female;Pink Hill;Lenoir;No;01/01/2007;14/09/2008;Bicyclist Failed to Yield - Sign-Controlled Intersection;11;Intersection;01/09/2001;01/01/2001 11:45;Bicyclist Ride Through - Sign-Controlled Intersection;111144;2008;O: No Injury;Commercial;0-19;19;No;26-30 mph;O: No Injury;White;Female;Passenger Car;No;No;Daylight;Mixed (30% To 70% Developed);2 lanes;2;Straight - Level;NC Route;Dry;Two-Way, Not Divided;None;Four-Way Intersection;Smooth Asphalt;Coastal;Rural;30 - 35  MPH;Stop Sign;Clear;No;0.0, 0.0
657;658;No;20-24;21;No;Not Applicable;C: Possible Injury;Travel Lane;White;Male;Charlotte;Mecklenburg;No;NA;15/09/2008;Non-Roadway;12;Non-Roadway;01/09/2001;01/01/2001 12:03;Non-Roadway;410910;2008;C: Possible Injury;Commercial;50-59;54;No;6-10 mph;O: No Injury;White;Female;Light Truck (Mini-Van, Panel);No;No;Daylight;Urban (>70% Developed);2 lanes;2;Straight - Level;Public Vehicular Area;Dry;Two-Way, Not Divided;None;No Special Feature;Grooved Concrete;Piedmont;Urban;NA;No Control Present;Cloudy;No;0.0, 0.0
659;660;Yes;15-nov;15;No;Not Applicable;B: Evident Injury;Travel Lane;White;Male;Mooresville;Iredell;No;01/01/2007;24/08/2008;Non-Roadway;16;Non-Roadway;01/08/2001;01/01/2001 16:49;Non-Roadway;410910;2008;B: Evident Injury;Commercial;30-39;34;No;16-20 mph;O: No Injury;White;Female;Passenger Car;No;No;Daylight;Urban (>70% Developed);NA;2;Straight - Grade;Public Vehicular Area;Dry;Two-Way, Not Divided;None;No Special Feature;Smooth Asphalt;Piedmont;Urban;30 - 35  MPH;No Control Present;Clear;No;0.0, 0.0