FID;OBJECTID;AmbulanceR;BikeAge_Gr;Bike_Age;Bike_Alc_D;Bike_Dir;Bike_Injur;Bike_Pos;Bike_Race;Bike_Sex;City;County;CrashAlcoh;CrashDay;Crash_Date;Crash_Grp;Crash_Hour;Crash_Loc;Crash_Mont;Crash_Time;Crash_Type;Crash_Ty_1;Crash_Year;Crsh_Sevri;Developmen;DrvrAge_Gr;Drvr_Age;Drvr_Alc_D;Drvr_EstSp;Drvr_Injur;Drvr_Race;Drvr_Sex;Drvr_VehTy;ExcsSpdInd;Hit_Run;Light_Cond;Locality;Num_Lanes;Num_Units;Rd_Charact;Rd_Class;Rd_Conditi;Rd_Config;Rd_Defects;Rd_Feature;Rd_Surface;Region;Rural_Urba;Speed_Limi;Traff_Cntr;Weather;Workzone_I;Location
898;899;No;50-59;50;No;With Traffic;O: No Injury;Travel Lane;Black;Male;Fayetteville;Cumberland;Yes;01/01/2006;06/12/2008;Motorist Left Turn / Merge;18;Intersection;01/12/2001;01/01/2001 18:43;Motorist Left Turn - Opposite Direction;111212;2008;O: No Injury;Commercial;60-69;69;Yes;21-25 mph;O: No Injury;Black;Male;Pickup;No;No;Dark - Roadway Not Lighted;Urban (>70% Developed);6 lanes;2;Straight - Level;Local Street;Dry;Two-Way, Divided, Unprotected Median;None;Four-Way Intersection;Smooth Asphalt;Coastal;Urban;40 - 45  MPH;Stop And Go Signal;Clear;No;0.0, 0.0
903;904;Yes;25-29;25;No;Facing Traffic;C: Possible Injury;Sidewalk / Crosswalk / Driveway Crossing;White;Female;Cary;Wake;No;01/01/2007;07/12/2008;Motorist Failed to Yield - Sign-Controlled Intersection;17;Intersection;01/12/2001;01/01/2001 17:53;Motorist Drive Out - Sign-Controlled Intersection;132141;2008;C: Possible Injury;Commercial;50-59;56;No;0-5 mph;O: No Injury;White;Male;Sport Utility;No;No;Dusk;Urban (>70% Developed);NA;2;Straight - Level;Public Vehicular Area;Dry;One-Way, Not Divided;None;No Special Feature;Smooth Asphalt;Piedmont;Urban;5 - 15 MPH;No Control Present;Clear;No;0.0, 0.0
905;906;No;16-19;18;No;With Traffic;B: Evident Injury;NA;White;Female;Greensboro;Guilford;No;01/01/2005;05/09/2008;Motorist Overtaking Bicyclist;13;Non-Intersection;01/09/2001;01/01/2001 13:02;Motorist Overtaking - Other /;391239;2008;B: Evident Injury;Residential;40-49;43;No;NA;O: No Injury;White;Female;Sport Utility;No;No;Daylight;Urban (>70% Developed);2 lanes;2;Straight - Level;Local Street;Dry;Two-Way, Not Divided;None;No Special Feature;Smooth Asphalt;Piedmont;Urban;20 - 25  MPH;No Control Present;Cloudy;No;0.0, 0.0
908;909;No;40-49;48;No;With Traffic;C: Possible Injury;Travel Lane;Black;Female;Jacksonville;Onslow;No;01/01/2005;14/11/2008;Bicyclist Left Turn / Merge;9;Non-Intersection;01/11/2001;01/01/2001 09:29;Bicyclist Left Turn - Same Direction;311221;2008;C: Possible Injury;Commercial;40-49;43;No;6-10 mph;O: No Injury;White;Male;Pickup;No;No;Daylight;Urban (>70% Developed);2 lanes;2;Straight - Level;Local Street;Wet;Two-Way, Not Divided;None;No Special Feature;Coarse Asphalt;Coastal;Urban;20 - 25  MPH;No Control Present;Clear;No;0.0, 0.0
910;911;No;40-49;46;No;With Traffic;C: Possible Injury;Travel Lane;Black;Male;Winston-Salem;Forsyth;No;01/01/2003;19/11/2008;Motorist Right Turn / Merge;13;Non-Intersection;01/11/2001;01/01/2001 12:59;Motorist Right Turn - Same Direction;311213;2008;C: Possible Injury;Commercial;50-59;59;No;6-10 mph;O: No Injury;Black;Male;Sport Utility;No;No;Daylight;Urban (>70% Developed);3 lanes;2;Curve - Bottom;Local Street;Dry;Two-Way, Not Divided;None;No Special Feature;Coarse Asphalt;Piedmont;Urban;30 - 35  MPH;Missing;Clear;No;0.0, 0.0
911;912;No;16-19;17;No;Facing Traffic;B: Evident Injury;Sidewalk / Crosswalk / Driveway Crossing;White;Male;Cary;Wake;No;01/01/2004;11/12/2008;Crossing Paths - Other Circumstances;7;Intersection;01/12/2001;01/01/2001 06:59;Signalized Intersection - Other /;132158;2008;B: Evident Injury;Commercial;NA;NA;Missing;NA;Injury;/Missing;NA;Van;No;Yes;Dark - Lighted Roadway;Urban (>70% Developed);NA;2;Straight - Level;State Secondary Route;Wet;Two-Way, Not Divided;Road Surface Condition;Four-Way Intersection;Coarse Asphalt;Piedmont;Urban;30 - 35  MPH;Stop And Go Signal;Rain;No;0.0, 0.0
920;921;Yes;15-nov;15;No;With Traffic;B: Evident Injury;Travel Lane;Black;Male;Kinston;Lenoir;No;NA;15/12/2008;Bicyclist Failed to Yield - Sign-Controlled Intersection;16;Intersection;01/12/2001;01/01/2001 16:15;Bicyclist Ride Through - Sign-Controlled Intersection;111144;2008;B: Evident Injury;Residential;60-69;67;No;16-20 mph;C: Possible Injury;White;Female;Sport Utility;No;No;Daylight;Urban (>70% Developed);2 lanes;2;Straight - Hillcrest;Local Street;Dry;Two-Way, Not Divided;None;Four-Way Intersection;Coarse Asphalt;Coastal;Urban;30 - 35  MPH;Stop Sign;Clear;No;0.0, 0.0
925;926;Yes;40-49;45;No;Facing Traffic;C: Possible Injury;Travel Lane;White;Male;Rocky Mount;Nash;No;01/01/2005;31/10/2008;Motorist Failed to Yield - Sign-Controlled Intersection;15;Intersection;01/10/2001;01/01/2001 15:25;Motorist Drive Out - Sign-Controlled Intersection;112141;2008;C: Possible Injury;Commercial;30-39;36;No;0-5 mph;O: No Injury;Black;Female;Van;No;No;Daylight;Urban (>70% Developed);4 lanes;2;Straight - Level;Public Vehicular Area;Dry;Two-Way, Not Divided;None;No Special Feature;Smooth Asphalt;Coastal;Urban;40 - 45  MPH;Stop Sign;Clear;No;0.0, 0.0
929;930;Yes;30-39;39;No;With Traffic;C: Possible Injury;Bike Lane / Paved Shoulder;Native American;Male;None - Rural Crash;Robeson;No;01/01/2004;27/11/2008;Bicyclist Left Turn / Merge;9;Non-Intersection;01/11/2001;01/01/2001 09:44;Bicyclist Left Turn - Same Direction;321221;2008;C: Possible Injury;Farms, Woods, Pastures;25-29;28;No;51-55 mph;O: No Injury;Native American;Male;Sport Utility;No;No;Daylight;Rural (<30% Developed);2 lanes;2;Straight - Level;State Secondary Route;Dry;Two-Way, Not Divided;None;Bridge;Coarse Asphalt;Coastal;Rural;50 - 55  MPH;Double Yellow Line, No Passing Zone;Clear;No;0.0, 0.0
932;933;Yes;15-nov;14;No;Not Applicable;B: Evident Injury;Other;Black;Male;None - Rural Crash;Cumberland;No;NA;22/12/2008;Crossing Paths - Other Circumstances;17;Intersection;01/12/2001;01/01/2001 17:39;Crossing Paths - Uncontrolled Intersection;183160;2008;B: Evident Injury;Commercial;50-59;52;No;31-35 mph;O: No Injury;White;Female;Passenger Car;No;No;Dark - Roadway Not Lighted;Mixed (30% To 70% Developed);2 lanes;2;Straight - Level;State Secondary Route;Dry;Two-Way, Not Divided;None;No Special Feature;Coarse Asphalt;Coastal;Rural;40 - 45  MPH;Double Yellow Line, No Passing Zone;Clear;No;0.0, 0.0
935;936;No;16-19;18;No;With Traffic;C: Possible Injury;Sidewalk / Crosswalk / Driveway Crossing;White;Male;Raleigh;Wake;No;01/01/2005;26/09/2008;Bicyclist Failed to Yield - Signalized Intersection;19;Intersection;01/09/2001;01/01/2001 19:18;Bicyclist Ride Through - Signalized Intersection;131155;2008;C: Possible Injury;Commercial;50-59;52;No;0-5 mph;O: No Injury;Black;Male;Sport Utility;No;No;Daylight;Urban (>70% Developed);4 lanes;2;Straight - Level;Local Street;Dry;One-Way, Not Divided;None;Four-Way Intersection;Smooth Asphalt;Piedmont;Urban;30 - 35  MPH;Stop And Go Signal;Cloudy;No;0.0, 0.0
938;939;Yes;16-19;18;No;Facing Traffic;B: Evident Injury;Sidewalk / Crosswalk / Driveway Crossing;Hispanic;Female;Raleigh;Wake;No;01/01/2003;17/09/2008;Motorist Failed to Yield - Midblock;14;Non-Intersection;01/09/2001;01/01/2001 14:22;Motorist Drive Out - Commercial Driveway / Alley;332322;2008;B: Evident Injury;Commercial;50-59;51;No;0-5 mph;O: No Injury;Black;Female;Passenger Car;No;No;Daylight;Urban (>70% Developed);5 lanes;2;Straight - Hillcrest;Public Vehicular Area;Dry;Two-Way, Divided, Unprotected Median;Other;Driveway, Public;Smooth Asphalt;Piedmont;Urban;30 - 35  MPH;No Control Present;Clear;No;0.0, 0.0
942;943;Yes;30-39;33;Yes;With Traffic;K: Killed;Travel Lane;White;Male;None - Rural Crash;Gaston;Yes;01/01/2006;06/12/2008;Motorist Overtaking Bicyclist;22;Non-Intersection;01/12/2001;01/01/2001 22:15;Motorist Overtaking - Other /;311239;2008;K: Killed;Farms, Woods, Pastures;30-39;33;Yes;41-45 mph;O: No Injury;White;Female;Passenger Car;No;No;Dark - Roadway Not Lighted;Rural (<30% Developed);2 lanes;2;Straight - Level;NC Route;Dry;Two-Way, Not Divided;None;No Special Feature;Coarse Asphalt;Piedmont;Rural;40 - 45  MPH;Double Yellow Line, No Passing Zone;Cloudy;No;0.0, 0.0
949;950;No;25-29;29;No;With Traffic;O: No Injury;Travel Lane;White;Male;Raleigh;Wake;No;01/01/2005;07/11/2008;Other / Unusual Circumstances;22;Non-Intersection;01/11/2001;01/01/2001 22:14;Unusual Circumstances;311800;2008;O: No Injury;Commercial;60-69;64;No;NA;O: No Injury;Black;Male;Passenger Car;No;No;Dark - Lighted Roadway;Urban (>70% Developed);4 lanes;2;Straight - Grade;Local Street;Dry;Two-Way, Not Divided;None;No Special Feature;Coarse Asphalt;Piedmont;Urban;30 - 35  MPH;Missing;Clear;No;0.0, 0.0
954;955;Yes;25-29;27;Yes;With Traffic;C: Possible Injury;Travel Lane;White;Male;Greensboro;Guilford;Yes;01/01/2005;14/11/2008;Motorist Overtaking Bicyclist;23;Intersection-Related;01/11/2001;01/01/2001 23:09;Motorist Overtaking - Other /;211239;2008;C: Possible Injury;Commercial;20-24;23;Yes;6-10 mph;O: No Injury;White;Male;Passenger Car;No;No;Dark - Lighted Roadway;Urban (>70% Developed);3 lanes;2;Straight - Level;Local Street;Wet;Two-Way, Not Divided;None;No Special Feature;Smooth Asphalt;Piedmont;Urban;20 - 25  MPH;Stop And Go Signal;Rain;No;0.0, 0.0
957;958;No;40-49;48;No;With Traffic;C: Possible Injury;Travel Lane;Black;Male;Charlotte;Mecklenburg;No;01/01/2005;12/12/2008;Motorist Right Turn / Merge;18;Non-Intersection;01/12/2001;01/01/2001 18:25;Motorist Right Turn - Same Direction;311213;2008;C: Possible Injury;Commercial;NA;NA;Missing;31-35 mph;Injury;/Missing;NA;NA;No;Yes;Dark - Lighted Roadway;Urban (>70% Developed);4 lanes;2;Straight - Level;Local Street;Dry;Two-Way, Divided, Unprotected Median;None;No Special Feature;Smooth Asphalt;Piedmont;Urban;30 - 35  MPH;No Control Present;Clear;No;0.0, 0.0
971;972;Yes;25-29;26;No;With Traffic;B: Evident Injury;Travel Lane;Black;Male;Greensboro;Guilford;No;NA;24/11/2008;Motorist Left Turn / Merge;12;Intersection;01/11/2001;01/01/2001 12:57;Motorist Left Turn - Opposite Direction;111212;2008;B: Evident Injury;Residential;20-24;24;No;11-15 mph;O: No Injury;Asian;Male;Passenger Car;No;No;Daylight;Urban (>70% Developed);2 lanes;2;Straight - Level;Local Street;Wet;Two-Way, Not Divided;None;Related To Intersection;Smooth Asphalt;Piedmont;Urban;20 - 25  MPH;Stop And Go Signal;Rain;No;0.0, 0.0
597;598;Yes;15-nov;15;No;With Traffic;B: Evident Injury;Sidewalk / Crosswalk / Driveway Crossing;Black;Male;Greensboro;Guilford;No;01/01/2005;24/08/2012;Parallel Paths - Other Circumstances;10;Non-Intersection;01/08/2001;01/01/2001 10:45;Bicyclist Ride Out - Parallel Path;NA;2012;B: Evident Injury;Residential;30-39;30;No;31-35 mph;O: No Injury;White;Male;Pickup;No;No;Daylight;Urban (>70% Developed);2 lanes;2;Straight - Level;Local Street;Dry;Two-Way, Not Divided;None;No Special Feature;Smooth Asphalt;Piedmont;Urban;30 - 35  MPH;No Control Present;Clear;No;36.12158, -79.7626
602;603;Yes;10-juin;6;No;Not Applicable;C: Possible Injury;Non-Roadway;Black;Male;Greensboro;Guilford;No;NA;07/05/2012;Non-Roadway;19;Non-Roadway;01/05/2001;01/01/2001 19:01;Non-Roadway;NA;2012;C: Possible Injury;Residential;0-19;16;No;11-15 mph;O: No Injury;Black;Female;Passenger Car;No;No;Daylight;Urban (>70% Developed);2 lanes;2;Straight - Level;Public Vehicular Area;Dry;Two-Way, Not Divided;None;No Special Feature;Smooth Asphalt;Piedmont;Urban;5 - 15 MPH;No Control Present;Clear;No;36.08311, -79.7521
605;606;No;20-24;22;No;Not Applicable;O: No Injury;Driveway / Alley;Black;Female;Asheville;Buncombe;No;01/01/2005;17/08/2012;Crossing Paths - Other Circumstances;12;Intersection;01/08/2001;01/01/2001 12:52;Crossing Paths - Uncontrolled Intersection;NA;2012;B: Evident Injury;Commercial;60-69;62;No;31-35 mph;B: Evident Injury;White;Male;Single Unit Truck (2-Axle, 6-Tire);No;No;Daylight;Urban (>70% Developed);8 lanes;2;Straight - Bottom;US Route;Dry;Two-Way, Not Divided;None;Four-Way Intersection;Coarse Asphalt;Mountains;Urban;30 - 35  MPH;Stop And Go Signal;Cloudy;No;35.58335, -82.5259
609;610;Yes;50-59;52;No;With Traffic;B: Evident Injury;Travel Lane;White;Female;Greensboro;Guilford;No;01/01/2007;26/08/2012;Bicyclist Failed to Yield - Sign-Controlled Intersection;14;Intersection;01/08/2001;01/01/2001 14:54;Bicyclist Ride Through - Sign-Controlled Intersection;NA;2012;B: Evident Injury;Residential;30-39;32;No;31-35 mph;O: No Injury;White;Female;Passenger Car;No;No;Daylight;Urban (>70% Developed);2 lanes;2;Straight - Grade;Local Street;Dry;Two-Way, Not Divided;None;T-Intersection;Smooth Asphalt;Piedmont;Urban;30 - 35  MPH;Stop Sign;Cloudy;No;36.07411, -79.8316
610;611;No;10-juin;9;No;NA;O: No Injury;Travel Lane;Black;Male;Wilson;Wilson;No;01/01/2005;20/07/2012;Backing Vehicle;17;Intersection-Related;01/07/2001;01/01/2001 17:35;Backing Vehicle;NA;2012;O: No Injury;Residential;NA;NA;Missing;NA;Injury;/Missing;NA;NA;No;Yes;Daylight;Urban (>70% Developed);2 lanes;2;Straight - Level;Local Street;Dry;Two-Way, Not Divided;None;No Special Feature;Smooth Asphalt;Coastal;Urban;30 - 35  MPH;No Control Present;Clear;No;35.71873, -77.9016
611;612;Yes;16-19;16;No;Facing Traffic;C: Possible Injury;Travel Lane;Black;Male;Wilson;Wilson;No;01/01/2006;28/07/2012;Bicyclist Failed to Yield - Signalized Intersection;19;Intersection;01/07/2001;01/01/2001 19:36;Bicyclist Ride Out - Signalized  Intersection;NA;2012;C: Possible Injury;Commercial;60-69;66;No;36-40 mph;O: No Injury;Black;Male;Passenger Car;No;No;Daylight;Urban (>70% Developed);5 lanes;2;Straight - Level;Local Street;Dry;Two-Way, Not Divided;None;Four-Way Intersection;Coarse Asphalt;Coastal;Urban;40 - 45  MPH;Stop And Go Signal;Clear;No;35.75503, -77.9254
619;620;No;15-nov;14;No;With Traffic;C: Possible Injury;Travel Lane;Black;Male;Burlington;Alamance;No;01/01/2003;29/08/2012;Bicyclist Failed to Yield - Sign-Controlled Intersection;17;Intersection;01/08/2001;01/01/2001 17:29;Bicyclist Ride Out - Sign-Controlled Intersection;NA;2012;C: Possible Injury;Residential;NA;NA;Missing;6-10 mph;Injury;/Missing;NA;NA;No;Yes;Daylight;Urban (>70% Developed);2 lanes;2;Straight - Level;Local Street;Dry;Two-Way, Not Divided;None;No Special Feature;Concrete;Piedmont;Urban;30 - 35  MPH;Stop Sign;Clear;No;36.07155, -79.4497
629;630;Yes;16-19;16;No;With Traffic;B: Evident Injury;Travel Lane;Black;Male;None - Rural Crash;Bertie;No;NA;03/09/2012;Motorist Overtaking Bicyclist;15;Non-Intersection;01/09/2001;01/01/2001 15:40;Motorist Overtaking - Bicyclist Swerved;NA;2012;B: Evident Injury;Residential;0-19;17;No;41-45 mph;O: No Injury;Black;Male;Passenger Car;No;No;Daylight;Rural (<30% Developed);2 lanes;2;Straight - Level;US Route;Dry;Two-Way, Not Divided;None;No Special Feature;Coarse Asphalt;Coastal;Rural;50 - 55  MPH;Double Yellow Line, No Passing Zone;Clear;No;36.0364, -76.9621
630;631;Yes;10-juin;10;No;With Traffic;B: Evident Injury;Sidewalk / Crosswalk / Driveway Crossing;White;Female;Greensboro;Guilford;No;01/01/2007;06/05/2012;Motorist Failed to Yield - Signalized Intersection;18;Intersection;01/05/2001;01/01/2001 18:21;Motorist Drive Out - Right Turn on Red;NA;2012;B: Evident Injury;Residential;25-29;29;No;6-10 mph;O: No Injury;Black;Female;Passenger Car;No;No;Daylight;Urban (>70% Developed);3 lanes;2;Straight - Level;Local Street;Dry;Two-Way, Not Divided;None;Four-Way Intersection;Smooth Asphalt;Piedmont;Urban;30 - 35  MPH;Stop And Go Signal;Clear;No;36.13821, -79.8473
632;633;No;40-49;45;No;With Traffic;O: No Injury;Travel Lane;White;Male;None - Rural Crash;Alamance;No;01/01/2007;26/08/2012;Motorist Overtaking Bicyclist;10;Non-Intersection;01/08/2001;01/01/2001 10:13;Motorist Overtaking - Misjudged Space;NA;2012;C: Possible Injury;Farms, Woods, Pastures;25-29;25;No;26-30 mph;C: Possible Injury;White;Male;Passenger Car;No;Yes;Dawn;Rural (<30% Developed);2 lanes;2;Straight - Grade;State Secondary Route;Dry;Two-Way, Not Divided;None;No Special Feature;Smooth Asphalt;Piedmont;Rural;50 - 55  MPH;No Control Present;Clear;No;35.95519, -79.2916
635;636;Yes;16-19;19;No;With Traffic;C: Possible Injury;Travel Lane;White;Female;Asheville;Buncombe;No;01/01/2003;29/08/2012;Crossing Paths - Other Circumstances;12;Intersection;01/08/2001;01/01/2001 12:20;Signalized Intersection - Other /;NA;2012;C: Possible Injury;Commercial;70;70;No;6-10 mph;O: No Injury;White;Male;Passenger Car;No;No;Daylight;Urban (>70% Developed);3 lanes;2;Straight - Level;Local Street;Dry;Two-Way, Not Divided;None;T-Intersection;Coarse Asphalt;Mountains;Urban;20 - 25  MPH;Stop And Go Signal;Cloudy;No;35.59109, -82.5589
638;639;Yes;20-24;23;No;With Traffic;C: Possible Injury;Travel Lane;White;Male;Goldsboro;Wayne;No;01/01/2003;29/08/2012;Bicyclist Failed to Yield - Signalized Intersection;12;Intersection;01/08/2001;01/01/2001 12:19;Bicyclist Ride Through - Signalized Intersection;NA;2012;C: Possible Injury;Commercial;60-69;60;No;0-5 mph;O: No Injury;White;Female;Passenger Car;No;No;Daylight;Urban (>70% Developed);5 lanes;2;Straight - Level;Local Street;Dry;Two-Way, Not Divided;None;Four-Way Intersection;Smooth Asphalt;Coastal;Urban;30 - 35  MPH;Stop And Go Signal;Clear;No;35.39815, -77.962
645;646;Yes;16-19;17;No;Facing Traffic;B: Evident Injury;Travel Lane;Black;Male;Rocky Mount;Nash;No;01/01/2006;11/08/2012;Bicyclist Failed to Yield - Sign-Controlled Intersection;12;Intersection;01/08/2001;01/01/2001 12:27;Bicyclist Ride Through - Sign-Controlled Intersection;NA;2012;B: Evident Injury;Residential;70;70;No;31-35 mph;O: No Injury;Black;Female;Passenger Car;No;No;Daylight;Urban (>70% Developed);2 lanes;2;Straight - Level;Local Street;Wet;One-Way, Not Divided;None;No Special Feature;Coarse Asphalt;Coastal;Urban;30 - 35  MPH;No Control Present;Cloudy;No;35.9447, -77.8041
650;651;Yes;15-nov;15;No;With Traffic;C: Possible Injury;Travel Lane;Black;Male;Fayetteville;Cumberland;No;NA;20/08/2012;Bicyclist Failed to Yield - Sign-Controlled Intersection;18;Intersection;01/08/2001;01/01/2001 18:32;Bicyclist Ride Through - Sign-Controlled Intersection;NA;2012;C: Possible Injury;Residential;0-19;18;No;26-30 mph;O: No Injury;White;Male;Passenger Car;No;No;Daylight;Urban (>70% Developed);2 lanes;2;Straight - Level;Local Street;Dry;Two-Way, Not Divided;None;No Special Feature;Coarse Asphalt;Coastal;Urban;30 - 35  MPH;Stop Sign;Clear;No;35.03876, -78.9643
653;654;Yes;15-nov;11;No;Facing Traffic;C: Possible Injury;Sidewalk / Crosswalk / Driveway Crossing;Black;Male;Raleigh;Wake;No;01/01/2006;08/09/2012;Bicyclist Failed to Yield - Midblock;16;Non-Intersection;01/09/2001;01/01/2001 16:12;Bicyclist Ride Out - Other Midblock;NA;2012;C: Possible Injury;Residential;60-69;62;No;16-20 mph;O: No Injury;White;Female;Passenger Car;No;No;Daylight;Urban (>70% Developed);2 lanes;2;Straight - Level;Local Street;Dry;Two-Way, Not Divided;None;No Special Feature;Coarse Asphalt;Piedmont;Urban;20 - 25  MPH;No Control Present;Clear;No;35.83288, -78.5775
655;656;No;60-69;64;No;With Traffic;C: Possible Injury;Travel Lane;White;Male;Kannapolis;Rowan;No;01/01/2003;29/08/2012;Parallel Paths - Other Circumstances;18;Intersection-Related;01/08/2001;01/01/2001 18:25;Parallel Paths - Other /;NA;2012;C: Possible Injury;Commercial;40-49;44;No;16-20 mph;O: No Injury;White;Male;Sport Utility;No;No;Daylight;Urban (>70% Developed);2 lanes;2;Straight - Level;Local Street;Dry;Two-Way, Not Divided;None;No Special Feature;Smooth Asphalt;Piedmont;Urban;30 - 35  MPH;No Control Present;Clear;No;35.50605, -80.608
658;659;Yes;10-juin;9;No;With Traffic;C: Possible Injury;Travel Lane;Hispanic;Male;Winston-Salem;Forsyth;No;01/01/2006;25/08/2012;Bicyclist Failed to Yield - Sign-Controlled Intersection;17;Intersection-Related;01/08/2001;01/01/2001 17:55;Bicyclist Ride Through - Sign-Controlled Intersection;NA;2012;C: Possible Injury;Residential;30-39;31;No;21-25 mph;O: No Injury;Black;Female;Passenger Car;No;No;Daylight;Urban (>70% Developed);2 lanes;2;Straight - Level;Local Street;Dry;Two-Way, Not Divided;None;Four-Way Intersection;Smooth Asphalt;Piedmont;Urban;30 - 35  MPH;Stop Sign;Clear;No;36.0658, -80.22
661;662;Yes;50-59;51;No;With Traffic;O: No Injury;Travel Lane;White;Female;Durham;Durham;No;01/01/2003;12/09/2012;Motorist Failed to Yield - Sign-Controlled Intersection;8;Intersection;01/09/2001;01/01/2001 08:29;Motorist Drive Out - Sign-Controlled Intersection;NA;2012;O: No Injury;Residential;70;70;No;6-10 mph;O: No Injury;White;Female;Passenger Car;No;No;Daylight;Urban (>70% Developed);2 lanes;2;Curve - Level;Local Street;Dry;Two-Way, Divided, Unprotected Median;None;Traffic Circle/Roundabout;Smooth Asphalt;Piedmont;Urban;30 - 35  MPH;Yield Sign;Clear;No;35.92206, -78.9363
663;664;Yes;10-juin;8;No;Not Applicable;B: Evident Injury;Non-Roadway;Hispanic;Male;Jacksonville;Onslow;No;01/01/2004;23/08/2012;Non-Roadway;11;Non-Roadway;01/08/2001;01/01/2001 11:10;Non-Roadway;NA;2012;B: Evident Injury;Residential;25-29;25;No;0-5 mph;O: No Injury;Hispanic;Female;Passenger Car;No;No;Daylight;Urban (>70% Developed);NA;2;Straight - Level;Public Vehicular Area;Dry;Two-Way, Not Divided;None;Traffic Circle/Roundabout;Smooth Asphalt;Coastal;Urban;NA;Stop Sign;Clear;No;34.78587, -77.3942
664;665;No;50-59;58;No;With Traffic;C: Possible Injury;Travel Lane;White;Male;None - Rural Crash;Chatham;No;NA;03/09/2012;Motorist Overtaking Bicyclist;9;Non-Intersection;01/09/2001;01/01/2001 09:52;Motorist Overtaking - Other /;NA;2012;C: Possible Injury;Residential;70;70;No;21-25 mph;O: No Injury;White;Male;Pickup;No;No;Daylight;Mixed (30% To 70% Developed);2 lanes;2;Straight - Level;NC Route;Dry;Two-Way, Not Divided;None;No Special Feature;Smooth Asphalt;Piedmont;Rural;50 - 55  MPH;Double Yellow Line, No Passing Zone;Cloudy;No;35.78537, -78.9628
667;668;Yes;50-59;57;No;With Traffic;B: Evident Injury;Travel Lane;White;Male;Jacksonville;Onslow;No;01/01/2004;30/08/2012;Motorist Overtaking Bicyclist;18;Non-Intersection;01/08/2001;01/01/2001 18:15;Motorist Overtaking - Other /;NA;2012;B: Evident Injury;Commercial;20-24;24;No;31-35 mph;O: No Injury;White;Female;Passenger Car;No;No;Daylight;Urban (>70% Developed);3 lanes;2;Straight - Level;Local Street;Dry;Two-Way, Divided, Unprotected Median;None;No Special Feature;Smooth Asphalt;Coastal;Urban;30 - 35  MPH;No Control Present;Clear;No;34.76933, -77.3941
670;671;Yes;40-49;41;No;Facing Traffic;C: Possible Injury;Travel Lane;White;Male;Greensboro;Guilford;No;01/01/2005;14/09/2012;Motorist Failed to Yield - Sign-Controlled Intersection;13;Intersection;01/09/2001;01/01/2001 13:23;Motorist Drive Out - Sign-Controlled Intersection;NA;2012;C: Possible Injury;Residential;50-59;56;No;6-10 mph;O: No Injury;/Missing;Male;Passenger Car;No;No;Daylight;Urban (>70% Developed);5 lanes;2;Straight - Level;Local Street;Dry;Two-Way, Not Divided;None;T-Intersection;Smooth Asphalt;Piedmont;Urban;30 - 35  MPH;Stop Sign;Clear;No;36.06421, -79.8001
673;674;Yes;25-29;25;No;With Traffic;C: Possible Injury;Travel Lane;Black;Male;Greenville;Pitt;No;01/01/2005;14/09/2012;Motorist Left Turn / Merge;12;Intersection;01/09/2001;01/01/2001 12:37;Motorist Left Turn - Opposite Direction;NA;2012;C: Possible Injury;Commercial;20-24;20;No;11-15 mph;C: Possible Injury;White;Male;Passenger Car;No;No;Daylight;Urban (>70% Developed);5 lanes;2;Straight - Level;Local Street;Dry;Two-Way, Divided, Unprotected Median;None;No Special Feature;Coarse Asphalt;Coastal;Urban;30 - 35  MPH;No Control Present;Clear;No;35.60271, -77.3752
674;675;Yes;15-nov;15;No;With Traffic;B: Evident Injury;Travel Lane;Black;Male;Fairmont;Robeson;No;NA;06/08/2012;Bicyclist Left Turn / Merge;17;Non-Intersection;01/08/2001;01/01/2001 17:33;Bicyclist Left Turn - Same Direction;NA;2012;B: Evident Injury;Residential;50-59;52;No;31-35 mph;O: No Injury;Black;Male;Van;No;No;Daylight;Mixed (30% To 70% Developed);2 lanes;2;Straight - Level;Local Street;Wet;Two-Way, Not Divided;Road Surface Condition;No Special Feature;Gravel;Coastal;Rural;30 - 35  MPH;No Control Present;Cloudy;No;34.49784, -79.1049
676;677;No;40-49;44;No;With Traffic;B: Evident Injury;Travel Lane;Black;Male;Charlotte;Mecklenburg;No;NA;09/07/2012;Loss of Control / Turning Error;19;Intersection;01/07/2001;01/01/2001 19:58;Bicyclist Lost Control - Other /;NA;2012;B: Evident Injury;Commercial;30-39;30;No;21-25 mph;O: No Injury;Black;Male;Commercial Bus;No;No;Daylight;Urban (>70% Developed);1 lane;2;Straight - Level;Local Street;Dry;Two-Way, Not Divided;None;No Special Feature;Smooth Asphalt;Piedmont;Urban;40 - 45  MPH;Stop Sign;Clear;No;35.22431, -80.8886
691;692;Yes;50-59;56;No;With Traffic;B: Evident Injury;Bike Lane / Paved Shoulder;White;Male;None - Rural Crash;Swain;No;01/01/2004;20/09/2012;Bicyclist Left Turn / Merge;14;Intersection-Related;01/09/2001;01/01/2001 14:36;Bicyclist Left Turn - Same Direction;NA;2012;B: Evident Injury;Farms, Woods, Pastures;70;70;No;36-40 mph;O: No Injury;White;Male;Sport Utility;No;No;Daylight;Rural (<30% Developed);2 lanes;2;Straight - Grade;US Route;Dry;Two-Way, Not Divided;None;No Special Feature;Smooth Asphalt;Mountains;Rural;50 - 55  MPH;Double Yellow Line, No Passing Zone;Clear;No;35.28513, -83.6701