FID;OBJECTID;AmbulanceR;BikeAge_Gr;Bike_Age;Bike_Alc_D;Bike_Dir;Bike_Injur;Bike_Pos;Bike_Race;Bike_Sex;City;County;CrashAlcoh;CrashDay;Crash_Date;Crash_Grp;Crash_Hour;Crash_Loc;Crash_Mont;Crash_Time;Crash_Type;Crash_Ty_1;Crash_Year;Crsh_Sevri;Developmen;DrvrAge_Gr;Drvr_Age;Drvr_Alc_D;Drvr_EstSp;Drvr_Injur;Drvr_Race;Drvr_Sex;Drvr_VehTy;ExcsSpdInd;Hit_Run;Light_Cond;Locality;Num_Lanes;Num_Units;Rd_Charact;Rd_Class;Rd_Conditi;Rd_Config;Rd_Defects;Rd_Feature;Rd_Surface;Region;Rural_Urba;Speed_Limi;Traff_Cntr;Weather;Workzone_I;Location
692;693;No;50-59;52;No;With Traffic;B: Evident Injury;Travel Lane;White;Male;None - Rural Crash;Columbus;No;NA;17/09/2012;Motorist Overtaking Bicyclist;20;Non-Intersection;01/09/2001;01/01/2001 20:40;Motorist Overtaking - Other /;NA;2012;B: Evident Injury;Residential;70;70;No;51-55 mph;O: No Injury;White;Female;Passenger Car;No;No;Dark - Roadway Not Lighted;Rural (<30% Developed);2 lanes;2;Straight - Level;State Secondary Route;Dry;Two-Way, Not Divided;None;No Special Feature;Coarse Asphalt;Coastal;Rural;50 - 55  MPH;Double Yellow Line, No Passing Zone;Clear;No;34.36106, -78.7513
697;698;Yes;25-29;26;Missing;With Traffic;B: Evident Injury;Travel Lane;White;Male;Charlotte;Mecklenburg;No;01/01/2005;21/09/2012;Motorist Left Turn / Merge;13;Intersection;01/09/2001;01/01/2001 13:24;Motorist Left Turn - Opposite Direction;NA;2012;B: Evident Injury;Residential;70;70;No;6-10 mph;O: No Injury;White;Male;Passenger Car;No;No;Daylight;Urban (>70% Developed);4 lanes;2;Straight - Hillcrest;Local Street;Dry;Two-Way, Divided, Unprotected Median;None;T-Intersection;Smooth Asphalt;Piedmont;Urban;30 - 35  MPH;Stop Sign;Clear;No;35.19299, -80.8368
698;699;Yes;20-24;24;No;With Traffic;C: Possible Injury;Sidewalk / Crosswalk / Driveway Crossing;White;Male;Huntersville;Mecklenburg;No;01/01/2003;12/09/2012;Motorist Right Turn / Merge;15;Intersection;01/09/2001;01/01/2001 15:29;Motorist Right Turn - Same Direction;NA;2012;C: Possible Injury;Commercial;NA;NA;Missing;NA;Injury;/Missing;NA;NA;No;Yes;Daylight;Urban (>70% Developed);3 lanes;2;Straight - Level;Local Street;Dry;Two-Way, Divided, Unprotected Median;None;Related To Intersection;Smooth Asphalt;Piedmont;Urban;40 - 45  MPH;Stop And Go Signal;Clear;No;35.44189, -80.8633
700;701;Yes;15-nov;12;No;Facing Traffic;B: Evident Injury;Travel Lane;White;Male;Albemarle;Stanly;No;01/01/2004;13/09/2012;Motorist Right Turn / Merge;19;Intersection;01/09/2001;01/01/2001 19:49;Motorist Right Turn - Opposite Direction;NA;2012;B: Evident Injury;Commercial;NA;NA;No;11-15 mph;Injury;/Missing;NA;NA;No;Yes;Dark - Lighted Roadway;Urban (>70% Developed);3 lanes;2;Straight - Grade;Local Street;Dry;Two-Way, Not Divided;None;Four-Way Intersection;Smooth Asphalt;Piedmont;Urban;20 - 25  MPH;Stop And Go Signal;Clear;No;35.35034, -80.2009
703;704;No;30-39;36;No;With Traffic;O: No Injury;Travel Lane;White;Female;Raleigh;Wake;No;NA;24/09/2012;Motorist Left Turn / Merge;8;Intersection;01/09/2001;01/01/2001 08:21;Motorist Left Turn - Opposite Direction;NA;2012;O: No Injury;Institutional;20-24;21;No;16-20 mph;O: No Injury;White;Male;Passenger Car;No;No;Daylight;Urban (>70% Developed);8 lanes;2;Straight - Level;Local Street;Dry;Two-Way, Divided, Unprotected Median;None;No Special Feature;Smooth Asphalt;Piedmont;Urban;30 - 35  MPH;Stop And Go Signal;Clear;No;35.78888, -78.6732
711;712;Yes;10-juin;10;No;With Traffic;C: Possible Injury;Travel Lane;Black;Male;Greensboro;Guilford;No;01/01/2006;22/09/2012;Bicyclist Failed to Yield - Sign-Controlled Intersection;17;Intersection;01/09/2001;01/01/2001 17:48;Bicyclist Ride Through - Sign-Controlled Intersection;NA;2012;C: Possible Injury;Residential;0-19;19;No;31-35 mph;O: No Injury;Black;Male;Sport Utility;No;No;Daylight;Mixed (30% To 70% Developed);2 lanes;2;Straight - Level;Local Street;Dry;Two-Way, Not Divided;None;T-Intersection;Coarse Asphalt;Piedmont;Urban;30 - 35  MPH;Stop Sign;Clear;No;36.05251, -79.8136
723;724;No;16-19;18;No;Facing Traffic;B: Evident Injury;Sidewalk / Crosswalk / Driveway Crossing;White;Male;Raleigh;Wake;No;01/01/2002;18/09/2012;Motorist Failed to Yield - Sign-Controlled Intersection;11;Intersection;01/09/2001;01/01/2001 11:13;Motorist Drive Out - Sign-Controlled Intersection;NA;2012;B: Evident Injury;Institutional;25-29;29;No;0-5 mph;O: No Injury;White;Male;Pickup;No;No;Daylight;Urban (>70% Developed);4 lanes;2;Straight - Grade;Local Street;Wet;Two-Way, Not Divided;None;T-Intersection;Smooth Asphalt;Piedmont;Urban;20 - 25  MPH;Stop Sign;Rain;No;35.78375, -78.6772
725;726;Yes;50-59;55;No;With Traffic;B: Evident Injury;Travel Lane;Black;Male;None - Rural Crash;Onslow;No;NA;01/10/2012;Motorist Overtaking Bicyclist;12;Non-Intersection;01/10/2001;01/01/2001 12:29;Motorist Overtaking - Misjudged Space;NA;2012;B: Evident Injury;Commercial;NA;NA;Missing;41-45 mph;Injury;/Missing;NA;Pickup;No;Yes;Dark - Roadway Not Lighted;Urban (>70% Developed);5 lanes;2;Straight - Level;US Route;Wet;Two-Way, Not Divided;None;Driveway, Public;Coarse Asphalt;Coastal;Rural;40 - 45  MPH;No Control Present;Rain;No;34.75396, -77.471
728;729;No;16-19;18;No;With Traffic;B: Evident Injury;Bike Lane / Paved Shoulder;White;Male;Boone;Watauga;No;01/01/2005;28/09/2012;Motorist Right Turn / Merge;7;Intersection;01/09/2001;01/01/2001 07:32;Motorist Right Turn - Same Direction;NA;2012;B: Evident Injury;Commercial;0-19;19;No;6-10 mph;O: No Injury;White;Female;Passenger Car;No;No;Daylight;Urban (>70% Developed);4 lanes;2;Straight - Level;Local Street;Dry;Two-Way, Not Divided;None;Four-Way Intersection;Smooth Asphalt;Mountains;Urban;20 - 25  MPH;Stop And Go Signal;Clear;No;36.21728, -81.6852
729;730;Yes;16-19;18;No;With Traffic;C: Possible Injury;Sidewalk / Crosswalk / Driveway Crossing;White;Male;Greenville;Pitt;No;01/01/2005;21/09/2012;Bicyclist Failed to Yield - Sign-Controlled Intersection;20;Intersection;01/09/2001;01/01/2001 20:14;Bicyclist Ride Out - Sign-Controlled Intersection;NA;2012;C: Possible Injury;Commercial;40-49;42;No;31-35 mph;O: No Injury;Black;Male;Van;No;No;Daylight;Urban (>70% Developed);5 lanes;2;Straight - Level;Local Street;Dry;Two-Way, Not Divided;None;Four-Way Intersection;Smooth Asphalt;Coastal;Urban;30 - 35  MPH;Stop And Go Signal;Clear;No;35.60388, -77.3619
733;734;Yes;30-39;31;No;With Traffic;B: Evident Injury;Travel Lane;Black;Male;Salisbury;Rowan;No;NA;01/10/2012;Motorist Right Turn / Merge;17;Intersection;01/10/2001;01/01/2001 17:14;Motorist Right Turn - Same Direction;NA;2012;B: Evident Injury;Commercial;30-39;37;No;26-30 mph;O: No Injury;White;Male;Pickup;No;No;Daylight;Urban (>70% Developed);4 lanes;2;Straight - Grade;Local Street;Wet;Two-Way, Not Divided;None;Four-Way Intersection;Smooth Asphalt;Piedmont;Urban;30 - 35  MPH;Stop And Go Signal;Cloudy;No;35.6619, -80.4638
736;737;Yes;25-29;27;No;With Traffic;B: Evident Injury;Travel Lane;White;Male;Raleigh;Wake;No;01/01/2002;11/09/2012;Bicyclist Overtaking Motorist;9;Intersection;01/09/2001;01/01/2001 09:52;Bicyclist Overtaking - Passing on Right;NA;2012;B: Evident Injury;Institutional;25-29;27;No;NA;O: No Injury;Hispanic;Female;Passenger Car;No;No;Daylight;Urban (>70% Developed);2 lanes;2;Other;Local Street;Dry;Two-Way, Divided, Unprotected Median;None;T-Intersection;Smooth Asphalt;Piedmont;Urban;20 - 25  MPH;Stop Sign;Clear;No;35.78367, -78.6772
737;738;Yes;15-nov;15;No;With Traffic;C: Possible Injury;Bike Lane / Paved Shoulder;White;Male;Charlotte;Mecklenburg;No;01/01/2003;26/09/2012;Motorist Right Turn / Merge;10;Non-Intersection;01/09/2001;01/01/2001 10:22;Motorist Right Turn - Same Direction;NA;2012;C: Possible Injury;Commercial;20-24;23;No;0-5 mph;O: No Injury;White;Male;Passenger Car;No;No;Daylight;Urban (>70% Developed);2 lanes;2;Straight - Level;Local Street;Dry;Two-Way, Not Divided;None;No Special Feature;Smooth Asphalt;Piedmont;Urban;30 - 35  MPH;No Control Present;Clear;No;35.19924, -80.841
740;741;Yes;60-69;65;No;With Traffic;C: Possible Injury;Travel Lane;White;Male;None - Rural Crash;Person;No;01/01/2004;27/09/2012;Motorist Overtaking Bicyclist;20;Non-Intersection;01/09/2001;01/01/2001 20:10;Motorist Overtaking - Other /;NA;2012;C: Possible Injury;Farms, Woods, Pastures;70;70;No;41-45 mph;O: No Injury;White;Female;Passenger Car;No;No;Daylight;Rural (<30% Developed);2 lanes;2;Straight - Hillcrest;State Secondary Route;Dry;Two-Way, Not Divided;None;No Special Feature;Smooth Asphalt;Piedmont;Rural;40 - 45  MPH;Double Yellow Line, No Passing Zone;Clear;No;36.23702, -78.9873
743;744;Yes;30-39;30;No;Facing Traffic;C: Possible Injury;Sidewalk / Crosswalk / Driveway Crossing;Black;Male;Shelby;Cleveland;No;01/01/2004;27/09/2012;Crossing Paths - Other Circumstances;20;Intersection;01/09/2001;01/01/2001 20:32;Signalized Intersection - Other /;NA;2012;C: Possible Injury;Commercial;60-69;64;No;21-25 mph;O: No Injury;White;Female;Passenger Car;No;No;Dark - Lighted Roadway;Urban (>70% Developed);3 lanes;2;Straight - Level;Local Street;Dry;Two-Way, Not Divided;None;Four-Way Intersection;Smooth Asphalt;Mountains;Urban;30 - 35  MPH;Stop And Go Signal;Clear;No;35.30134, -81.5396
755;756;Yes;25-29;28;No;With Traffic;C: Possible Injury;Travel Lane;White;Male;Elizabeth City;Pasquotank;No;01/01/2002;25/09/2012;Backing Vehicle;12;Intersection-Related;01/09/2001;01/01/2001 12:29;Backing Vehicle;NA;2012;C: Possible Injury;Institutional;0-19;19;No;0-5 mph;O: No Injury;White;Male;Van;No;No;Daylight;Urban (>70% Developed);2 lanes;2;Straight - Level;Local Street;Dry;Two-Way, Not Divided;None;T-Intersection;Smooth Asphalt;Coastal;Urban;5 - 15 MPH;Stop Sign;Clear;No;36.32573, -76.2227
758;759;Yes;40-49;42;No;With Traffic;C: Possible Injury;Travel Lane;Other;Male;None - Rural Crash;Durham;No;01/01/2004;11/10/2012;Motorist Left Turn / Merge;7;Intersection;01/10/2001;01/01/2001 07:44;Motorist Left Turn - Opposite Direction;NA;2012;C: Possible Injury;Farms, Woods, Pastures;40-49;44;No;41-45 mph;O: No Injury;White;Male;Passenger Car;No;No;Daylight;Rural (<30% Developed);4 lanes;2;Straight - Grade;NC Route;Dry;Two-Way, Divided, Unprotected Median;None;Four-Way Intersection;Smooth Asphalt;Piedmont;Rural;40 - 45  MPH;Stop And Go Signal;Clear;No;35.89901, -78.8801
759;760;Yes;50-59;57;Yes;Facing Traffic;K: Killed;Travel Lane;White;Male;None - Rural Crash;Brunswick;Yes;01/01/2004;11/10/2012;Bicyclist Right Turn / Merge;14;Non-Intersection;01/10/2001;01/01/2001 14:19;Bicyclist Right Turn - Same Direction;NA;2012;K: Killed;Residential;50-59;52;No;46-50 mph;O: No Injury;White;Female;Van;No;No;Daylight;Rural (<30% Developed);2 lanes;2;Straight - Level;NC Route;Dry;Two-Way, Not Divided;None;No Special Feature;Smooth Asphalt;Coastal;Rural;50 - 55  MPH;No Control Present;Clear;No;33.93076, -78.4096
770;771;Yes;20-24;21;No;With Traffic;B: Evident Injury;Travel Lane;White;Male;Charlotte;Mecklenburg;No;NA;15/10/2012;Bicyclist Failed to Yield - Signalized Intersection;17;Intersection;01/10/2001;01/01/2001 17:29;Bicyclist Ride Out - Signalized  Intersection;NA;2012;B: Evident Injury;Commercial;30-39;33;No;26-30 mph;O: No Injury;Black;Female;Sport Utility;No;No;Daylight;Urban (>70% Developed);4 lanes;2;Straight - Level;Local Street;Dry;Two-Way, Not Divided;None;T-Intersection;Smooth Asphalt;Piedmont;Urban;30 - 35  MPH;Stop And Go Signal;Clear;No;35.22036, -80.8121
771;772;Yes;40-49;49;Yes;With Traffic;B: Evident Injury;Travel Lane;White;Male;Lenoir;Caldwell;Yes;NA;15/10/2012;Motorist Overtaking Bicyclist;23;Non-Intersection;01/10/2001;01/01/2001 23:24;Motorist Overtaking - Other /;NA;2012;B: Evident Injury;Commercial;20-24;21;No;41-45 mph;O: No Injury;White;Male;Pickup;No;No;Dark - Lighted Roadway;Urban (>70% Developed);5 lanes;2;Straight - Level;US Route;Dry;Two-Way, Not Divided;None;No Special Feature;Smooth Asphalt;Mountains;Urban;40 - 45  MPH;No Control Present;Cloudy;No;35.89663, -81.5607
780;781;Yes;50-59;57;No;With Traffic;B: Evident Injury;Travel Lane;White;Male;Raleigh;Wake;No;01/01/2002;16/10/2012;Motorist Left Turn / Merge;11;Non-Intersection;01/10/2001;01/01/2001 11:21;Motorist Left Turn - Opposite Direction;NA;2012;B: Evident Injury;Commercial;60-69;64;No;0-5 mph;O: No Injury;White;Male;Sport Utility;No;No;Daylight;Mixed (30% To 70% Developed);3 lanes;2;Straight - Grade;Local Street;Dry;Two-Way, Not Divided;None;No Special Feature;Smooth Asphalt;Piedmont;Urban;30 - 35  MPH;No Control Present;Clear;No;35.88302, -78.7409
787;788;No;50-59;54;No;With Traffic;C: Possible Injury;Travel Lane;White;Male;None - Rural Crash;Brunswick;No;01/01/2004;18/10/2012;Motorist Overtaking Bicyclist;18;Non-Intersection;01/10/2001;01/01/2001 18:10;Motorist Overtaking - Other /;NA;2012;C: Possible Injury;Commercial;30-39;32;No;41-45 mph;O: No Injury;White;Male;Pickup;No;No;Daylight;Urban (>70% Developed);2 lanes;2;Straight - Level;NC Route;Dry;Two-Way, Not Divided;None;No Special Feature;Coarse Asphalt;Coastal;Rural;40 - 45  MPH;No Control Present;Clear;No;33.95316, -78.0514
788;789;Yes;30-39;38;No;Facing Traffic;B: Evident Injury;Sidewalk / Crosswalk / Driveway Crossing;White;Male;Greensboro;Guilford;No;01/01/2004;18/10/2012;Motorist Failed to Yield - Midblock;17;Non-Intersection;01/10/2001;01/01/2001 17:01;Motorist Drive Out - Commercial Driveway / Alley;NA;2012;B: Evident Injury;Commercial;30-39;34;No;6-10 mph;O: No Injury;White;Female;Passenger Car;No;No;Daylight;Urban (>70% Developed);2 lanes;2;Straight - Level;Public Vehicular Area;Dry;Two-Way, Not Divided;None;Driveway, Public;Smooth Asphalt;Piedmont;Urban;5 - 15 MPH;No Control Present;Clear;No;36.04636, -79.8388
1013;1014;No;25-29;27;No;With Traffic;C: Possible Injury;Travel Lane;White;Female;Chapel Hill;Orange;No;01/01/2002;11/12/2012;Motorist Failed to Yield - Midblock;13;Non-Intersection;01/12/2001;01/01/2001 13:29;Motorist Drive Out - Residential Driveway;NA;2012;C: Possible Injury;Farms, Woods, Pastures;20-24;21;No;0-5 mph;O: No Injury;White;Male;Passenger Car;No;No;Daylight;Urban (>70% Developed);2 lanes;2;Straight - Grade;Local Street;Dry;Two-Way, Not Divided;None;No Special Feature;Smooth Asphalt;Piedmont;Urban;20 - 25  MPH;Double Yellow Line, No Passing Zone;Clear;No;35.92208, -79.0517
1016;1017;Yes;10-juin;6;No;With Traffic;B: Evident Injury;Travel Lane;Asian;Male;New Bern;Craven;No;01/01/2005;25/05/2012;Bicyclist Failed to Yield - Sign-Controlled Intersection;19;Intersection;01/05/2001;01/01/2001 19:02;Bicyclist Ride Through - Sign-Controlled Intersection;NA;2012;B: Evident Injury;Institutional;40-49;41;No;21-25 mph;O: No Injury;White;Female;Sport Utility;No;No;Daylight;Urban (>70% Developed);2 lanes;2;Straight - Level;Local Street;Dry;Two-Way, Not Divided;None;T-Intersection;Smooth Asphalt;Coastal;Urban;20 - 25  MPH;Stop Sign;Clear;No;35.11179, -77.0848
1018;1019;Yes;30-39;37;No;With Traffic;B: Evident Injury;Travel Lane;Black;Female;Burlington;Alamance;No;01/01/2002;21/08/2012;Backing Vehicle;15;Intersection;01/08/2001;01/01/2001 15:50;Backing Vehicle;NA;2012;B: Evident Injury;Residential;50-59;52;No;6-10 mph;O: No Injury;White;Female;Pickup;No;Yes;Daylight;Urban (>70% Developed);2 lanes;2;Straight - Level;Local Street;Dry;Two-Way, Not Divided;None;T-Intersection;Coarse Asphalt;Piedmont;Urban;30 - 35  MPH;Stop Sign;Clear;No;36.10777, -79.4236
1;2;Yes;20-24;20;No;Facing Traffic;C: Possible Injury;Sidewalk / Crosswalk / Driveway Crossing;Hispanic;Male;Cary;Wake;No;01/01/2005;12/01/2007;Motorist Failed to Yield - Signalized Intersection;9;Intersection;NA;01/01/2001 09:33;Motorist Drive Out - Right Turn on Red;132151;2007;C: Possible Injury;Residential;60-69;64;No;0-5 mph;O: No Injury;White;Male;Passenger Car;No;No;Daylight;Urban (>70% Developed);3 lanes;2;Straight - Grade;Local Street;Dry;Two-Way, Divided, Unprotected Median;None;Four-Way Intersection;Smooth Asphalt;Piedmont;Urban;30 - 35  MPH;Stop And Go Signal;Clear;No;35.751118, -78.7828
4;5;Yes;40-49;45;No;With Traffic;B: Evident Injury;Travel Lane;Black;Male;Fayetteville;Cumberland;No;01/01/2005;12/01/2007;Motorist Overtaking Bicyclist;12;Non-Intersection;NA;01/01/2001 12:40;Motorist Overtaking - Bicyclist Swerved;311235;2007;B: Evident Injury;Commercial;50-59;51;No;31-35 mph;O: No Injury;Black;Female;Van;No;No;Daylight;Urban (>70% Developed);2 lanes;2;Straight - Level;Local Street;Dry;Two-Way, Not Divided;None;No Special Feature;Coarse Asphalt;Coastal;Urban;30 - 35  MPH;Double Yellow Line, No Passing Zone;Clear;No;34.999428, -78.90445
12;13;No;40-49;40;No;With Traffic;C: Possible Injury;Travel Lane;Hispanic;Male;None - Rural Crash;Johnston;No;01/01/2003;03/01/2007;Motorist Failed to Yield - Sign-Controlled Intersection;20;Intersection;NA;01/01/2001 20:23;Motorist Drive Out - Sign-Controlled Intersection;111141;2007;C: Possible Injury;Farms, Woods, Pastures;20-24;21;No;6-10 mph;O: No Injury;White;Female;Passenger Car;No;No;Dark - Roadway Not Lighted;Rural (<30% Developed);4 lanes;2;Straight - Level;US Route;Dry;Two-Way, Divided, Unprotected Median;None;Four-Way Intersection;Smooth Asphalt;Coastal;Rural;50 - 55  MPH;Stop Sign;Clear;No;35.4828, -78.2452
24;25;Yes;NA;8;No;With Traffic;B: Evident Injury;Travel Lane;Black;Male;None - Rural Crash;Lincoln;No;01/01/2002;16/01/2007;Motorist Overtaking Bicyclist;17;Non-Intersection;NA;01/01/2001 17:39;Motorist Overtaking - Bicyclist Swerved;311235;2007;B: Evident Injury;Farms, Woods, Pastures;25-29;25;No;31-35 mph;O: No Injury;Black;Female;Passenger Car;No;No;Dusk;Rural (<30% Developed);2 lanes;2;Straight - Bottom;State Secondary Route;Dry;Two-Way, Not Divided;None;No Special Feature;Smooth Asphalt;Piedmont;Rural;30 - 35  MPH;No Control Present;Clear;No;35.515663, -81.20707
34;35;Yes;NA;14;No;Not Applicable;B: Evident Injury;Driveway / Alley;Black;Female;Fayetteville;Cumberland;No;NA;15/01/2007;Bicyclist Failed to Yield - Midblock;16;Non-Intersection;NA;01/01/2001 16:34;Bicyclist Ride Out - Residential Driveway;353311;2007;B: Evident Injury;Commercial;30-39;35;No;21-25 mph;O: No Injury;White;Female;Passenger Car;No;No;Daylight;Urban (>70% Developed);2 lanes;2;Straight - Level;Local Street;Dry;Two-Way, Not Divided;None;No Special Feature;Coarse Asphalt;Coastal;Urban;20 - 25  MPH;No Control Present;Clear;No;35.045383, -78.95343
40;41;Yes;20-24;22;No;With Traffic;B: Evident Injury;Travel Lane;White;Male;None - Rural Crash;Pitt;No;01/01/2005;12/01/2007;Bicyclist Failed to Yield - Sign-Controlled Intersection;15;Intersection;NA;01/01/2001 15:44;Bicyclist Ride Out - Sign-Controlled Intersection;111142;2007;B: Evident Injury;Farms, Woods, Pastures;30-39;33;No;46-50 mph;O: No Injury;Black;Female;Van;No;No;Daylight;Rural (<30% Developed);4 lanes;2;Straight - Level;US Route;Dry;Two-Way, Divided, Unprotected Median;None;T-Intersection;Coarse Asphalt;Coastal;Rural;50 - 55  MPH;Stop Sign;Clear;No;35.62566, -77.29887
47;48;Yes;30-39;36;No;With Traffic;C: Possible Injury;Travel Lane;Black;Male;Durham;Durham;No;01/01/2005;30/03/2007;Bicyclist Left Turn / Merge;15;Intersection;01/03/2001;01/01/2001 15:23;Bicyclist Left Turn - Same Direction;111221;2007;C: Possible Injury;Residential;0-19;16;No;31-35 mph;O: No Injury;White;Male;Passenger Car;No;No;Daylight;Urban (>70% Developed);2 lanes;2;Straight - Grade;Local Street;Dry;Two-Way, Not Divided;None;Four-Way Intersection;Smooth Asphalt;Piedmont;Urban;30 - 35  MPH;No Control Present;Clear;No;36.017002, -78.91431
48;49;Yes;30-39;31;Yes;With Traffic;C: Possible Injury;Travel Lane;White;Male;Durham;Durham;Yes;01/01/2005;30/03/2007;Loss of Control / Turning Error;23;Intersection;01/03/2001;01/01/2001 23:35;Bicylist Lost Control - Alcohol / Drug Impairment;111123;2007;C: Possible Injury;Residential;NA;NA;Missing;0-5 mph;O: No Injury;Black;Male;Passenger Car;No;No;Dark - Roadway Not Lighted;Urban (>70% Developed);2 lanes;2;Straight - Hillcrest;Local Street;Dry;Two-Way, Not Divided;None;T-Intersection;Smooth Asphalt;Piedmont;Urban;5 - 15 MPH;Stop Sign;Clear;No;36.010605, -78.95482
51;52;No;NA;NA;Missing;Facing Traffic;Injury;Travel Lane;/Missing;NA;Raleigh;Wake;No;01/01/2003;24/01/2007;Head-On;18;Non-Intersection;NA;01/01/2001 18:45;Head-On - Bicyclist;312250;2007;O: No Injury;Commercial;40-49;49;No;26-30 mph;O: No Injury;White;Female;Passenger Car;No;No;Dark - Lighted Roadway;Urban (>70% Developed);2 lanes;2;Straight - Level;Local Street;Dry;Two-Way, Divided, Unprotected Median;None;No Special Feature;Smooth Asphalt;Piedmont;Urban;30 - 35  MPH;No Control Present;Clear;No;35.75079, -78.6696
55;56;Yes;40-49;46;No;With Traffic;C: Possible Injury;Travel Lane;White;Male;Raleigh;Wake;No;01/01/2006;27/01/2007;Motorist Left Turn / Merge;13;Intersection;NA;01/01/2001 13:44;Motorist Left Turn - Opposite Direction;111212;2007;C: Possible Injury;Commercial;50-59;53;No;11-15 mph;O: No Injury;Asian;Male;Passenger Car;No;No;Daylight;Urban (>70% Developed);5 lanes;2;Straight - Level;Local Street;Dry;Two-Way, Not Divided;None;Four-Way Intersection;Smooth Asphalt;Piedmont;Urban;20 - 25  MPH;Stop And Go Signal;Clear;No;35.825985, -78.70492
57;58;Yes;30-39;38;No;With Traffic;C: Possible Injury;Travel Lane;White;Male;None - Rural Crash;Jones;No;NA;29/01/2007;Motorist Overtaking Bicyclist;15;Non-Intersection;NA;01/01/2001 15:44;Motorist Overtaking - Other /;311239;2007;C: Possible Injury;Farms, Woods, Pastures;30-39;38;No;51-55 mph;O: No Injury;White;Male;Pickup;No;No;Daylight;Rural (<30% Developed);2 lanes;2;Straight - Level;US Route;Dry;Two-Way, Not Divided;None;No Special Feature;Smooth Asphalt;Coastal;Rural;50 - 55  MPH;No Control Present;Clear;No;34.94384, -77.23979
62;63;Yes;10-juin;7;No;With Traffic;C: Possible Injury;Travel Lane;Black;Male;Durham;Durham;No;01/01/2006;14/04/2007;Motorist Right Turn / Merge;19;Intersection;01/04/2001;01/01/2001 19:03;Motorist Right Turn - Same Direction;111213;2007;C: Possible Injury;Residential;NA;NA;Missing;NA;Injury;/Missing;NA;Passenger Car;No;Yes;Daylight;Urban (>70% Developed);2 lanes;2;Straight - Grade;Local Street;Dry;Two-Way, Not Divided;None;Four-Way Intersection;Smooth Asphalt;Piedmont;Urban;NA;Stop Sign;Cloudy;No;36.003853, -78.89609
73;74;Yes;30-39;34;Yes;With Traffic;C: Possible Injury;Travel Lane;Native American;Male;None - Rural Crash;Robeson;Yes;01/01/2005;16/02/2007;Motorist Overtaking Bicyclist;18;Non-Intersection;01/02/2001;01/01/2001 18:43;Motorist Overtaking - Other /;311239;2007;C: Possible Injury;Farms, Woods, Pastures;30-39;33;No;51-55 mph;O: No Injury;Native American;Female;Passenger Car;No;No;Dark - Roadway Not Lighted;Rural (<30% Developed);2 lanes;2;Straight - Level;State Secondary Route;Dry;Two-Way, Not Divided;None;No Special Feature;Coarse Asphalt;Coastal;Rural;50 - 55  MPH;No Control Present;Clear;No;34.642338, -79.20692
77;78;Yes;30-39;38;No;With Traffic;A: Disabling Injury;Travel Lane;White;Male;Charlotte;Mecklenburg;No;01/01/2002;20/02/2007;Motorist Left Turn / Merge;7;Intersection;01/02/2001;01/01/2001 07:58;Motorist Left Turn - Opposite Direction;111212;2007;A: Disabling Injury;Residential;50-59;53;No;6-10 mph;O: No Injury;Black;Female;Passenger Car;No;No;Daylight;Urban (>70% Developed);2 lanes;2;Straight - Grade;Local Street;Dry;Two-Way, Not Divided;None;Four-Way Intersection;Smooth Asphalt;Piedmont;Urban;30 - 35  MPH;Stop Sign;Clear;No;35.19815, -80.80796
80;81;Yes;50-59;53;No;With Traffic;B: Evident Injury;Travel Lane;White;Male;None - Rural Crash;Mcdowell;Yes;NA;22/01/2007;Head-On;16;Non-Intersection;NA;01/01/2001 16:09;Head-On - Motorist;311255;2007;B: Evident Injury;Farms, Woods, Pastures;25-29;28;Yes;21-25 mph;O: No Injury;White;Male;Single Unit Truck (2-Axle, 6-Tire);No;No;Daylight;Rural (<30% Developed);2 lanes;2;Curve - Grade;State Secondary Route;Sand, Mud, Dirt, Gravel;Two-Way, Not Divided;None;Y-Intersection;Gravel;Mountains;Rural;50 - 55  MPH;No Control Present;Clear;No;35.654827, -82.24583
83;84;No;40-49;42;No;With Traffic;O: No Injury;Travel Lane;White;Male;Raleigh;Wake;No;01/01/2004;22/02/2007;Bicyclist Left Turn / Merge;18;Intersection;01/02/2001;01/01/2001 18:18;Bicyclist Left Turn - Opposite Direction;111222;2007;O: No Injury;Commercial;30-39;34;No;21-25 mph;O: No Injury;White;Female;Passenger Car;No;No;Dusk;Urban (>70% Developed);4 lanes;2;Straight - Level;Local Street;Dry;Two-Way, Not Divided;None;No Special Feature;Smooth Asphalt;Piedmont;Urban;30 - 35  MPH;No Control Present;Clear;No;35.78753, -78.66699
86;87;Yes;15-nov;15;No;With Traffic;C: Possible Injury;Sidewalk / Crosswalk / Driveway Crossing;Black;Male;Washington;Beaufort;No;01/01/2005;23/02/2007;Parallel Paths - Other Circumstances;14;Intersection-Related;01/02/2001;01/01/2001 14:41;Bicyclist Ride Out - Parallel Path;231225;2007;C: Possible Injury;Residential;50-59;54;No;21-25 mph;O: No Injury;White;Female;Passenger Car;No;No;Daylight;Urban (>70% Developed);2 lanes;2;Straight - Level;Local Street;Dry;Two-Way, Not Divided;None;No Special Feature;Coarse Asphalt;Coastal;Urban;30 - 35  MPH;No Control Present;Clear;No;35.548317, -77.05077
94;95;No;40-49;46;No;With Traffic;C: Possible Injury;Travel Lane;Black;Male;Fayetteville;Cumberland;No;01/01/2005;23/02/2007;Bicyclist Failed to Yield - Midblock;18;Non-Intersection;01/02/2001;01/01/2001 18:35;Bicyclist Ride Out - Commercial Driveway / Alley;311312;2007;C: Possible Injury;Commercial;NA;NA;Missing;NA;Injury;/Missing;NA;NA;No;Yes;Daylight;Urban (>70% Developed);4 lanes;2;Straight - Level;Local Street;Dry;Two-Way, Not Divided;None;No Special Feature;Coarse Asphalt;Coastal;Urban;NA;No Control Present;Clear;No;35.065464, -79.01355