FID;OBJECTID;AmbulanceR;BikeAge_Gr;Bike_Age;Bike_Alc_D;Bike_Dir;Bike_Injur;Bike_Pos;Bike_Race;Bike_Sex;City;County;CrashAlcoh;CrashDay;Crash_Date;Crash_Grp;Crash_Hour;Crash_Loc;Crash_Mont;Crash_Time;Crash_Type;Crash_Ty_1;Crash_Year;Crsh_Sevri;Developmen;DrvrAge_Gr;Drvr_Age;Drvr_Alc_D;Drvr_EstSp;Drvr_Injur;Drvr_Race;Drvr_Sex;Drvr_VehTy;ExcsSpdInd;Hit_Run;Light_Cond;Locality;Num_Lanes;Num_Units;Rd_Charact;Rd_Class;Rd_Conditi;Rd_Config;Rd_Defects;Rd_Feature;Rd_Surface;Region;Rural_Urba;Speed_Limi;Traff_Cntr;Weather;Workzone_I;Location
100;101;Yes;15-nov;15;No;With Traffic;C: Possible Injury;Travel Lane;Black;Male;Winston-Salem;Forsyth;No;NA;05/03/2007;Bicyclist Left Turn / Merge;18;Non-Intersection;01/03/2001;01/01/2001 18:18;Bicyclist Left Turn - Same Direction;311221;2007;C: Possible Injury;Residential;30-39;34;No;41-45 mph;O: No Injury;White;Male;Pickup;No;No;Daylight;Urban (>70% Developed);2 lanes;2;Straight - Grade;Local Street;Dry;Two-Way, Not Divided;None;No Special Feature;Smooth Asphalt;Piedmont;Urban;40 - 45  MPH;No Control Present;Clear;No;36.171753, -80.304794
105;106;Yes;50-59;56;No;With Traffic;B: Evident Injury;Travel Lane;Hispanic;Male;None - Rural Crash;Mcdowell;No;01/01/2003;07/03/2007;Motorist Overtaking Bicyclist;18;Non-Intersection;01/03/2001;01/01/2001 18:35;Motorist Overtaking - Undetected Bicyclist;311231;2007;B: Evident Injury;Farms, Woods, Pastures;50-59;56;No;26-30 mph;O: No Injury;White;Female;Pickup;No;No;Daylight;Rural (<30% Developed);2 lanes;2;Straight - Hillcrest;US Route;Dry;Two-Way, Not Divided;None;No Special Feature;Smooth Asphalt;Mountains;Rural;40 - 45  MPH;Double Yellow Line, No Passing Zone;Clear;No;35.695923, -81.98741
111;112;Yes;10-juin;6;No;NA;B: Evident Injury;Travel Lane;White;Male;Albemarle;Stanly;No;01/01/2007;11/03/2007;Bicyclist Failed to Yield - Sign-Controlled Intersection;13;Intersection;01/03/2001;01/01/2001 13:54;Bicyclist Ride Through - Sign-Controlled Intersection;119144;2007;B: Evident Injury;Residential;50-59;55;No;26-30 mph;O: No Injury;White;Male;Passenger Car;No;No;Daylight;Urban (>70% Developed);2 lanes;2;Straight - Bottom;Local Street;Dry;Two-Way, Not Divided;None;T-Intersection;Coarse Asphalt;Piedmont;Urban;30 - 35  MPH;Stop Sign;Clear;No;35.35316, -80.19329
117;118;Yes;50-59;50;No;With Traffic;A: Disabling Injury;Travel Lane;White;Female;Durham;Durham;No;01/01/2003;14/03/2007;Motorist Left Turn / Merge;14;Intersection;01/03/2001;01/01/2001 14:30;Motorist Left Turn - Opposite Direction;111212;2007;A: Disabling Injury;Commercial;50-59;54;No;26-30 mph;O: No Injury;Black;Male;Passenger Car;No;No;Daylight;Mixed (30% To 70% Developed);2 lanes;2;Straight - Level;Local Street;Dry;Two-Way, Not Divided;None;No Special Feature;Smooth Asphalt;Piedmont;Urban;30 - 35  MPH;No Control Present;Cloudy;No;36.002033, -78.90338
118;119;Yes;40-49;44;No;With Traffic;B: Evident Injury;Travel Lane;White;Male;None - Rural Crash;Guilford;No;01/01/2003;14/03/2007;Motorist Failed to Yield - Midblock;15;Non-Intersection;01/03/2001;01/01/2001 15:15;Motorist Drive Out - Commercial Driveway / Alley;311322;2007;B: Evident Injury;Farms, Woods, Pastures;60-69;67;No;0-5 mph;O: No Injury;White;Male;Single Unit Truck (2-Axle, 6-Tire);No;No;Daylight;Rural (<30% Developed);2 lanes;2;Curve - Bottom;State Secondary Route;Dry;Two-Way, Not Divided;None;Driveway, Public;Smooth Asphalt;Piedmont;Rural;40 - 45  MPH;Double Yellow Line, No Passing Zone;Clear;No;36.06498, -79.97004
119;120;Yes;40-49;41;No;With Traffic;B: Evident Injury;Bike Lane / Paved Shoulder;Black;Male;None - Rural Crash;Halifax;No;01/01/2003;14/03/2007;Motorist Overtaking Bicyclist;11;Non-Intersection;01/03/2001;01/01/2001 11:09;Motorist Overtaking - Misjudged Space;321232;2007;B: Evident Injury;Farms, Woods, Pastures;50-59;57;No;41-45 mph;O: No Injury;White;Male;Pickup;No;No;Daylight;Rural (<30% Developed);2 lanes;2;Straight - Level;NC Route;Dry;Two-Way, Not Divided;None;No Special Feature;Smooth Asphalt;Coastal;Rural;50 - 55  MPH;No Control Present;Clear;No;36.273453, -77.48968
120;121;Yes;10-juin;10;No;Not Applicable;B: Evident Injury;Non-Roadway;Black;Male;Raleigh;Wake;No;01/01/2003;14/03/2007;Bicyclist Failed to Yield - Midblock;19;Non-Intersection;01/03/2001;01/01/2001 18:59;Bicyclist Ride Out - Midblock -;363319;2007;B: Evident Injury;Commercial;50-59;56;No;21-25 mph;O: No Injury;White;Male;Passenger Car;No;No;Daylight;Urban (>70% Developed);2 lanes;2;Straight - Level;Local Street;Dry;Two-Way, Not Divided;None;No Special Feature;Smooth Asphalt;Piedmont;Urban;30 - 35  MPH;No Control Present;Clear;No;35.84915, -78.56397
121;122;Yes;40-49;41;No;With Traffic;B: Evident Injury;Travel Lane;White;Male;Durham;Durham;No;01/01/2003;23/05/2007;Motorist Overtaking Bicyclist;19;Non-Intersection;01/05/2001;01/01/2001 19:22;Motorist Overtaking - Misjudged Space;311232;2007;B: Evident Injury;Commercial;40-49;41;No;41-45 mph;O: No Injury;White;Female;Van;No;No;Daylight;Urban (>70% Developed);2 lanes;2;Straight - Level;Local Street;Dry;Two-Way, Not Divided;None;No Special Feature;Coarse Asphalt;Piedmont;Urban;40 - 45  MPH;No Control Present;Clear;No;36.032646, -78.98256
122;123;Yes;50-59;53;Yes;Facing Traffic;C: Possible Injury;Travel Lane;Black;Male;Goldsboro;Wayne;Yes;01/01/2005;09/03/2007;Loss of Control / Turning Error;11;Intersection;01/03/2001;01/01/2001 11:42;Bicyclist Turning Error - Left Turn;112114;2007;C: Possible Injury;Commercial;50-59;51;No;21-25 mph;O: No Injury;White;Male;Passenger Car;No;No;Daylight;Urban (>70% Developed);2 lanes;2;Straight - Level;Local Street;Dry;Two-Way, Not Divided;None;Four-Way Intersection;Coarse Asphalt;Coastal;Urban;20 - 25  MPH;Stop And Go Signal;Clear;No;35.39641, -77.98769
128;129;No;40-49;46;No;With Traffic;O: No Injury;Travel Lane;White;Male;Charlotte;Mecklenburg;No;01/01/2005;01/06/2007;Motorist Failed to Yield - Signalized Intersection;22;Intersection;01/06/2001;01/01/2001 22:50;Motorist Drive Out - Right Turn on Red;111151;2007;O: No Injury;Commercial;25-29;29;No;11-15 mph;O: No Injury;Black;Female;Passenger Car;No;No;Dark - Lighted Roadway;Urban (>70% Developed);4 lanes;2;Straight - Level;Local Street;Dry;Two-Way, Divided, Unprotected Median;None;No Special Feature;Smooth Asphalt;Piedmont;Urban;30 - 35  MPH;Flashing Signal Without Stop Sign;Clear;No;35.18066, -80.88955
132;133;No;30-39;35;No;With Traffic;C: Possible Injury;Travel Lane;White;Male;Charlotte;Mecklenburg;No;01/01/2006;17/03/2007;Motorist Failed to Yield - Sign-Controlled Intersection;11;Intersection;01/03/2001;01/01/2001 11:50;Motorist Drive Out - Sign-Controlled Intersection;111141;2007;C: Possible Injury;Institutional;40-49;42;No;11-15 mph;O: No Injury;Black;Male;Passenger Car;No;No;Daylight;Urban (>70% Developed);2 lanes;2;Straight - Level;Local Street;Dry;Two-Way, Not Divided;None;No Special Feature;Smooth Asphalt;Piedmont;Urban;20 - 25  MPH;Flashing Signal With Stop Sign;Clear;No;35.23132, -80.82629
134;135;Yes;50-59;53;No;With Traffic;B: Evident Injury;Travel Lane;Black;Male;Burlington;Alamance;No;NA;19/03/2007;Motorist Overtaking Bicyclist;11;Non-Intersection;01/03/2001;01/01/2001 11:51;Motorist Overtaking - Misjudged Space;311232;2007;B: Evident Injury;Commercial;70+;NA;No;31-35 mph;O: No Injury;White;Male;Passenger Car;No;No;Daylight;Urban (>70% Developed);2 lanes;2;Straight - Level;Local Street;Dry;Two-Way, Not Divided;None;No Special Feature;Smooth Asphalt;Piedmont;Urban;40 - 45  MPH;No Control Present;Clear;No;36.059284, -79.44742
140;141;No;25-29;28;No;With Traffic;C: Possible Injury;Travel Lane;White;Male;Raleigh;Wake;No;01/01/2003;21/03/2007;Motorist Overtaking Bicyclist;23;Non-Intersection;01/03/2001;01/01/2001 23:36;Motorist Overtaking - Other /;311239;2007;C: Possible Injury;Commercial;NA;NA;Missing;36-40 mph;Injury;/Missing;NA;NA;No;Yes;Dark - Lighted Roadway;Urban (>70% Developed);5 lanes;2;Straight - Level;Local Street;Dry;Two-Way, Not Divided;None;No Special Feature;Coarse Asphalt;Piedmont;Urban;30 - 35  MPH;No Control Present;Clear;No;35.780968, -78.65102
152;153;Yes;15-nov;14;No;With Traffic;B: Evident Injury;Travel Lane;White;Female;None - Rural Crash;Beaufort;No;01/01/2002;27/03/2007;Motorist Overtaking Bicyclist;18;Non-Intersection;01/03/2001;01/01/2001 18:39;Motorist Overtaking - Bicyclist Swerved;311235;2007;B: Evident Injury;Farms, Woods, Pastures;NA;NA;Missing;NA;Injury;/Missing;NA;NA;No;Yes;Dusk;Rural (<30% Developed);2 lanes;2;Straight - Level;State Secondary Route;Dry;Two-Way, Not Divided;None;No Special Feature;Smooth Asphalt;Coastal;Rural;50 - 55  MPH;No Control Present;Clear;No;35.491043, -76.7024
155;156;Yes;60-69;62;Yes;With Traffic;C: Possible Injury;Travel Lane;Native American;Male;None - Rural Crash;Robeson;Yes;01/01/2002;27/03/2007;Bicyclist Left Turn / Merge;14;Non-Intersection;01/03/2001;01/01/2001 14:44;Bicyclist Left Turn - Same Direction;311221;2007;C: Possible Injury;Residential;30-39;32;No;51-55 mph;O: No Injury;Native American;Female;Passenger Car;No;No;Daylight;Mixed (30% To 70% Developed);2 lanes;2;Straight - Level;State Secondary Route;Dry;Two-Way, Not Divided;None;No Special Feature;Smooth Asphalt;Coastal;Rural;50 - 55  MPH;Double Yellow Line, No Passing Zone;Clear;No;34.706882, -79.18842
159;160;Yes;30-39;37;No;With Traffic;B: Evident Injury;Travel Lane;White;Male;None - Rural Crash;Yadkin;No;01/01/2002;27/03/2007;Motorist Overtaking Bicyclist;16;Non-Intersection;01/03/2001;01/01/2001 16:34;Motorist Overtaking - Other /;311239;2007;B: Evident Injury;Farms, Woods, Pastures;30-39;33;No;41-45 mph;O: No Injury;White;Female;Passenger Car;No;No;Daylight;Rural (<30% Developed);2 lanes;2;Straight - Level;State Secondary Route;Dry;Two-Way, Not Divided;None;No Special Feature;Smooth Asphalt;Mountains;Rural;50 - 55  MPH;No Control Present;Clear;No;36.093224, -80.7757
160;161;No;20-24;21;No;With Traffic;B: Evident Injury;NA;White;Male;Wilkesboro;Wilkes;No;01/01/2003;28/03/2007;Crossing Paths - Other Circumstances;1;Intersection-Related;01/03/2001;01/01/2001 01:29;Signalized Intersection - Other /;291158;2007;B: Evident Injury;Commercial;NA;NA;Missing;NA;Injury;/Missing;NA;NA;No;Yes;Dark - Lighted Roadway;Mixed (30% To 70% Developed);3 lanes;2;Straight - Level;Local Street;Dry;Two-Way, Divided, Unprotected Median;None;Four-Way Intersection;Smooth Asphalt;Mountains;Rural;30 - 35  MPH;Stop And Go Signal;Clear;No;36.145905, -81.16116
161;162;Yes;15-nov;15;No;Facing Traffic;C: Possible Injury;Travel Lane;Black;Male;Beaufort;Carteret;No;NA;18/06/2007;Bicyclist Failed to Yield - Sign-Controlled Intersection;16;Intersection;01/06/2001;01/01/2001 16:09;Bicyclist Ride Through - Sign-Controlled Intersection;112144;2007;C: Possible Injury;Residential;50-59;53;No;6-10 mph;O: No Injury;White;Female;Passenger Car;No;No;Daylight;Urban (>70% Developed);2 lanes;2;Straight - Level;Local Street;Dry;Two-Way, Not Divided;None;No Special Feature;Smooth Asphalt;Coastal;Rural;30 - 35  MPH;Stop Sign;Clear;No;34.717678, -76.660416
166;167;Yes;25-29;25;No;With Traffic;B: Evident Injury;Travel Lane;Hispanic;Male;Sanford;Lee;No;01/01/2005;30/03/2007;Bicyclist Left Turn / Merge;17;Intersection;01/03/2001;01/01/2001 17:34;Bicyclist Left Turn - Same Direction;111221;2007;B: Evident Injury;Residential;50-59;59;No;31-35 mph;O: No Injury;White;Male;Sport Utility;No;No;Daylight;Mixed (30% To 70% Developed);3 lanes;2;Straight - Level;Local Street;Dry;Two-Way, Divided, Unprotected Median;None;T-Intersection;Coarse Asphalt;Piedmont;Urban;40 - 45  MPH;No Control Present;Clear;No;35.459885, -79.10708
168;169;No;15-nov;12;No;With Traffic;C: Possible Injury;Travel Lane;Black;Male;Salisbury;Rowan;No;01/01/2003;20/06/2007;Bicyclist Failed to Yield - Sign-Controlled Intersection;13;Intersection;01/06/2001;01/01/2001 13:41;Bicyclist Ride Out - Sign-Controlled Intersection;111142;2007;C: Possible Injury;Residential;60-69;65;No;16-20 mph;O: No Injury;White;Male;Van;No;No;Daylight;Urban (>70% Developed);1 lane;2;Straight - Level;Local Street;Dry;One-Way, Not Divided;None;T-Intersection;Smooth Asphalt;Piedmont;Urban;20 - 25  MPH;Stop Sign;Clear;No;35.663044, -80.48545
173;174;Yes;15-nov;13;No;Facing Traffic;B: Evident Injury;Travel Lane;White;Female;Fayetteville;Cumberland;No;01/01/2007;01/04/2007;Bicyclist Failed to Yield - Sign-Controlled Intersection;16;Intersection;01/04/2001;01/01/2001 16:41;Bicyclist Ride Through - Sign-Controlled Intersection;112144;2007;B: Evident Injury;Residential;60-69;69;No;NA;O: No Injury;Black;Male;Passenger Car;No;No;Daylight;Urban (>70% Developed);2 lanes;2;Straight - Bottom;Local Street;Dry;Two-Way, Not Divided;None;T-Intersection;Grooved Concrete;Coastal;Urban;30 - 35  MPH;Stop Sign;Clear;No;35.099197, -78.89891
174;175;Yes;50-59;51;No;With Traffic;C: Possible Injury;Travel Lane;Black;Male;Laurinburg;Scotland;No;01/01/2007;01/04/2007;Bicyclist Right Turn / Merge;13;Non-Intersection;01/04/2001;01/01/2001 12:59;Bicyclist Right Turn - Same Direction;311223;2007;C: Possible Injury;Residential;50-59;57;No;31-35 mph;O: No Injury;White;Female;Van;No;No;Daylight;Urban (>70% Developed);2 lanes;2;Straight - Level;Local Street;Dry;Two-Way, Divided, Unprotected Median;None;No Special Feature;Smooth Asphalt;Coastal;Urban;30 - 35  MPH;No Control Present;Clear;No;34.775394, -79.45074
176;177;Yes;15-nov;15;No;NA;B: Evident Injury;Travel Lane;Black;Male;Winston-Salem;Forsyth;No;NA;02/04/2007;Bicyclist Failed to Yield - Sign-Controlled Intersection;17;Intersection;01/04/2001;01/01/2001 17:49;Bicyclist Ride Through - Sign-Controlled Intersection;119144;2007;B: Evident Injury;Residential;40-49;45;No;26-30 mph;O: No Injury;Black;Female;Sport Utility;No;No;Daylight;Rural (<30% Developed);2 lanes;2;Straight - Level;Local Street;Dry;Two-Way, Not Divided;None;No Special Feature;Smooth Asphalt;Piedmont;Urban;30 - 35  MPH;No Control Present;Clear;No;36.105316, -80.2045
178;179;Yes;50-59;51;No;With Traffic;B: Evident Injury;Travel Lane;Black;Male;Charlotte;Mecklenburg;No;NA;25/06/2007;Motorist Overtaking Bicyclist;8;Non-Intersection;01/06/2001;01/01/2001 08:37;Motorist Overtaking - Misjudged Space;311232;2007;B: Evident Injury;Commercial;50-59;55;No;16-20 mph;O: No Injury;Black;Male;Pickup;No;No;Daylight;Urban (>70% Developed);3 lanes;2;Straight - Level;Local Street;Dry;Two-Way, Not Divided;None;No Special Feature;Smooth Asphalt;Piedmont;Urban;30 - 35  MPH;No Control Present;Clear;No;35.21595, -80.8223
179;180;No;10-juin;6;No;Facing Traffic;O: No Injury;Sidewalk / Crosswalk / Driveway Crossing;White;Male;Charlotte;Mecklenburg;No;01/01/2002;03/04/2007;Motorist Failed to Yield - Midblock;15;Non-Intersection;01/04/2001;01/01/2001 15:16;Motorist Drive Out - Commercial Driveway / Alley;332322;2007;O: No Injury;Residential;60-69;61;No;0-5 mph;O: No Injury;Black;Female;Passenger Car;No;No;Daylight;Urban (>70% Developed);1 lane;2;Straight - Level;Public Vehicular Area;Dry;One-Way, Not Divided;None;No Special Feature;Smooth Asphalt;Piedmont;Urban;5 - 15 MPH;No Control Present;Clear;No;35.202824, -80.73739
188;189;Yes;60-69;65;Yes;NA;C: Possible Injury;NA;Black;Male;Statesville;Iredell;Yes;01/01/2004;05/04/2007;Bicyclist Failed to Yield - Sign-Controlled Intersection;12;Intersection-Related;01/04/2001;01/01/2001 12:25;Bicyclist Ride Out - Sign-Controlled Intersection;299142;2007;C: Possible Injury;Residential;70+;NA;No;26-30 mph;O: No Injury;White;Male;Pickup;No;No;Daylight;Urban (>70% Developed);4 lanes;2;Straight - Hillcrest;Local Street;Dry;Two-Way, Not Divided;None;No Special Feature;Smooth Asphalt;Piedmont;Urban;30 - 35  MPH;No Control Present;Clear;No;35.78919, -80.8735
189;190;Yes;15-nov;12;No;NA;Injury;NA;/Missing;NA;Morehead City;Carteret;No;01/01/2005;06/04/2007;Other /  - Insufficient Details;18;Non-Intersection;01/04/2001;01/01/2001 18:17;Approach Paths;399970;2007;O: No Injury;Residential;30-39;39;No;31-35 mph;O: No Injury;White;Female;Passenger Car;No;No;Daylight;Urban (>70% Developed);2 lanes;2;Straight - Level;Local Street;Dry;Two-Way, Not Divided;None;No Special Feature;Smooth Asphalt;Coastal;Urban;30 - 35  MPH;No Control Present;Clear;No;34.73611, -76.73064
190;191;Yes;30-39;36;No;With Traffic;B: Evident Injury;Travel Lane;Black;Male;Wilson;Wilson;No;01/01/2005;06/04/2007;Motorist Failed to Yield - Sign-Controlled Intersection;16;Intersection;01/04/2001;01/01/2001 16:35;Motorist Drive Out - Sign-Controlled Intersection;111141;2007;B: Evident Injury;Residential;50-59;52;No;21-25 mph;O: No Injury;Black;Male;Passenger Car;No;No;Daylight;Urban (>70% Developed);2 lanes;2;Straight - Level;Local Street;Dry;Two-Way, Not Divided;None;No Special Feature;Coarse Asphalt;Coastal;Urban;30 - 35  MPH;Stop Sign;Clear;No;35.72779, -77.922745
191;192;Yes;40-49;41;No;With Traffic;Injury;Sidewalk / Crosswalk / Driveway Crossing;Black;Male;Fayetteville;Cumberland;No;01/01/2004;28/06/2007;Motorist Right Turn / Merge;17;Intersection;01/06/2001;01/01/2001 17:16;Motorist Right Turn - Same Direction;131213;2007;O: No Injury;Commercial;20-24;23;No;0-5 mph;O: No Injury;Black;Female;Passenger Car;No;No;Daylight;Urban (>70% Developed);5 lanes;2;Straight - Level;Local Street;Dry;Two-Way, Divided, Unprotected Median;None;Four-Way Intersection;Coarse Asphalt;Coastal;Urban;30 - 35  MPH;Stop And Go Signal;Clear;No;35.05358, -78.8876
196;197;No;30-39;30;No;Facing Traffic;C: Possible Injury;Sidewalk / Crosswalk / Driveway Crossing;White;Male;Durham;Durham;No;01/01/2003;27/06/2007;Motorist Right Turn / Merge;10;Intersection;01/06/2001;01/01/2001 10:49;Motorist Right Turn - Opposite Direction;132214;2007;C: Possible Injury;Commercial;NA;NA;No;0-5 mph;Injury;/Missing;NA;Passenger Car;No;Yes;Daylight;Urban (>70% Developed);5 lanes;2;Straight - Level;Local Street;Dry;Two-Way, Not Divided;None;Four-Way Intersection;Smooth Asphalt;Piedmont;Urban;30 - 35  MPH;Stop And Go Signal;Clear;No;35.963886, -78.95944
600;601;Yes;16-19;16;No;NA;B: Evident Injury;NA;White;Male;None - Rural Crash;Beaufort;No;01/01/2007;11/10/2009;Bicyclist Failed to Yield - Midblock;21;Non-Intersection;01/10/2001;01/01/2001 21:21;Bicyclist Ride Out - Midblock -;399319;2009;B: Evident Injury;Residential;20-24;20;No;41-45 mph;O: No Injury;White;Male;Passenger Car;No;No;Dark - Roadway Not Lighted;Rural (<30% Developed);2 lanes;2;Straight - Level;State Secondary Route;Dry;Two-Way, Not Divided;None;No Special Feature;Coarse Asphalt;Coastal;Rural;50 - 55  MPH;Double Yellow Line, No Passing Zone;Clear;No;35.558372, -76.93874
602;603;Yes;16-19;18;No;Facing Traffic;B: Evident Injury;NA;Black;Male;Rocky Mount;Nash;No;01/01/2002;15/09/2009;Bicyclist Failed to Yield - Signalized Intersection;19;Intersection;01/09/2001;01/01/2001 19:31;Bicyclist Ride Through - Signalized Intersection;192155;2009;B: Evident Injury;Commercial;70+;NA;No;31-35 mph;O: No Injury;White;Male;Pickup;No;No;Dark - Lighted Roadway;Urban (>70% Developed);3 lanes;2;Straight - Level;Local Street;Dry;One-Way, Not Divided;None;Four-Way Intersection;Coarse Asphalt;Coastal;Urban;30 - 35  MPH;Stop And Go Signal;Clear;No;35.944557, -77.796165
616;617;No;40-49;44;No;With Traffic;Injury;Travel Lane;Black;Male;Charlotte;Mecklenburg;No;01/01/2003;30/09/2009;Motorist Overtaking Bicyclist;19;Non-Intersection;01/09/2001;01/01/2001 19:21;Motorist Overtaking - Bicyclist Swerved;311235;2009;C: Possible Injury;Residential;0-19;17;No;NA;C: Possible Injury;Black;Male;Pedestrian;No;No;Dawn;Mixed (30% To 70% Developed);2 lanes;2;Straight - Grade;Local Street;Water (Standing, Moving);Two-Way, Not Divided;None;No Special Feature;Smooth Asphalt;Piedmont;Urban;NA;No Control Present;Clear;No;35.24186, -80.6617
624;625;Yes;50-59;54;No;With Traffic;C: Possible Injury;Travel Lane;White;Male;None - Rural Crash;Moore;No;NA;28/09/2009;Motorist Overtaking Bicyclist;16;Non-Intersection;01/09/2001;01/01/2001 16:58;Motorist Overtaking - Other /;311239;2009;C: Possible Injury;Farms, Woods, Pastures;30-39;34;No;41-45 mph;Injury;White;Male;Passenger Car;No;Yes;Daylight;Rural (<30% Developed);2 lanes;2;Straight - Level;State Secondary Route;Dry;Two-Way, Not Divided;None;No Special Feature;Smooth Asphalt;Piedmont;Rural;40 - 45  MPH;No Control Present;Clear;No;35.179253, -79.32311
632;633;Yes;30-39;38;No;With Traffic;B: Evident Injury;Travel Lane;Hispanic;Male;Fayetteville;Cumberland;No;01/01/2005;16/10/2009;Bicyclist Left Turn / Merge;18;Non-Intersection;01/10/2001;01/01/2001 18:14;Bicyclist Left Turn - Same Direction;311221;2009;B: Evident Injury;Residential;60-69;63;No;21-25 mph;O: No Injury;Black;Female;Passenger Car;No;No;Daylight;Rural (<30% Developed);5 lanes;2;Straight - Level;Local Street;Dry;Two-Way, Not Divided;None;No Special Feature;Coarse Asphalt;Coastal;Urban;40 - 45  MPH;No Control Present;Clear;No;35.092957, -78.91917
636;637;Yes;20-24;22;No;Facing Traffic;C: Possible Injury;Sidewalk / Crosswalk / Driveway Crossing;White;Male;Winston-Salem;Forsyth;No;NA;19/10/2009;Motorist Failed to Yield - Sign-Controlled Intersection;15;Intersection;01/10/2001;01/01/2001 15:44;Motorist Drive Out - Sign-Controlled Intersection;132141;2009;C: Possible Injury;Residential;40-49;48;No;0-5 mph;O: No Injury;Black;Female;Pickup;No;No;Daylight;Urban (>70% Developed);2 lanes;2;Straight - Hillcrest;Local Street;Dry;Two-Way, Divided, Unprotected Median;None;T-Intersection;Smooth Asphalt;Piedmont;Urban;20 - 25  MPH;Stop Sign;Clear;No;36.112877, -80.22526
647;648;Yes;16-19;19;No;With Traffic;B: Evident Injury;Travel Lane;White;Male;None - Rural Crash;Onslow;No;01/01/2007;27/09/2009;Motorist Overtaking Bicyclist;23;Non-Intersection;01/09/2001;01/01/2001 22:59;Motorist Overtaking - Other /;311239;2009;B: Evident Injury;Residential;NA;NA;Missing;51-55 mph;Injury;/Missing;NA;NA;No;Yes;Dark - Roadway Not Lighted;Mixed (30% To 70% Developed);5 lanes;2;Straight - Level;US Route;Dry;Two-Way, Not Divided;None;No Special Feature;Coarse Asphalt;Coastal;Rural;50 - 55  MPH;No Control Present;Clear;No;34.90975, -77.57086
650;651;No;15-nov;14;No;With Traffic;C: Possible Injury;Sidewalk / Crosswalk / Driveway Crossing;White;Male;Fayetteville;Cumberland;No;01/01/2003;28/10/2009;Motorist Left Turn / Merge;22;Intersection;01/10/2001;01/01/2001 22:52;Motorist Left Turn - Opposite Direction;131212;2009;C: Possible Injury;Commercial;20-24;20;No;21-25 mph;O: No Injury;Black;Female;Passenger Car;No;No;Dark - Lighted Roadway;Urban (>70% Developed);5 lanes;2;Straight - Level;Local Street;Dry;Two-Way, Divided, Unprotected Median;None;Four-Way Intersection;Coarse Asphalt;Coastal;Urban;30 - 35  MPH;Stop And Go Signal;Clear;No;35.04542, -78.924446
660;661;No;40-49;44;No;With Traffic;C: Possible Injury;Travel Lane;White;Male;None - Rural Crash;Rowan;No;01/01/2006;14/11/2009;Motorist Failed to Yield - Sign-Controlled Intersection;12;Intersection;01/11/2001;01/01/2001 12:32;Motorist Drive Out - Sign-Controlled Intersection;111141;2009;C: Possible Injury;Farms, Woods, Pastures;20-24;22;No;0-5 mph;O: No Injury;White;Male;Pickup;No;No;Daylight;Rural (<30% Developed);5 lanes;2;Straight - Level;US Route;Dry;Two-Way, Not Divided;None;Four-Way Intersection;Smooth Asphalt;Piedmont;Rural;50 - 55  MPH;No Control Present;Clear;No;35.590878, -80.5513
662;663;Yes;30-39;30;Yes;Not Applicable;C: Possible Injury;NA;Black;Male;Raleigh;Wake;Yes;01/01/2004;08/10/2009;Bicyclist Failed to Yield - Midblock;20;Non-Intersection;01/10/2001;01/01/2001 20:11;Bicyclist Ride Out - Midblock -;393319;2009;C: Possible Injury;Residential;40-49;49;No;31-35 mph;O: No Injury;Black;Male;Passenger Car;No;No;Dark - Lighted Roadway;Urban (>70% Developed);3 lanes;2;Straight - Hillcrest;Local Street;Dry;One-Way, Not Divided;None;No Special Feature;Smooth Asphalt;Piedmont;Urban;30 - 35  MPH;No Control Present;Clear;No;35.772335, -78.64596
664;665;Yes;25-29;26;No;With Traffic;B: Evident Injury;Bike Lane / Paved Shoulder;White;Female;Greensboro;Guilford;No;01/01/2003;28/10/2009;Motorist Right Turn / Merge;11;Intersection;01/10/2001;01/01/2001 11:50;Motorist Right Turn - Same Direction;121213;2009;B: Evident Injury;Institutional;50-59;54;No;0-5 mph;O: No Injury;White;Male;Passenger Car;No;No;Daylight;Urban (>70% Developed);2 lanes;2;Straight - Level;Local Street;Dry;Two-Way, Divided, Unprotected Median;None;Four-Way Intersection;Smooth Asphalt;Piedmont;Urban;20 - 25  MPH;Stop And Go Signal;Clear;No;36.065918, -79.81024
669;670;Yes;40-49;48;No;With Traffic;C: Possible Injury;Travel Lane;Black;Male;Tarboro;Edgecombe;No;01/01/2007;01/11/2009;Motorist Failed to Yield - Sign-Controlled Intersection;16;Intersection;01/11/2001;01/01/2001 16:38;Motorist Drive Out - Sign-Controlled Intersection;111141;2009;C: Possible Injury;Commercial;0-19;18;No;0-5 mph;O: No Injury;Black;Male;Passenger Car;No;No;Daylight;Urban (>70% Developed);1 lane;2;Straight - Level;Local Street;Wet;Two-Way, Divided, Unprotected Median;NA;Driveway, Private;Smooth Asphalt;Coastal;Urban;40 - 45  MPH;Stop Sign;Rain;No;35.90341, -77.56208