FID;OBJECTID;AmbulanceR;BikeAge_Gr;Bike_Age;Bike_Alc_D;Bike_Dir;Bike_Injur;Bike_Pos;Bike_Race;Bike_Sex;City;County;CrashAlcoh;CrashDay;Crash_Date;Crash_Grp;Crash_Hour;Crash_Loc;Crash_Mont;Crash_Time;Crash_Type;Crash_Ty_1;Crash_Year;Crsh_Sevri;Developmen;DrvrAge_Gr;Drvr_Age;Drvr_Alc_D;Drvr_EstSp;Drvr_Injur;Drvr_Race;Drvr_Sex;Drvr_VehTy;ExcsSpdInd;Hit_Run;Light_Cond;Locality;Num_Lanes;Num_Units;Rd_Charact;Rd_Class;Rd_Conditi;Rd_Config;Rd_Defects;Rd_Feature;Rd_Surface;Region;Rural_Urba;Speed_Limi;Traff_Cntr;Weather;Workzone_I;Location
670;671;Yes;40-49;45;No;NA;C: Possible Injury;NA;Black;Male;Oxford;Granville;No;01/01/2002;28/04/2009;Crossing Paths - Other Circumstances;16;Intersection-Related;01/04/2001;01/01/2001 16:55;Crossing Paths - Intersection - Other /;299180;2009;C: Possible Injury;Commercial;50-59;53;No;11-15 mph;O: No Injury;Black;Male;Passenger Car;No;No;Daylight;Urban (>70% Developed);9 or more lanes;3;Straight - Level;Local Street;Dry;Two-Way, Not Divided;None;No Special Feature;Smooth Asphalt;Piedmont;Urban;30 - 35  MPH;Stop And Go Signal;Clear;No;36.312084, -78.592224
671;672;Yes;50-59;52;Yes;With Traffic;B: Evident Injury;Travel Lane;White;Male;Greensboro;Guilford;Yes;01/01/2002;20/10/2009;Bicyclist Overtaking Motorist;4;Non-Intersection;01/10/2001;01/01/2001 04:24;Bicyclist Overtaking - Parked Vehicle;311243;2009;B: Evident Injury;Residential;NA;NA;Missing;0-5 mph;Injury;/Missing;NA;Passenger Car;No;No;Dark - Roadway Not Lighted;Urban (>70% Developed);1 lane;2;Straight - Grade;Local Street;Dry;Two-Way, Not Divided;None;No Special Feature;Smooth Asphalt;Piedmont;Urban;30 - 35  MPH;No Control Present;Clear;No;36.068775, -79.82911
672;673;Yes;40-49;49;No;Facing Traffic;C: Possible Injury;Sidewalk / Crosswalk / Driveway Crossing;Black;Male;Wilmington;New Hanover;No;01/01/2004;29/10/2009;Motorist Failed to Yield - Signalized Intersection;12;Intersection;01/10/2001;01/01/2001 12:02;Motorist Drive Out - Signalized Intersection;132152;2009;C: Possible Injury;Commercial;25-29;25;No;6-10 mph;O: No Injury;White;Female;Passenger Car;No;No;Daylight;Urban (>70% Developed);6 lanes;2;Straight - Level;Local Street;Dry;Two-Way, Not Divided;None;Four-Way Intersection;Smooth Asphalt;Coastal;Urban;20 - 25  MPH;Stop And Go Signal;Clear;No;34.228287, -77.94253
674;675;Yes;25-29;25;No;Facing Traffic;B: Evident Injury;Sidewalk / Crosswalk / Driveway Crossing;Black;Male;Charlotte;Mecklenburg;No;01/01/2002;03/11/2009;Motorist Failed to Yield - Sign-Controlled Intersection;13;Intersection;01/11/2001;01/01/2001 13:07;Motorist Drive Out - Sign-Controlled Intersection;132141;2009;B: Evident Injury;Residential;30-39;33;No;0-5 mph;O: No Injury;Hispanic;Female;Passenger Car;No;No;Daylight;Urban (>70% Developed);2 lanes;2;Straight - Grade;Local Street;Dry;Two-Way, Not Divided;None;T-Intersection;Coarse Asphalt;Piedmont;Urban;30 - 35  MPH;Stop Sign;Clear;No;35.13637, -80.88857
675;676;Yes;40-49;41;No;With Traffic;B: Evident Injury;Travel Lane;White;Female;Durham;Durham;No;01/01/2006;21/11/2009;Crossing Paths - Other Circumstances;11;Intersection;01/11/2001;01/01/2001 11:10;Crossing Paths - Intersection - Other /;111180;2009;B: Evident Injury;Commercial;30-39;31;No;36-40 mph;O: No Injury;Asian;Male;Passenger Car;No;No;Daylight;Urban (>70% Developed);4 lanes;2;Straight - Level;NC Route;Dry;Two-Way, Not Divided;None;No Special Feature;Smooth Asphalt;Piedmont;Urban;40 - 45  MPH;Human Control;Clear;No;35.900654, -78.888985
684;685;No;50-59;57;No;With Traffic;B: Evident Injury;Travel Lane;Asian;Male;Durham;Durham;No;01/01/2005;30/10/2009;Motorist Overtaking Bicyclist;21;Intersection;01/10/2001;01/01/2001 21:08;Motorist Overtaking - Misjudged Space;111232;2009;B: Evident Injury;Residential;NA;NA;Missing;41-45 mph;Injury;/Missing;NA;NA;No;Yes;Dark - Roadway Not Lighted;Urban (>70% Developed);2 lanes;2;Straight - Hillcrest;NC Route;Dry;Two-Way, Divided, Unprotected Median;None;T-Intersection;Coarse Asphalt;Piedmont;Urban;40 - 45  MPH;No Control Present;Clear;No;35.916576, -78.95112
686;687;No;50-59;54;No;With Traffic;C: Possible Injury;Travel Lane;White;Male;High Point;Guilford;No;01/01/2003;04/11/2009;Motorist Overtaking Bicyclist;6;Non-Intersection;01/11/2001;01/01/2001 06:29;Motorist Overtaking - Undetected Bicyclist;311231;2009;C: Possible Injury;Commercial;0-19;18;No;NA;O: No Injury;White;Male;Passenger Car;No;No;Dark - Lighted Roadway;Urban (>70% Developed);5 lanes;2;Straight - Level;Local Street;Dry;Two-Way, Not Divided;None;No Special Feature;Coarse Asphalt;Piedmont;Urban;40 - 45  MPH;No Control Present;Clear;No;35.98807, -80.02632
687;688;Yes;40-49;47;No;With Traffic;C: Possible Injury;Travel Lane;Hispanic;Female;Morrisville;Wake;No;NA;09/11/2009;Motorist Failed to Yield - Midblock;7;Non-Intersection;01/11/2001;01/01/2001 06:59;Motorist Drive Out - Other Midblock;311328;2009;C: Possible Injury;Commercial;25-29;28;No;6-10 mph;O: No Injury;White;Male;Pickup;No;No;Daylight;Mixed (30% To 70% Developed);2 lanes;2;Straight - Level;NC Route;Dry;Two-Way, Not Divided;None;No Special Feature;Smooth Asphalt;Piedmont;Urban;40 - 45  MPH;Double Yellow Line, No Passing Zone;Clear;No;35.836864, -78.82955
698;699;Yes;16-19;18;No;Facing Traffic;B: Evident Injury;Travel Lane;Black;Male;Charlotte;Mecklenburg;No;01/01/2006;14/11/2009;Motorist Failed to Yield - Sign-Controlled Intersection;20;Intersection;01/11/2001;01/01/2001 20:52;Motorist Drive Out - Sign-Controlled Intersection;112141;2009;B: Evident Injury;Residential;30-39;37;No;0-5 mph;O: No Injury;Black;Female;Sport Utility;No;No;Dark - Lighted Roadway;Urban (>70% Developed);4 lanes;2;Straight - Level;Local Street;Dry;Two-Way, Divided, Positive Median Barrier;None;No Special Feature;Smooth Asphalt;Piedmont;Urban;20 - 25  MPH;Stop Sign;Clear;No;35.249794, -80.77271
714;715;Yes;25-29;27;No;With Traffic;C: Possible Injury;Bike Lane / Paved Shoulder;White;Male;None - Rural Crash;New Hanover;No;NA;14/12/2009;Motorist Overtaking Bicyclist;17;Non-Intersection;01/12/2001;01/01/2001 17:34;Motorist Overtaking - Undetected Bicyclist;321231;2009;C: Possible Injury;Residential;60-69;62;No;41-45 mph;O: No Injury;White;Female;Sport Utility;No;No;Dark - Roadway Not Lighted;Urban (>70% Developed);2 lanes;2;Straight - Level;NC Route;Dry;Two-Way, Not Divided;None;No Special Feature;Smooth Asphalt;Coastal;Rural;40 - 45  MPH;No Control Present;Clear;No;34.27923, -77.923935
723;724;No;20-24;24;No;Facing Traffic;C: Possible Injury;Travel Lane;White;Female;Raleigh;Wake;No;01/01/2002;17/11/2009;Motorist Failed to Yield - Sign-Controlled Intersection;11;Intersection;01/11/2001;01/01/2001 11:29;Motorist Drive Out - Sign-Controlled Intersection;112141;2009;C: Possible Injury;Residential;NA;NA;No;21-25 mph;Injury;/Missing;NA;NA;No;Yes;Daylight;Urban (>70% Developed);2 lanes;2;Straight - Level;Local Street;Dry;Two-Way, Not Divided;None;No Special Feature;Smooth Asphalt;Piedmont;Urban;40 - 45  MPH;No Control Present;Clear;No;35.7703, -78.61983
724;725;Yes;20-24;23;No;Facing Traffic;B: Evident Injury;Sidewalk / Crosswalk / Driveway Crossing;White;Male;Cary;Wake;No;01/01/2002;22/12/2009;Motorist Failed to Yield - Sign-Controlled Intersection;15;Intersection;01/12/2001;01/01/2001 15:11;Motorist Drive Out - Sign-Controlled Intersection;132141;2009;B: Evident Injury;Commercial;20-24;21;No;0-5 mph;O: No Injury;White;Female;Passenger Car;No;No;Daylight;Urban (>70% Developed);2 lanes;2;Straight - Grade;Public Vehicular Area;Dry;Two-Way, Not Divided;None;Driveway, Public;Smooth Asphalt;Piedmont;Urban;5 - 15 MPH;Stop Sign;Clear;No;35.744076, -78.76094
730;731;Yes;40-49;43;No;Not Applicable;B: Evident Injury;Non-Roadway;White;Female;Franklin;Macon;No;01/01/2004;10/12/2009;Non-Roadway;16;Non-Roadway;01/12/2001;01/01/2001 16:39;Non-Roadway;460910;2009;B: Evident Injury;Commercial;70+;NA;No;11-15 mph;O: No Injury;White;Male;Light Truck (Mini-Van, Panel);No;No;Daylight;Urban (>70% Developed);NA;2;Straight - Level;Public Vehicular Area;Dry;Two-Way, Not Divided;None;Four-Way Intersection;Smooth Asphalt;Mountains;Rural;NA;No Control Present;Clear;No;35.174343, -83.36237
742;743;Yes;30-39;38;Yes;With Traffic;B: Evident Injury;Travel Lane;White;Male;None - Rural Crash;Catawba;Yes;01/01/2003;30/12/2009;Motorist Overtaking Bicyclist;18;Non-Intersection;01/12/2001;01/01/2001 18:06;Motorist Overtaking - Other /;311239;2009;B: Evident Injury;Farms, Woods, Pastures;40-49;48;No;41-45 mph;O: No Injury;White;Female;Passenger Car;No;No;Dark - Roadway Not Lighted;Rural (<30% Developed);2 lanes;2;Straight - Level;NC Route;Dry;Two-Way, Not Divided;None;No Special Feature;Coarse Asphalt;Piedmont;Rural;40 - 45  MPH;Double Yellow Line, No Passing Zone;Clear;No;35.553116, -81.06227
744;745;No;60-69;66;No;With Traffic;B: Evident Injury;Travel Lane;Black;Male;Goldsboro;Wayne;No;01/01/2005;04/12/2009;Bicyclist Failed to Yield - Signalized Intersection;18;Intersection;01/12/2001;01/01/2001 17:59;Bicyclist Ride Through - Signalized Intersection;111155;2009;B: Evident Injury;Commercial;60-69;68;No;6-10 mph;O: No Injury;White;Female;Sport Utility;No;No;Dark - Lighted Roadway;Urban (>70% Developed);5 lanes;2;Straight - Level;Local Street;Dry;Two-Way, Not Divided;None;Four-Way Intersection;Smooth Asphalt;Coastal;Urban;20 - 25  MPH;Stop And Go Signal;Cloudy;No;35.38469, -77.992615
746;747;Yes;20-24;24;Yes;Not Applicable;C: Possible Injury;Non-Roadway;White;Male;None - Rural Crash;Currituck;Yes;01/01/2007;29/11/2009;Bicyclist Failed to Yield - Midblock;20;Non-Intersection;01/11/2001;01/01/2001 20:56;Bicyclist Ride Out - Commercial Driveway / Alley;363312;2009;C: Possible Injury;Commercial;50-59;57;No;41-45 mph;O: No Injury;White;Female;Sport Utility;No;No;Dark - Roadway Not Lighted;Rural (<30% Developed);5 lanes;2;Straight - Level;US Route;Dry;Two-Way, Not Divided;None;No Special Feature;Coarse Asphalt;Coastal;Rural;40 - 45  MPH;No Control Present;Clear;No;36.238754, -75.87539
749;750;No;16-19;18;No;NA;B: Evident Injury;Sidewalk / Crosswalk / Driveway Crossing;White;Male;Raleigh;Wake;No;NA;23/11/2009;Motorist Left Turn / Merge;12;Intersection;01/11/2001;01/01/2001 12:12;Motorist Left Turn - Opposite Direction;139212;2009;B: Evident Injury;Commercial;20-24;21;No;6-10 mph;O: No Injury;White;Female;Passenger Car;No;No;Daylight;Urban (>70% Developed);2 lanes;2;Straight - Level;Local Street;Wet;Two-Way, Not Divided;None;No Special Feature;Smooth Asphalt;Piedmont;Urban;20 - 25  MPH;No Control Present;Rain;No;35.78189, -78.66763
759;760;Yes;20-24;20;No;Facing Traffic;B: Evident Injury;Travel Lane;Other;Male;None - Rural Crash;Cumberland;No;01/01/2004;24/12/2009;Parallel Paths - Other Circumstances;20;Non-Intersection;01/12/2001;01/01/2001 20:52;Parallel Paths - Other /;312280;2009;B: Evident Injury;Residential;NA;NA;Missing;41-45 mph;Injury;/Missing;NA;Pickup;No;Yes;Dark - Roadway Not Lighted;Urban (>70% Developed);2 lanes;2;Straight - Level;State Secondary Route;Dry;Two-Way, Not Divided;None;No Special Feature;Smooth Asphalt;Coastal;Rural;40 - 45  MPH;Double Yellow Line, No Passing Zone;Clear;No;34.955032, -78.94595
761;762;Yes;60-69;69;No;Facing Traffic;C: Possible Injury;Travel Lane;Black;Male;Kinston;Lenoir;No;01/01/2004;17/12/2009;Motorist Failed to Yield - Sign-Controlled Intersection;15;Intersection;01/12/2001;01/01/2001 15:43;Motorist Drive Out - Sign-Controlled Intersection;112141;2009;C: Possible Injury;Commercial;30-39;36;No;0-5 mph;O: No Injury;White;Male;Pickup;No;No;Daylight;Urban (>70% Developed);5 lanes;2;Straight - Level;Local Street;Dry;Two-Way, Not Divided;None;Four-Way Intersection;Coarse Asphalt;Coastal;Urban;30 - 35  MPH;Stop Sign;Clear;No;35.268936, -77.58425
769;770;No;40-49;44;No;With Traffic;O: No Injury;Travel Lane;Black;Male;Wilson;Wilson;No;01/01/2004;08/10/2009;Motorist Overtaking Bicyclist;17;Non-Intersection;01/10/2001;01/01/2001 17:50;Motorist Overtaking - Undetected Bicyclist;311231;2009;O: No Injury;Residential;0-19;19;No;16-20 mph;O: No Injury;Black;Male;Passenger Car;No;No;Daylight;Urban (>70% Developed);2 lanes;2;Straight - Grade;Local Street;Dry;Two-Way, Not Divided;None;No Special Feature;Smooth Asphalt;Coastal;Urban;30 - 35  MPH;No Control Present;Clear;No;35.71809, -77.9245
770;771;Yes;25-29;29;No;With Traffic;B: Evident Injury;Travel Lane;Black;Male;Wilson;Wilson;No;01/01/2003;04/11/2009;Bicyclist Failed to Yield - Sign-Controlled Intersection;11;Intersection;01/11/2001;01/01/2001 11:45;Bicyclist Ride Out - Sign-Controlled Intersection;111142;2009;B: Evident Injury;Residential;70+;NA;No;31-35 mph;O: No Injury;Black;Female;Passenger Car;No;No;Daylight;Mixed (30% To 70% Developed);2 lanes;2;Straight - Level;Local Street;Dry;Two-Way, Not Divided;None;No Special Feature;Coarse Asphalt;Coastal;Urban;30 - 35  MPH;Stop Sign;Clear;No;35.717308, -77.89352
776;777;No;30-39;35;No;Not Applicable;O: No Injury;Non-Roadway;Black;Male;Wilson;Wilson;No;01/01/2005;28/08/2009;Non-Roadway;13;Non-Roadway;01/08/2001;01/01/2001 13:39;Non-Roadway;460910;2009;O: No Injury;Commercial;70+;NA;No;11-15 mph;O: No Injury;Black;Female;Passenger Car;No;No;Daylight;Urban (>70% Developed);2 lanes;2;Straight - Level;Private Road, Driveway;Dry;Two-Way, Not Divided;None;No Special Feature;Gravel;Coastal;Urban;30 - 35  MPH;No Control Present;Clear;No;35.723755, -77.9119
778;779;No;40-49;49;No;Facing Traffic;C: Possible Injury;Sidewalk / Crosswalk / Driveway Crossing;Black;Male;Charlotte;Mecklenburg;No;01/01/2007;15/11/2009;Motorist Failed to Yield - Midblock;13;Non-Intersection;01/11/2001;01/01/2001 13:08;Motorist Drive Out - Commercial Driveway / Alley;332322;2009;C: Possible Injury;Commercial;30-39;37;No;0-5 mph;O: No Injury;White;Female;Passenger Car;No;No;Daylight;Urban (>70% Developed);5 lanes;2;Straight - Grade;Local Street;Dry;Two-Way, Not Divided;None;Driveway, Private;Concrete;Piedmont;Urban;5 - 15 MPH;Stop Sign;Clear;No;35.1428, -80.74088
787;788;No;20-24;23;No;Facing Traffic;C: Possible Injury;Travel Lane;Hispanic;Male;Charlotte;Mecklenburg;No;01/01/2004;27/08/2009;Motorist Left Turn / Merge;20;Non-Intersection;01/08/2001;01/01/2001 20:26;Motorist Left Turn - Same Direction;312211;2009;C: Possible Injury;Commercial;40-49;42;No;0-5 mph;O: No Injury;Black;Male;Sport Utility;No;No;Dark - Lighted Roadway;Mixed (30% To 70% Developed);2 lanes;2;Straight - Level;Local Street;Dry;Two-Way, Not Divided;None;No Special Feature;Smooth Asphalt;Piedmont;Urban;30 - 35  MPH;No Control Present;Clear;No;35.301636, -80.80244
500;501;No;40-49;49;No;With Traffic;C: Possible Injury;Travel Lane;White;Male;Raleigh;Wake;No;NA;14/07/2008;Motorist Failed to Yield - Sign-Controlled Intersection;16;Intersection;01/07/2001;01/01/2001 16:42;Motorist Drive Out - Sign-Controlled Intersection;111141;2008;C: Possible Injury;Commercial;60-69;66;No;6-10 mph;O: No Injury;White;Male;Pickup;No;No;Daylight;Urban (>70% Developed);2 lanes;2;Straight - Level;Local Street;Dry;Two-Way, Not Divided;None;No Special Feature;Smooth Asphalt;Piedmont;Urban;30 - 35  MPH;Stop Sign;Clear;No;0.0, 0.0
501;502;Yes;20-24;23;No;With Traffic;B: Evident Injury;Sidewalk / Crosswalk / Driveway Crossing;White;Male;Raleigh;Wake;No;01/01/2002;10/06/2008;Motorist Failed to Yield - Midblock;10;Non-Intersection;01/06/2001;01/01/2001 10:43;Motorist Drive Out - Residential Driveway;331321;2008;B: Evident Injury;Residential;60-69;61;No;0-5 mph;O: No Injury;White;Female;Passenger Car;No;No;Daylight;Mixed (30% To 70% Developed);NA;2;Straight - Level;Public Vehicular Area;Dry;Two-Way, Not Divided;None;No Special Feature;Smooth Asphalt;Piedmont;Urban;20 - 25  MPH;No Control Present;Clear;No;0.0, 0.0
502;503;Yes;16-19;17;No;Facing Traffic;C: Possible Injury;Sidewalk / Crosswalk / Driveway Crossing;Black;Male;Charlotte;Mecklenburg;No;01/01/2005;01/08/2008;Motorist Right Turn / Merge;15;Non-Intersection;01/08/2001;01/01/2001 15:52;Motorist Right Turn - Opposite Direction;332214;2008;C: Possible Injury;Commercial;40-49;47;No;11-15 mph;O: No Injury;Black;Female;Passenger Car;No;No;Daylight;Mixed (30% To 70% Developed);2 lanes;2;Straight - Level;Public Vehicular Area;Dry;Two-Way, Not Divided;None;No Special Feature;Smooth Asphalt;Piedmont;Urban;5 - 15 MPH;No Control Present;Clear;No;0.0, 0.0
221;222;No;16-19;17;No;With Traffic;C: Possible Injury;Travel Lane;White;Male;Charlotte;Mecklenburg;No;NA;26/05/2008;Motorist Failed to Yield - Sign-Controlled Intersection;21;Intersection;01/05/2001;01/01/2001 21:38;Motorist Drive Out - Sign-Controlled Intersection;111141;2008;C: Possible Injury;Residential;40-49;46;No;NA;O: No Injury;White;Female;Passenger Car;No;No;Dark - Roadway Not Lighted;Urban (>70% Developed);2 lanes;2;Straight - Level;Local Street;Dry;Two-Way, Not Divided;None;No Special Feature;Smooth Asphalt;Piedmont;Urban;NA;Stop Sign;Clear;No;0.0, 0.0
223;224;Yes;30-39;37;No;With Traffic;A: Disabling Injury;Travel Lane;White;Male;Asheboro;Randolph;No;01/01/2002;22/04/2008;Motorist Failed to Yield - Midblock;5;Non-Intersection;01/04/2001;01/01/2001 05:56;Motorist Drive Out - Commercial Driveway / Alley;311322;2008;A: Disabling Injury;Commercial;70+;NA;No;0-5 mph;O: No Injury;White;Male;Pickup;No;No;Dark - Lighted Roadway;Urban (>70% Developed);4 lanes;2;Straight - Level;US Route;Wet;Two-Way, Not Divided;None;No Special Feature;Smooth Asphalt;Piedmont;Urban;30 - 35  MPH;No Control Present;Rain;No;0.0, 0.0
227;228;Yes;50-59;52;No;With Traffic;C: Possible Injury;Travel Lane;Native American;Male;None - Rural Crash;Robeson;No;01/01/2005;11/04/2008;Motorist Overtaking Bicyclist;15;Non-Intersection;01/04/2001;01/01/2001 15:49;Motorist Overtaking - Bicyclist Swerved;311235;2008;C: Possible Injury;Farms, Woods, Pastures;20-24;24;No;41-45 mph;O: No Injury;Black;Male;Pickup;No;No;Daylight;Rural (<30% Developed);2 lanes;2;Straight - Level;State Secondary Route;Dry;Two-Way, Not Divided;None;No Special Feature;Smooth Asphalt;Coastal;Rural;40 - 45  MPH;No Control Present;Clear;No;0.0, 0.0
228;229;Yes;15-nov;13;No;NA;K: Killed;Travel Lane;Black;Female;Charlotte;Mecklenburg;No;01/01/2005;23/05/2008;Other /  - Insufficient Details;15;Intersection;01/05/2001;01/01/2001 15:33;Approach Paths;1190970;2008;K: Killed;Commercial;30-39;33;No;26-30 mph;O: No Injury;Black;Female;School Bus;No;No;Daylight;Urban (>70% Developed);4 lanes;2;Straight - Level;Local Street;Dry;Two-Way, Not Divided;None;No Special Feature;Smooth Asphalt;Piedmont;Urban;30 - 35  MPH;Stop And Go Signal;Clear;No;0.0, 0.0
233;234;Yes;50-59;53;Yes;With Traffic;A: Disabling Injury;Travel Lane;Black;Male;Charlotte;Mecklenburg;Yes;01/01/2006;31/05/2008;Bicyclist Failed to Yield - Sign-Controlled Intersection;19;Intersection;01/05/2001;01/01/2001 19:23;Bicyclist Ride Through - Sign-Controlled Intersection;111144;2008;A: Disabling Injury;Residential;25-29;26;No;41-45 mph;O: No Injury;Black;Female;Passenger Car;No;No;Daylight;Urban (>70% Developed);2 lanes;3;Straight - Bottom;Local Street;Dry;Two-Way, Not Divided;None;T-Intersection;Coarse Asphalt;Piedmont;Urban;30 - 35  MPH;Stop Sign;Clear;No;0.0, 0.0
242;243;Yes;25-29;29;No;With Traffic;C: Possible Injury;Sidewalk / Crosswalk / Driveway Crossing;White;Male;Wilmington;New Hanover;No;01/01/2004;17/04/2008;Motorist Failed to Yield - Signalized Intersection;13;Intersection;01/04/2001;01/01/2001 13:02;Motorist Drive Through - Signalized Intersection;131154;2008;C: Possible Injury;Commercial;25-29;26;No;41-45 mph;O: No Injury;Black;Male;Passenger Car;No;No;Daylight;Urban (>70% Developed);6 lanes;2;Straight - Level;Local Street;Dry;Two-Way, Divided, Unprotected Median;None;Four-Way Intersection;Smooth Asphalt;Coastal;Urban;40 - 45  MPH;Stop And Go Signal;Clear;No;0.0, 0.0
245;246;Yes;30-39;35;No;With Traffic;B: Evident Injury;Sidewalk / Crosswalk / Driveway Crossing;White;Male;Raleigh;Wake;No;01/01/2004;17/04/2008;Motorist Left Turn / Merge;18;Intersection;01/04/2001;01/01/2001 18:25;Motorist Left Turn - Opposite Direction;131212;2008;B: Evident Injury;Commercial;25-29;29;No;6-10 mph;O: No Injury;Other;Female;Van;No;No;Daylight;Urban (>70% Developed);8 lanes;2;Straight - Level;Local Street;Dry;Two-Way, Not Divided;None;Four-Way Intersection;Smooth Asphalt;Piedmont;Urban;30 - 35  MPH;Stop And Go Signal;Clear;No;0.0, 0.0
247;248;No;20-24;20;No;With Traffic;Injury;Bike Lane / Paved Shoulder;White;Male;Greensboro;Guilford;No;01/01/2004;17/04/2008;Motorist Right Turn / Merge;19;Non-Intersection;01/04/2001;01/01/2001 19:15;Motorist Right Turn - Same Direction;321213;2008;O: No Injury;Institutional;70+;NA;No;NA;O: No Injury;White;Male;Passenger Car;No;No;Daylight;Urban (>70% Developed);3 lanes;3;Straight - Level;Local Street;Dry;Two-Way, Not Divided;None;Shared-Use Paths Or Trails;Smooth Asphalt;Piedmont;Urban;20 - 25  MPH;No Control Present;Clear;No;0.0, 0.0
251;252;No;10-juin;7;No;With Traffic;O: No Injury;Travel Lane;Black;Female;Rocky Mount;Edgecombe;No;01/01/2006;26/04/2008;Bicyclist Failed to Yield - Sign-Controlled Intersection;16;Intersection;01/04/2001;01/01/2001 16:32;Bicyclist Ride Through - Sign-Controlled Intersection;111144;2008;O: No Injury;Residential;40-49;45;No;31-35 mph;O: No Injury;Black;Male;Light Truck (Mini-Van, Panel);No;No;Daylight;Urban (>70% Developed);4 lanes;2;Straight - Level;Local Street;Dry;Two-Way, Not Divided;None;No Special Feature;Smooth Asphalt;Coastal;Urban;30 - 35  MPH;Stop Sign;Clear;No;0.0, 0.0
252;253;No;20-24;22;No;With Traffic;C: Possible Injury;Travel Lane;White;Female;Raleigh;Wake;No;01/01/2007;27/04/2008;Motorist Failed to Yield - Signalized Intersection;20;Intersection;01/04/2001;01/01/2001 20:09;Motorist Drive Out - Right Turn on Red;111151;2008;C: Possible Injury;Commercial;30-39;36;No;6-10 mph;O: No Injury;White;Female;Passenger Car;No;No;Dusk;Urban (>70% Developed);4 lanes;2;Straight - Level;Local Street;Wet;Two-Way, Not Divided;None;No Special Feature;Concrete;Piedmont;Urban;20 - 25  MPH;Stop And Go Signal;Cloudy;No;0.0, 0.0
253;254;No;15-nov;14;No;With Traffic;O: No Injury;Sidewalk / Crosswalk / Driveway Crossing;Black;Male;Rocky Mount;Nash;No;01/01/2007;20/04/2008;Bicyclist Failed to Yield - Sign-Controlled Intersection;17;Intersection;01/04/2001;01/01/2001 17:03;Bicyclist Ride Through - Sign-Controlled Intersection;131144;2008;O: No Injury;Residential;40-49;46;No;31-35 mph;O: No Injury;Black;Female;Passenger Car;No;No;Daylight;Urban (>70% Developed);2 lanes;2;Straight - Level;Local Street;Dry;One-Way, Not Divided;None;T-Intersection;Coarse Asphalt;Coastal;Urban;30 - 35  MPH;Stop Sign;Cloudy;No;0.0, 0.0
270;271;Yes;16-19;17;No;NA;C: Possible Injury;NA;White;Male;Stanley;Gaston;No;01/01/2002;29/04/2008;Other /  - Insufficient Details;19;Location;01/04/2001;01/01/2001 19:26;Location;999980;2008;C: Possible Injury;Commercial;NA;NA;No;NA;Injury;/Missing;NA;NA;No;Yes;Daylight;Mixed (30% To 70% Developed);2 lanes;2;Straight - Level;Local Street;Dry;Two-Way, Divided, Unprotected Median;None;No Special Feature;Smooth Asphalt;Piedmont;Rural;40 - 45  MPH;No Control Present;Clear;No;0.0, 0.0
275;276;Yes;15-nov;12;No;Facing Traffic;B: Evident Injury;Sidewalk / Crosswalk / Driveway Crossing;White;Male;Hendersonville;Henderson;No;01/01/2007;27/04/2008;Motorist Failed to Yield - Signalized Intersection;14;Intersection;01/04/2001;01/01/2001 14:06;Motorist Drive Out - Right Turn on Red;132151;2008;B: Evident Injury;Commercial;40-49;48;No;0-5 mph;O: No Injury;White;Male;Passenger Car;No;No;Daylight;Urban (>70% Developed);2 lanes;2;Curve - Grade;Local Street;Wet;Two-Way, Divided, Unprotected Median;None;Four-Way Intersection;Smooth Asphalt;Mountains;Urban;30 - 35  MPH;Stop And Go Signal;Cloudy;No;0.0, 0.0
277;278;Yes;15-nov;12;No;Facing Traffic;C: Possible Injury;Travel Lane;Black;Female;Kannapolis;Rowan;No;01/01/2007;27/04/2008;Bicyclist Failed to Yield - Sign-Controlled Intersection;16;Intersection;01/04/2001;01/01/2001 16:35;Bicyclist Ride Through - Sign-Controlled Intersection;112144;2008;C: Possible Injury;Commercial;60-69;61;No;36-40 mph;O: No Injury;White;Male;Light Truck (Mini-Van, Panel);No;No;Daylight;Urban (>70% Developed);3 lanes;2;Straight - Level;US Route;Dry;Two-Way, Not Divided;None;T-Intersection;Smooth Asphalt;Piedmont;Urban;40 - 45  MPH;Stop Sign;Cloudy;No;0.0, 0.0
278;279;Yes;25-29;29;No;With Traffic;C: Possible Injury;Travel Lane;White;Male;Aberdeen;Moore;No;01/01/2007;27/04/2008;Motorist Failed to Yield - Sign-Controlled Intersection;13;Intersection;01/04/2001;01/01/2001 13:39;Motorist Drive Out - Sign-Controlled Intersection;111141;2008;C: Possible Injury;Residential;30-39;34;No;0-5 mph;C: Possible Injury;White;Male;Passenger Car;No;No;Daylight;Rural (<30% Developed);2 lanes;2;Straight - Level;Local Street;Wet;Two-Way, Not Divided;None;No Special Feature;Coarse Asphalt;Piedmont;Rural;30 - 35  MPH;Missing;Rain;No;0.0, 0.0
282;283;Yes;16-19;19;No;With Traffic;C: Possible Injury;Travel Lane;White;Male;Mooresville;Iredell;No;01/01/2002;29/04/2008;Bicyclist Left Turn / Merge;15;Intersection;01/04/2001;01/01/2001 15:57;Bicyclist Left Turn - Same Direction;111221;2008;C: Possible Injury;Residential;70+;NA;No;31-35 mph;O: No Injury;Black;Female;Passenger Car;No;No;Daylight;Urban (>70% Developed);4 lanes;2;Straight - Level;Local Street;Dry;Two-Way, Not Divided;None;Four-Way Intersection;Smooth Asphalt;Piedmont;Urban;30 - 35  MPH;Missing;Clear;No;0.0, 0.0