FID;OBJECTID;AmbulanceR;BikeAge_Gr;Bike_Age;Bike_Alc_D;Bike_Dir;Bike_Injur;Bike_Pos;Bike_Race;Bike_Sex;City;County;CrashAlcoh;CrashDay;Crash_Date;Crash_Grp;Crash_Hour;Crash_Loc;Crash_Mont;Crash_Time;Crash_Type;Crash_Ty_1;Crash_Year;Crsh_Sevri;Developmen;DrvrAge_Gr;Drvr_Age;Drvr_Alc_D;Drvr_EstSp;Drvr_Injur;Drvr_Race;Drvr_Sex;Drvr_VehTy;ExcsSpdInd;Hit_Run;Light_Cond;Locality;Num_Lanes;Num_Units;Rd_Charact;Rd_Class;Rd_Conditi;Rd_Config;Rd_Defects;Rd_Feature;Rd_Surface;Region;Rural_Urba;Speed_Limi;Traff_Cntr;Weather;Workzone_I;Location
284;285;Yes;30-39;31;No;Facing Traffic;C: Possible Injury;Sidewalk / Crosswalk / Driveway Crossing;White;Female;Wilmington;New Hanover;No;01/01/2003;30/04/2008;Parallel Paths - Other Circumstances;15;Non-Intersection;01/04/2001;01/01/2001 15:54;Bicyclist Ride Out - Parallel Path;332225;2008;C: Possible Injury;Commercial;25-29;25;No;16-20 mph;O: No Injury;Black;Male;Passenger Car;No;No;Daylight;Urban (>70% Developed);2 lanes;2;Straight - Level;Local Street;Dry;Two-Way, Not Divided;None;No Special Feature;Smooth Asphalt;Coastal;Urban;20 - 25  MPH;No Control Present;Clear;No;0.0, 0.0
287;288;Yes;16-19;18;No;With Traffic;B: Evident Injury;Sidewalk / Crosswalk / Driveway Crossing;White;Male;Fayetteville;Cumberland;No;01/01/2005;02/05/2008;Motorist Failed to Yield - Midblock;13;Non-Intersection;01/05/2001;01/01/2001 13:21;Motorist Drive Out - Commercial Driveway / Alley;331322;2008;B: Evident Injury;Commercial;20-24;20;No;0-5 mph;O: No Injury;Black;Male;Passenger Car;No;No;Daylight;Urban (>70% Developed);NA;2;Straight - Grade;Local Street;Dry;Two-Way, Not Divided;None;No Special Feature;Concrete;Coastal;Urban;NA;No Control Present;Cloudy;No;0.0, 0.0
289;290;Yes;15-nov;14;No;With Traffic;B: Evident Injury;Travel Lane;White;Male;None - Rural Crash;Carteret;No;01/01/2006;03/05/2008;Motorist Overtaking Bicyclist;16;Intersection;01/05/2001;01/01/2001 15:59;Motorist Overtaking - Misjudged Space;111232;2008;B: Evident Injury;Commercial;70+;NA;No;6-10 mph;O: No Injury;White;Female;Passenger Car;No;No;Daylight;Mixed (30% To 70% Developed);2 lanes;2;Straight - Level;NC Route;Dry;Two-Way, Not Divided;None;Four-Way Intersection;Coarse Asphalt;Coastal;Rural;30 - 35  MPH;Stop And Go Signal;Clear;No;0.0, 0.0
292;293;Yes;16-19;17;No;Facing Traffic;C: Possible Injury;Travel Lane;White;Female;Eden;Rockingham;No;01/01/2004;12/06/2008;Motorist Failed to Yield - Sign-Controlled Intersection;16;Intersection;01/06/2001;01/01/2001 16:14;Motorist Drive Out - Sign-Controlled Intersection;112141;2008;C: Possible Injury;Commercial;50-59;58;No;6-10 mph;O: No Injury;White;Female;Passenger Car;No;No;Daylight;Urban (>70% Developed);5 lanes;2;Straight - Level;Local Street;Dry;Two-Way, Not Divided;None;Four-Way Intersection;Smooth Asphalt;Piedmont;Urban;40 - 45  MPH;Stop Sign;Cloudy;No;0.0, 0.0
304;305;Yes;25-29;27;Yes;Not Applicable;B: Evident Injury;Non-Roadway;White;Male;Mount Holly;Gaston;Yes;01/01/2003;07/05/2008;Non-Roadway;21;Non-Roadway;01/05/2001;01/01/2001 21:23;Non-Roadway;460910;2008;B: Evident Injury;Residential;20-24;21;No;0-5 mph;O: No Injury;White;Male;Sport Utility;No;No;Dark - Roadway Not Lighted;Urban (>70% Developed);NA;2;Straight - Level;Local Street;Dry;Two-Way, Not Divided;None;No Special Feature;Smooth Asphalt;Piedmont;Urban;NA;No Control Present;Clear;No;0.0, 0.0
311;312;Yes;20-24;23;No;With Traffic;O: No Injury;Sidewalk / Crosswalk / Driveway Crossing;White;Female;Winston-Salem;Forsyth;No;01/01/2005;09/05/2008;Backing Vehicle;15;Non-Intersection;01/05/2001;01/01/2001 15:51;Backing Vehicle;331600;2008;C: Possible Injury;Residential;30-39;33;No;NA;C: Possible Injury;Black;Female;Pedestrian;No;No;Daylight;Urban (>70% Developed);2 lanes;2;Straight - Hillcrest;Local Street;Dry;Two-Way, Divided, Unprotected Median;None;Driveway, Private;Smooth Asphalt;Piedmont;Urban;NA;Missing;Clear;No;0.0, 0.0
319;320;Yes;40-49;46;No;With Traffic;B: Evident Injury;Travel Lane;White;Male;Raleigh;Wake;No;01/01/2004;01/05/2008;Motorist Failed to Yield - Sign-Controlled Intersection;7;Intersection;01/05/2001;01/01/2001 07:04;Motorist Drive Out - Sign-Controlled Intersection;111141;2008;B: Evident Injury;Residential;50-59;50;No;NA;O: No Injury;Other;Male;Passenger Car;No;No;Daylight;Urban (>70% Developed);5 lanes;2;Straight - Grade;Local Street;Dry;Two-Way, Not Divided;None;Four-Way Intersection;Smooth Asphalt;Piedmont;Urban;30 - 35  MPH;Stop Sign;Clear;No;0.0, 0.0
321;322;Yes;25-29;29;No;Facing Traffic;B: Evident Injury;Sidewalk / Crosswalk / Driveway Crossing;White;Female;Raleigh;Wake;No;01/01/2003;07/05/2008;Motorist Failed to Yield - Signalized Intersection;14;Intersection;01/05/2001;01/01/2001 14:47;Motorist Drive Out - Right Turn on Red;132151;2008;B: Evident Injury;Commercial;0-19;18;No;0-5 mph;O: No Injury;White;Female;Passenger Car;No;No;Daylight;Rural (<30% Developed);5 lanes;2;Straight - Level;Local Street;Dry;Two-Way, Not Divided;None;No Special Feature;Smooth Asphalt;Piedmont;Urban;40 - 45  MPH;Stop And Go Signal;Clear;No;0.0, 0.0
325;326;No;0-5;1;No;Facing Traffic;B: Evident Injury;Sidewalk / Crosswalk / Driveway Crossing;White;Female;Greensboro;Guilford;No;NA;12/05/2008;Crossing Paths - Other Circumstances;16;Intersection;01/05/2001;01/01/2001 16:31;Signalized Intersection - Other /;132158;2008;B: Evident Injury;Commercial;60-69;61;No;0-5 mph;O: No Injury;White;Male;Passenger Car;No;No;Daylight;Urban (>70% Developed);2 lanes;2;Straight - Level;Local Street;Dry;Two-Way, Not Divided;None;Four-Way Intersection;Smooth Asphalt;Piedmont;Urban;30 - 35  MPH;Stop And Go Signal;Cloudy;No;0.0, 0.0
334;335;Yes;NA;NA;Missing;With Traffic;Injury;Travel Lane;/Missing;NA;Wilmington;New Hanover;No;01/01/2004;15/05/2008;Motorist Overtaking Bicyclist;23;Non-Intersection;01/05/2001;01/01/2001 23:49;Motorist Overtaking - Misjudged Space;311232;2008;B: Evident Injury;Residential;NA;NA;Missing;NA;Injury;/Missing;NA;NA;No;Yes;Dark - Lighted Roadway;Urban (>70% Developed);4 lanes;3;Straight - Level;Local Street;Dry;Two-Way, Divided, Unprotected Median;None;No Special Feature;Coarse Asphalt;Coastal;Urban;NA;Missing;Cloudy;No;0.0, 0.0
340;341;Yes;15-nov;11;No;With Traffic;B: Evident Injury;Travel Lane;White;Male;Whiteville;Columbus;No;NA;19/05/2008;Bicyclist Failed to Yield - Sign-Controlled Intersection;15;Intersection;01/05/2001;01/01/2001 15:14;Bicyclist Ride Through - Sign-Controlled Intersection;111144;2008;B: Evident Injury;Residential;30-39;30;No;31-35 mph;O: No Injury;White;Female;Sport Utility;No;No;Daylight;Urban (>70% Developed);NA;2;Straight - Level;Local Street;Dry;Two-Way, Not Divided;None;Four-Way Intersection;Smooth Asphalt;Coastal;Urban;30 - 35  MPH;Stop Sign;Clear;No;0.0, 0.0
346;347;Yes;40-49;43;No;Facing Traffic;C: Possible Injury;Travel Lane;Black;Male;Raleigh;Wake;No;01/01/2007;13/01/2008;Bicyclist Overtaking Motorist;15;Intersection-Related;NA;01/01/2001 15:07;Bicyclist Overtaking - Other /;212249;2008;C: Possible Injury;Residential;50-59;51;No;NA;O: No Injury;White;Male;Van;No;No;Daylight;Urban (>70% Developed);2 lanes;2;Straight - Grade;Local Street;Dry;Two-Way, Not Divided;None;T-Intersection;Smooth Asphalt;Piedmont;Urban;30 - 35  MPH;Missing;Cloudy;No;0.0, 0.0
349;350;No;50-59;54;No;With Traffic;O: No Injury;Travel Lane;White;Male;Wesley Chapel;Union;No;01/01/2003;21/05/2008;Motorist Failed to Yield - Sign-Controlled Intersection;10;Intersection;01/05/2001;01/01/2001 10:24;Motorist Drive Out - Sign-Controlled Intersection;111141;2008;C: Possible Injury;Farms, Woods, Pastures;60-69;69;No;0-5 mph;C: Possible Injury;White;Male;Sport Utility;No;No;Daylight;Rural (<30% Developed);2 lanes;2;Straight - Level;State Secondary Route;Dry;Two-Way, Not Divided;None;Four-Way Intersection;Smooth Asphalt;Piedmont;Rural;40 - 45  MPH;Stop Sign;Clear;No;0.0, 0.0
356;357;No;40-49;41;No;With Traffic;C: Possible Injury;Travel Lane;White;Male;Cary;Wake;No;NA;23/06/2008;Motorist Right Turn / Merge;14;Non-Intersection;01/06/2001;01/01/2001 14:44;Motorist Right Turn - Same Direction;311213;2008;C: Possible Injury;Commercial;20-24;24;No;41-45 mph;O: No Injury;White;Female;Passenger Car;No;No;Daylight;Urban (>70% Developed);4 lanes;2;Straight - Level;State Secondary Route;Dry;Two-Way, Divided, Positive Median Barrier;None;No Special Feature;Coarse Asphalt;Piedmont;Urban;40 - 45  MPH;No Control Present;Clear;No;0.0, 0.0
358;359;No;50-59;54;No;With Traffic;B: Evident Injury;Travel Lane;White;Male;Charlotte;Mecklenburg;No;01/01/2002;24/06/2008;Motorist Right Turn / Merge;16;Non-Intersection;01/06/2001;01/01/2001 16:41;Motorist Right Turn - Same Direction;311213;2008;B: Evident Injury;Commercial;30-39;30;No;21-25 mph;O: No Injury;Other;Male;Passenger Car;No;No;Daylight;Urban (>70% Developed);4 lanes;2;Straight - Level;Local Street;Dry;Two-Way, Divided, Unprotected Median;None;Related To Intersection;Smooth Asphalt;Piedmont;Urban;30 - 35  MPH;No Control Present;Clear;No;0.0, 0.0
363;364;Yes;20-24;24;No;Not Applicable;C: Possible Injury;Non-Roadway;Black;Male;Wilmington;New Hanover;No;01/01/2007;01/06/2008;Non-Roadway;20;Non-Roadway;01/06/2001;01/01/2001 20:42;Non-Roadway;460910;2008;C: Possible Injury;Commercial;30-39;33;No;0-5 mph;O: No Injury;Black;Male;Passenger Car;No;No;Dark - Lighted Roadway;Urban (>70% Developed);2 lanes;2;Straight - Grade;Public Vehicular Area;Wet;Two-Way, Not Divided;None;No Special Feature;Coarse Asphalt;Coastal;Urban;5 - 15 MPH;No Control Present;Rain;No;0.0, 0.0
374;375;No;16-19;16;No;With Traffic;B: Evident Injury;Travel Lane;Black;Female;Rocky Mount;Edgecombe;No;01/01/2005;30/05/2008;Bicyclist Failed to Yield - Sign-Controlled Intersection;15;Intersection;01/05/2001;01/01/2001 15:17;Bicyclist Ride Through - Sign-Controlled Intersection;111144;2008;B: Evident Injury;Residential;30-39;36;No;31-35 mph;O: No Injury;Black;Male;Passenger Car;No;No;Daylight;Urban (>70% Developed);4 lanes;2;Straight - Level;Local Street;Dry;Two-Way, Divided, Unprotected Median;None;Four-Way Intersection;Smooth Asphalt;Coastal;Urban;30 - 35  MPH;Stop Sign;Clear;No;0.0, 0.0
378;379;Yes;20-24;24;No;Facing Traffic;C: Possible Injury;Sidewalk / Crosswalk / Driveway Crossing;White;Male;Raleigh;Wake;No;01/01/2005;30/05/2008;Motorist Failed to Yield - Sign-Controlled Intersection;15;Intersection;01/05/2001;01/01/2001 15:39;Motorist Drive Out - Sign-Controlled Intersection;132141;2008;C: Possible Injury;Residential;30-39;39;No;0-5 mph;O: No Injury;Black;Male;Sport Utility;No;No;Daylight;Urban (>70% Developed);2 lanes;2;Straight - Grade;Local Street;Dry;Two-Way, Divided, Unprotected Median;None;No Special Feature;Smooth Asphalt;Piedmont;Urban;30 - 35  MPH;Stop Sign;Clear;No;0.0, 0.0
385;386;Yes;50-59;50;No;With Traffic;B: Evident Injury;Travel Lane;White;Male;None - Rural Crash;Chatham;No;01/01/2007;29/06/2008;Motorist Left Turn / Merge;10;Non-Intersection;01/06/2001;01/01/2001 10:02;Motorist Left Turn - Opposite Direction;311212;2008;B: Evident Injury;Farms, Woods, Pastures;50-59;56;No;0-5 mph;O: No Injury;White;Male;Passenger Car;No;No;Daylight;Rural (<30% Developed);2 lanes;3;Straight - Level;State Secondary Route;Dry;Two-Way, Not Divided;None;No Special Feature;Coarse Asphalt;Piedmont;Rural;50 - 55  MPH;Double Yellow Line, No Passing Zone;Clear;No;0.0, 0.0
387;388;Yes;15-nov;12;No;With Traffic;B: Evident Injury;Travel Lane;White;Male;None - Rural Crash;Johnston;No;01/01/2006;07/06/2008;Bicyclist Left Turn / Merge;15;Non-Intersection;01/06/2001;01/01/2001 15:19;Bicyclist Left Turn - Same Direction;311221;2008;B: Evident Injury;Farms, Woods, Pastures;20-24;20;No;31-35 mph;O: No Injury;White;Female;Passenger Car;No;No;Daylight;Rural (<30% Developed);2 lanes;2;Straight - Level;State Secondary Route;Dry;Two-Way, Not Divided;None;No Special Feature;Smooth Asphalt;Coastal;Rural;50 - 55  MPH;No Control Present;Clear;No;0.0, 0.0
389;390;Yes;20-24;20;No;With Traffic;B: Evident Injury;Travel Lane;White;Male;Greensboro;Guilford;No;01/01/2004;12/06/2008;Motorist Overtaking Bicyclist;23;Intersection;01/06/2001;01/01/2001 23:10;Motorist Overtaking - Other /;111239;2008;B: Evident Injury;Commercial;NA;NA;Missing;NA;Injury;/Missing;NA;NA;No;Yes;Dark - Lighted Roadway;Urban (>70% Developed);4 lanes;2;Straight - Level;Local Street;Dry;Two-Way, Divided, Unprotected Median;NA;Four-Way Intersection;Smooth Asphalt;Piedmont;Urban;30 - 35  MPH;Stop And Go Signal;Clear;No;0.0, 0.0
390;391;No;16-19;19;No;Facing Traffic;B: Evident Injury;Sidewalk / Crosswalk / Driveway Crossing;White;Male;Chapel Hill;Orange;No;01/01/2004;12/06/2008;Crossing Paths - Other Circumstances;12;Intersection;01/06/2001;01/01/2001 12:50;Sign-Controlled Intersection - Other /;132148;2008;B: Evident Injury;Residential;NA;NA;Missing;0-5 mph;Injury;/Missing;NA;NA;No;Yes;Daylight;Urban (>70% Developed);2 lanes;2;Straight - Level;Local Street;Dry;Two-Way, Not Divided;None;No Special Feature;Smooth Asphalt;Piedmont;Urban;NA;Stop Sign;Clear;No;0.0, 0.0
393;394;No;16-19;17;No;Facing Traffic;B: Evident Injury;Travel Lane;White;Male;None - Rural Crash;Mcdowell;No;01/01/2002;01/07/2008;Loss of Control / Turning Error;11;Non-Intersection;01/07/2001;01/01/2001 10:59;Motorist Lost Control - Other /;312139;2008;B: Evident Injury;Farms, Woods, Pastures;NA;NA;Missing;31-35 mph;Injury;/Missing;NA;Sport Utility;No;Yes;Daylight;Rural (<30% Developed);2 lanes;2;Curve - Grade;State Secondary Route;Sand, Mud, Dirt, Gravel;Two-Way, Not Divided;None;No Special Feature;Gravel;Mountains;Rural;50 - 55  MPH;No Control Present;Clear;No;0.0, 0.0
395;396;Yes;15-nov;12;No;With Traffic;B: Evident Injury;Travel Lane;White;Female;None - Rural Crash;Johnston;No;NA;12/05/2008;Bicyclist Failed to Yield - Sign-Controlled Intersection;17;Intersection;01/05/2001;01/01/2001 17:36;Bicyclist Ride Through - Sign-Controlled Intersection;111144;2008;B: Evident Injury;Residential;40-49;44;No;16-20 mph;O: No Injury;White;Female;Passenger Car;No;No;Daylight;Mixed (30% To 70% Developed);2 lanes;2;Straight - Grade;Local Street;Dry;Two-Way, Not Divided;None;T-Intersection;Smooth Asphalt;Coastal;Rural;20 - 25  MPH;Stop Sign;Cloudy;No;0.0, 0.0
397;398;No;60-69;67;No;With Traffic;B: Evident Injury;Travel Lane;White;Male;None - Rural Crash;Wake;No;01/01/2004;26/06/2008;Motorist Left Turn / Merge;10;Intersection;01/06/2001;01/01/2001 10:07;Motorist Left Turn - Same Direction;111211;2008;B: Evident Injury;Residential;40-49;46;No;0-5 mph;O: No Injury;White;Male;Truck/Trailer;No;No;Daylight;Rural (<30% Developed);4 lanes;2;Straight - Level;NC Route;Dry;Two-Way, Divided, Unprotected Median;None;Four-Way Intersection;Coarse Asphalt;Piedmont;Rural;40 - 45  MPH;Stop And Go Signal;Clear;No;0.0, 0.0
400;401;Yes;60-69;60;No;NA;O: No Injury;NA;White;Male;Jacksonville;Onslow;No;01/01/2005;06/06/2008;Crossing Paths - Other Circumstances;17;Intersection;01/06/2001;01/01/2001 17:27;Signalized Intersection - Other /;199158;2008;C: Possible Injury;Commercial;40-49;44;No;NA;C: Possible Injury;Black;Male;Pedalcycle;No;No;Daylight;Urban (>70% Developed);7 lanes;2;Straight - Level;Local Street;Dry;Two-Way, Not Divided;None;No Special Feature;Smooth Asphalt;Coastal;Urban;NA;Stop And Go Signal;Clear;No;0.0, 0.0
406;407;Yes;40-49;47;No;Facing Traffic;O: No Injury;Sidewalk / Crosswalk / Driveway Crossing;Black;Female;Rocky Mount;Nash;No;01/01/2002;10/06/2008;Motorist Failed to Yield - Midblock;8;Non-Intersection;01/06/2001;01/01/2001 08:09;Motorist Drive Out - Commercial Driveway / Alley;332322;2008;O: No Injury;Commercial;30-39;35;No;0-5 mph;O: No Injury;White;Female;Light Truck (Mini-Van, Panel);No;No;Daylight;Urban (>70% Developed);NA;2;Straight - Level;Public Vehicular Area;Dry;One-Way, Not Divided;None;T-Intersection;Concrete;Coastal;Urban;20 - 25  MPH;No Control Present;Clear;No;0.0, 0.0
408;409;No;16-19;16;No;Not Applicable;B: Evident Injury;Driveway / Alley;Black;Male;None - Rural Crash;Vance;No;01/01/2003;11/06/2008;Bicyclist Failed to Yield - Midblock;19;Non-Intersection;01/06/2001;01/01/2001 19:42;Bicyclist Ride Out - Residential Driveway;353311;2008;B: Evident Injury;Residential;40-49;42;No;36-40 mph;O: No Injury;White;Female;Light Truck (Mini-Van, Panel);No;No;Daylight;Rural (<30% Developed);2 lanes;2;Straight - Level;State Secondary Route;Dry;Two-Way, Not Divided;None;No Special Feature;Smooth Asphalt;Piedmont;Rural;40 - 45  MPH;Double Yellow Line, No Passing Zone;Clear;No;0.0, 0.0
416;417;Yes;60-69;62;No;Facing Traffic;B: Evident Injury;Travel Lane;Black;Male;Salisbury;Rowan;No;01/01/2006;12/07/2008;Head-On;13;Non-Intersection;01/07/2001;01/01/2001 13:51;Head-On - Bicyclist;312250;2008;B: Evident Injury;Residential;30-39;38;No;21-25 mph;O: No Injury;Black;Female;Passenger Car;No;No;Daylight;Urban (>70% Developed);2 lanes;2;Straight - Level;Local Street;Dry;Two-Way, Not Divided;None;No Special Feature;Smooth Asphalt;Piedmont;Urban;20 - 25  MPH;No Control Present;Clear;No;0.0, 0.0
421;422;Yes;20-24;24;No;NA;B: Evident Injury;NA;Black;Male;Charlotte;Mecklenburg;No;01/01/2002;15/07/2008;Bicyclist Failed to Yield - Midblock;15;Non-Intersection;01/07/2001;01/01/2001 15:09;Bicyclist Ride Out - Midblock -;399319;2008;B: Evident Injury;Commercial;25-29;25;No;31-35 mph;O: No Injury;White;Male;Passenger Car;No;No;Daylight;Urban (>70% Developed);4 lanes;2;Straight - Hillcrest;Local Street;Dry;Two-Way, Not Divided;None;No Special Feature;Smooth Asphalt;Piedmont;Urban;30 - 35  MPH;No Control Present;Clear;No;0.0, 0.0
423;424;No;20-24;21;No;Facing Traffic;B: Evident Injury;Bike Lane / Paved Shoulder;White;Male;Kitty Hawk;Dare;No;01/01/2006;14/06/2008;Motorist Failed to Yield - Sign-Controlled Intersection;8;Intersection;01/06/2001;01/01/2001 08:21;Motorist Drive Out - Sign-Controlled Intersection;122141;2008;B: Evident Injury;Commercial;20-24;21;No;0-5 mph;O: No Injury;White;Male;Sport Utility;No;No;Daylight;Mixed (30% To 70% Developed);5 lanes;2;Straight - Level;Local Street;Dry;Two-Way, Not Divided;None;T-Intersection;Coarse Asphalt;Coastal;Rural;20 - 25  MPH;Stop Sign;Fog, Smog, Smoke;No;0.0, 0.0
431;432;Yes;30-39;30;Yes;With Traffic;B: Evident Injury;Travel Lane;White;Male;None - Rural Crash;Vance;Yes;01/01/2007;15/06/2008;Motorist Overtaking Bicyclist;14;Non-Intersection;01/06/2001;01/01/2001 14:43;Motorist Overtaking - Bicyclist Swerved;311235;2008;B: Evident Injury;Farms, Woods, Pastures;60-69;69;No;51-55 mph;O: No Injury;Black;Male;Passenger Car;No;No;Daylight;Rural (<30% Developed);2 lanes;2;Straight - Level;NC Route;Dry;Two-Way, Not Divided;None;No Special Feature;Smooth Asphalt;Piedmont;Rural;50 - 55  MPH;No Control Present;Clear;No;0.0, 0.0
434;435;Yes;16-19;19;No;With Traffic;C: Possible Injury;Sidewalk / Crosswalk / Driveway Crossing;Black;Male;Wilmington;New Hanover;No;NA;16/06/2008;Motorist Failed to Yield - Midblock;21;Non-Intersection;01/06/2001;01/01/2001 21:20;Motorist Drive Out - Commercial Driveway / Alley;331322;2008;C: Possible Injury;Commercial;NA;NA;Missing;6-10 mph;Injury;/Missing;NA;Passenger Car;No;Yes;Dark - Lighted Roadway;Urban (>70% Developed);4 lanes;2;Straight - Level;Local Street;Dry;Two-Way, Divided, Unprotected Median;None;No Special Feature;Smooth Asphalt;Coastal;Urban;40 - 45  MPH;No Control Present;Clear;No;0.0, 0.0
436;437;No;50-59;56;No;With Traffic;C: Possible Injury;Travel Lane;White;Male;Kannapolis;Cabarrus;No;01/01/2003;18/06/2008;Motorist Overtaking Bicyclist;5;Non-Intersection;01/06/2001;01/01/2001 05:04;Motorist Overtaking - Misjudged Space;311232;2008;C: Possible Injury;Commercial;70+;NA;No;41-45 mph;O: No Injury;White;Male;Sport Utility;No;No;Dark - Lighted Roadway;Urban (>70% Developed);4 lanes;2;Straight - Level;US Route;Dry;NA;None;No Special Feature;Smooth Asphalt;Piedmont;Urban;40 - 45  MPH;No Control Present;Clear;No;0.0, 0.0
444;445;No;40-49;47;No;Facing Traffic;O: No Injury;Sidewalk / Crosswalk / Driveway Crossing;Black;Male;Raleigh;Wake;No;NA;30/06/2008;Motorist Failed to Yield - Sign-Controlled Intersection;11;Intersection;01/06/2001;01/01/2001 11:17;Motorist Drive Out - Sign-Controlled Intersection;132141;2008;O: No Injury;Commercial;20-24;20;No;26-30 mph;O: No Injury;White;Female;Sport Utility;No;No;Daylight;Urban (>70% Developed);2 lanes;2;Straight - Level;Local Street;Dry;Two-Way, Not Divided;None;T-Intersection;Coarse Asphalt;Piedmont;Urban;30 - 35  MPH;Stop Sign;Clear;No;0.0, 0.0
448;449;Yes;20-24;23;No;Facing Traffic;B: Evident Injury;Sidewalk / Crosswalk / Driveway Crossing;Black;Female;Greensboro;Guilford;No;NA;12/05/2008;Motorist Failed to Yield - Sign-Controlled Intersection;13;Intersection;01/05/2001;01/01/2001 13:53;Motorist Drive Out - Sign-Controlled Intersection;132141;2008;B: Evident Injury;Institutional;40-49;47;No;0-5 mph;O: No Injury;Black;Female;Passenger Car;No;No;Daylight;Urban (>70% Developed);2 lanes;2;Straight - Level;Local Street;Dry;Two-Way, Not Divided;None;Four-Way Intersection;Smooth Asphalt;Piedmont;Urban;20 - 25  MPH;Stop Sign;Clear;No;0.0, 0.0
449;450;Yes;15-nov;15;No;With Traffic;C: Possible Injury;Travel Lane;Asian;Male;Greensboro;Guilford;No;01/01/2007;15/06/2008;Crossing Paths - Other Circumstances;16;Intersection;01/06/2001;01/01/2001 16:35;Sign-Controlled Intersection - Other /;111148;2008;C: Possible Injury;Residential;NA;NA;Missing;NA;Injury;/Missing;NA;Passenger Car;No;Yes;Daylight;Urban (>70% Developed);2 lanes;2;Straight - Level;Local Street;Dry;Two-Way, Divided, Unprotected Median;None;Four-Way Intersection;Smooth Asphalt;Piedmont;Urban;30 - 35  MPH;Stop Sign;Clear;No;0.0, 0.0
451;452;No;NA;NA;No;Facing Traffic;C: Possible Injury;Sidewalk / Crosswalk / Driveway Crossing;Black;Male;Chapel Hill;Orange;No;01/01/2006;21/06/2008;Motorist Failed to Yield - Sign-Controlled Intersection;13;Intersection;01/06/2001;01/01/2001 13:39;Motorist Drive Out - Sign-Controlled Intersection;132141;2008;C: Possible Injury;Commercial;50-59;51;No;NA;O: No Injury;White;Female;Passenger Car;No;No;Daylight;Urban (>70% Developed);2 lanes;2;Straight - Level;Local Street;Dry;Two-Way, Not Divided;None;No Special Feature;Smooth Asphalt;Piedmont;Urban;20 - 25  MPH;Stop Sign;Clear;No;0.0, 0.0
467;468;Yes;15-nov;13;No;With Traffic;B: Evident Injury;Travel Lane;Black;Male;Forest City;Rutherford;No;NA;30/06/2008;Motorist Failed to Yield - Sign-Controlled Intersection;14;Intersection;01/06/2001;01/01/2001 14:30;Motorist Drive Out - Sign-Controlled Intersection;111141;2008;B: Evident Injury;Residential;40-49;40;No;NA;O: No Injury;White;Female;Passenger Car;No;No;Daylight;Urban (>70% Developed);2 lanes;2;Straight - Grade;Local Street;Dry;Two-Way, Not Divided;None;No Special Feature;Smooth Asphalt;Mountains;Urban;30 - 35  MPH;Missing;Clear;No;0.0, 0.0
484;485;No;20-24;22;No;Facing Traffic;B: Evident Injury;Multi-use Path;White;Male;Fayetteville;Cumberland;No;01/01/2006;21/06/2008;Motorist Failed to Yield - Sign-Controlled Intersection;12;Intersection;01/06/2001;01/01/2001 12:49;Motorist Drive Out - Sign-Controlled Intersection;142141;2008;B: Evident Injury;Residential;25-29;26;No;0-5 mph;O: No Injury;Black;Male;Single Unit Truck (2-Axle, 6-Tire);No;No;Daylight;Urban (>70% Developed);2 lanes;2;Straight - Level;Local Street;Dry;Two-Way, Not Divided;None;No Special Feature;Smooth Asphalt;Coastal;Urban;20 - 25  MPH;Stop Sign;Cloudy;No;0.0, 0.0
490;491;Yes;10-juin;7;No;Facing Traffic;Injury;Sidewalk / Crosswalk / Driveway Crossing;Hispanic;Male;Charlotte;Mecklenburg;No;01/01/2006;02/08/2008;Crossing Paths - Other Circumstances;19;Intersection;01/08/2001;01/01/2001 19:10;Sign-Controlled Intersection - Other /;132148;2008;O: No Injury;Residential;50-59;54;No;26-30 mph;O: No Injury;Black;Male;Passenger Car;No;No;Dawn;Urban (>70% Developed);2 lanes;2;Straight - Level;Local Street;Dry;Two-Way, Not Divided;None;No Special Feature;Smooth Asphalt;Piedmont;Urban;30 - 35  MPH;No Control Present;Clear;No;0.0, 0.0
494;495;Yes;16-19;17;No;Not Applicable;C: Possible Injury;Non-Roadway;Black;Female;None - Rural Crash;Wayne;No;NA;07/07/2008;Non-Roadway;18;Non-Roadway;01/07/2001;01/01/2001 18:52;Non-Roadway;460910;2008;C: Possible Injury;Residential;30-39;33;No;6-10 mph;O: No Injury;Black;Male;Pickup;No;No;Daylight;Mixed (30% To 70% Developed);2 lanes;2;Straight - Level;Public Vehicular Area;Dry;Two-Way, Not Divided;None;Driveway, Public;Coarse Asphalt;Coastal;Rural;NA;No Control Present;Clear;No;0.0, 0.0
495;496;Yes;30-39;34;No;With Traffic;C: Possible Injury;Travel Lane;Black;Male;None - Rural Crash;Cumberland;No;01/01/2002;08/07/2008;Motorist Overtaking Bicyclist;23;Non-Intersection;01/07/2001;01/01/2001 23:04;Motorist Overtaking - Other /;311239;2008;C: Possible Injury;Commercial;NA;NA;Missing;31-35 mph;Injury;/Missing;NA;NA;No;Yes;Dark - Roadway Not Lighted;Mixed (30% To 70% Developed);5 lanes;2;Straight - Level;State Secondary Route;Wet;Two-Way, Not Divided;None;No Special Feature;Coarse Asphalt;Coastal;Rural;40 - 45  MPH;Missing;Cloudy;No;0.0, 0.0