FID;OBJECTID;AmbulanceR;BikeAge_Gr;Bike_Age;Bike_Alc_D;Bike_Dir;Bike_Injur;Bike_Pos;Bike_Race;Bike_Sex;City;County;CrashAlcoh;CrashDay;Crash_Date;Crash_Grp;Crash_Hour;Crash_Loc;Crash_Mont;Crash_Time;Crash_Type;Crash_Ty_1;Crash_Year;Crsh_Sevri;Developmen;DrvrAge_Gr;Drvr_Age;Drvr_Alc_D;Drvr_EstSp;Drvr_Injur;Drvr_Race;Drvr_Sex;Drvr_VehTy;ExcsSpdInd;Hit_Run;Light_Cond;Locality;Num_Lanes;Num_Units;Rd_Charact;Rd_Class;Rd_Conditi;Rd_Config;Rd_Defects;Rd_Feature;Rd_Surface;Region;Rural_Urba;Speed_Limi;Traff_Cntr;Weather;Workzone_I;Location
498;499;Yes;15-nov;15;No;With Traffic;C: Possible Injury;Travel Lane;White;Male;None - Rural Crash;Cumberland;No;01/01/2003;09/07/2008;Motorist Overtaking Bicyclist;22;Non-Intersection;01/07/2001;01/01/2001 22:48;Motorist Overtaking - Undetected Bicyclist;311231;2008;C: Possible Injury;Farms, Woods, Pastures;NA;NA;Missing;51-55 mph;Injury;/Missing;NA;NA;No;Yes;Dark - Roadway Not Lighted;Rural (<30% Developed);2 lanes;2;Straight - Level;State Secondary Route;Dry;Two-Way, Not Divided;None;T-Intersection;Coarse Asphalt;Coastal;Rural;50 - 55  MPH;Double Yellow Line, No Passing Zone;Clear;No;0.0, 0.0
461;462;No;50-59;51;No;With Traffic;C: Possible Injury;Travel Lane;White;Male;Morganton;Burke;No;01/01/2005;27/06/2008;Motorist Overtaking Bicyclist;7;Intersection;01/06/2001;01/01/2001 07:58;Motorist Overtaking - Misjudged Space;111232;2008;C: Possible Injury;Commercial;50-59;50;No;0-5 mph;O: No Injury;Black;Female;Passenger Car;No;No;Daylight;Urban (>70% Developed);5 lanes;2;Straight - Level;Local Street;Dry;Two-Way, Divided, Unprotected Median;None;No Special Feature;Smooth Asphalt;Mountains;Urban;30 - 35  MPH;Stop And Go Signal;Clear;No;0.0, 0.0
195;196;No;16-19;19;No;With Traffic;C: Possible Injury;Sidewalk / Crosswalk / Driveway Crossing;Black;Male;None - Rural Crash;Guilford;No;01/01/2005;29/04/2011;Motorist Failed to Yield - Midblock;9;Non-Intersection;01/04/2001;01/01/2001 09:11;Motorist Drive Out - Commercial Driveway / Alley;331322;2011;C: Possible Injury;Commercial;40-49;40;No;0-5 mph;O: No Injury;White;Male;Passenger Car;No;No;Daylight;Mixed (30% To 70% Developed);NA;2;Straight - Level;Public Vehicular Area;Dry;NA;None;Driveway, Private;Smooth Asphalt;Piedmont;Rural;NA;No Control Present;Clear;No;36.00956, -79.8052
200;201;No;40-49;48;No;Facing Traffic;B: Evident Injury;Sidewalk / Crosswalk / Driveway Crossing;Black;Male;Charlotte;Mecklenburg;No;01/01/2002;26/04/2011;Motorist Failed to Yield - Midblock;21;Non-Intersection;01/04/2001;01/01/2001 21:38;Motorist Drive Out - Commercial Driveway / Alley;332322;2011;B: Evident Injury;Commercial;60-69;60;No;NA;O: No Injury;Black;Male;Pickup;No;No;Dark - Lighted Roadway;Urban (>70% Developed);NA;2;Straight - Hillcrest;Public Vehicular Area;Dry;Two-Way, Not Divided;None;No Special Feature;Smooth Asphalt;Piedmont;Urban;40 - 45  MPH;No Control Present;Clear;No;35.27048, -80.8553
202;203;Yes;16-19;17;No;Not Applicable;C: Possible Injury;Non-Roadway;White;Female;Waynesville;Haywood;No;01/01/2004;07/04/2011;Crossing Paths - Other Circumstances;19;Intersection-Related;01/04/2001;01/01/2001 19:34;Crossing Paths - Uncontrolled Intersection;263160;2011;C: Possible Injury;Residential;40-49;43;No;11-15 mph;O: No Injury;Native American;Female;Pickup;No;No;Daylight;Urban (>70% Developed);2 lanes;2;Straight - Level;Local Street;Dry;Two-Way, Not Divided;None;No Special Feature;Smooth Asphalt;Mountains;Urban;20 - 25  MPH;No Control Present;Clear;No;35.47383, -82.986
208;209;Yes;0-5;3;No;NA;C: Possible Injury;Travel Lane;Black;Female;Raleigh;Wake;No;01/01/2004;14/04/2011;Bicyclist Failed to Yield - Midblock;12;Non-Intersection;01/04/2001;01/01/2001 12:41;Bicyclist Ride Out - Midblock -;319319;2011;C: Possible Injury;Residential;50-59;50;No;46-50 mph;O: No Injury;Black;Male;Motorcycle;No;No;Daylight;Urban (>70% Developed);2 lanes;2;Straight - Level;Local Street;Dry;Two-Way, Not Divided;None;No Special Feature;Smooth Asphalt;Piedmont;Urban;30 - 35  MPH;No Control Present;Clear;No;35.77393, -78.6272
210;211;Yes;15-nov;14;No;With Traffic;B: Evident Injury;Sidewalk / Crosswalk / Driveway Crossing;Black;Female;Raleigh;Wake;No;01/01/2002;03/05/2011;Loss of Control / Turning Error;19;Non-Intersection;01/05/2001;01/01/2001 19:10;Motorist Lost Control - Other /;331139;2011;B: Evident Injury;Residential;NA;NA;Missing;16-20 mph;Injury;/Missing;NA;NA;No;Yes;Daylight;Urban (>70% Developed);3 lanes;2;Straight - Level;Local Street;Dry;Two-Way, Divided, Unprotected Median;None;No Special Feature;Smooth Asphalt;Piedmont;Urban;30 - 35  MPH;No Control Present;Clear;No;35.77323, -78.6923
216;217;No;50-59;52;No;With Traffic;C: Possible Injury;Travel Lane;Other;Female;None - Rural Crash;Franklin;No;01/01/2002;03/05/2011;Motorist Overtaking Bicyclist;7;Non-Intersection;01/05/2001;01/01/2001 07:18;Motorist Overtaking - Misjudged Space;311232;2011;C: Possible Injury;Residential;50-59;57;No;41-45 mph;O: No Injury;White;Female;Passenger Car;No;No;Daylight;Rural (<30% Developed);2 lanes;2;Straight - Grade;State Secondary Route;Dry;Two-Way, Not Divided;None;No Special Feature;Smooth Asphalt;Piedmont;Rural;50 - 55  MPH;Double Yellow Line, No Passing Zone;Clear;No;36.08531, -78.5187
217;218;Yes;50-59;50;No;Facing Traffic;B: Evident Injury;Sidewalk / Crosswalk / Driveway Crossing;White;Female;Cary;Wake;No;NA;09/05/2011;Motorist Failed to Yield - Sign-Controlled Intersection;17;Intersection;01/05/2001;01/01/2001 17:45;Motorist Drive Out - Sign-Controlled Intersection;132141;2011;B: Evident Injury;Residential;25-29;26;No;0-5 mph;O: No Injury;Black;Male;Sport Utility;No;No;Daylight;Urban (>70% Developed);2 lanes;2;Straight - Level;Local Street;Dry;Two-Way, Divided, Unprotected Median;None;Four-Way Intersection;Smooth Asphalt;Piedmont;Urban;20 - 25  MPH;Stop Sign;Clear;No;35.79119, -78.8254
221;222;No;40-49;46;No;With Traffic;C: Possible Injury;Travel Lane;White;Male;None - Rural Crash;Sampson;No;01/01/2002;17/05/2011;Motorist Overtaking Bicyclist;21;Intersection;01/05/2001;01/01/2001 21:03;Motorist Overtaking - Other /;111239;2011;C: Possible Injury;Farms, Woods, Pastures;60-69;60;No;41-45 mph;O: No Injury;Black;Female;Passenger Car;No;No;Dusk;Rural (<30% Developed);2 lanes;2;Curve - Level;US Route;Wet;Two-Way, Not Divided;None;T-Intersection;Smooth Asphalt;Coastal;Rural;50 - 55  MPH;Double Yellow Line, No Passing Zone;Cloudy;No;34.82097, -78.3581
242;243;No;15-nov;13;No;Facing Traffic;C: Possible Injury;Sidewalk / Crosswalk / Driveway Crossing;Black;Male;Charlotte;Mecklenburg;No;01/01/2004;28/04/2011;Motorist Failed to Yield - Midblock;18;Non-Intersection;01/04/2001;01/01/2001 18:41;Motorist Drive Out - Commercial Driveway / Alley;332322;2011;C: Possible Injury;Residential;25-29;26;No;6-10 mph;O: No Injury;Hispanic;Male;Passenger Car;No;No;Daylight;Urban (>70% Developed);2 lanes;2;Straight - Level;Local Street;Dry;Two-Way, Not Divided;None;No Special Feature;Smooth Asphalt;Piedmont;Urban;20 - 25  MPH;No Control Present;Clear;No;35.24713, -80.8179
250;251;Yes;60-69;64;No;With Traffic;A: Disabling Injury;Travel Lane;White;Male;Matthews;Mecklenburg;No;NA;02/05/2011;Motorist Overtaking Bicyclist;16;Intersection-Related;01/05/2001;01/01/2001 16:10;Motorist Overtaking - Other /;211239;2011;A: Disabling Injury;Commercial;40-49;47;No;16-20 mph;O: No Injury;White;Female;Passenger Car;No;No;Daylight;Urban (>70% Developed);5 lanes;2;Straight - Level;NC Route;Dry;Two-Way, Divided, Positive Median Barrier;None;No Special Feature;Smooth Asphalt;Piedmont;Urban;40 - 45  MPH;No Control Present;Clear;No;35.11418, -80.7537
255;256;Yes;60-69;69;No;Facing Traffic;B: Evident Injury;Multi-use Path;White;Female;None - Rural Crash;Currituck;No;01/01/2006;28/05/2011;Bicyclist Failed to Yield - Sign-Controlled Intersection;10;Intersection;01/05/2001;01/01/2001 10:06;Bicyclist Ride Through - Sign-Controlled Intersection;142144;2011;B: Evident Injury;Residential;30-39;33;No;0-5 mph;O: No Injury;White;Female;Passenger Car;No;No;Daylight;Rural (<30% Developed);2 lanes;2;Straight - Level;NC Route;Dry;Two-Way, Not Divided;None;Four-Way Intersection;Coarse Asphalt;Coastal;Rural;30 - 35  MPH;Stop Sign;Clear;No;36.37855, -75.8302
261;262;Yes;40-49;44;No;Not Applicable;C: Possible Injury;Driveway / Alley;Black;Male;Fayetteville;Cumberland;No;01/01/2005;13/05/2011;Motorist Failed to Yield - Midblock;16;Non-Intersection;01/05/2001;01/01/2001 16:30;Motorist Drive Out - Commercial Driveway / Alley;353322;2011;C: Possible Injury;Residential;50-59;58;No;11-15 mph;O: No Injury;White;Male;Passenger Car;No;No;Daylight;Urban (>70% Developed);4 lanes;2;Straight - Grade;Local Street;Dry;Two-Way, Not Divided;None;No Special Feature;Coarse Asphalt;Coastal;Urban;40 - 45  MPH;No Control Present;Cloudy;No;35.08885, -78.9266
263;264;Yes;15-nov;13;No;With Traffic;C: Possible Injury;Travel Lane;Black;Female;None - Rural Crash;Lenoir;No;NA;30/05/2011;Motorist Overtaking Bicyclist;19;Non-Intersection;01/05/2001;01/01/2001 19:09;Motorist Overtaking - Other /;311239;2011;C: Possible Injury;Residential;NA;NA;No;0-5 mph;Injury;/Missing;NA;Passenger Car;No;Yes;Daylight;Rural (<30% Developed);2 lanes;2;Straight - Level;Local Street;Sand, Mud, Dirt, Gravel;Two-Way, Not Divided;Rut, Holes, Bumps;No Special Feature;Gravel;Coastal;Rural;5 - 15 MPH;No Control Present;Clear;No;35.32684, -77.6748
265;266;Yes;20-24;21;No;Facing Traffic;C: Possible Injury;Sidewalk / Crosswalk / Driveway Crossing;White;Female;Greensboro;Guilford;No;01/01/2004;19/05/2011;Motorist Failed to Yield - Midblock;14;Non-Intersection;01/05/2001;01/01/2001 14:42;Motorist Drive Out - Commercial Driveway / Alley;332322;2011;C: Possible Injury;Commercial;50-59;57;No;0-5 mph;O: No Injury;Black;Male;Pickup;No;No;Daylight;Urban (>70% Developed);2 lanes;2;Straight - Level;Public Vehicular Area;Dry;Two-Way, Not Divided;Other;Driveway, Public;Smooth Asphalt;Piedmont;Urban;NA;No Control Present;Clear;No;36.08835, -79.8882
272;273;Yes;20-24;21;No;Not Applicable;C: Possible Injury;NA;White;Male;Goldsboro;Wayne;No;01/01/2005;20/05/2011;Bicyclist Failed to Yield - Midblock;14;Non-Intersection;01/05/2001;01/01/2001 14:19;Bicyclist Ride Out - Other Midblock;393318;2011;C: Possible Injury;Commercial;40-49;43;No;21-25 mph;O: No Injury;White;Female;Sport Utility;No;No;Daylight;Urban (>70% Developed);6 lanes;2;Straight - Level;Local Street;Dry;Two-Way, Divided, Unprotected Median;None;Related To Intersection;Coarse Asphalt;Coastal;Urban;30 - 35  MPH;Other;Clear;No;35.37068, -77.9537
279;280;Yes;10-juin;8;No;Facing Traffic;B: Evident Injury;Travel Lane;Black;Male;Monroe;Union;No;01/01/2007;15/05/2011;Head-On;19;Non-Intersection;01/05/2001;01/01/2001 19:33;Head-On - Bicyclist;312250;2011;B: Evident Injury;Residential;25-29;26;No;31-35 mph;O: No Injury;Hispanic;Male;Passenger Car;No;No;Daylight;Urban (>70% Developed);2 lanes;2;Straight - Grade;Local Street;Dry;Two-Way, Not Divided;None;No Special Feature;Smooth Asphalt;Piedmont;Urban;30 - 35  MPH;No Control Present;Clear;No;34.99067, -80.5014
281;282;No;40-49;40;No;With Traffic;C: Possible Injury;Travel Lane;White;Male;Salisbury;Rowan;No;NA;06/06/2011;Motorist Right Turn / Merge;15;Intersection;01/06/2001;01/01/2001 15:43;Motorist Right Turn - Same Direction;111213;2011;C: Possible Injury;Commercial;50-59;50;No;0-5 mph;O: No Injury;Black;Female;Sport Utility;No;Yes;Daylight;Urban (>70% Developed);2 lanes;2;Straight - Level;Local Street;Dry;Two-Way, Not Divided;None;No Special Feature;Smooth Asphalt;Piedmont;Urban;30 - 35  MPH;Stop And Go Signal;Clear;No;35.65725, -80.4877
282;283;No;16-19;17;No;With Traffic;B: Evident Injury;Travel Lane;White;Male;None - Rural Crash;Robeson;No;NA;06/06/2011;Bicyclist Left Turn / Merge;18;Non-Intersection;01/06/2001;01/01/2001 18:27;Bicyclist Left Turn - Same Direction;311221;2011;B: Evident Injury;Farms, Woods, Pastures;25-29;25;No;51-55 mph;O: No Injury;Native American;Male;Pickup;No;No;Daylight;Rural (<30% Developed);2 lanes;2;Straight - Level;State Secondary Route;Dry;Two-Way, Not Divided;None;No Special Feature;Smooth Asphalt;Coastal;Rural;50 - 55  MPH;Double Yellow Line, No Passing Zone;Clear;No;34.625, -79.1275
284;285;No;25-29;28;No;Not Applicable;C: Possible Injury;Sidewalk / Crosswalk / Driveway Crossing;Hispanic;Male;Charlotte;Mecklenburg;No;01/01/2003;18/05/2011;Crossing Paths - Other Circumstances;14;Intersection;01/05/2001;01/01/2001 14:41;Crossing Paths - Intersection - Other /;133180;2011;C: Possible Injury;Residential;40-49;40;No;26-30 mph;O: No Injury;Black;Female;Passenger Car;No;No;Daylight;Urban (>70% Developed);4 lanes;2;Straight - Grade;Local Street;Dry;Two-Way, Not Divided;None;No Special Feature;Smooth Asphalt;Piedmont;Urban;30 - 35  MPH;No Control Present;Clear;No;35.23371, -80.8427
287;288;Yes;16-19;19;No;With Traffic;C: Possible Injury;Travel Lane;White;Male;Asheville;Buncombe;No;NA;09/05/2011;Bicyclist Failed to Yield - Signalized Intersection;19;Intersection;01/05/2001;01/01/2001 19:25;Bicyclist Ride Through - Signalized Intersection;111155;2011;C: Possible Injury;Commercial;70+;NA;No;6-10 mph;O: No Injury;White;Male;Passenger Car;No;No;Daylight;Urban (>70% Developed);2 lanes;2;Straight - Grade;US Route;Dry;Two-Way, Not Divided;None;Four-Way Intersection;Smooth Asphalt;Mountains;Urban;20 - 25  MPH;Stop And Go Signal;Clear;No;35.59555, -82.5518
292;293;No;30-39;30;No;With Traffic;C: Possible Injury;Travel Lane;White;Male;None - Rural Crash;Cabarrus;No;01/01/2006;11/06/2011;Bicyclist Left Turn / Merge;20;Intersection;01/06/2001;01/01/2001 20:14;Bicyclist Left Turn - Same Direction;111221;2011;C: Possible Injury;Residential;70+;NA;No;51-55 mph;O: No Injury;White;Female;Passenger Car;No;No;Daylight;Mixed (30% To 70% Developed);2 lanes;2;Straight - Grade;State Secondary Route;Dry;Two-Way, Not Divided;None;T-Intersection;Smooth Asphalt;Piedmont;Rural;50 - 55  MPH;No Control Present;Clear;No;35.44625, -80.5475
300;301;Yes;25-29;29;No;With Traffic;B: Evident Injury;Sidewalk / Crosswalk / Driveway Crossing;Other;Male;Charlotte;Mecklenburg;No;01/01/2004;26/05/2011;Motorist Left Turn / Merge;19;Intersection;01/05/2001;01/01/2001 19:24;Motorist Left Turn - Opposite Direction;131212;2011;B: Evident Injury;Residential;30-39;30;No;11-15 mph;O: No Injury;White;Female;Passenger Car;No;No;Daylight;Urban (>70% Developed);4 lanes;2;Straight - Level;Local Street;Dry;Two-Way, Not Divided;None;No Special Feature;Smooth Asphalt;Piedmont;Urban;40 - 45  MPH;No Control Present;Clear;No;35.16269, -80.9006
310;311;No;15-nov;12;No;NA;C: Possible Injury;Travel Lane;Black;Male;Durham;Durham;No;01/01/2003;15/06/2011;Bicyclist Failed to Yield - Sign-Controlled Intersection;20;Intersection;01/06/2001;01/01/2001 20:19;Bicyclist Ride Out - Sign-Controlled Intersection;119142;2011;C: Possible Injury;Residential;40-49;48;No;26-30 mph;O: No Injury;Hispanic;Female;Passenger Car;No;No;Daylight;Urban (>70% Developed);2 lanes;2;Curve - Level;Local Street;Dry;Two-Way, Not Divided;None;No Special Feature;Smooth Asphalt;Piedmont;Urban;30 - 35  MPH;Stop Sign;Clear;No;36.00156, -78.8668
317;318;No;10-juin;8;No;Facing Traffic;C: Possible Injury;Travel Lane;/Missing;Male;None - Rural Crash;Craven;No;NA;13/06/2011;Bicyclist Right Turn / Merge;18;Non-Intersection;01/06/2001;01/01/2001 18:37;Bicyclist Right Turn - Same Direction;312223;2011;C: Possible Injury;Residential;20-24;20;No;31-35 mph;O: No Injury;White;Male;Passenger Car;No;No;Daylight;Urban (>70% Developed);2 lanes;2;Straight - Level;State Secondary Route;Dry;Two-Way, Not Divided;None;No Special Feature;Coarse Asphalt;Coastal;Rural;30 - 35  MPH;No Control Present;Clear;No;35.08897, -76.9493
319;320;Yes;40-49;41;Yes;Facing Traffic;O: No Injury;Travel Lane;Black;Male;None - Rural Crash;Lee;Yes;01/01/2005;17/06/2011;Head-On;22;Non-Intersection;01/06/2001;01/01/2001 22:09;Head-On - Bicyclist;312250;2011;O: No Injury;Farms, Woods, Pastures;30-39;35;No;46-50 mph;O: No Injury;Black;Male;Passenger Car;No;No;Dark - Roadway Not Lighted;Rural (<30% Developed);2 lanes;2;Straight - Level;State Secondary Route;Dry;Two-Way, Not Divided;None;No Special Feature;Smooth Asphalt;Piedmont;Rural;50 - 55  MPH;Double Yellow Line, No Passing Zone;Clear;No;35.45516, -79.2879
322;323;No;40-49;43;No;With Traffic;C: Possible Injury;Travel Lane;White;Male;Wilmington;New Hanover;No;NA;30/05/2011;Motorist Failed to Yield - Sign-Controlled Intersection;15;Intersection;01/05/2001;01/01/2001 15:18;Motorist Drive Through - Sign-Controlled Intersection;111143;2011;C: Possible Injury;Residential;NA;NA;Missing;21-25 mph;Injury;/Missing;NA;NA;No;Yes;Daylight;Urban (>70% Developed);2 lanes;2;Straight - Level;Local Street;Dry;Two-Way, Not Divided;None;Four-Way Intersection;Coarse Asphalt;Coastal;Urban;20 - 25  MPH;Stop Sign;Clear;No;34.22606, -77.9368
325;326;No;20-24;21;No;Not Applicable;O: No Injury;Sidewalk / Crosswalk / Driveway Crossing;Black;Male;Raleigh;Wake;No;01/01/2004;16/06/2011;Non-Roadway;16;Non-Roadway;01/06/2001;01/01/2001 16:10;Non-Roadway;430910;2011;O: No Injury;Commercial;NA;NA;Missing;0-5 mph;Injury;/Missing;NA;NA;No;Yes;Daylight;Urban (>70% Developed);2 lanes;2;Straight - Level;Local Street;Dry;Two-Way, Not Divided;None;No Special Feature;Smooth Asphalt;Piedmont;Urban;30 - 35  MPH;No Control Present;Clear;No;35.77413, -78.6375
503;504;Yes;15-nov;15;Yes;With Traffic;B: Evident Injury;Travel Lane;Black;Male;Charlotte;Mecklenburg;Yes;NA;01/08/2011;Motorist Right Turn / Merge;20;Intersection;01/08/2001;01/01/2001 20:29;Motorist Right Turn - Same Direction;111213;2011;B: Evident Injury;Residential;20-24;20;No;0-5 mph;O: No Injury;Black;Male;Sport Utility;No;No;Dawn;Rural (<30% Developed);2 lanes;2;Straight - Level;Local Street;Dry;Two-Way, Not Divided;None;No Special Feature;Smooth Asphalt;Piedmont;Urban;30 - 35  MPH;Stop Sign;Clear;No;35.23726, -80.7989
509;510;Yes;40-49;43;Yes;With Traffic;K: Killed;Travel Lane;Black;Male;Gibsonville;Alamance;Yes;01/01/2007;31/07/2011;Motorist Overtaking Bicyclist;20;Intersection-Related;01/07/2001;01/01/2001 20:57;Motorist Overtaking - Other /;211239;2011;K: Killed;Residential;25-29;28;No;31-35 mph;O: No Injury;White;Male;NA;No;Yes;Dark - Lighted Roadway;Urban (>70% Developed);2 lanes;2;Curve - Level;Local Street;Dry;Two-Way, Not Divided;None;T-Intersection;Smooth Asphalt;Piedmont;Urban;30 - 35  MPH;Stop Sign;Cloudy;No;36.10033, -79.5336
514;515;No;15-nov;13;No;Facing Traffic;Injury;Travel Lane;White;Male;Grimesland;Pitt;No;01/01/2002;09/08/2011;Motorist Failed to Yield - Sign-Controlled Intersection;11;Intersection;01/08/2001;01/01/2001 11:56;Motorist Drive Out - Sign-Controlled Intersection;112141;2011;O: No Injury;Residential;30-39;33;No;0-5 mph;O: No Injury;Black;Female;Passenger Car;No;No;Daylight;Rural (<30% Developed);2 lanes;2;Straight - Level;Local Street;Dry;Two-Way, Not Divided;None;T-Intersection;Concrete;Coastal;Rural;30 - 35  MPH;Warning Sign;Clear;No;35.56508, -77.1955
522;523;No;16-19;17;No;Facing Traffic;B: Evident Injury;Multi-use Path;White;Male;Duck;Dare;No;01/01/2007;31/07/2011;Motorist Failed to Yield - Midblock;10;Non-Intersection;01/07/2001;01/01/2001 10:22;Motorist Drive Out - Commercial Driveway / Alley;342322;2011;B: Evident Injury;Commercial;30-39;37;No;NA;O: No Injury;White;Female;Sport Utility;No;No;Daylight;Urban (>70% Developed);2 lanes;2;Straight - Grade;NC Route;Dry;Two-Way, Divided, Unprotected Median;None;Driveway, Public;Coarse Asphalt;Coastal;Rural;NA;No Control Present;Clear;No;36.16579, -75.7533
524;525;No;50-59;51;No;Facing Traffic;B: Evident Injury;Sidewalk / Crosswalk / Driveway Crossing;White;Female;Jacksonville;Onslow;No;01/01/2007;31/07/2011;Motorist Failed to Yield - Midblock;11;Non-Intersection;01/07/2001;01/01/2001 11:50;Motorist Drive Out - Commercial Driveway / Alley;332322;2011;B: Evident Injury;Commercial;NA;NA;Missing;0-5 mph;Injury;/Missing;NA;NA;No;Yes;Daylight;Urban (>70% Developed);1 lane;2;Straight - Level;Public Vehicular Area;Dry;Two-Way, Not Divided;None;Driveway, Public;Smooth Asphalt;Coastal;Urban;NA;No Control Present;Clear;No;34.76026, -77.4158
530;531;Yes;15-nov;13;No;NA;C: Possible Injury;Travel Lane;Black;Female;Durham;Durham;No;01/01/2003;17/08/2011;Head-On;2;Non-Intersection;01/08/2001;01/01/2001 02:39;Head-On -;319259;2011;C: Possible Injury;Residential;NA;NA;Missing;21-25 mph;Injury;/Missing;NA;Passenger Car;No;Yes;Dark - Roadway Not Lighted;Mixed (30% To 70% Developed);2 lanes;2;Curve - Grade;Private Road, Driveway;Dry;Two-Way, Not Divided;None;No Special Feature;Coarse Asphalt;Piedmont;Urban;20 - 25  MPH;No Control Present;Clear;No;35.98433, -78.9049
537;538;No;16-19;17;No;With Traffic;C: Possible Injury;Sidewalk / Crosswalk / Driveway Crossing;Black;Male;Carrboro;Orange;No;01/01/2006;13/08/2011;Motorist Failed to Yield - Midblock;13;Non-Intersection;01/08/2001;01/01/2001 13:16;Motorist Drive Out - Commercial Driveway / Alley;331322;2011;C: Possible Injury;Commercial;NA;NA;No;0-5 mph;Injury;/Missing;NA;NA;No;Yes;Daylight;Urban (>70% Developed);4 lanes;2;Straight - Level;NC Route;Wet;Two-Way, Divided, Unprotected Median;None;No Special Feature;Smooth Asphalt;Piedmont;Urban;30 - 35  MPH;Double Yellow Line, No Passing Zone;Cloudy;No;35.94748, -79.0587
551;552;Yes;15-nov;11;No;With Traffic;C: Possible Injury;Sidewalk / Crosswalk / Driveway Crossing;Black;Female;Greensboro;Guilford;No;01/01/2003;17/08/2011;Loss of Control / Turning Error;20;Intersection;01/08/2001;01/01/2001 20:02;Bicyclist Lost Control - Mechanical Problems;131121;2011;C: Possible Injury;Residential;70+;NA;No;NA;O: No Injury;Black;Male;Pickup;No;No;Daylight;Urban (>70% Developed);2 lanes;2;Straight - Hillcrest;Local Street;Dry;Two-Way, Divided, Unprotected Median;None;No Special Feature;Coarse Asphalt;Piedmont;Urban;30 - 35  MPH;Stop Sign;Clear;No;36.0732, -79.7408
557;558;Yes;40-49;40;No;With Traffic;B: Evident Injury;Bike Lane / Paved Shoulder;White;Male;None - Rural Crash;Craven;No;NA;29/08/2011;Motorist Overtaking Bicyclist;1;Non-Intersection;01/08/2001;01/01/2001 01:21;Motorist Overtaking - Other /;321239;2011;B: Evident Injury;Farms, Woods, Pastures;NA;NA;Missing;21-25 mph;Injury;/Missing;NA;Passenger Car;No;Yes;Dark - Roadway Not Lighted;Rural (<30% Developed);4 lanes;2;Straight - Level;US Route;Dry;Two-Way, Divided, Positive Median Barrier;None;Bridge;Concrete;Coastal;Rural;50 - 55  MPH;No Control Present;Clear;No;35.09915, -77.0179
561;562;Yes;30-39;32;No;With Traffic;C: Possible Injury;Travel Lane;Asian;Male;Durham;Durham;No;NA;29/08/2011;Bicyclist Left Turn / Merge;18;Intersection;01/08/2001;01/01/2001 18:27;Bicyclist Left Turn - Same Direction;111221;2011;C: Possible Injury;Commercial;40-49;47;No;21-25 mph;O: No Injury;Native American;Female;Passenger Car;No;No;Daylight;Urban (>70% Developed);2 lanes;2;Straight - Level;Local Street;Wet;Two-Way, Not Divided;None;T-Intersection;Coarse Asphalt;Piedmont;Urban;30 - 35  MPH;No Control Present;Cloudy;No;35.91515, -78.8888
564;565;No;15-nov;14;No;With Traffic;C: Possible Injury;Travel Lane;Black;Male;Hamlet;Richmond;No;01/01/2002;16/08/2011;Bicyclist Failed to Yield - Sign-Controlled Intersection;16;Intersection;01/08/2001;01/01/2001 16:27;Bicyclist Ride Through - Sign-Controlled Intersection;111144;2011;C: Possible Injury;Commercial;0-19;19;No;31-35 mph;O: No Injury;Black;Male;Sport Utility;No;No;Daylight;Mixed (30% To 70% Developed);2 lanes;2;Straight - Hillcrest;Local Street;Dry;Two-Way, Not Divided;None;No Special Feature;Coarse Asphalt;Piedmont;Urban;30 - 35  MPH;Stop Sign;Clear;No;34.88593, -79.6985
565;566;Yes;15-nov;15;No;Facing Traffic;C: Possible Injury;Multi-use Path;White;Female;Duck;Dare;No;01/01/2007;21/08/2011;Motorist Failed to Yield - Sign-Controlled Intersection;12;Intersection;01/08/2001;01/01/2001 12:29;Motorist Drive Out - Sign-Controlled Intersection;142141;2011;C: Possible Injury;Commercial;0-19;18;No;0-5 mph;O: No Injury;White;Male;Passenger Car;No;No;Daylight;Urban (>70% Developed);3 lanes;2;Straight - Level;NC Route;Dry;Two-Way, Divided, Unprotected Median;None;T-Intersection;Coarse Asphalt;Coastal;Rural;20 - 25  MPH;Stop Sign;Clear;No;36.16388, -75.7528
575;576;Yes;16-19;18;No;Facing Traffic;B: Evident Injury;Travel Lane;White;Male;None - Rural Crash;Brunswick;No;NA;22/08/2011;Head-On;15;Non-Intersection;01/08/2001;01/01/2001 15:24;Head-On - Bicyclist;312250;2011;B: Evident Injury;Farms, Woods, Pastures;25-29;29;No;41-45 mph;O: No Injury;White;Female;Sport Utility;No;No;Daylight;Rural (<30% Developed);2 lanes;2;Straight - Level;State Secondary Route;Wet;Two-Way, Not Divided;None;No Special Feature;Coarse Asphalt;Coastal;Rural;40 - 45  MPH;No Control Present;Rain;No;33.94205, -78.3512
579;580;Yes;60-69;61;No;With Traffic;B: Evident Injury;Travel Lane;White;Male;Fayetteville;Cumberland;No;01/01/2004;01/09/2011;Motorist Overtaking Bicyclist;7;Intersection-Related;01/09/2001;01/01/2001 07:22;Motorist Overtaking - Undetected Bicyclist;211231;2011;B: Evident Injury;Residential;30-39;31;No;21-25 mph;O: No Injury;Asian;Female;Passenger Car;No;No;Daylight;Urban (>70% Developed);2 lanes;2;Straight - Level;Local Street;Dry;Two-Way, Not Divided;None;No Special Feature;Smooth Asphalt;Coastal;Urban;20 - 25  MPH;No Control Present;Clear;No;35.04541, -78.9602