FID;OBJECTID;AmbulanceR;BikeAge_Gr;Bike_Age;Bike_Alc_D;Bike_Dir;Bike_Injur;Bike_Pos;Bike_Race;Bike_Sex;City;County;CrashAlcoh;CrashDay;Crash_Date;Crash_Grp;Crash_Hour;Crash_Loc;Crash_Mont;Crash_Time;Crash_Type;Crash_Ty_1;Crash_Year;Crsh_Sevri;Developmen;DrvrAge_Gr;Drvr_Age;Drvr_Alc_D;Drvr_EstSp;Drvr_Injur;Drvr_Race;Drvr_Sex;Drvr_VehTy;ExcsSpdInd;Hit_Run;Light_Cond;Locality;Num_Lanes;Num_Units;Rd_Charact;Rd_Class;Rd_Conditi;Rd_Config;Rd_Defects;Rd_Feature;Rd_Surface;Region;Rural_Urba;Speed_Limi;Traff_Cntr;Weather;Workzone_I;Location
891;892;Yes;30-39;35;No;With Traffic;C: Possible Injury;Travel Lane;White;Male;Huntersville;Mecklenburg;No;NA;26/12/2011;Motorist Left Turn / Merge;8;Intersection;01/12/2001;01/01/2001 08:02;Motorist Left Turn - Opposite Direction;111212;2011;C: Possible Injury;Residential;25-29;25;No;21-25 mph;O: No Injury;White;Male;Passenger Car;No;No;Daylight;Urban (>70% Developed);2 lanes;2;Straight - Level;Local Street;Dry;Two-Way, Not Divided;None;No Special Feature;Smooth Asphalt;Piedmont;Urban;20 - 25  MPH;Stop Sign;Clear;No;35.41019, -80.8687
894;895;Yes;20-24;23;No;With Traffic;B: Evident Injury;Travel Lane;White;Male;Benson;Johnston;No;01/01/2007;23/10/2011;Motorist Overtaking Bicyclist;21;Intersection-Related;01/10/2001;01/01/2001 21:21;Motorist Overtaking - Undetected Bicyclist;211231;2011;B: Evident Injury;Residential;50-59;58;No;41-45 mph;O: No Injury;White;Male;Pickup;No;No;Dark - Roadway Not Lighted;Mixed (30% To 70% Developed);2 lanes;2;Straight - Level;NC Route;Dry;Two-Way, Not Divided;None;No Special Feature;Coarse Asphalt;Coastal;Rural;40 - 45  MPH;No Control Present;Clear;No;35.38766, -78.5636
898;899;No;40-49;40;No;With Traffic;O: No Injury;Travel Lane;Black;Male;None - Rural Crash;Halifax;No;01/01/2006;14/05/2011;Motorist Overtaking Bicyclist;13;Intersection;01/05/2001;01/01/2001 12:59;Motorist Overtaking - Other /;111239;2011;O: No Injury;Residential;20-24;23;No;NA;O: No Injury;Black;Female;Passenger Car;No;No;Daylight;Urban (>70% Developed);2 lanes;2;Straight - Level;Local Street;NA;Two-Way, Not Divided;NA;No Special Feature;Coarse Asphalt;Coastal;Rural;30 - 35  MPH;Stop Sign;Other;No;36.17545, -77.6672
899;900;No;20-24;20;No;With Traffic;C: Possible Injury;Travel Lane;White;Male;Greensboro;Guilford;No;01/01/2004;17/02/2011;Motorist Right Turn / Merge;12;Intersection;01/02/2001;01/01/2001 12:21;Motorist Right Turn - Same Direction;111213;2011;C: Possible Injury;Institutional;20-24;21;No;0-5 mph;O: No Injury;White;Male;Passenger Car;No;No;Daylight;Rural (<30% Developed);NA;2;NA;NA;Dry;NA;None;No Special Feature;NA;Piedmont;Urban;20 - 25  MPH;No Control Present;Clear;No;36.06858, -79.815
3;4;Yes;30-39;30;No;With Traffic;B: Evident Injury;Travel Lane;White;Female;Midway;Davidson;No;01/01/2005;06/01/2012;Motorist Overtaking Bicyclist;15;Non-Intersection;NA;01/01/2001 15:26;Motorist Overtaking - Misjudged Space;NA;2012;B: Evident Injury;Commercial;70;70;No;31-35 mph;O: No Injury;Black;Female;Passenger Car;No;No;Daylight;Mixed (30% To 70% Developed);2 lanes;2;Curve - Level;State Secondary Route;Dry;Two-Way, Not Divided;None;T-Intersection;Smooth Asphalt;Piedmont;Rural;50 - 55  MPH;Double Yellow Line, No Passing Zone;Clear;No;35.96236, -80.2204
12;13;No;50-59;52;Yes;With Traffic;O: No Injury;Travel Lane;Black;Male;Wilson;Wilson;Yes;01/01/2004;12/01/2012;Bicyclist Failed to Yield - Sign-Controlled Intersection;18;Intersection;NA;01/01/2001 18:15;Bicyclist Ride Through - Sign-Controlled Intersection;NA;2012;O: No Injury;Residential;25-29;25;No;21-25 mph;O: No Injury;Black;Female;Police;No;No;Dark - Lighted Roadway;Urban (>70% Developed);2 lanes;2;Straight - Level;Local Street;Dry;Two-Way, Not Divided;None;T-Intersection;Smooth Asphalt;Coastal;Urban;30 - 35  MPH;Stop Sign;Clear;No;35.73369, -77.9126
13;14;Yes;20-24;23;No;With Traffic;B: Evident Injury;Travel Lane;White;Male;Durham;Durham;No;01/01/2004;19/01/2012;Bicyclist Left Turn / Merge;8;Intersection;NA;01/01/2001 08:28;Bicyclist Left Turn - Opposite Direction;NA;2012;B: Evident Injury;Commercial;30-39;30;No;21-25 mph;O: No Injury;Black;Male;Sport Utility;No;No;Daylight;Urban (>70% Developed);2 lanes;3;Straight - Level;Local Street;Dry;Two-Way, Not Divided;None;Four-Way Intersection;Smooth Asphalt;Piedmont;Urban;30 - 35  MPH;Stop And Go Signal;Clear;No;36.00811, -78.9293
15;16;No;NA;0;No;With Traffic;Injury;Travel Lane;/Missing;NA;Harrisburg;Cabarrus;No;01/01/2005;06/01/2012;Motorist Overtaking Bicyclist;18;Intersection;NA;01/01/2001 18:50;Motorist Overtaking - Other /;NA;2012;Injury;Residential;NA;NA;Missing;31-35 mph;Injury;/Missing;NA;NA;No;Yes;Dark - Lighted Roadway;Urban (>70% Developed);3 lanes;2;Straight - Level;Local Street;Dry;Two-Way, Not Divided;None;No Special Feature;Smooth Asphalt;Piedmont;Urban;30 - 35  MPH;Stop Sign;Clear;No;35.33246, -80.6451
21;22;No;40-49;48;Yes;With Traffic;B: Evident Injury;Sidewalk / Crosswalk / Driveway Crossing;Black;Male;Charlotte;Mecklenburg;Yes;01/01/2004;26/01/2012;Motorist Left Turn / Merge;18;Intersection;NA;01/01/2001 18:11;Motorist Left Turn - Opposite Direction;NA;2012;B: Evident Injury;Commercial;40-49;41;No;0-5 mph;O: No Injury;Black;Female;Passenger Car;No;No;Dark - Lighted Roadway;Urban (>70% Developed);3 lanes;2;Straight - Level;Local Street;Dry;Two-Way, Not Divided;None;No Special Feature;Smooth Asphalt;Piedmont;Urban;30 - 35  MPH;Stop And Go Signal;Clear;No;35.26122, -80.8368
24;25;Yes;30-39;33;No;With Traffic;C: Possible Injury;Travel Lane;White;Male;Morrisville;Wake;No;01/01/2003;01/02/2012;Motorist Failed to Yield - Sign-Controlled Intersection;12;Intersection;01/02/2001;01/01/2001 12:43;Motorist Drive Out - Sign-Controlled Intersection;NA;2012;C: Possible Injury;Residential;25-29;26;No;16-20 mph;O: No Injury;Other;Female;Passenger Car;No;No;Daylight;Urban (>70% Developed);4 lanes;2;Straight - Level;Local Street;Dry;One-Way, Not Divided;None;Four-Way Intersection;Smooth Asphalt;Piedmont;Urban;30 - 35  MPH;Stop Sign;Clear;No;35.83258, -78.8388
28;29;Yes;30-39;37;No;With Traffic;B: Evident Injury;Travel Lane;White;Male;Charlotte;Mecklenburg;No;01/01/2006;28/01/2012;Motorist Left Turn / Merge;0;Intersection;NA;01/01/2001 00:40;Motorist Left Turn - Opposite Direction;NA;2012;B: Evident Injury;Residential;30-39;31;No;21-25 mph;O: No Injury;White;Male;Passenger Car;No;No;Dark - Lighted Roadway;Urban (>70% Developed);2 lanes;2;Curve - Level;Local Street;Dry;Two-Way, Not Divided;None;T-Intersection;Smooth Asphalt;Piedmont;Urban;20 - 25  MPH;No Control Present;Clear;No;35.21559, -80.815
29;30;No;25-29;28;No;With Traffic;O: No Injury;Travel Lane;Other;Male;Wrightsville Beach;New Hanover;No;01/01/2002;07/02/2012;Bicyclist Overtaking Motorist;20;Non-Intersection;01/02/2001;01/01/2001 20:04;Bicyclist Overtaking - Parked Vehicle;NA;2012;O: No Injury;Residential;25-29;26;Missing;0-5 mph;O: No Injury;White;Male;Police;No;No;Dark - Lighted Roadway;Urban (>70% Developed);5 lanes;2;Straight - Level;US Route;Dry;Two-Way, Not Divided;None;No Special Feature;Smooth Asphalt;Coastal;Rural;30 - 35  MPH;Double Yellow Line, No Passing Zone;Clear;No;34.21307, -77.8045
32;33;Yes;50-59;50;Yes;Facing Traffic;B: Evident Injury;Travel Lane;White;Male;None - Rural Crash;Brunswick;Yes;01/01/2003;08/02/2012;Bicyclist Right Turn / Merge;18;Non-Intersection;01/02/2001;01/01/2001 18:55;Bicyclist Right Turn - Same Direction;NA;2012;B: Evident Injury;Farms, Woods, Pastures;30-39;32;No;51-55 mph;O: No Injury;Hispanic;Male;Pickup;No;No;Dark - Roadway Not Lighted;Rural (<30% Developed);2 lanes;2;Straight - Level;State Secondary Route;Dry;Two-Way, Not Divided;None;No Special Feature;Coarse Asphalt;Coastal;Rural;50 - 55  MPH;No Control Present;Clear;No;34.261, -78.0552
33;34;Yes;20-24;20;No;Facing Traffic;B: Evident Injury;Travel Lane;Black;Male;None - Rural Crash;Onslow;No;01/01/2004;09/02/2012;Head-On;19;Non-Intersection;01/02/2001;01/01/2001 19:53;Head-On - Bicyclist;NA;2012;B: Evident Injury;Commercial;30-39;33;No;46-50 mph;O: No Injury;White;Female;Sport Utility;No;No;Dark - Roadway Not Lighted;Mixed (30% To 70% Developed);5 lanes;2;Straight - Level;US Route;Dry;Two-Way, Not Divided;None;No Special Feature;Coarse Asphalt;Coastal;Rural;50 - 55  MPH;No Control Present;Clear;No;34.77117, -77.4905
39;40;Yes;20-24;22;No;With Traffic;C: Possible Injury;Travel Lane;Black;Male;Charlotte;Mecklenburg;No;01/01/2002;14/02/2012;Motorist Failed to Yield - Sign-Controlled Intersection;18;Intersection;01/02/2001;01/01/2001 18:54;Motorist Drive Through - Sign-Controlled Intersection;NA;2012;C: Possible Injury;Commercial;60-69;60;No;0-5 mph;O: No Injury;Black;Female;Passenger Car;No;No;Dark - Roadway Not Lighted;Urban (>70% Developed);2 lanes;2;Straight - Level;Local Street;Dry;Two-Way, Not Divided;NA;T-Intersection;Smooth Asphalt;Piedmont;Urban;20 - 25  MPH;Stop Sign;Clear;No;35.27529, -80.8547
47;48;Yes;40-49;49;No;Facing Traffic;B: Evident Injury;Sidewalk / Crosswalk / Driveway Crossing;Black;Male;Gastonia;Gaston;No;01/01/2005;03/02/2012;Motorist Failed to Yield - Signalized Intersection;9;Intersection;01/02/2001;01/01/2001 09:08;Motorist Drive Out - Right Turn on Red;NA;2012;B: Evident Injury;Commercial;25-29;26;No;0-5 mph;O: No Injury;Black;Female;Pickup;No;No;Daylight;Urban (>70% Developed);3 lanes;2;Straight - Level;Local Street;Dry;Two-Way, Not Divided;None;Four-Way Intersection;Coarse Asphalt;Piedmont;Urban;30 - 35  MPH;Stop And Go Signal;Clear;No;35.2607, -81.207
49;50;Yes;20-24;23;No;With Traffic;B: Evident Injury;Travel Lane;Black;Male;Whiteville;Columbus;No;01/01/2002;07/02/2012;Motorist Overtaking Bicyclist;18;Intersection-Related;01/02/2001;01/01/2001 18:30;Motorist Overtaking - Other /;NA;2012;B: Evident Injury;Commercial;70;70;No;26-30 mph;O: No Injury;White;Male;Pickup;No;No;Dark -  Lighting;Urban (>70% Developed);5 lanes;2;Straight - Level;Local Street;Dry;Two-Way, Not Divided;None;No Special Feature;Smooth Asphalt;Coastal;Urban;40 - 45  MPH;No Control Present;Clear;No;34.33162, -78.7079
20;21;Yes;50-59;52;No;With Traffic;C: Possible Injury;Travel Lane;Black;Male;Washington;Beaufort;No;01/01/2006;15/01/2011;Motorist Overtaking Bicyclist;18;Non-Intersection;NA;01/01/2001 18:07;Motorist Overtaking - Misjudged Space;311232;2011;C: Possible Injury;Residential;70+;NA;No;41-45 mph;O: No Injury;White;Female;Sport Utility;No;No;Dark - Lighted Roadway;Mixed (30% To 70% Developed);4 lanes;2;Straight - Level;Local Street;Dry;Two-Way, Not Divided;None;No Special Feature;Smooth Asphalt;Coastal;Urban;40 - 45  MPH;No Control Present;Clear;No;35.55909, -77.0433
23;24;Yes;15-nov;15;No;With Traffic;B: Evident Injury;Sidewalk / Crosswalk / Driveway Crossing;White;Male;Matthews;Mecklenburg;No;01/01/2007;30/01/2011;Bicyclist Failed to Yield - Signalized Intersection;19;Intersection;NA;01/01/2001 19:57;Bicyclist Ride Out - Signalized  Intersection;131153;2011;B: Evident Injury;Residential;50-59;54;No;31-35 mph;O: No Injury;White;Male;Pickup;No;No;Dark - Lighted Roadway;Urban (>70% Developed);3 lanes;2;Straight - Level;Local Street;Dry;Two-Way, Not Divided;None;No Special Feature;Smooth Asphalt;Piedmont;Urban;30 - 35  MPH;Stop And Go Signal;Clear;No;35.10814, -80.7292
25;26;Yes;16-19;18;No;Facing Traffic;C: Possible Injury;Sidewalk / Crosswalk / Driveway Crossing;White;Male;Charlotte;Mecklenburg;No;01/01/2003;02/02/2011;Motorist Failed to Yield - Midblock;9;Non-Intersection;01/02/2001;01/01/2001 09:23;Motorist Drive Out - Commercial Driveway / Alley;332322;2011;C: Possible Injury;Commercial;40-49;47;No;0-5 mph;O: No Injury;Hispanic;Male;Sport Utility;No;No;Daylight;Urban (>70% Developed);NA;2;Straight - Level;Public Vehicular Area;Wet;Two-Way, Not Divided;None;Driveway, Public;Concrete;Piedmont;Urban;20 - 25  MPH;No Control Present;Clear;No;35.20294, -80.7388
39;40;Yes;40-49;48;No;With Traffic;K: Killed;Travel Lane;Black;Male;Raleigh;Wake;No;01/01/2004;20/01/2011;Bicyclist Failed to Yield - Sign-Controlled Intersection;12;Intersection;NA;01/01/2001 12:58;Bicyclist Ride Through - Sign-Controlled Intersection;111144;2011;K: Killed;Commercial;50-59;57;No;11-15 mph;O: No Injury;Black;Female;School Bus;No;No;Daylight;Mixed (30% To 70% Developed);4 lanes;2;Straight - Grade;Local Street;Dry;Two-Way, Divided, Unprotected Median;None;Driveway, Public;Smooth Asphalt;Piedmont;Urban;40 - 45  MPH;Stop And Go Signal;Clear;No;35.77443, -78.6215
41;42;Yes;50-59;53;No;With Traffic;B: Evident Injury;Travel Lane;White;Male;None - Rural Crash;Nash;No;01/01/2006;19/02/2011;Motorist Overtaking Bicyclist;10;Non-Intersection;01/02/2001;01/01/2001 10:56;Motorist Overtaking - Other /;311239;2011;B: Evident Injury;Farms, Woods, Pastures;50-59;55;No;51-55 mph;O: No Injury;White;Male;Pickup;No;No;Daylight;Rural (<30% Developed);2 lanes;2;Straight - Grade;NC Route;Dry;Two-Way, Not Divided;None;No Special Feature;Coarse Asphalt;Coastal;Rural;50 - 55  MPH;Double Yellow Line, No Passing Zone;Clear;No;35.86028, -78.1347
126;127;No;60-69;61;No;Facing Traffic;C: Possible Injury;Travel Lane;White;Male;Concord;Cabarrus;No;01/01/2004;31/03/2011;Motorist Failed to Yield - Sign-Controlled Intersection;16;Intersection;01/03/2001;01/01/2001 16:12;Motorist Drive Out - Sign-Controlled Intersection;112141;2011;C: Possible Injury;Commercial;60-69;64;No;0-5 mph;O: No Injury;White;Male;Passenger Car;No;No;Daylight;Urban (>70% Developed);2 lanes;2;Straight - Level;Local Street;Dry;Two-Way, Not Divided;None;No Special Feature;Smooth Asphalt;Piedmont;Urban;30 - 35  MPH;Stop Sign;Cloudy;No;35.43642, -80.6044
127;128;No;16-19;19;No;Facing Traffic;O: No Injury;Sidewalk / Crosswalk / Driveway Crossing;White;Male;Boone;Watauga;No;01/01/2004;31/03/2011;Motorist Failed to Yield - Sign-Controlled Intersection;20;Intersection;01/03/2001;01/01/2001 20:25;Motorist Drive Out - Sign-Controlled Intersection;132141;2011;O: No Injury;Commercial;20-24;21;No;6-10 mph;O: No Injury;White;Female;Sport Utility;No;No;Dark - Roadway Not Lighted;Mixed (30% To 70% Developed);3 lanes;2;Straight - Level;Local Street;Wet;Two-Way, Not Divided;None;T-Intersection;Smooth Asphalt;Mountains;Urban;20 - 25  MPH;Stop Sign;Rain;No;36.20252, -81.6643
133;134;No;15-nov;11;No;With Traffic;O: No Injury;Sidewalk / Crosswalk / Driveway Crossing;Black;Male;Cary;Wake;No;NA;04/04/2011;Bicyclist Failed to Yield - Signalized Intersection;6;Intersection;01/04/2001;01/01/2001 06:29;Bicyclist Ride Out - Signalized  Intersection;131153;2011;O: No Injury;Residential;NA;NA;No;16-20 mph;Injury;/Missing;NA;Passenger Car;No;Yes;Dawn;Urban (>70% Developed);4 lanes;2;Straight - Level;State Secondary Route;Dry;Two-Way, Not Divided;None;Four-Way Intersection;Smooth Asphalt;Piedmont;Urban;30 - 35  MPH;Stop And Go Signal;Clear;No;35.79426, -78.7989
142;143;No;0-5;4;No;Not Applicable;C: Possible Injury;Driveway / Alley;Black;Male;Salisbury;Rowan;No;01/01/2007;17/04/2011;Bicyclist Failed to Yield - Midblock;15;Non-Intersection;01/04/2001;01/01/2001 15:07;Bicyclist Ride Out - Residential Driveway;353311;2011;C: Possible Injury;Residential;30-39;39;No;26-30 mph;O: No Injury;White;Female;Passenger Car;No;No;Daylight;Urban (>70% Developed);2 lanes;2;Straight - Level;Local Street;Dry;Two-Way, Not Divided;None;No Special Feature;Smooth Asphalt;Piedmont;Urban;30 - 35  MPH;No Control Present;Clear;No;35.65965, -80.4925
150;151;Yes;15-nov;12;No;With Traffic;C: Possible Injury;Travel Lane;White;Female;None - Rural Crash;Onslow;No;01/01/2003;20/04/2011;Bicyclist Failed to Yield - Sign-Controlled Intersection;17;Intersection;01/04/2001;01/01/2001 17:24;Bicyclist Ride Out - Sign-Controlled Intersection;111142;2011;C: Possible Injury;Residential;30-39;32;No;31-35 mph;O: No Injury;White;Female;Passenger Car;No;No;Daylight;Urban (>70% Developed);2 lanes;2;Straight - Level;State Secondary Route;Dry;Two-Way, Not Divided;None;T-Intersection;Smooth Asphalt;Coastal;Rural;40 - 45  MPH;Stop Sign;Clear;No;34.74453, -77.4823
155;156;Yes;15-nov;15;No;With Traffic;C: Possible Injury;Travel Lane;White;Male;None - Rural Crash;Pasquotank;No;01/01/2005;22/04/2011;Bicyclist Left Turn / Merge;15;Non-Intersection;01/04/2001;01/01/2001 15:09;Bicyclist Left Turn - Same Direction;311221;2011;C: Possible Injury;Residential;30-39;32;No;6-10 mph;O: No Injury;Black;Female;Van;No;No;Daylight;Mixed (30% To 70% Developed);2 lanes;2;Straight - Level;State Secondary Route;Dry;Two-Way, Not Divided;None;No Special Feature;Coarse Asphalt;Coastal;Rural;20 - 25  MPH;No Control Present;Clear;No;36.33663, -76.2712
162;163;Yes;40-49;49;No;Facing Traffic;C: Possible Injury;Travel Lane;Black;Male;Dunn;Harnett;No;01/01/2006;16/04/2011;Head-On;20;Intersection;01/04/2001;01/01/2001 20:29;Head-On - Bicyclist;112250;2011;C: Possible Injury;Commercial;20-24;21;No;0-5 mph;O: No Injury;White;Female;Sport Utility;No;No;Dark - Roadway Not Lighted;Urban (>70% Developed);2 lanes;2;Straight - Level;State Secondary Route;Wet;Two-Way, Not Divided;None;Four-Way Intersection;Smooth Asphalt;Coastal;Urban;30 - 35  MPH;Stop Sign;Clear;No;35.3045, -78.6062
164;165;Yes;40-49;48;No;With Traffic;B: Evident Injury;Travel Lane;White;Male;Charlotte;Mecklenburg;No;01/01/2002;12/04/2011;Motorist Left Turn / Merge;19;Intersection;01/04/2001;01/01/2001 19:15;Motorist Left Turn - Opposite Direction;111212;2011;B: Evident Injury;Residential;25-29;26;No;41-45 mph;O: No Injury;Black;Male;Passenger Car;No;No;Daylight;Urban (>70% Developed);2 lanes;2;Straight - Bottom;Local Street;Dry;Two-Way, Not Divided;None;T-Intersection;Smooth Asphalt;Piedmont;Urban;40 - 45  MPH;No Control Present;Clear;No;35.15227, -80.9598
165;166;Yes;60-69;61;No;With Traffic;C: Possible Injury;Travel Lane;Black;Male;Knightdale;Wake;No;01/01/2003;27/04/2011;Motorist Failed to Yield - Signalized Intersection;20;Intersection;01/04/2001;01/01/2001 20:44;Motorist Drive Out - Right Turn on Red;111151;2011;C: Possible Injury;Commercial;40-49;43;No;0-5 mph;O: No Injury;Black;Male;Passenger Car;No;No;Dark - Roadway Not Lighted;Mixed (30% To 70% Developed);6 lanes;2;Curve - Hillcrest;Local Street;Dry;Two-Way, Divided, Unprotected Median;None;On or Off Ramp;Coarse Asphalt;Piedmont;Urban;40 - 45  MPH;Stop And Go Signal;Clear;No;35.79506, -78.5173
178;179;Yes;16-19;16;No;Not Applicable;O: No Injury;Non-Roadway;White;Male;None - Rural Crash;Brunswick;No;01/01/2003;20/04/2011;Non-Roadway;18;Non-Roadway;01/04/2001;01/01/2001 18:29;Non-Roadway;460910;2011;O: No Injury;Commercial;60-69;66;No;0-5 mph;O: No Injury;White;Male;Van;No;No;Daylight;Urban (>70% Developed);NA;3;Straight - Level;Public Vehicular Area;Dry;NA;None;No Special Feature;Coarse Asphalt;Coastal;Rural;NA;No Control Present;Clear;No;33.98111, -78.3721
207;208;Yes;60-69;61;No;With Traffic;C: Possible Injury;Travel Lane;Black;Male;Murfreesboro;Hertford;No;01/01/2003;20/04/2011;Bicyclist Left Turn / Merge;14;Intersection-Related;01/04/2001;01/01/2001 14:26;Bicyclist Left Turn - Same Direction;211221;2011;C: Possible Injury;Commercial;70+;NA;No;16-20 mph;O: No Injury;Black;Female;Passenger Car;No;No;Daylight;Urban (>70% Developed);3 lanes;2;Straight - Level;US Route;Dry;Two-Way, Not Divided;None;Driveway, Public;Coarse Asphalt;Coastal;Rural;30 - 35  MPH;Double Yellow Line, No Passing Zone;Clear;No;36.44167, -77.1191
209;210;Yes;40-49;48;No;Facing Traffic;C: Possible Injury;Travel Lane;Black;Male;Raleigh;Wake;No;01/01/2002;03/05/2011;Loss of Control / Turning Error;17;Intersection-Related;01/05/2001;01/01/2001 17:52;Bicyclist Turning Error - Left Turn;212114;2011;C: Possible Injury;Residential;60-69;63;No;31-35 mph;O: No Injury;Black;Female;Passenger Car;No;No;Daylight;Urban (>70% Developed);3 lanes;2;Straight - Level;Local Street;Dry;One-Way, Not Divided;None;No Special Feature;Smooth Asphalt;Piedmont;Urban;30 - 35  MPH;Stop And Go Signal;Clear;No;35.7809, -78.6297
212;213;Yes;16-19;18;No;With Traffic;B: Evident Injury;Travel Lane;White;Female;Raleigh;Wake;No;01/01/2007;01/05/2011;Motorist Failed to Yield - Sign-Controlled Intersection;23;Intersection;01/05/2001;01/01/2001 23:42;Motorist Drive Out - Sign-Controlled Intersection;111141;2011;B: Evident Injury;Commercial;40-49;44;No;11-15 mph;O: No Injury;Black;Male;Passenger Car;No;No;Dark - Lighted Roadway;Urban (>70% Developed);2 lanes;2;Curve - Level;Local Street;Dry;Two-Way, Divided, Unprotected Median;None;Traffic Circle/Roundabout;Smooth Asphalt;Piedmont;Urban;30 - 35  MPH;Yield Sign;Clear;No;35.78315, -78.6653
215;216;No;25-29;26;No;With Traffic;O: No Injury;Travel Lane;White;Male;Durham;Durham;No;01/01/2002;10/05/2011;Motorist Left Turn / Merge;17;Non-Intersection;01/05/2001;01/01/2001 17:15;Motorist Left Turn - Opposite Direction;311212;2011;O: No Injury;Commercial;60-69;65;No;26-30 mph;O: No Injury;White;Male;Passenger Car;No;No;Daylight;Urban (>70% Developed);2 lanes;2;Straight - Level;Local Street;Dry;Two-Way, Not Divided;None;No Special Feature;Smooth Asphalt;Piedmont;Urban;30 - 35  MPH;No Control Present;Clear;No;35.99478, -78.9028
222;223;No;20-24;23;No;Facing Traffic;O: No Injury;Sidewalk / Crosswalk / Driveway Crossing;White;Male;Charlotte;Mecklenburg;No;NA;09/05/2011;Motorist Failed to Yield - Midblock;19;Non-Intersection;01/05/2001;01/01/2001 19:32;Motorist Drive Out - Commercial Driveway / Alley;332322;2011;O: No Injury;Commercial;NA;NA;Missing;0-5 mph;Injury;/Missing;NA;Taxicab;No;Yes;Daylight;Urban (>70% Developed);NA;2;Straight - Level;Private Road, Driveway;Dry;One-Way, Not Divided;None;Driveway, Private;Concrete;Piedmont;Urban;5 - 15 MPH;No Control Present;Clear;No;35.22565, -80.8453
240;241;No;15-nov;12;No;With Traffic;O: No Injury;Travel Lane;Black;Male;None - Rural Crash;Halifax;No;01/01/2003;18/05/2011;Motorist Overtaking Bicyclist;19;Non-Intersection;01/05/2001;01/01/2001 19:44;Motorist Overtaking - Bicyclist Swerved;311235;2011;O: No Injury;Farms, Woods, Pastures;60-69;64;No;46-50 mph;O: No Injury;Black;Male;Passenger Car;No;No;Daylight;Rural (<30% Developed);2 lanes;2;Straight - Level;State Secondary Route;Dry;Two-Way, Not Divided;None;No Special Feature;Coarse Asphalt;Coastal;Rural;50 - 55  MPH;Double Yellow Line, No Passing Zone;Clear;No;36.31147, -77.6848
244;245;Yes;25-29;27;No;With Traffic;B: Evident Injury;Travel Lane;White;Male;Asheville;Buncombe;No;01/01/2004;12/05/2011;Bicyclist Overtaking Motorist;13;Non-Intersection;01/05/2001;01/01/2001 13:23;Bicyclist Overtaking - Passing on Left;311242;2011;B: Evident Injury;Commercial;25-29;25;No;0-5 mph;O: No Injury;White;Female;Passenger Car;No;No;Daylight;Urban (>70% Developed);NA;2;Straight - Grade;Local Street;Dry;Two-Way, Not Divided;None;No Special Feature;Smooth Asphalt;Mountains;Urban;30 - 35  MPH;No Control Present;Clear;No;35.59677, -82.5482
248;249;No;0-5;4;No;Not Applicable;O: No Injury;Driveway / Alley;Hispanic;Male;Durham;Durham;No;01/01/2002;24/05/2011;Bicyclist Failed to Yield - Midblock;19;Non-Intersection;01/05/2001;01/01/2001 19:08;Bicyclist Ride Out - Residential Driveway;353311;2011;O: No Injury;Residential;30-39;38;No;21-25 mph;O: No Injury;Black;Female;Passenger Car;No;No;Daylight;Urban (>70% Developed);2 lanes;2;Straight - Level;Local Street;Dry;Two-Way, Not Divided;None;Driveway, Private;Coarse Asphalt;Piedmont;Urban;20 - 25  MPH;No Control Present;Clear;No;35.96102, -78.9087
257;258;No;30-39;32;No;With Traffic;B: Evident Injury;Travel Lane;White;Female;Charlotte;Mecklenburg;No;NA;09/05/2011;Motorist Failed to Yield - Sign-Controlled Intersection;15;Intersection;01/05/2001;01/01/2001 15:11;Motorist Drive Out - Sign-Controlled Intersection;111141;2011;B: Evident Injury;Residential;40-49;42;No;0-5 mph;O: No Injury;White;Female;Sport Utility;No;No;Daylight;Urban (>70% Developed);2 lanes;2;Straight - Level;Local Street;Dry;Two-Way, Divided, Unprotected Median;None;No Special Feature;Smooth Asphalt;Piedmont;Urban;30 - 35  MPH;Stop Sign;Clear;No;35.1449, -80.8451
270;271;Yes;40-49;44;No;With Traffic;C: Possible Injury;Travel Lane;White;Male;Wesley Chapel;Union;No;01/01/2006;04/06/2011;Motorist Overtaking Bicyclist;17;Non-Intersection;01/06/2001;01/01/2001 17:33;Motorist Overtaking - Other /;311239;2011;C: Possible Injury;Farms, Woods, Pastures;50-59;53;No;31-35 mph;O: No Injury;White;Male;Light Truck (Mini-Van, Panel);No;No;Daylight;Rural (<30% Developed);2 lanes;2;Straight - Level;State Secondary Route;Dry;Two-Way, Not Divided;None;No Special Feature;Coarse Asphalt;Piedmont;Rural;40 - 45  MPH;Double Yellow Line, No Passing Zone;Clear;No;34.99691, -80.6991
273;274;Yes;10-juin;9;No;Facing Traffic;B: Evident Injury;Sidewalk / Crosswalk / Driveway Crossing;White;Male;Apex;Wake;No;01/01/2004;02/06/2011;Parallel Paths - Other Circumstances;18;Non-Intersection;01/06/2001;01/01/2001 18:08;Bicyclist Ride Out - Parallel Path;332225;2011;B: Evident Injury;Commercial;30-39;34;No;0-5 mph;O: No Injury;White;Male;Passenger Car;No;No;Daylight;Urban (>70% Developed);2 lanes;2;Straight - Level;Local Street;Dry;Two-Way, Not Divided;None;No Special Feature;Coarse Asphalt;Piedmont;Urban;20 - 25  MPH;Double Yellow Line, No Passing Zone;Clear;No;35.74644, -78.8773