FID;OBJECTID;AmbulanceR;BikeAge_Gr;Bike_Age;Bike_Alc_D;Bike_Dir;Bike_Injur;Bike_Pos;Bike_Race;Bike_Sex;City;County;CrashAlcoh;CrashDay;Crash_Date;Crash_Grp;Crash_Hour;Crash_Loc;Crash_Mont;Crash_Time;Crash_Type;Crash_Ty_1;Crash_Year;Crsh_Sevri;Developmen;DrvrAge_Gr;Drvr_Age;Drvr_Alc_D;Drvr_EstSp;Drvr_Injur;Drvr_Race;Drvr_Sex;Drvr_VehTy;ExcsSpdInd;Hit_Run;Light_Cond;Locality;Num_Lanes;Num_Units;Rd_Charact;Rd_Class;Rd_Conditi;Rd_Config;Rd_Defects;Rd_Feature;Rd_Surface;Region;Rural_Urba;Speed_Limi;Traff_Cntr;Weather;Workzone_I;Location
277;278;Yes;50-59;50;No;With Traffic;B: Evident Injury;Travel Lane;White;Male;Statesville;Iredell;No;01/01/2006;14/05/2011;Crossing Paths - Other Circumstances;8;Intersection-Related;01/05/2001;01/01/2001 08:12;Crossing Paths - Intersection - Other /;211180;2011;B: Evident Injury;Residential;70+;NA;No;26-30 mph;O: No Injury;White;Male;Pickup;No;No;Daylight;Urban (>70% Developed);2 lanes;2;Curve - Level;Local Street;Dry;Two-Way, Not Divided;None;No Special Feature;Smooth Asphalt;Piedmont;Urban;30 - 35  MPH;No Control Present;Cloudy;No;35.80485, -80.8821
278;279;Yes;60-69;60;No;With Traffic;B: Evident Injury;Travel Lane;White;Male;Davidson;Mecklenburg;No;01/01/2006;14/05/2011;Bicyclist Failed to Yield - Sign-Controlled Intersection;9;Intersection;01/05/2001;01/01/2001 09:18;Bicyclist Ride Through - Sign-Controlled Intersection;111144;2011;B: Evident Injury;Residential;40-49;47;No;6-10 mph;O: No Injury;White;Male;Pickup;No;No;Daylight;Urban (>70% Developed);2 lanes;2;Straight - Grade;Local Street;Dry;Two-Way, Not Divided;None;No Special Feature;Coarse Asphalt;Piedmont;Urban;20 - 25  MPH;Stop Sign;Cloudy;No;35.4714, -80.7872
286;287;Yes;10-juin;9;No;Facing Traffic;A: Disabling Injury;Travel Lane;White;Female;Raleigh;Wake;No;01/01/2007;22/05/2011;Bicyclist Failed to Yield - Sign-Controlled Intersection;16;Intersection;01/05/2001;01/01/2001 16:26;Bicyclist Ride Through - Sign-Controlled Intersection;112144;2011;A: Disabling Injury;Residential;40-49;41;No;31-35 mph;O: No Injury;White;Male;Sport Utility;No;No;Daylight;Urban (>70% Developed);2 lanes;2;Straight - Hillcrest;Local Street;Dry;Two-Way, Not Divided;None;T-Intersection;Smooth Asphalt;Piedmont;Urban;30 - 35  MPH;Stop Sign;Clear;No;35.85485, -78.6354
291;292;Yes;16-19;18;No;With Traffic;B: Evident Injury;Bike Lane / Paved Shoulder;White;Male;None - Rural Crash;Wake;No;01/01/2005;10/06/2011;Motorist Overtaking Bicyclist;18;Non-Intersection;01/06/2001;01/01/2001 18:14;Motorist Overtaking - Bicyclist Swerved;321235;2011;B: Evident Injury;Residential;40-49;44;No;41-45 mph;O: No Injury;White;Male;Motor Home/Recreational Vehicle;No;No;Daylight;Mixed (30% To 70% Developed);2 lanes;2;Straight - Level;NC Route;Dry;Two-Way, Not Divided;None;No Special Feature;Smooth Asphalt;Piedmont;Rural;50 - 55  MPH;Double Yellow Line, No Passing Zone;Clear;No;35.97785, -78.4438
294;295;No;30-39;34;No;With Traffic;B: Evident Injury;Travel Lane;White;Male;Charlotte;Mecklenburg;No;01/01/2005;20/05/2011;Motorist Failed to Yield - Sign-Controlled Intersection;18;Intersection;01/05/2001;01/01/2001 18:05;Motorist Drive Out - Sign-Controlled Intersection;111141;2011;B: Evident Injury;Residential;30-39;36;No;0-5 mph;O: No Injury;Black;Female;Passenger Car;No;No;Daylight;Urban (>70% Developed);2 lanes;2;Straight - Level;Local Street;Dry;Two-Way, Divided, Unprotected Median;None;No Special Feature;Smooth Asphalt;Piedmont;Urban;30 - 35  MPH;Stop Sign;Clear;No;35.19896, -80.8406
304;305;Yes;20-24;23;No;Facing Traffic;C: Possible Injury;Sidewalk / Crosswalk / Driveway Crossing;White;Male;Chapel Hill;Orange;No;01/01/2005;27/05/2011;Motorist Failed to Yield - Sign-Controlled Intersection;10;Intersection;01/05/2001;01/01/2001 10:06;Motorist Drive Out - Sign-Controlled Intersection;132141;2011;C: Possible Injury;Commercial;25-29;28;No;NA;O: No Injury;White;Female;Sport Utility;No;No;Daylight;Urban (>70% Developed);5 lanes;2;Straight - Grade;Private Road, Driveway;Dry;Two-Way, Not Divided;None;Driveway, Public;Smooth Asphalt;Piedmont;Urban;5 - 15 MPH;Stop Sign;Clear;No;35.93046, -79.0549
306;307;No;40-49;40;No;With Traffic;O: No Injury;Travel Lane;White;Male;None - Rural Crash;Henderson;No;01/01/2003;15/06/2011;Motorist Left Turn / Merge;18;Intersection;01/06/2001;01/01/2001 18:24;Motorist Left Turn - Opposite Direction;111212;2011;O: No Injury;Residential;20-24;20;No;16-20 mph;O: No Injury;Black;Female;Passenger Car;No;No;Dusk;Rural (<30% Developed);2 lanes;2;Straight - Bottom;State Secondary Route;Wet;Two-Way, Not Divided;None;T-Intersection;Smooth Asphalt;Mountains;Rural;30 - 35  MPH;Double Yellow Line, No Passing Zone;Cloudy;No;35.30222, -82.4319
321;322;No;30-39;37;No;Facing Traffic;O: No Injury;Sidewalk / Crosswalk / Driveway Crossing;Black;Male;Roanoke Rapids;Halifax;No;NA;30/05/2011;Motorist Failed to Yield - Signalized Intersection;10;Intersection;01/05/2001;01/01/2001 10:25;Motorist Drive Out - Right Turn on Red;132151;2011;O: No Injury;Residential;60-69;63;No;0-5 mph;O: No Injury;White;Male;Pickup;No;No;Daylight;Mixed (30% To 70% Developed);2 lanes;2;Straight - Level;Local Street;Dry;Two-Way, Not Divided;None;Four-Way Intersection;Coarse Asphalt;Coastal;Urban;20 - 25  MPH;Stop And Go Signal;Clear;No;36.46449, -77.6528
324;325;Yes;15-nov;15;No;Facing Traffic;B: Evident Injury;Travel Lane;Black;Male;Garner;Wake;No;01/01/2004;16/06/2011;Motorist Failed to Yield - Midblock;16;Non-Intersection;01/06/2001;01/01/2001 16:42;Motorist Drive Out - Commercial Driveway / Alley;312322;2011;B: Evident Injury;Commercial;40-49;47;No;0-5 mph;O: No Injury;White;Female;Pickup;No;No;Daylight;Urban (>70% Developed);6 lanes;2;Straight - Level;US Route;Dry;Two-Way, Divided, Unprotected Median;None;T-Intersection;Smooth Asphalt;Piedmont;Urban;5 - 15 MPH;Stop Sign;Clear;No;35.72255, -78.6527
341;342;Yes;15-nov;12;No;With Traffic;B: Evident Injury;Travel Lane;Black;Male;Raleigh;Wake;No;01/01/2006;18/06/2011;Motorist Right Turn / Merge;12;Intersection;01/06/2001;01/01/2001 12:43;Motorist Right Turn - Same Direction;111213;2011;B: Evident Injury;Residential;0-19;19;No;0-5 mph;O: No Injury;White;Female;Passenger Car;No;No;Daylight;Urban (>70% Developed);5 lanes;2;Straight - Hillcrest;Local Street;Dry;Two-Way, Divided, Unprotected Median;None;Four-Way Intersection;Smooth Asphalt;Piedmont;Urban;40 - 45  MPH;Stop Sign;Clear;No;35.75728, -78.6998
346;347;Yes;50-59;59;No;NA;C: Possible Injury;NA;Black;Male;Henderson;Vance;No;01/01/2003;08/06/2011;Motorist Right Turn / Merge;15;Intersection;01/06/2001;01/01/2001 15:38;Motorist Right Turn - Opposite Direction;199214;2011;C: Possible Injury;Commercial;25-29;29;No;26-30 mph;Injury;Black;Male;NA;No;Yes;Daylight;Urban (>70% Developed);2 lanes;2;Straight - Level;Local Street;Dry;Two-Way, Not Divided;None;No Special Feature;Concrete;Piedmont;Urban;30 - 35  MPH;Yield Sign;Clear;No;36.32773, -78.3944
358;359;Yes;15-nov;11;No;With Traffic;B: Evident Injury;Travel Lane;Black;Female;Jacksonville;Onslow;No;NA;13/06/2011;Head-On;17;Non-Intersection;01/06/2001;01/01/2001 17:03;Head-On - Motorist;311255;2011;B: Evident Injury;Residential;20-24;23;No;16-20 mph;C: Possible Injury;Hispanic;Male;Motorcycle;No;No;Daylight;Urban (>70% Developed);2 lanes;2;Straight - Level;Local Street;Dry;Two-Way, Not Divided;None;No Special Feature;Smooth Asphalt;Coastal;Urban;20 - 25  MPH;No Control Present;Clear;No;34.76684, -77.3697
366;367;No;50-59;52;No;With Traffic;C: Possible Injury;Travel Lane;White;Male;Siler City;Chatham;No;01/01/2004;09/06/2011;Motorist Overtaking Bicyclist;1;Non-Intersection;01/06/2001;01/01/2001 01:54;Motorist Overtaking - Undetected Bicyclist;311231;2011;C: Possible Injury;Residential;NA;NA;Missing;41-45 mph;Injury;/Missing;NA;Heavy Truck;No;Yes;Dark - Lighted Roadway;Urban (>70% Developed);5 lanes;2;Straight - Level;Local Street;Dry;Two-Way, Divided, Unprotected Median;None;No Special Feature;Smooth Asphalt;Piedmont;Urban;40 - 45  MPH;No Control Present;Clear;No;35.73327, -79.46
370;371;Yes;50-59;50;No;With Traffic;B: Evident Injury;Travel Lane;White;Male;Apex;Wake;No;NA;04/07/2011;Bicyclist Overtaking Motorist;10;Non-Intersection;01/07/2001;01/01/2001 10:27;Bicyclist Overtaking - Other /;311249;2011;B: Evident Injury;Commercial;60-69;63;No;0-5 mph;O: No Injury;White;Female;Passenger Car;No;No;Daylight;Urban (>70% Developed);2 lanes;2;Straight - Grade;Local Street;Dry;Two-Way, Not Divided;None;No Special Feature;Coarse Asphalt;Piedmont;Urban;30 - 35  MPH;Double Yellow Line, No Passing Zone;Clear;No;35.74377, -78.8213
382;383;Yes;50-59;53;No;With Traffic;C: Possible Injury;Travel Lane;Black;Male;Southern Pines;Moore;No;01/01/2002;14/06/2011;Loss of Control / Turning Error;12;Intersection;01/06/2001;01/01/2001 12:30;Motorist Turning Error - Left Turn;111111;2011;C: Possible Injury;Residential;60-69;68;No;6-10 mph;O: No Injury;Black;Female;Passenger Car;No;No;Daylight;Urban (>70% Developed);2 lanes;2;Straight - Grade;Local Street;Dry;Two-Way, Not Divided;None;Four-Way Intersection;Coarse Asphalt;Piedmont;Urban;20 - 25  MPH;Stop Sign;Clear;No;35.18126, -79.4048
386;387;No;15-nov;12;No;Not Applicable;B: Evident Injury;Non-Roadway;Black;Male;High Point;Guilford;No;01/01/2003;15/06/2011;Bicyclist Failed to Yield - Midblock;19;Non-Intersection;01/06/2001;01/01/2001 19:29;Bicyclist Ride Out - Commercial Driveway / Alley;363312;2011;B: Evident Injury;Residential;NA;NA;Missing;NA;Injury;/Missing;NA;NA;No;Yes;Daylight;Urban (>70% Developed);2 lanes;2;Straight - Bottom;Local Street;Dry;Two-Way, Not Divided;None;No Special Feature;Smooth Asphalt;Piedmont;Urban;NA;No Control Present;Clear;No;35.99917, -80.0371
389;390;Yes;50-59;51;Yes;Not Applicable;B: Evident Injury;Non-Roadway;Black;Male;Charlotte;Mecklenburg;Yes;01/01/2004;16/06/2011;Non-Roadway;19;Non-Roadway;01/06/2001;01/01/2001 19:43;Non-Roadway;460910;2011;B: Evident Injury;Commercial;40-49;48;No;0-5 mph;O: No Injury;Black;Male;Sport Utility;No;No;Daylight;Urban (>70% Developed);NA;2;Other;Public Vehicular Area;Dry;NA;None;Driveway, Private;Concrete;Piedmont;Urban;5 - 15 MPH;No Control Present;Clear;No;35.2704, -80.8375
393;394;No;16-19;16;No;With Traffic;C: Possible Injury;Travel Lane;Black;Male;Whiteville;Columbus;No;NA;20/06/2011;Motorist Overtaking Bicyclist;17;Non-Intersection;01/06/2001;01/01/2001 17:00;Motorist Overtaking - Bicyclist Swerved;311235;2011;C: Possible Injury;Residential;25-29;26;No;11-15 mph;O: No Injury;Black;Female;Passenger Car;No;No;Daylight;Urban (>70% Developed);2 lanes;2;Straight - Level;Local Street;Dry;Two-Way, Not Divided;None;No Special Feature;Smooth Asphalt;Coastal;Urban;30 - 35  MPH;No Control Present;Clear;No;34.33087, -78.6868
415;416;No;16-19;17;No;Not Applicable;O: No Injury;Other;Black;Male;None - Rural Crash;Cumberland;No;01/01/2005;15/07/2011;Bicyclist Failed to Yield - Midblock;12;Non-Intersection;01/07/2001;01/01/2001 12:18;Bicyclist Ride Out - Other Midblock;383318;2011;O: No Injury;Farms, Woods, Pastures;40-49;44;No;41-45 mph;O: No Injury;White;Male;Pickup;No;No;Daylight;Mixed (30% To 70% Developed);2 lanes;2;Straight - Level;State Secondary Route;Dry;Two-Way, Not Divided;None;Non-Intersection Median Crossing;Coarse Asphalt;Coastal;Rural;40 - 45  MPH;Double Yellow Line, No Passing Zone;Clear;No;34.9901, -78.9041
422;423;Yes;16-19;18;No;With Traffic;B: Evident Injury;Sidewalk / Crosswalk / Driveway Crossing;White;Male;Wilmington;New Hanover;No;01/01/2002;28/06/2011;Motorist Right Turn / Merge;16;Intersection;01/06/2001;01/01/2001 16:04;Motorist Right Turn on Red - Same Direction;131217;2011;B: Evident Injury;Commercial;25-29;27;No;11-15 mph;O: No Injury;White;Male;Passenger Car;No;No;Daylight;Urban (>70% Developed);6 lanes;2;Straight - Level;Local Street;Dry;Two-Way, Divided, Positive Median Barrier;None;Four-Way Intersection;Coarse Asphalt;Coastal;Urban;30 - 35  MPH;Stop And Go Signal;Clear;No;34.23854, -77.828
423;424;Yes;40-49;43;No;With Traffic;B: Evident Injury;Travel Lane;White;Female;Durham;Durham;No;01/01/2002;19/07/2011;Motorist Left Turn / Merge;18;Intersection;01/07/2001;01/01/2001 18:48;Motorist Left Turn - Opposite Direction;111212;2011;B: Evident Injury;Commercial;NA;NA;Missing;21-25 mph;Injury;/Missing;NA;Sport Utility;No;Yes;Daylight;Urban (>70% Developed);5 lanes;2;Straight - Level;Local Street;Dry;Two-Way, Not Divided;None;Four-Way Intersection;Smooth Asphalt;Piedmont;Urban;40 - 45  MPH;Stop And Go Signal;Clear;No;35.94603, -78.9217
424;425;No;60-69;60;No;Facing Traffic;B: Evident Injury;Sidewalk / Crosswalk / Driveway Crossing;Black;Male;Charlotte;Mecklenburg;No;01/01/2003;29/06/2011;Motorist Left Turn / Merge;19;Intersection;01/06/2001;01/01/2001 19:20;Motorist Left Turn - Same Direction;132211;2011;B: Evident Injury;Residential;60-69;61;No;6-10 mph;O: No Injury;Black;Male;Passenger Car;No;No;Daylight;Urban (>70% Developed);2 lanes;2;Straight - Level;Local Street;Dry;Two-Way, Divided, Unprotected Median;None;No Special Feature;Smooth Asphalt;Piedmont;Urban;30 - 35  MPH;No Control Present;Clear;No;35.20021, -80.8892
435;436;Yes;50-59;57;No;With Traffic;B: Evident Injury;Travel Lane;White;Male;Charlotte;Mecklenburg;No;NA;04/07/2011;Motorist Failed to Yield - Midblock;13;Non-Intersection;01/07/2001;01/01/2001 13:49;Motorist Drive Out - Commercial Driveway / Alley;311322;2011;B: Evident Injury;Commercial;50-59;52;No;11-15 mph;O: No Injury;White;Female;Light Truck (Mini-Van, Panel);No;No;Daylight;Urban (>70% Developed);2 lanes;2;Straight - Level;Local Street;Dry;Two-Way, Not Divided;None;Bridge;Smooth Asphalt;Piedmont;Urban;40 - 45  MPH;Stop Sign;Clear;No;35.08116, -80.7303
437;438;Yes;50-59;56;No;With Traffic;B: Evident Injury;Travel Lane;White;Male;Wilmington;New Hanover;No;NA;04/07/2011;Motorist Overtaking Bicyclist;17;Non-Intersection;01/07/2001;01/01/2001 17:41;Motorist Overtaking - Other /;311239;2011;B: Evident Injury;Residential;70+;NA;No;31-35 mph;O: No Injury;White;Male;Passenger Car;No;No;Daylight;Urban (>70% Developed);2 lanes;2;Straight - Level;Local Street;Dry;Two-Way, Not Divided;None;No Special Feature;Coarse Asphalt;Coastal;Urban;30 - 35  MPH;No Control Present;Clear;No;34.21966, -77.8617
443;444;No;15-nov;14;No;With Traffic;B: Evident Injury;Travel Lane;Native American;Male;Lumberton;Robeson;No;01/01/2007;24/07/2011;Bicyclist Left Turn / Merge;19;Intersection-Related;01/07/2001;01/01/2001 19:03;Bicyclist Left Turn - Opposite Direction;211222;2011;B: Evident Injury;Residential;70+;NA;No;26-30 mph;O: No Injury;White;Male;Passenger Car;No;No;Daylight;Urban (>70% Developed);2 lanes;2;Straight - Level;Local Street;Wet;Two-Way, Not Divided;None;No Special Feature;Coarse Asphalt;Coastal;Urban;30 - 35  MPH;No Control Present;Rain;No;34.61149, -78.9754
451;452;Yes;20-24;22;No;With Traffic;A: Disabling Injury;Travel Lane;White;Male;Asheboro;Randolph;No;01/01/2007;10/07/2011;Motorist Overtaking Bicyclist;20;Non-Intersection;01/07/2001;01/01/2001 20:39;Motorist Overtaking - Other /;311239;2011;A: Disabling Injury;Residential;NA;NA;Missing;NA;Injury;/Missing;NA;NA;No;Yes;Dusk;Urban (>70% Developed);2 lanes;2;Straight - Grade;US Route;Water (Standing, Moving);Two-Way, Not Divided;None;No Special Feature;Smooth Asphalt;Piedmont;Urban;40 - 45  MPH;No Control Present;Clear;No;35.76329, -79.8065
452;453;Yes;30-39;37;No;With Traffic;C: Possible Injury;Travel Lane;White;Male;Boone;Watauga;No;01/01/2002;12/07/2011;Other / Unusual Circumstances;23;Non-Intersection;01/07/2001;01/01/2001 23:46;Bicycle Only;311400;2011;Injury;Commercial;NA;NA;Missing;NA;Injury;/Missing;NA;NA;No;No;Dark - Lighted Roadway;Urban (>70% Developed);3 lanes;1;Straight - Grade;US Route;Dry;Two-Way, Not Divided;None;No Special Feature;Smooth Asphalt;Mountains;Rural;NA;Double Yellow Line, No Passing Zone;Clear;No;36.21743, -81.6816
453;454;No;15-nov;12;No;Facing Traffic;C: Possible Injury;Travel Lane;White;Male;None - Rural Crash;New Hanover;No;01/01/2002;26/07/2011;Bicyclist Failed to Yield - Sign-Controlled Intersection;18;Intersection;01/07/2001;01/01/2001 18:00;Bicyclist Ride Through - Sign-Controlled Intersection;112144;2011;C: Possible Injury;Residential;50-59;57;No;16-20 mph;O: No Injury;White;Male;Pickup;No;No;Daylight;Urban (>70% Developed);2 lanes;2;Straight - Level;State Secondary Route;Wet;Two-Way, Not Divided;None;T-Intersection;Smooth Asphalt;Coastal;Rural;30 - 35  MPH;Stop Sign;Cloudy;No;34.31165, -77.8822
460;461;Yes;20-24;20;No;With Traffic;B: Evident Injury;Travel Lane;White;Female;Raleigh;Wake;No;01/01/2003;27/07/2011;Loss of Control / Turning Error;23;Intersection;01/07/2001;01/01/2001 23:27;Bicyclist Lost Control - Other /;111129;2011;B: Evident Injury;Residential;30-39;33;No;31-35 mph;O: No Injury;White;Male;Passenger Car;No;No;Dark - Roadway Not Lighted;Mixed (30% To 70% Developed);2 lanes;2;Straight - Grade;Local Street;Dry;Two-Way, Not Divided;None;Four-Way Intersection;Smooth Asphalt;Piedmont;Urban;30 - 35  MPH;Stop Sign;Clear;No;35.8366, -78.6216
473;474;Yes;16-19;16;No;Facing Traffic;B: Evident Injury;Travel Lane;Black;Male;Fayetteville;Cumberland;No;01/01/2002;26/07/2011;Motorist Right Turn / Merge;21;Intersection;01/07/2001;01/01/2001 21:27;Motorist Right Turn - Opposite Direction;112214;2011;B: Evident Injury;Residential;25-29;26;No;21-25 mph;O: No Injury;White;Male;Passenger Car;No;No;Dark - Lighted Roadway;Urban (>70% Developed);2 lanes;2;Straight - Grade;Local Street;Dry;Two-Way, Not Divided;None;Four-Way Intersection;Coarse Asphalt;Coastal;Urban;40 - 45  MPH;Stop And Go Signal;Clear;No;35.02572, -78.9423
492;493;Yes;50-59;56;No;Facing Traffic;C: Possible Injury;Sidewalk / Crosswalk / Driveway Crossing;Black;Male;High Point;Guilford;No;NA;25/07/2011;Bicyclist Failed to Yield - Signalized Intersection;10;Intersection;01/07/2001;01/01/2001 10:43;Bicyclist Ride Through - Signalized Intersection;132155;2011;C: Possible Injury;Commercial;50-59;51;No;26-30 mph;O: No Injury;White;Female;Other Bus;No;No;Daylight;Urban (>70% Developed);4 lanes;2;Straight - Level;Local Street;Dry;Two-Way, Not Divided;None;Four-Way Intersection;Coarse Asphalt;Piedmont;Urban;30 - 35  MPH;Stop And Go Signal;Clear;No;35.9578, -80.0085
498;499;Yes;20-24;21;No;Facing Traffic;C: Possible Injury;Sidewalk / Crosswalk / Driveway Crossing;Hispanic;Male;Raleigh;Wake;No;NA;01/08/2011;Motorist Failed to Yield - Sign-Controlled Intersection;14;Intersection;01/08/2001;01/01/2001 14:26;Motorist Drive Out - Sign-Controlled Intersection;132141;2011;C: Possible Injury;Residential;20-24;20;No;0-5 mph;O: No Injury;White;Female;Sport Utility;No;No;Daylight;Urban (>70% Developed);2 lanes;2;Straight - Level;Local Street;Dry;Two-Way, Not Divided;None;T-Intersection;Smooth Asphalt;Piedmont;Urban;30 - 35  MPH;Stop Sign;Clear;No;35.82435, -78.5692
500;501;Yes;16-19;18;No;With Traffic;B: Evident Injury;Travel Lane;Black;Male;Charlotte;Mecklenburg;No;01/01/2002;26/07/2011;Bicyclist Left Turn / Merge;20;Non-Intersection;01/07/2001;01/01/2001 20:27;Bicyclist Left Turn - Same Direction;311221;2011;B: Evident Injury;Residential;40-49;40;No;31-35 mph;O: No Injury;Hispanic;Female;Passenger Car;No;No;Dusk;Urban (>70% Developed);2 lanes;2;Straight - Level;Local Street;Dry;Two-Way, Not Divided;None;No Special Feature;Concrete;Piedmont;Urban;30 - 35  MPH;No Control Present;Clear;No;35.2954, -80.8146
501;502;No;16-19;16;No;Facing Traffic;C: Possible Injury;Sidewalk / Crosswalk / Driveway Crossing;Black;Male;Chapel Hill;Orange;No;01/01/2002;19/07/2011;Motorist Failed to Yield - Midblock;15;Non-Intersection;01/07/2001;01/01/2001 14:59;Motorist Drive Out - Commercial Driveway / Alley;332322;2011;C: Possible Injury;Commercial;0-19;19;No;0-5 mph;O: No Injury;White;Female;Passenger Car;No;No;Daylight;Urban (>70% Developed);NA;2;Straight - Level;Public Vehicular Area;Dry;Two-Way, Not Divided;None;Driveway, Private;Smooth Asphalt;Piedmont;Urban;5 - 15 MPH;No Control Present;Clear;No;35.91188, -79.0587
504;505;No;30-39;32;No;Not Applicable;O: No Injury;Travel Lane;White;Male;Wilmington;New Hanover;No;01/01/2006;09/07/2011;Bicyclist Failed to Yield - Midblock;21;Non-Intersection;01/07/2001;01/01/2001 21:43;Bicyclist Ride Out - Other Midblock;313318;2011;O: No Injury;Commercial;30-39;30;No;36-40 mph;O: No Injury;White;Female;Passenger Car;No;No;Dark - Lighted Roadway;Urban (>70% Developed);NA;2;Straight - Level;Local Street;Dry;NA;None;No Special Feature;Coarse Asphalt;Coastal;Urban;40 - 45  MPH;No Control Present;Clear;No;34.22013, -77.8162
506;507;Yes;20-24;20;Yes;With Traffic;B: Evident Injury;Travel Lane;White;Male;Charlotte;Mecklenburg;Yes;01/01/2003;03/08/2011;Motorist Overtaking Bicyclist;2;Non-Intersection;01/08/2001;01/01/2001 02:15;Motorist Overtaking - Other /;311239;2011;B: Evident Injury;Commercial;NA;NA;Missing;41-45 mph;Injury;/Missing;NA;NA;No;Yes;Dark - Lighted Roadway;Urban (>70% Developed);2 lanes;2;Straight - Level;Local Street;Dry;Two-Way, Divided, Unprotected Median;None;No Special Feature;Smooth Asphalt;Piedmont;Urban;40 - 45  MPH;No Control Present;Clear;No;35.26457, -80.9753
510;511;No;60-69;63;No;Facing Traffic;C: Possible Injury;Travel Lane;White;Male;Winston-Salem;Forsyth;No;01/01/2005;15/07/2011;Motorist Failed to Yield - Midblock;16;Non-Intersection;01/07/2001;01/01/2001 16:16;Motorist Drive Out - Commercial Driveway / Alley;312322;2011;C: Possible Injury;Commercial;20-24;20;No;0-5 mph;O: No Injury;White;Female;Sport Utility;No;No;Daylight;Urban (>70% Developed);9 or more lanes;2;Straight - Level;State Secondary Route;Dry;Two-Way, Not Divided;None;Four-Way Intersection;Smooth Asphalt;Piedmont;Urban;30 - 35  MPH;No Control Present;Clear;No;36.09351, -80.2793
518;519;Yes;16-19;19;No;With Traffic;B: Evident Injury;Travel Lane;Black;Male;Charlotte;Mecklenburg;No;NA;08/08/2011;Motorist Right Turn / Merge;14;Intersection;01/08/2001;01/01/2001 14:40;Motorist Right Turn on Red - Same Direction;111217;2011;B: Evident Injury;Commercial;40-49;49;No;6-10 mph;O: No Injury;Black;Female;Pickup;No;No;Daylight;Urban (>70% Developed);4 lanes;2;Straight - Level;Local Street;Dry;Two-Way, Not Divided;None;T-Intersection;Smooth Asphalt;Piedmont;Urban;30 - 35  MPH;Stop And Go Signal;Clear;No;35.24107, -80.7967
520;521;Yes;15-nov;12;No;With Traffic;B: Evident Injury;Travel Lane;Black;Male;Raleigh;Wake;No;01/01/2007;14/08/2011;Bicyclist Failed to Yield - Sign-Controlled Intersection;19;Intersection;01/08/2001;01/01/2001 19:34;Bicyclist Ride Through - Sign-Controlled Intersection;111144;2011;B: Evident Injury;Residential;25-29;26;No;11-15 mph;O: No Injury;Hispanic;Male;Passenger Car;No;Yes;Daylight;Urban (>70% Developed);2 lanes;2;Straight - Grade;Local Street;Dry;Two-Way, Not Divided;None;T-Intersection;Coarse Asphalt;Piedmont;Urban;20 - 25  MPH;Stop Sign;Clear;No;35.76883, -78.6022
523;524;Yes;60-69;66;No;With Traffic;B: Evident Injury;Travel Lane;White;Male;Wilmington;New Hanover;No;01/01/2006;06/08/2011;Motorist Overtaking Bicyclist;16;Non-Intersection;01/08/2001;01/01/2001 16:21;Motorist Overtaking - Bicyclist Swerved;311235;2011;B: Evident Injury;Residential;50-59;56;No;21-25 mph;O: No Injury;White;Male;Passenger Car;No;No;Daylight;Rural (<30% Developed);2 lanes;3;Straight - Level;Local Street;Dry;Two-Way, Not Divided;None;No Special Feature;Coarse Asphalt;Coastal;Urban;20 - 25  MPH;No Control Present;Clear;No;34.23883, -77.9331
529;530;No;20-24;23;No;With Traffic;B: Evident Injury;Travel Lane;White;Female;None - Rural Crash;Wake;No;01/01/2003;27/07/2011;Motorist Overtaking Bicyclist;22;Non-Intersection;01/07/2001;01/01/2001 22:17;Motorist Overtaking - Other /;311239;2011;B: Evident Injury;Farms, Woods, Pastures;NA;NA;Missing;41-45 mph;Injury;/Missing;NA;Passenger Car;No;Yes;Dark - Roadway Not Lighted;Rural (<30% Developed);2 lanes;2;Straight - Grade;State Secondary Route;Dry;Two-Way, Not Divided;None;No Special Feature;Smooth Asphalt;Piedmont;Rural;40 - 45  MPH;Double Yellow Line, No Passing Zone;Clear;No;35.97987, -78.5097
536;537;No;0-5;3;No;Not Applicable;O: No Injury;Non-Roadway;/Missing;NA;Mount Airy;Surry;No;01/01/2006;13/08/2011;Non-Roadway;14;Non-Roadway;01/08/2001;01/01/2001 14:58;Non-Roadway;460910;2011;O: No Injury;Commercial;60-69;66;No;6-10 mph;O: No Injury;Black;Female;Passenger Car;No;No;Daylight;Urban (>70% Developed);NA;2;Straight - Level;Public Vehicular Area;Dry;Two-Way, Not Divided;None;Driveway, Public;Smooth Asphalt;Mountains;Urban;NA;No Control Present;Clear;No;36.50566, -80.6021
547;548;Yes;10-juin;10;No;With Traffic;B: Evident Injury;Travel Lane;Black;Male;Gastonia;Gaston;No;NA;01/08/2011;Bicyclist Left Turn / Merge;14;Non-Intersection;01/08/2001;01/01/2001 14:24;Bicyclist Left Turn - Opposite Direction;311222;2011;B: Evident Injury;Residential;60-69;63;No;26-30 mph;O: No Injury;White;Male;Pickup;No;No;Daylight;Urban (>70% Developed);2 lanes;2;Straight - Level;State Secondary Route;Dry;Two-Way, Not Divided;None;No Special Feature;Smooth Asphalt;Piedmont;Urban;30 - 35  MPH;No Control Present;Clear;No;35.25142, -81.2231