FID;OBJECTID;AmbulanceR;BikeAge_Gr;Bike_Age;Bike_Alc_D;Bike_Dir;Bike_Injur;Bike_Pos;Bike_Race;Bike_Sex;City;County;CrashAlcoh;CrashDay;Crash_Date;Crash_Grp;Crash_Hour;Crash_Loc;Crash_Mont;Crash_Time;Crash_Type;Crash_Ty_1;Crash_Year;Crsh_Sevri;Developmen;DrvrAge_Gr;Drvr_Age;Drvr_Alc_D;Drvr_EstSp;Drvr_Injur;Drvr_Race;Drvr_Sex;Drvr_VehTy;ExcsSpdInd;Hit_Run;Light_Cond;Locality;Num_Lanes;Num_Units;Rd_Charact;Rd_Class;Rd_Conditi;Rd_Config;Rd_Defects;Rd_Feature;Rd_Surface;Region;Rural_Urba;Speed_Limi;Traff_Cntr;Weather;Workzone_I;Location
553;554;Yes;40-49;42;No;With Traffic;C: Possible Injury;Travel Lane;White;Female;Durham;Durham;No;01/01/2005;26/08/2011;Motorist Left Turn / Merge;11;Intersection;01/08/2001;01/01/2001 11:54;Motorist Left Turn - Opposite Direction;111212;2011;C: Possible Injury;Residential;0-19;19;No;16-20 mph;O: No Injury;Black;Female;Passenger Car;No;No;Daylight;Urban (>70% Developed);4 lanes;2;Straight - Level;NC Route;Dry;Two-Way, Not Divided;None;Four-Way Intersection;Smooth Asphalt;Piedmont;Urban;40 - 45  MPH;Stop And Go Signal;Clear;No;35.9055, -78.9173
563;564;Yes;25-29;27;No;With Traffic;B: Evident Injury;Travel Lane;White;Female;Charlotte;Mecklenburg;No;01/01/2002;23/08/2011;Bicyclist Failed to Yield - Signalized Intersection;19;Intersection;01/08/2001;01/01/2001 19:32;Bicyclist Ride Through - Signalized Intersection;111155;2011;B: Evident Injury;Commercial;70+;NA;No;0-5 mph;O: No Injury;White;Male;Passenger Car;No;No;Daylight;Urban (>70% Developed);5 lanes;2;Straight - Level;Local Street;Dry;Two-Way, Divided, Unprotected Median;None;No Special Feature;Smooth Asphalt;Piedmont;Urban;30 - 35  MPH;Stop And Go Signal;Clear;No;35.20289, -80.836
566;567;Yes;20-24;21;No;With Traffic;B: Evident Injury;Travel Lane;White;Female;Raleigh;Wake;No;NA;29/08/2011;Motorist Left Turn / Merge;12;Intersection;01/08/2001;01/01/2001 12:39;Motorist Left Turn - Opposite Direction;111212;2011;B: Evident Injury;Commercial;0-19;19;No;0-5 mph;O: No Injury;White;Male;Passenger Car;No;No;Daylight;Urban (>70% Developed);3 lanes;2;Straight - Level;Local Street;Dry;Two-Way, Not Divided;None;Four-Way Intersection;Smooth Asphalt;Piedmont;Urban;30 - 35  MPH;Stop And Go Signal;Clear;No;35.78888, -78.6732
582;583;No;10-juin;8;No;Not Applicable;O: No Injury;Non-Roadway;Black;Male;Holly Springs;Wake;No;01/01/2003;31/08/2011;Non-Roadway;17;Non-Roadway;01/08/2001;01/01/2001 17:46;Non-Roadway;460910;2011;O: No Injury;Commercial;30-39;33;No;6-10 mph;O: No Injury;Black;Female;Passenger Car;No;No;Daylight;Urban (>70% Developed);2 lanes;2;Straight - Level;Public Vehicular Area;Dry;Two-Way, Not Divided;None;No Special Feature;Smooth Asphalt;Piedmont;Urban;20 - 25  MPH;No Control Present;Clear;No;35.65971, -78.8066
584;585;No;40-49;45;No;With Traffic;C: Possible Injury;Travel Lane;White;Male;Burlington;Alamance;No;NA;29/08/2011;Motorist Left Turn / Merge;19;Non-Intersection;01/08/2001;01/01/2001 19:57;Motorist Left Turn - Opposite Direction;311212;2011;C: Possible Injury;Commercial;70+;NA;No;0-5 mph;O: No Injury;Black;Male;Passenger Car;No;No;Dark - Lighted Roadway;Urban (>70% Developed);3 lanes;2;Straight - Level;Local Street;Dry;Two-Way, Not Divided;None;No Special Feature;Smooth Asphalt;Piedmont;Urban;30 - 35  MPH;No Control Present;Cloudy;No;36.09749, -79.4141
594;595;Yes;20-24;20;No;Facing Traffic;C: Possible Injury;Sidewalk / Crosswalk / Driveway Crossing;Black;Female;Raleigh;Wake;No;01/01/2002;30/08/2011;Motorist Failed to Yield - Midblock;21;Non-Intersection;01/08/2001;01/01/2001 21:30;Motorist Drive Out - Commercial Driveway / Alley;332322;2011;C: Possible Injury;Residential;50-59;54;No;31-35 mph;O: No Injury;Black;Male;Passenger Car;No;No;Dark - Roadway Not Lighted;Mixed (30% To 70% Developed);2 lanes;2;Straight - Level;Local Street;Dry;Two-Way, Not Divided;None;No Special Feature;Smooth Asphalt;Piedmont;Urban;40 - 45  MPH;No Control Present;Clear;Yes;35.73328, -78.5752
600;601;No;15-nov;13;No;Not Applicable;B: Evident Injury;Non-Roadway;Black;Male;Charlotte;Mecklenburg;No;01/01/2005;02/09/2011;Non-Roadway;18;Non-Roadway;01/09/2001;01/01/2001 18:18;Non-Roadway;460910;2011;B: Evident Injury;Commercial;20-24;20;No;11-15 mph;O: No Injury;Black;Female;Passenger Car;No;No;Daylight;Urban (>70% Developed);NA;2;Straight - Level;Public Vehicular Area;Dry;Two-Way, Not Divided;None;No Special Feature;Smooth Asphalt;Piedmont;Urban;30 - 35  MPH;Stop Sign;Clear;No;35.31035, -80.7523
602;603;No;50-59;58;No;With Traffic;C: Possible Injury;Travel Lane;Black;Male;None - Rural Crash;Durham;No;01/01/2007;28/08/2011;Motorist Overtaking Bicyclist;11;Non-Intersection;01/08/2001;01/01/2001 11:04;Motorist Overtaking - Misjudged Space;311232;2011;C: Possible Injury;Residential;NA;NA;No;21-25 mph;Injury;/Missing;NA;Single Unit Truck (2-Axle, 6-Tire);No;Yes;Daylight;Mixed (30% To 70% Developed);2 lanes;2;Straight - Grade;State Secondary Route;Dry;Two-Way, Not Divided;None;Driveway, Private;Smooth Asphalt;Piedmont;Rural;30 - 35  MPH;Double Yellow Line, No Passing Zone;Clear;No;35.95124, -78.8474
610;611;Yes;16-19;18;No;With Traffic;B: Evident Injury;Travel Lane;White;Male;None - Rural Crash;Lenoir;No;01/01/2004;08/09/2011;Bicyclist Left Turn / Merge;12;Non-Intersection;01/09/2001;01/01/2001 12:25;Bicyclist Left Turn - Same Direction;311221;2011;B: Evident Injury;Residential;25-29;25;No;41-45 mph;O: No Injury;Hispanic;Male;Pickup;No;No;Daylight;Rural (<30% Developed);2 lanes;2;Curve - Level;NC Route;Dry;Two-Way, Not Divided;None;No Special Feature;Coarse Asphalt;Coastal;Rural;50 - 55  MPH;Double Yellow Line, No Passing Zone;Clear;No;35.18867, -77.8111
611;612;Yes;16-19;16;No;With Traffic;B: Evident Injury;Travel Lane;Black;Male;None - Rural Crash;Pitt;No;01/01/2007;11/09/2011;Motorist Overtaking Bicyclist;16;Non-Intersection;01/09/2001;01/01/2001 16:38;Motorist Overtaking - Misjudged Space;311232;2011;B: Evident Injury;Residential;0-19;19;No;46-50 mph;O: No Injury;Black;Female;Passenger Car;No;No;Daylight;Rural (<30% Developed);2 lanes;2;Straight - Level;State Secondary Route;Dry;Two-Way, Not Divided;None;No Special Feature;Coarse Asphalt;Coastal;Rural;50 - 55  MPH;Double Yellow Line, No Passing Zone;Clear;No;35.66015, -77.4315
619;620;Yes;50-59;52;No;With Traffic;B: Evident Injury;Travel Lane;Black;Male;Wendell;Wake;No;01/01/2003;14/09/2011;Bicyclist Right Turn / Merge;12;Intersection;01/09/2001;01/01/2001 12:24;Bicyclist Right Turn - Same Direction;111223;2011;B: Evident Injury;Residential;50-59;54;No;31-35 mph;O: No Injury;White;Female;Passenger Car;No;No;Daylight;Urban (>70% Developed);2 lanes;2;Straight - Level;Local Street;Dry;Two-Way, Not Divided;None;T-Intersection;Coarse Asphalt;Piedmont;Urban;30 - 35  MPH;Stop Sign;Clear;No;35.77811, -78.362
709;710;No;16-19;16;No;Facing Traffic;C: Possible Injury;Sidewalk / Crosswalk / Driveway Crossing;Black;Male;Charlotte;Mecklenburg;No;01/01/2005;07/10/2011;Motorist Failed to Yield - Midblock;21;Non-Intersection;01/10/2001;01/01/2001 20:59;Motorist Drive Out - Commercial Driveway / Alley;332322;2011;C: Possible Injury;Residential;NA;NA;Missing;6-10 mph;Injury;/Missing;NA;NA;No;Yes;Dark -  Lighting;Urban (>70% Developed);2 lanes;2;Straight - Grade;Local Street;Dry;Two-Way, Not Divided;None;Driveway, Public;Concrete;Piedmont;Urban;5 - 15 MPH;No Control Present;Clear;No;35.25238, -80.7803
716;717;Yes;30-39;39;No;With Traffic;B: Evident Injury;Sidewalk / Crosswalk / Driveway Crossing;White;Male;Cary;Wake;No;NA;10/10/2011;Parallel Paths - Other Circumstances;13;Non-Intersection;01/10/2001;01/01/2001 13:40;Bicyclist Ride Out - Parallel Path;331225;2011;B: Evident Injury;Residential;40-49;40;No;31-35 mph;O: No Injury;White;Female;Passenger Car;No;No;Daylight;Urban (>70% Developed);4 lanes;2;Straight - Grade;State Secondary Route;Dry;Two-Way, Not Divided;None;No Special Feature;Coarse Asphalt;Piedmont;Urban;30 - 35  MPH;No Control Present;Cloudy;No;35.7666, -78.7731
720;721;Yes;15-nov;14;No;Facing Traffic;C: Possible Injury;Sidewalk / Crosswalk / Driveway Crossing;Black;Male;Raleigh;Wake;No;01/01/2004;20/10/2011;Motorist Failed to Yield - Sign-Controlled Intersection;18;Intersection;01/10/2001;01/01/2001 18:50;Motorist Drive Out - Sign-Controlled Intersection;132141;2011;C: Possible Injury;Commercial;0-19;19;No;0-5 mph;O: No Injury;White;Female;Passenger Car;No;No;Dark - Lighted Roadway;Mixed (30% To 70% Developed);2 lanes;2;Straight - Level;Public Vehicular Area;Dry;Two-Way, Not Divided;None;Driveway, Private;Smooth Asphalt;Piedmont;Urban;20 - 25  MPH;Stop Sign;Clear;No;35.78467, -78.688
725;726;No;25-29;26;No;With Traffic;C: Possible Injury;Travel Lane;White;Male;Raleigh;Wake;No;01/01/2006;22/10/2011;Motorist Left Turn / Merge;17;Non-Intersection;01/10/2001;01/01/2001 17:22;Motorist Left Turn - Same Direction;311211;2011;C: Possible Injury;Residential;NA;NA;Missing;0-5 mph;Injury;/Missing;NA;Commercial Bus;No;Yes;Daylight;Urban (>70% Developed);5 lanes;2;Straight - Level;Local Street;Dry;Two-Way, Not Divided;None;No Special Feature;Smooth Asphalt;Piedmont;Urban;30 - 35  MPH;No Control Present;Clear;No;35.78572, -78.6613
727;728;Yes;20-24;20;Yes;Not Applicable;B: Evident Injury;Travel Lane;White;Male;None - Rural Crash;New Hanover;Yes;01/01/2006;22/10/2011;Bicyclist Failed to Yield - Midblock;5;Non-Intersection;01/10/2001;01/01/2001 05:44;Bicyclist Ride Out - Commercial Driveway / Alley;313312;2011;B: Evident Injury;Residential;40-49;48;No;51-55 mph;O: No Injury;White;Female;Passenger Car;No;No;Dark - Roadway Not Lighted;Urban (>70% Developed);5 lanes;2;Straight - Grade;US Route;Dry;Two-Way, Divided, Unprotected Median;None;Related To Intersection;Coarse Asphalt;Coastal;Rural;50 - 55  MPH;No Control Present;Cloudy;No;34.26826, -77.869
728;729;Yes;40-49;40;No;Facing Traffic;B: Evident Injury;Travel Lane;White;Female;Goldsboro;Wayne;No;01/01/2004;13/10/2011;Motorist Failed to Yield - Sign-Controlled Intersection;17;Intersection;01/10/2001;01/01/2001 17:34;Motorist Drive Out - Sign-Controlled Intersection;112141;2011;B: Evident Injury;Residential;30-39;32;No;0-5 mph;O: No Injury;White;Male;Passenger Car;No;No;Daylight;Urban (>70% Developed);3 lanes;2;Straight - Level;Local Street;Dry;Two-Way, Not Divided;None;No Special Feature;Smooth Asphalt;Coastal;Urban;30 - 35  MPH;Stop Sign;Clear;No;35.3893, -77.9222
733;734;Yes;20-24;21;No;Facing Traffic;C: Possible Injury;Sidewalk / Crosswalk / Driveway Crossing;White;Male;Jacksonville;Onslow;No;01/01/2004;06/10/2011;Motorist Failed to Yield - Midblock;16;Non-Intersection;01/10/2001;01/01/2001 16:09;Motorist Drive Out - Commercial Driveway / Alley;332322;2011;C: Possible Injury;Commercial;50-59;51;No;0-5 mph;O: No Injury;White;Male;Passenger Car;No;No;Daylight;Urban (>70% Developed);NA;2;Straight - Level;Public Vehicular Area;Dry;Two-Way, Not Divided;None;Driveway, Private;Smooth Asphalt;Coastal;Urban;NA;No Control Present;Clear;No;34.75181, -77.4444
735;736;No;60-69;61;No;Not Applicable;O: No Injury;Travel Lane;Black;Male;Rocky Mount;Edgecombe;No;01/01/2003;28/09/2011;Parallel Paths - Other Circumstances;11;Non-Intersection;01/09/2001;01/01/2001 11:58;Bicyclist Ride Out - Parallel Path;313225;2011;O: No Injury;Residential;20-24;24;No;6-10 mph;O: No Injury;Black;Male;Sport Utility;No;No;Daylight;Urban (>70% Developed);2 lanes;2;Straight - Level;Local Street;Dry;Two-Way, Not Divided;None;Four-Way Intersection;Smooth Asphalt;Coastal;Urban;30 - 35  MPH;Stop Sign;Clear;No;35.95023, -77.7854
736;737;No;70+;NA;No;Facing Traffic;C: Possible Injury;Travel Lane;Black;Male;Rocky Mount;Edgecombe;No;NA;17/10/2011;Motorist Failed to Yield - Sign-Controlled Intersection;13;Intersection;01/10/2001;01/01/2001 13:24;Motorist Drive Out - Sign-Controlled Intersection;112141;2011;C: Possible Injury;Residential;25-29;27;No;31-35 mph;O: No Injury;White;Male;Pickup;No;No;Daylight;Urban (>70% Developed);2 lanes;2;Straight - Level;Local Street;Dry;Two-Way, Not Divided;None;No Special Feature;Coarse Asphalt;Coastal;Urban;30 - 35  MPH;Stop Sign;Clear;No;35.94099, -77.7877
737;738;No;20-24;22;No;With Traffic;B: Evident Injury;Travel Lane;White;Female;Charlotte;Mecklenburg;No;01/01/2002;18/10/2011;Motorist Overtaking Bicyclist;4;Non-Intersection;01/10/2001;01/01/2001 04:47;Motorist Overtaking - Other /;311239;2011;B: Evident Injury;Residential;NA;NA;Missing;21-25 mph;Injury;/Missing;NA;NA;No;Yes;Daylight;Urban (>70% Developed);5 lanes;2;Straight - Level;Local Street;Dry;Two-Way, Divided, Positive Median Barrier;None;No Special Feature;Smooth Asphalt;Piedmont;Urban;40 - 45  MPH;No Control Present;Clear;No;35.11277, -80.8572
743;744;No;50-59;56;No;With Traffic;Injury;Travel Lane;/Missing;Female;Columbia;Tyrrell;No;01/01/2004;06/10/2011;Motorist Overtaking Bicyclist;18;Non-Intersection;01/10/2001;01/01/2001 18:07;Motorist Overtaking - Bicyclist Swerved;311235;2011;O: No Injury;Residential;0-19;18;No;21-25 mph;O: No Injury;Black;Male;Passenger Car;No;No;Daylight;Urban (>70% Developed);1 lane;2;Straight - Level;Local Street;Dry;Two-Way, Not Divided;None;No Special Feature;Smooth Asphalt;Coastal;Rural;30 - 35  MPH;No Control Present;Clear;No;35.91603, -76.2498
747;748;Yes;50-59;51;No;With Traffic;B: Evident Injury;Travel Lane;White;Male;Raleigh;Wake;No;01/01/2007;16/10/2011;Motorist Left Turn / Merge;7;Non-Intersection;01/10/2001;01/01/2001 07:36;Motorist Left Turn - Opposite Direction;311212;2011;B: Evident Injury;Institutional;20-24;21;No;6-10 mph;O: No Injury;White;Female;Passenger Car;No;No;Dawn;Urban (>70% Developed);2 lanes;2;Straight - Level;Local Street;Dry;Two-Way, Not Divided;None;Driveway, Public;Coarse Asphalt;Piedmont;Urban;20 - 25  MPH;No Control Present;Clear;No;35.78515, -78.6756
752;753;Yes;16-19;17;No;With Traffic;C: Possible Injury;Travel Lane;White;Male;None - Rural Crash;Yadkin;No;NA;31/10/2011;Motorist Overtaking Bicyclist;22;Non-Intersection;01/10/2001;01/01/2001 22:27;Motorist Overtaking - Undetected Bicyclist;311231;2011;C: Possible Injury;Farms, Woods, Pastures;0-19;18;No;46-50 mph;O: No Injury;White;Female;Passenger Car;No;No;Dark - Roadway Not Lighted;Rural (<30% Developed);2 lanes;2;Straight - Level;State Secondary Route;Dry;Two-Way, Not Divided;None;No Special Feature;Coarse Asphalt;Mountains;Rural;50 - 55  MPH;No Control Present;Clear;No;36.20137, -80.5035
758;759;No;50-59;59;No;With Traffic;B: Evident Injury;Sidewalk / Crosswalk / Driveway Crossing;White;Male;Wilmington;New Hanover;No;01/01/2007;16/10/2011;Bicyclist Failed to Yield - Signalized Intersection;10;Intersection;01/10/2001;01/01/2001 10:57;Bicyclist Ride Out - Signalized  Intersection;131153;2011;B: Evident Injury;Commercial;30-39;32;No;31-35 mph;O: No Injury;White;Male;Single Unit Truck (2-Axle, 6-Tire);No;No;Daylight;Urban (>70% Developed);9 or more lanes;2;Straight - Level;Local Street;Dry;Two-Way, Divided, Unprotected Median;None;No Special Feature;Coarse Asphalt;Coastal;Urban;30 - 35  MPH;Stop And Go Signal;Clear;No;34.24819, -77.9476
763;764;Yes;15-nov;14;No;Facing Traffic;B: Evident Injury;Travel Lane;Hispanic;Male;None - Rural Crash;Beaufort;No;01/01/2002;11/10/2011;Bicyclist Right Turn / Merge;17;Non-Intersection;01/10/2001;01/01/2001 17:12;Bicyclist Right Turn - Same Direction;312223;2011;B: Evident Injury;Residential;20-24;20;No;41-45 mph;O: No Injury;Black;Female;Passenger Car;No;No;Daylight;Urban (>70% Developed);2 lanes;2;Straight - Level;State Secondary Route;Dry;Two-Way, Not Divided;None;No Special Feature;Coarse Asphalt;Coastal;Rural;40 - 45  MPH;Double Yellow Line, No Passing Zone;Clear;No;35.52382, -77.0096
769;770;Yes;20-24;21;No;Facing Traffic;B: Evident Injury;Sidewalk / Crosswalk / Driveway Crossing;White;Male;Raleigh;Wake;No;01/01/2005;04/11/2011;Motorist Failed to Yield - Sign-Controlled Intersection;16;Intersection;01/11/2001;01/01/2001 16:33;Motorist Drive Out - Sign-Controlled Intersection;132141;2011;B: Evident Injury;Commercial;30-39;38;No;0-5 mph;O: No Injury;Other;Female;Sport Utility;No;No;Daylight;Urban (>70% Developed);2 lanes;2;Straight - Grade;Local Street;Wet;Two-Way, Not Divided;Road Surface Condition;T-Intersection;Smooth Asphalt;Piedmont;Urban;20 - 25  MPH;Stop Sign;Cloudy;No;35.7721, -78.6386
771;772;No;50-59;56;No;With Traffic;B: Evident Injury;Bike Lane / Paved Shoulder;White;Male;Wilmington;New Hanover;No;01/01/2007;23/10/2011;Loss of Control / Turning Error;2;Non-Intersection;01/10/2001;01/01/2001 02:29;Motorist Lost Control - Other /;321139;2011;B: Evident Injury;Residential;NA;NA;Missing;51-55 mph;Injury;/Missing;NA;NA;No;Yes;Dark - Roadway Not Lighted;Mixed (30% To 70% Developed);6 lanes;2;Straight - Level;US Route;Dry;Two-Way, Divided, Unprotected Median;None;No Special Feature;Smooth Asphalt;Coastal;Urban;50 - 55  MPH;No Control Present;Clear;No;34.25471, -77.8793
772;773;No;16-19;16;No;With Traffic;C: Possible Injury;Sidewalk / Crosswalk / Driveway Crossing;Black;Female;Charlotte;Mecklenburg;No;01/01/2005;07/10/2011;Crossing Paths - Other Circumstances;18;Intersection;01/10/2001;01/01/2001 18:29;Signalized Intersection - Other /;131158;2011;C: Possible Injury;Residential;0-19;19;No;16-20 mph;O: No Injury;Black;Male;Passenger Car;No;No;Daylight;Urban (>70% Developed);2 lanes;2;Straight - Level;Local Street;Dry;Two-Way, Divided, Unprotected Median;None;No Special Feature;Smooth Asphalt;Piedmont;Urban;30 - 35  MPH;Stop And Go Signal;Clear;No;35.23805, -80.8753
785;786;No;25-29;26;No;With Traffic;C: Possible Injury;Travel Lane;White;Male;Asheville;Buncombe;No;01/01/2004;27/10/2011;Motorist Failed to Yield - Signalized Intersection;13;Intersection;01/10/2001;01/01/2001 13:29;Motorist Drive Out - Signalized Intersection;111152;2011;C: Possible Injury;Commercial;NA;NA;Missing;11-15 mph;Injury;/Missing;NA;NA;No;Yes;Daylight;Urban (>70% Developed);4 lanes;2;Straight - Grade;US Route;Dry;Two-Way, Not Divided;None;No Special Feature;Smooth Asphalt;Mountains;Urban;20 - 25  MPH;Double Yellow Line, No Passing Zone;Clear;Yes;35.59311, -82.5513
787;788;Yes;60-69;65;No;With Traffic;C: Possible Injury;Travel Lane;White;Male;None - Rural Crash;Randolph;No;01/01/2006;12/11/2011;Motorist Overtaking Bicyclist;14;Intersection-Related;01/11/2001;01/01/2001 14:43;Motorist Overtaking - Misjudged Space;211232;2011;C: Possible Injury;Commercial;NA;NA;No;31-35 mph;Injury;/Missing;NA;Passenger Car;No;Yes;Daylight;Urban (>70% Developed);3 lanes;2;Straight - Level;US Route;Dry;Two-Way, Not Divided;None;T-Intersection;Smooth Asphalt;Piedmont;Rural;40 - 45  MPH;Stop And Go Signal;Clear;No;35.66957, -79.8217
974;975;Yes;20-24;24;No;With Traffic;B: Evident Injury;Travel Lane;White;Female;Charlotte;Mecklenburg;No;01/01/2004;16/10/2008;Bicyclist Overtaking Motorist;11;Intersection;01/10/2001;01/01/2001 11:54;Bicyclist Overtaking - Other /;111249;2008;B: Evident Injury;Commercial;30-39;31;No;0-5 mph;O: No Injury;Hispanic;Male;Sport Utility;No;No;Daylight;Urban (>70% Developed);4 lanes;2;Straight - Level;Local Street;Dry;Two-Way, Divided, Positive Median Barrier;None;T-Intersection;Concrete;Piedmont;Urban;30 - 35  MPH;Flashing Signal Without Stop Sign;Clear;No;0.0, 0.0
989;990;No;15-nov;13;No;Facing Traffic;C: Possible Injury;Travel Lane;Hispanic;Male;None - Rural Crash;Catawba;No;01/01/2003;31/12/2008;Bicyclist Right Turn / Merge;17;Non-Intersection;01/12/2001;01/01/2001 17:38;Bicyclist Right Turn - Same Direction;312223;2008;C: Possible Injury;Residential;0-19;19;No;16-20 mph;O: No Injury;White;Female;Passenger Car;No;No;Dusk;Mixed (30% To 70% Developed);2 lanes;2;Straight - Level;State Secondary Route;Dry;Two-Way, Not Divided;None;No Special Feature;Smooth Asphalt;Piedmont;Rural;30 - 35  MPH;No Control Present;Clear;No;0.0, 0.0
991;992;Yes;15-nov;14;No;Not Applicable;B: Evident Injury;Bike Lane / Paved Shoulder;Black;Male;Raleigh;Wake;No;NA;24/11/2008;Bicyclist Failed to Yield - Midblock;17;Non-Intersection;01/11/2001;01/01/2001 17:21;Bicyclist Ride Out - Midblock -;323319;2008;B: Evident Injury;Commercial;50-59;51;No;16-20 mph;O: No Injury;White;Male;Passenger Car;No;No;Dusk;Urban (>70% Developed);2 lanes;2;Straight - Level;Local Street;Dry;Two-Way, Not Divided;None;No Special Feature;Coarse Asphalt;Piedmont;Urban;30 - 35  MPH;Missing;Clear;No;0.0, 0.0
992;993;No;10-juin;8;No;With Traffic;C: Possible Injury;Travel Lane;White;Male;Raleigh;Wake;No;01/01/2002;21/10/2008;Motorist Overtaking Bicyclist;17;Non-Intersection;01/10/2001;01/01/2001 17:34;Motorist Overtaking - Other /;311239;2008;C: Possible Injury;Residential;NA;NA;Missing;6-10 mph;Injury;/Missing;NA;NA;No;Yes;Daylight;Urban (>70% Developed);2 lanes;2;Straight - Grade;Local Street;Dry;Two-Way, Not Divided;None;No Special Feature;Smooth Asphalt;Piedmont;Urban;20 - 25  MPH;Missing;Clear;No;0.0, 0.0
995;996;Yes;40-49;49;Yes;Not Applicable;B: Evident Injury;NA;Black;Male;Greensboro;Guilford;Yes;01/01/2004;25/12/2008;Bicyclist Failed to Yield - Midblock;18;Non-Intersection;01/12/2001;01/01/2001 18:45;Bicyclist Ride Out - Midblock -;393319;2008;B: Evident Injury;Residential;50-59;56;No;26-30 mph;O: No Injury;Black;Male;Passenger Car;No;No;Dark - Roadway Not Lighted;Mixed (30% To 70% Developed);2 lanes;2;Straight - Bottom;Local Street;Dry;Two-Way, Not Divided;None;Bridge Approach;Smooth Asphalt;Piedmont;Urban;30 - 35  MPH;Missing;Clear;No;0.0, 0.0
511;512;Yes;50-59;50;No;With Traffic;C: Possible Injury;Travel Lane;Black;Male;Kinston;Lenoir;No;01/01/2002;12/08/2008;Motorist Overtaking Bicyclist;6;Non-Intersection;01/08/2001;01/01/2001 06:46;Motorist Overtaking - Undetected Bicyclist;311231;2008;C: Possible Injury;Commercial;20-24;21;No;46-50 mph;O: No Injury;White;Male;Passenger Car;No;No;Daylight;Urban (>70% Developed);2 lanes;2;Straight - Level;US Route;Dry;Two-Way, Not Divided;None;No Special Feature;Coarse Asphalt;Coastal;Urban;40 - 45  MPH;No Control Present;Clear;No;0.0, 0.0
512;513;Yes;50-59;53;No;With Traffic;C: Possible Injury;Travel Lane;Native American;Male;None - Rural Crash;Robeson;Yes;01/01/2007;13/07/2008;Motorist Overtaking Bicyclist;21;Non-Intersection;01/07/2001;01/01/2001 21:44;Motorist Overtaking - Misjudged Space;311232;2008;C: Possible Injury;Farms, Woods, Pastures;20-24;22;Yes;51-55 mph;O: No Injury;White;Male;Passenger Car;No;No;Daylight;Rural (<30% Developed);2 lanes;2;Straight - Level;NC Route;Dry;Two-Way, Not Divided;None;No Special Feature;Smooth Asphalt;Coastal;Rural;50 - 55  MPH;No Control Present;Clear;No;0.0, 0.0
514;515;Yes;20-24;20;No;With Traffic;C: Possible Injury;Sidewalk / Crosswalk / Driveway Crossing;White;Male;Charlotte;Mecklenburg;No;01/01/2002;12/08/2008;Bicyclist Failed to Yield - Signalized Intersection;14;Intersection;01/08/2001;01/01/2001 14:14;Bicyclist Failed to Clear - Trapped;131156;2008;C: Possible Injury;Commercial;20-24;20;No;0-5 mph;O: No Injury;White;Male;Pickup;No;No;Daylight;Mixed (30% To 70% Developed);3 lanes;2;Straight - Level;Local Street;Dry;Two-Way, Divided, Unprotected Median;None;No Special Feature;Smooth Asphalt;Piedmont;Urban;40 - 45  MPH;Stop And Go Signal;Clear;No;0.0, 0.0
516;517;Yes;16-19;16;No;With Traffic;C: Possible Injury;Bike Lane / Paved Shoulder;White;Male;Kannapolis;Cabarrus;No;01/01/2002;15/07/2008;Crossing Paths - Other Circumstances;19;Intersection;01/07/2001;01/01/2001 19:49;Signalized Intersection - Other /;121158;2008;C: Possible Injury;Commercial;0-19;19;No;26-30 mph;O: No Injury;Hispanic;Female;Sport Utility;No;No;Daylight;Urban (>70% Developed);4 lanes;2;Straight - Level;Local Street;Dry;Two-Way, Not Divided;None;Four-Way Intersection;Smooth Asphalt;Piedmont;Urban;30 - 35  MPH;Stop And Go Signal;Clear;No;0.0, 0.0
524;525;No;15-nov;12;No;With Traffic;O: No Injury;Travel Lane;Black;Male;Fayetteville;Cumberland;No;01/01/2005;15/08/2008;Motorist Overtaking Bicyclist;16;Non-Intersection;01/08/2001;01/01/2001 16:40;Motorist Overtaking - Bicyclist Swerved;311235;2008;O: No Injury;Residential;25-29;25;No;21-25 mph;O: No Injury;Black;Female;Passenger Car;No;No;Daylight;Urban (>70% Developed);2 lanes;2;Straight - Level;Local Street;Dry;Two-Way, Not Divided;None;No Special Feature;Smooth Asphalt;Coastal;Urban;20 - 25  MPH;No Control Present;Clear;No;0.0, 0.0
529;530;Yes;25-29;27;No;With Traffic;B: Evident Injury;Travel Lane;White;Male;None - Rural Crash;Catawba;No;01/01/2006;16/08/2008;Motorist Overtaking Bicyclist;10;Non-Intersection;01/08/2001;01/01/2001 10:14;Motorist Overtaking - Misjudged Space;311232;2008;B: Evident Injury;Farms, Woods, Pastures;50-59;56;No;31-35 mph;O: No Injury;White;Male;Passenger Car;No;No;Daylight;Rural (<30% Developed);2 lanes;2;Curve - Grade;State Secondary Route;Dry;Two-Way, Not Divided;None;No Special Feature;Coarse Asphalt;Piedmont;Rural;50 - 55  MPH;Double Yellow Line, No Passing Zone;Clear;No;0.0, 0.0
676;677;Yes;50-59;52;No;Facing Traffic;C: Possible Injury;Travel Lane;White;Male;Washington;Beaufort;No;01/01/2002;14/09/2010;Motorist Failed to Yield - Midblock;14;Non-Intersection;01/09/2001;01/01/2001 14:13;Motorist Drive Out - Commercial Driveway / Alley;0;2010;C: Possible Injury;Commercial;0-19;17;No;0-5 mph;O: No Injury;Black;Female;Passenger Car;No;No;Daylight;Urban (>70% Developed);5 lanes;2;Straight - Level;Local Street;Dry;Two-Way, Not Divided;None;Driveway, Public;Coarse Asphalt;Coastal;Urban;40 - 45  MPH;No Control Present;Clear;No;35.546524, -77.03274