FID;OBJECTID;AmbulanceR;BikeAge_Gr;Bike_Age;Bike_Alc_D;Bike_Dir;Bike_Injur;Bike_Pos;Bike_Race;Bike_Sex;City;County;CrashAlcoh;CrashDay;Crash_Date;Crash_Grp;Crash_Hour;Crash_Loc;Crash_Mont;Crash_Time;Crash_Type;Crash_Ty_1;Crash_Year;Crsh_Sevri;Developmen;DrvrAge_Gr;Drvr_Age;Drvr_Alc_D;Drvr_EstSp;Drvr_Injur;Drvr_Race;Drvr_Sex;Drvr_VehTy;ExcsSpdInd;Hit_Run;Light_Cond;Locality;Num_Lanes;Num_Units;Rd_Charact;Rd_Class;Rd_Conditi;Rd_Config;Rd_Defects;Rd_Feature;Rd_Surface;Region;Rural_Urba;Speed_Limi;Traff_Cntr;Weather;Workzone_I;Location
692;693;Yes;50-59;50;No;Facing Traffic;B: Evident Injury;Sidewalk / Crosswalk / Driveway Crossing;Black;Male;Raleigh;Wake;No;01/01/2002;31/08/2010;Motorist Failed to Yield - Signalized Intersection;23;Intersection;01/08/2001;01/01/2001 23:35;Motorist Drive Out - Signalized Intersection;0;2010;B: Evident Injury;Commercial;30-39;38;No;0-5 mph;O: No Injury;Black;Female;Passenger Car;No;No;Dark - Lighted Roadway;Urban (>70% Developed);3 lanes;2;Straight - Level;Local Street;Dry;Two-Way, Divided, Positive Median Barrier;None;On or Off Ramp;Smooth Asphalt;Piedmont;Urban;40 - 45  MPH;Stop And Go Signal;Clear;No;35.753788, -78.649216
713;714;Yes;30-39;36;No;Facing Traffic;C: Possible Injury;Travel Lane;Black;Male;High Point;Guilford;No;01/01/2005;17/09/2010;Crossing Paths - Other Circumstances;9;Intersection;01/09/2001;01/01/2001 09:40;Sign-Controlled Intersection - Other /;0;2010;C: Possible Injury;Commercial;70+;NA;No;NA;O: No Injury;White;Male;Passenger Car;No;No;Daylight;Urban (>70% Developed);2 lanes;2;Straight - Level;Local Street;Dry;Two-Way, Not Divided;None;T-Intersection;Coarse Asphalt;Piedmont;Urban;30 - 35  MPH;Stop Sign;Cloudy;No;35.944515, -80.03408
720;721;No;40-49;45;No;With Traffic;C: Possible Injury;Travel Lane;Black;Male;Burlington;Alamance;No;01/01/2002;28/09/2010;Crossing Paths - Other Circumstances;17;Intersection-Related;01/09/2001;01/01/2001 17:23;Crossing Paths - Intersection - Other /;0;2010;C: Possible Injury;Commercial;40-49;42;No;41-45 mph;O: No Injury;White;Male;Passenger Car;No;No;Daylight;Urban (>70% Developed);5 lanes;2;Straight - Level;Local Street;Dry;Two-Way, Not Divided;None;No Special Feature;Grooved Concrete;Piedmont;Urban;40 - 45  MPH;No Control Present;Clear;No;36.06763, -79.42614
723;724;Yes;20-24;20;No;With Traffic;C: Possible Injury;Sidewalk / Crosswalk / Driveway Crossing;Black;Male;Cary;Wake;No;01/01/2005;01/10/2010;Crossing Paths - Other Circumstances;12;Intersection;01/10/2001;01/01/2001 12:12;Signalized Intersection - Other /;0;2010;C: Possible Injury;Commercial;50-59;52;No;0-5 mph;O: No Injury;White;Male;Sport Utility;No;No;Daylight;Urban (>70% Developed);5 lanes;2;Straight - Level;State Secondary Route;Dry;Two-Way, Not Divided;None;Four-Way Intersection;Smooth Asphalt;Piedmont;Urban;30 - 35  MPH;Stop And Go Signal;Cloudy;No;35.767426, -78.7826
731;732;No;20-24;22;No;Facing Traffic;C: Possible Injury;Travel Lane;White;Female;Fayetteville;Cumberland;No;NA;04/10/2010;Motorist Failed to Yield - Midblock;15;Non-Intersection;01/10/2001;01/01/2001 15:23;Motorist Drive Out - Other Midblock;0;2010;C: Possible Injury;Commercial;50-59;56;No;6-10 mph;O: No Injury;Black;Male;Passenger Car;No;No;Daylight;Urban (>70% Developed);5 lanes;2;Straight - Level;Local Street;Dry;Two-Way, Not Divided;None;No Special Feature;Coarse Asphalt;Coastal;Urban;40 - 45  MPH;No Control Present;Clear;No;35.086502, -78.97817
735;736;Yes;50-59;57;No;Facing Traffic;B: Evident Injury;Sidewalk / Crosswalk / Driveway Crossing;White;Male;Charlotte;Mecklenburg;No;01/01/2005;01/10/2010;Motorist Failed to Yield - Signalized Intersection;16;Intersection;01/10/2001;01/01/2001 16:54;Motorist Drive Out - Right Turn on Red;0;2010;B: Evident Injury;Commercial;30-39;37;No;0-5 mph;O: No Injury;White;Male;Sport Utility;No;No;Daylight;Urban (>70% Developed);2 lanes;2;Straight - Level;Local Street;Dry;Two-Way, Not Divided;None;No Special Feature;Smooth Asphalt;Piedmont;Urban;30 - 35  MPH;Stop And Go Signal;Clear;No;35.212296, -80.76272
736;737;No;30-39;36;No;With Traffic;C: Possible Injury;Travel Lane;White;Male;Durham;Durham;No;01/01/2005;08/10/2010;Crossing Paths - Other Circumstances;7;Intersection;01/10/2001;01/01/2001 07:04;Crossing Paths - Intersection - Other /;0;2010;C: Possible Injury;Residential;20-24;23;No;0-5 mph;O: No Injury;Hispanic;Male;Passenger Car;No;No;Dawn;Urban (>70% Developed);2 lanes;2;Straight - Level;Local Street;Dry;Two-Way, Not Divided;None;No Special Feature;Smooth Asphalt;Piedmont;Urban;20 - 25  MPH;No Control Present;Clear;No;35.97247, -78.93758
737;738;No;30-39;38;No;With Traffic;B: Evident Injury;Travel Lane;White;Male;Charlotte;Mecklenburg;No;01/01/2006;02/10/2010;Motorist Left Turn / Merge;10;Intersection;01/10/2001;01/01/2001 10:44;Motorist Left Turn - Opposite Direction;0;2010;B: Evident Injury;Commercial;50-59;53;No;11-15 mph;O: No Injury;White;Male;Passenger Car;No;No;Daylight;Mixed (30% To 70% Developed);4 lanes;2;Straight - Level;NC Route;Dry;Two-Way, Divided, Positive Median Barrier;None;No Special Feature;Smooth Asphalt;Piedmont;Urban;40 - 45  MPH;Stop And Go Signal;Clear;No;35.066433, -80.84499
739;740;Yes;40-49;46;No;With Traffic;B: Evident Injury;Sidewalk / Crosswalk / Driveway Crossing;Black;Male;Charlotte;Mecklenburg;No;01/01/2007;03/10/2010;Motorist Right Turn / Merge;13;Non-Intersection;01/10/2001;01/01/2001 13:42;Motorist Right Turn - Same Direction;0;2010;B: Evident Injury;Commercial;30-39;32;No;0-5 mph;O: No Injury;Black;Male;Passenger Car;No;No;Daylight;Urban (>70% Developed);2 lanes;2;Straight - Level;Local Street;Dry;Two-Way, Not Divided;None;No Special Feature;Concrete;Piedmont;Urban;30 - 35  MPH;No Control Present;Cloudy;No;35.200977, -80.843475
769;770;No;30-39;39;No;With Traffic;C: Possible Injury;Travel Lane;Hispanic;Male;None - Rural Crash;Johnston;No;01/01/2002;12/10/2010;Motorist Overtaking Bicyclist;19;Non-Intersection;01/10/2001;01/01/2001 19:29;Motorist Overtaking - Other /;0;2010;C: Possible Injury;Farms, Woods, Pastures;NA;NA;No;41-45 mph;Injury;/Missing;NA;Passenger Car;No;Yes;Dark - Roadway Not Lighted;Rural (<30% Developed);2 lanes;2;Straight - Level;State Secondary Route;Dry;Two-Way, Not Divided;None;No Special Feature;Coarse Asphalt;Coastal;Rural;40 - 45  MPH;Double Yellow Line, No Passing Zone;Clear;No;35.673233, -78.48581
777;778;Yes;25-29;25;No;Facing Traffic;C: Possible Injury;Sidewalk / Crosswalk / Driveway Crossing;Hispanic;Male;Charlotte;Mecklenburg;No;01/01/2006;19/06/2010;Bicyclist Failed to Yield - Signalized Intersection;9;Intersection;01/06/2001;01/01/2001 09:11;Bicyclist Ride Through - Signalized Intersection;0;2010;C: Possible Injury;Commercial;20-24;23;No;6-10 mph;O: No Injury;Black;Female;Sport Utility;No;No;Daylight;Urban (>70% Developed);4 lanes;2;Straight - Level;Local Street;Dry;Two-Way, Not Divided;None;Four-Way Intersection;Smooth Asphalt;Piedmont;Urban;40 - 45  MPH;Stop And Go Signal;Clear;No;35.300465, -80.75353
780;781;Yes;20-24;23;No;With Traffic;B: Evident Injury;Travel Lane;White;Female;Salisbury;Rowan;No;01/01/2003;20/10/2010;Motorist Overtaking Bicyclist;22;Non-Intersection;01/10/2001;01/01/2001 22:08;Motorist Overtaking - Other /;0;2010;B: Evident Injury;Residential;NA;NA;Missing;36-40 mph;Injury;/Missing;NA;Van;No;Yes;Dark - Roadway Not Lighted;Urban (>70% Developed);2 lanes;2;Straight - Grade;Local Street;Dry;Two-Way, Not Divided;None;No Special Feature;Coarse Asphalt;Piedmont;Urban;40 - 45  MPH;No Control Present;Clear;No;35.650772, -80.48696
786;787;No;10-juin;9;No;Not Applicable;C: Possible Injury;Non-Roadway;White;Male;None - Rural Crash;Brunswick;No;01/01/2002;19/10/2010;Non-Roadway;16;Non-Roadway;01/10/2001;01/01/2001 16:42;Non-Roadway;0;2010;C: Possible Injury;Residential;20-24;24;No;6-10 mph;O: No Injury;Hispanic;Male;Passenger Car;No;No;Daylight;Rural (<30% Developed);2 lanes;2;Straight - Level;Public Vehicular Area;Dry;Two-Way, Not Divided;None;No Special Feature;Soil;Coastal;Rural;5 - 15 MPH;No Control Present;Clear;No;34.019638, -78.46999
794;795;Yes;60-69;60;No;With Traffic;B: Evident Injury;Travel Lane;White;Male;Raleigh;Wake;No;01/01/2002;21/09/2010;Motorist Failed to Yield - Sign-Controlled Intersection;8;Intersection;01/09/2001;01/01/2001 08:40;Motorist Drive Out - Sign-Controlled Intersection;0;2010;B: Evident Injury;Residential;30-39;33;No;21-25 mph;O: No Injury;White;Female;Passenger Car;No;No;Daylight;Urban (>70% Developed);4 lanes;2;Straight - Level;Local Street;Dry;Two-Way, Divided, Unprotected Median;None;Four-Way Intersection;Concrete;Piedmont;Urban;40 - 45  MPH;Stop Sign;Clear;No;35.89551, -78.59954
797;798;Yes;50-59;50;No;With Traffic;C: Possible Injury;Travel Lane;White;Male;None - Rural Crash;Wayne;No;01/01/2005;15/10/2010;Motorist Overtaking Bicyclist;7;Non-Intersection;01/10/2001;01/01/2001 07:50;Motorist Overtaking - Undetected Bicyclist;0;2010;C: Possible Injury;Farms, Woods, Pastures;40-49;41;No;31-35 mph;O: No Injury;White;Female;Sport Utility;No;No;Daylight;Rural (<30% Developed);2 lanes;2;Curve - Level;State Secondary Route;Dry;Two-Way, Not Divided;None;No Special Feature;Coarse Asphalt;Coastal;Rural;50 - 55  MPH;Double Yellow Line, No Passing Zone;Clear;No;35.40912, -78.087685
802;803;Yes;40-49;47;No;With Traffic;A: Disabling Injury;Travel Lane;Black;Male;Fayetteville;Cumberland;No;01/01/2003;20/10/2010;Bicyclist Failed to Yield - Sign-Controlled Intersection;20;Intersection;01/10/2001;01/01/2001 20:35;Bicyclist Ride Through - Sign-Controlled Intersection;0;2010;A: Disabling Injury;Industrial;60-69;66;No;51-55 mph;O: No Injury;Native American;Female;Passenger Car;No;No;Dark - Lighted Roadway;Urban (>70% Developed);4 lanes;2;Curve - Level;Local Street;Dry;Two-Way, Not Divided;None;Four-Way Intersection;Coarse Asphalt;Coastal;Urban;50 - 55  MPH;Stop Sign;Clear;No;35.029667, -78.87181
803;804;No;20-24;21;No;With Traffic;B: Evident Injury;Sidewalk / Crosswalk / Driveway Crossing;Black;Male;Greensboro;Guilford;No;01/01/2003;20/10/2010;Motorist Right Turn / Merge;15;Intersection;01/10/2001;01/01/2001 15:27;Motorist Right Turn - Same Direction;0;2010;B: Evident Injury;Residential;NA;NA;Missing;NA;Injury;/Missing;NA;NA;No;Yes;Daylight;Urban (>70% Developed);2 lanes;2;Straight - Level;Local Street;Dry;Two-Way, Not Divided;None;T-Intersection;Smooth Asphalt;Piedmont;Urban;30 - 35  MPH;Stop Sign;Clear;No;36.099064, -79.819435
805;806;Yes;20-24;20;No;With Traffic;B: Evident Injury;Sidewalk / Crosswalk / Driveway Crossing;Asian;Female;Chapel Hill;Orange;No;01/01/2004;21/10/2010;Parallel Paths - Other Circumstances;15;Non-Intersection;01/10/2001;01/01/2001 15:33;Bicyclist Ride Out - Parallel Path;0;2010;B: Evident Injury;Institutional;25-29;27;No;11-15 mph;Injury;Black;Male;Other Bus;No;No;Daylight;Mixed (30% To 70% Developed);4 lanes;2;Straight - Level;Local Street;Dry;Two-Way, Not Divided;None;No Special Feature;Smooth Asphalt;Piedmont;Urban;20 - 25  MPH;Stop And Go Signal;Clear;No;35.903206, -79.04793
822;823;Yes;20-24;21;No;Facing Traffic;B: Evident Injury;Travel Lane;White;Male;Chapel Hill;Orange;No;01/01/2004;28/10/2010;Motorist Failed to Yield - Midblock;23;Non-Intersection;01/10/2001;01/01/2001 23:49;Motorist Drive Out - Commercial Driveway / Alley;0;2010;B: Evident Injury;Commercial;20-24;23;No;0-5 mph;O: No Injury;White;Male;Passenger Car;No;No;Dark - Lighted Roadway;Urban (>70% Developed);4 lanes;2;Straight - Grade;Local Street;Dry;Two-Way, Not Divided;None;No Special Feature;Smooth Asphalt;Piedmont;Urban;20 - 25  MPH;No Control Present;Clear;No;35.911804, -79.062035
828;829;Yes;20-24;23;No;With Traffic;B: Evident Injury;Bike Lane / Paved Shoulder;White;Female;Boone;Watauga;No;01/01/2002;02/11/2010;Motorist Left Turn / Merge;7;Non-Intersection;01/11/2001;01/01/2001 07:45;Motorist Left Turn - Opposite Direction;0;2010;B: Evident Injury;Institutional;25-29;26;No;0-5 mph;O: No Injury;White;Female;Passenger Car;No;No;Dawn;Urban (>70% Developed);4 lanes;2;Straight - Level;Local Street;Dry;Two-Way, Not Divided;None;Driveway, Public;Smooth Asphalt;Mountains;Urban;20 - 25  MPH;No Control Present;Clear;No;36.212574, -81.68099
832;833;Yes;30-39;32;No;With Traffic;B: Evident Injury;Travel Lane;Black;Male;None - Rural Crash;Guilford;No;01/01/2004;04/11/2010;Motorist Overtaking Bicyclist;6;Non-Intersection;01/11/2001;01/01/2001 06:32;Motorist Overtaking - Undetected Bicyclist;0;2010;B: Evident Injury;Farms, Woods, Pastures;40-49;49;No;41-45 mph;O: No Injury;Black;Male;Passenger Car;No;No;Dark - Roadway Not Lighted;Rural (<30% Developed);2 lanes;2;Straight - Level;State Secondary Route;Wet;Two-Way, Not Divided;None;No Special Feature;Smooth Asphalt;Piedmont;Rural;40 - 45  MPH;No Control Present;Cloudy;No;36.023403, -79.70553
840;841;No;20-24;24;No;With Traffic;O: No Injury;Travel Lane;White;Male;Raleigh;Wake;No;01/01/2007;17/10/2010;Bicyclist Left Turn / Merge;0;Intersection;01/10/2001;01/01/2001 00:01;Bicyclist Left Turn - Opposite Direction;0;2010;O: No Injury;Commercial;0-19;19;No;16-20 mph;O: No Injury;Black;Male;Passenger Car;No;No;Dark - Lighted Roadway;Urban (>70% Developed);2 lanes;2;Straight - Level;Local Street;Dry;Two-Way, Not Divided;None;No Special Feature;Smooth Asphalt;Piedmont;Urban;30 - 35  MPH;Stop And Go Signal;Clear;No;35.776928, -78.639275
845;846;Yes;60-69;60;No;Facing Traffic;B: Evident Injury;Travel Lane;Black;Male;None - Rural Crash;Gates;No;01/01/2003;10/11/2010;Head-On;16;Non-Intersection;01/11/2001;01/01/2001 16:49;Head-On - Bicyclist;0;2010;B: Evident Injury;Farms, Woods, Pastures;30-39;30;No;51-55 mph;O: No Injury;White;Male;Van;No;No;Daylight;Rural (<30% Developed);2 lanes;2;Straight - Level;State Secondary Route;Dry;Two-Way, Not Divided;None;No Special Feature;Coarse Asphalt;Coastal;Rural;50 - 55  MPH;No Control Present;Clear;No;36.478985, -76.713905
846;847;Yes;60-69;63;No;With Traffic;B: Evident Injury;Travel Lane;White;Male;None - Rural Crash;Onslow;No;NA;08/11/2010;Motorist Overtaking Bicyclist;22;Non-Intersection;01/11/2001;01/01/2001 22:21;Motorist Overtaking - Misjudged Space;0;2010;B: Evident Injury;Farms, Woods, Pastures;NA;NA;No;41-45 mph;Injury;/Missing;NA;Passenger Car;No;Yes;Dark - Roadway Not Lighted;Rural (<30% Developed);2 lanes;2;Straight - Level;State Secondary Route;Dry;Two-Way, Not Divided;None;No Special Feature;Coarse Asphalt;Coastal;Rural;40 - 45  MPH;Double Yellow Line, No Passing Zone;Clear;No;34.526165, -77.431595
858;859;No;30-39;36;No;NA;Injury;Sidewalk / Crosswalk / Driveway Crossing;Hispanic;Male;Andrews;Cherokee;No;01/01/2002;14/09/2010;Motorist Failed to Yield - Midblock;20;Non-Intersection;01/09/2001;01/01/2001 20:34;Motorist Drive Out - Commercial Driveway / Alley;0;2010;O: No Injury;Commercial;0-19;19;No;NA;O: No Injury;White;Male;Pickup;No;No;Dark - Lighted Roadway;Mixed (30% To 70% Developed);2 lanes;2;Straight - Level;NA;Dry;Two-Way, Divided, Unprotected Median;Other;Other;Smooth Asphalt;Mountains;Rural;30 - 35  MPH;No Control Present;Cloudy;No;35.199894, -83.8303
860;861;Yes;50-59;55;Yes;Facing Traffic;C: Possible Injury;Sidewalk / Crosswalk / Driveway Crossing;Black;Male;Gastonia;Gaston;Yes;01/01/2002;09/11/2010;Motorist Failed to Yield - Signalized Intersection;13;Intersection;01/11/2001;01/01/2001 13:32;Motorist Drive Out - Right Turn on Red;0;2010;C: Possible Injury;Commercial;50-59;52;No;0-5 mph;O: No Injury;White;Male;Pickup;No;No;Daylight;Urban (>70% Developed);2 lanes;2;Straight - Grade;Local Street;Dry;Two-Way, Not Divided;None;Four-Way Intersection;Smooth Asphalt;Piedmont;Urban;30 - 35  MPH;Stop And Go Signal;Clear;No;35.262466, -81.168365
862;863;Yes;50-59;55;No;With Traffic;K: Killed;Travel Lane;Black;Male;None - Rural Crash;Nash;No;01/01/2005;19/11/2010;Motorist Overtaking Bicyclist;13;Non-Intersection;01/11/2001;01/01/2001 13:57;Motorist Overtaking - Other /;0;2010;K: Killed;Farms, Woods, Pastures;30-39;32;No;41-45 mph;O: No Injury;Black;Female;Light Truck (Mini-Van, Panel);No;No;Daylight;Rural (<30% Developed);2 lanes;2;Straight - Level;State Secondary Route;Dry;Two-Way, Not Divided;None;No Special Feature;Coarse Asphalt;Coastal;Rural;40 - 45  MPH;No Control Present;Clear;No;36.027058, -77.96428
865;866;No;20-24;23;No;With Traffic;O: No Injury;Travel Lane;White;Female;Raleigh;Wake;No;01/01/2005;29/10/2010;Motorist Failed to Yield - Midblock;16;Non-Intersection;01/10/2001;01/01/2001 16:44;Motorist Drive Out - Commercial Driveway / Alley;0;2010;O: No Injury;Commercial;60-69;68;No;0-5 mph;O: No Injury;White;Female;Passenger Car;No;No;Daylight;Urban (>70% Developed);2 lanes;2;Straight - Grade;Local Street;Dry;Two-Way, Not Divided;None;No Special Feature;Smooth Asphalt;Piedmont;Urban;5 - 15 MPH;No Control Present;Clear;No;35.791992, -78.662186
870;871;No;40-49;43;No;With Traffic;Injury;Bike Lane / Paved Shoulder;/Missing;NA;Fayetteville;Cumberland;No;01/01/2005;12/11/2010;Motorist Failed to Yield - Midblock;8;Non-Intersection;01/11/2001;01/01/2001 08:51;Motorist Drive Out - Commercial Driveway / Alley;0;2010;Injury;Commercial;NA;NA;Missing;NA;Injury;/Missing;NA;NA;No;Yes;Daylight;Urban (>70% Developed);7 lanes;2;Straight - Level;Local Street;Dry;Two-Way, Not Divided;None;No Special Feature;Coarse Asphalt;Coastal;Urban;NA;No Control Present;Clear;No;35.043423, -78.95513
876;877;Yes;20-24;22;No;With Traffic;B: Evident Injury;Travel Lane;White;Male;Greensboro;Guilford;No;01/01/2005;12/11/2010;Motorist Left Turn / Merge;9;Intersection;01/11/2001;01/01/2001 09:10;Motorist Left Turn - Opposite Direction;0;2010;B: Evident Injury;Commercial;50-59;50;No;21-25 mph;O: No Injury;Black;Female;Passenger Car;No;No;Daylight;Urban (>70% Developed);3 lanes;2;Curve - Bottom;Local Street;Dry;Two-Way, Not Divided;None;T-Intersection;Smooth Asphalt;Piedmont;Urban;20 - 25  MPH;Stop Sign;Clear;No;36.068127, -79.78996
879;880;Yes;10-juin;7;No;Not Applicable;C: Possible Injury;Travel Lane;Black;Male;None - Rural Crash;Catawba;No;01/01/2006;27/11/2010;Bicyclist Failed to Yield - Midblock;13;Non-Intersection;01/11/2001;01/01/2001 13:03;Bicyclist Ride Out - Residential Driveway;0;2010;C: Possible Injury;Residential;40-49;41;No;41-45 mph;O: No Injury;White;Male;Van;No;No;Daylight;Rural (<30% Developed);2 lanes;2;Straight - Level;State Secondary Route;Dry;Two-Way, Not Divided;None;No Special Feature;Smooth Asphalt;Piedmont;Rural;40 - 45  MPH;Double Yellow Line, No Passing Zone;Clear;No;35.60822, -81.31936
890;891;Yes;25-29;27;No;With Traffic;C: Possible Injury;Travel Lane;Black;Male;High Point;Guilford;No;01/01/2003;17/11/2010;Backing Vehicle;15;Intersection;01/11/2001;01/01/2001 15:14;Backing Vehicle;0;2010;C: Possible Injury;Residential;30-39;39;No;0-5 mph;O: No Injury;Black;Male;Passenger Car;No;No;Daylight;Rural (<30% Developed);2 lanes;2;Straight - Level;Local Street;Dry;Two-Way, Not Divided;None;T-Intersection;Coarse Asphalt;Piedmont;Urban;30 - 35  MPH;Stop Sign;Clear;No;35.98946, -79.960205
918;919;Yes;40-49;43;No;NA;C: Possible Injury;Travel Lane;Hispanic;Male;Charlotte;Mecklenburg;No;NA;27/09/2010;Crossing Paths - Other Circumstances;16;Intersection;01/09/2001;01/01/2001 16:52;Signalized Intersection - Other /;0;2010;C: Possible Injury;Commercial;40-49;46;No;31-35 mph;O: No Injury;Black;Female;Passenger Car;No;No;Daylight;Urban (>70% Developed);2 lanes;2;Straight - Level;Local Street;Wet;Two-Way, Not Divided;None;No Special Feature;Smooth Asphalt;Piedmont;Urban;30 - 35  MPH;Stop And Go Signal;Rain;No;35.240402, -80.919716
932;933;Yes;16-19;18;No;With Traffic;B: Evident Injury;Travel Lane;White;Male;Raleigh;Wake;No;NA;06/12/2010;Loss of Control / Turning Error;16;Intersection;01/12/2001;01/01/2001 16:16;Bicyclist Lost Control - Mechanical Problems;0;2010;B: Evident Injury;Residential;70+;NA;No;31-35 mph;O: No Injury;White;Male;Passenger Car;No;No;Daylight;Urban (>70% Developed);4 lanes;2;Straight - Hillcrest;Local Street;Dry;Two-Way, Divided, Unprotected Median;None;Four-Way Intersection;Coarse Asphalt;Piedmont;Urban;30 - 35  MPH;Stop Sign;Clear;No;35.962467, -78.55279
933;934;Yes;16-19;19;No;Not Applicable;C: Possible Injury;Driveway / Alley;Black;Male;Raleigh;Wake;No;01/01/2005;03/12/2010;Crossing Paths - Other Circumstances;18;Intersection-Related;01/12/2001;01/01/2001 18:42;Crossing Paths - Uncontrolled Intersection;0;2010;C: Possible Injury;Residential;60-69;63;No;6-10 mph;O: No Injury;Black;Male;Sport Utility;No;No;Dark - Lighted Roadway;Urban (>70% Developed);2 lanes;2;Straight - Level;Local Street;Dry;Two-Way, Divided, Unprotected Median;None;T-Intersection;Smooth Asphalt;Piedmont;Urban;20 - 25  MPH;No Control Present;Clear;No;35.764496, -78.63235
937;938;Yes;15-nov;11;No;With Traffic;B: Evident Injury;Sidewalk / Crosswalk / Driveway Crossing;Black;Male;Havelock;Craven;No;01/01/2005;12/11/2010;Motorist Left Turn / Merge;15;Non-Intersection;01/11/2001;01/01/2001 15:06;Motorist Left Turn - Opposite Direction;0;2010;B: Evident Injury;Commercial;40-49;42;No;0-5 mph;O: No Injury;Black;Male;Passenger Car;No;No;Daylight;Urban (>70% Developed);NA;2;Straight - Level;Public Vehicular Area;Dry;Two-Way, Not Divided;None;Driveway, Public;Smooth Asphalt;Coastal;Urban;5 - 15 MPH;No Control Present;Clear;No;34.877342, -76.8969
940;941;No;60-69;61;No;With Traffic;C: Possible Injury;Bike Lane / Paved Shoulder;White;Male;None - Rural Crash;New Hanover;No;01/01/2005;24/12/2010;Bicyclist Failed to Yield - Signalized Intersection;13;Intersection;01/12/2001;01/01/2001 13:14;Bicyclist Ride Through - Signalized Intersection;0;2010;C: Possible Injury;Commercial;70+;NA;No;6-10 mph;O: No Injury;White;Male;Passenger Car;No;No;Daylight;Mixed (30% To 70% Developed);3 lanes;2;Straight - Level;State Secondary Route;Dry;Two-Way, Not Divided;None;Driveway, Public;Coarse Asphalt;Coastal;Rural;40 - 45  MPH;Stop And Go Signal;Clear;No;34.267063, -77.92171
942;943;Yes;40-49;48;No;With Traffic;C: Possible Injury;Travel Lane;Native American;Male;None - Rural Crash;Robeson;No;01/01/2005;12/11/2010;Motorist Overtaking Bicyclist;20;Non-Intersection;01/11/2001;01/01/2001 20:29;Motorist Overtaking - Other /;0;2010;C: Possible Injury;Farms, Woods, Pastures;NA;NA;Missing;46-50 mph;Injury;/Missing;NA;NA;No;Yes;Dark - Roadway Not Lighted;Rural (<30% Developed);2 lanes;2;Straight - Level;NC Route;Dry;Two-Way, Not Divided;None;No Special Feature;Coarse Asphalt;Coastal;Rural;50 - 55  MPH;No Control Present;Clear;No;34.563046, -79.059685
943;944;Yes;40-49;40;No;Not Applicable;B: Evident Injury;Travel Lane;White;Male;Wilmington;New Hanover;No;01/01/2002;14/12/2010;Bicyclist Failed to Yield - Midblock;11;Non-Intersection;01/12/2001;01/01/2001 11:34;Bicyclist Ride Out - Other Midblock;0;2010;B: Evident Injury;Commercial;40-49;49;No;6-10 mph;O: No Injury;White;Female;Passenger Car;No;No;Daylight;Urban (>70% Developed);NA;2;Straight - Level;Public Vehicular Area;Dry;One-Way, Not Divided;None;No Special Feature;Smooth Asphalt;Coastal;Urban;NA;No Control Present;Clear;No;34.26177, -77.8281
950;951;Yes;10-juin;10;No;Facing Traffic;B: Evident Injury;Travel Lane;White;Male;Mooresville;Iredell;No;NA;20/12/2010;Motorist Right Turn / Merge;15;Intersection;01/12/2001;01/01/2001 15:47;Motorist Right Turn - Opposite Direction;0;2010;B: Evident Injury;Commercial;60-69;66;No;11-15 mph;O: No Injury;White;Male;Passenger Car;No;No;Daylight;Urban (>70% Developed);5 lanes;2;Straight - Level;NC Route;Dry;Two-Way, Not Divided;None;Four-Way Intersection;Smooth Asphalt;Piedmont;Urban;40 - 45  MPH;Stop And Go Signal;Clear;No;35.595383, -80.81679
951;952;Yes;20-24;23;No;With Traffic;A: Disabling Injury;Travel Lane;White;Male;Greensboro;Guilford;No;01/01/2002;28/12/2010;Motorist Overtaking Bicyclist;3;Non-Intersection;01/12/2001;01/01/2001 03:01;Motorist Overtaking - Undetected Bicyclist;0;2010;A: Disabling Injury;Commercial;50-59;54;No;36-40 mph;O: No Injury;White;Male;Van;No;No;Dark - Roadway Not Lighted;Urban (>70% Developed);2 lanes;2;Straight - Level;Local Street;Dry;Two-Way, Not Divided;None;No Special Feature;Coarse Asphalt;Piedmont;Urban;30 - 35  MPH;No Control Present;Clear;No;36.093277, -79.78856
957;958;Yes;50-59;56;No;With Traffic;O: No Injury;Bike Lane / Paved Shoulder;Black;Male;Greensboro;Guilford;No;01/01/2004;30/12/2010;Motorist Overtaking Bicyclist;5;Non-Intersection;01/12/2001;01/01/2001 05:45;Motorist Overtaking - Misjudged Space;0;2010;C: Possible Injury;Commercial;50-59;56;No;36-40 mph;O: No Injury;Black;Male;Passenger Car;No;No;Dawn;Urban (>70% Developed);4 lanes;2;Straight - Level;Local Street;Dry;Two-Way, Not Divided;Obstruction In Roadway;No Special Feature;Smooth Asphalt;Piedmont;Urban;40 - 45  MPH;No Control Present;Clear;No;36.088425, -79.923164