FID;OBJECTID;AmbulanceR;BikeAge_Gr;Bike_Age;Bike_Alc_D;Bike_Dir;Bike_Injur;Bike_Pos;Bike_Race;Bike_Sex;City;County;CrashAlcoh;CrashDay;Crash_Date;Crash_Grp;Crash_Hour;Crash_Loc;Crash_Mont;Crash_Time;Crash_Type;Crash_Ty_1;Crash_Year;Crsh_Sevri;Developmen;DrvrAge_Gr;Drvr_Age;Drvr_Alc_D;Drvr_EstSp;Drvr_Injur;Drvr_Race;Drvr_Sex;Drvr_VehTy;ExcsSpdInd;Hit_Run;Light_Cond;Locality;Num_Lanes;Num_Units;Rd_Charact;Rd_Class;Rd_Conditi;Rd_Config;Rd_Defects;Rd_Feature;Rd_Surface;Region;Rural_Urba;Speed_Limi;Traff_Cntr;Weather;Workzone_I;Location
958;959;Yes;40-49;47;No;With Traffic;O: No Injury;Travel Lane;Black;Male;Rocky Mount;Nash;No;01/01/2006;18/12/2010;Motorist Right Turn / Merge;15;Intersection-Related;01/12/2001;01/01/2001 15:18;Motorist Right Turn - Same Direction;0;2010;B: Evident Injury;Commercial;0-19;19;No;11-15 mph;B: Evident Injury;White;Male;Passenger Car;No;No;Daylight;Urban (>70% Developed);5 lanes;2;Straight - Level;Local Street;Dry;Two-Way, Divided, Unprotected Median;None;Four-Way Intersection;Smooth Asphalt;Coastal;Urban;30 - 35  MPH;Stop And Go Signal;Clear;No;35.97831, -77.80614
962;963;No;30-39;35;No;Facing Traffic;C: Possible Injury;Travel Lane;White;Male;Concord;Cabarrus;No;01/01/2003;20/01/2010;Motorist Failed to Yield - Sign-Controlled Intersection;16;Intersection;NA;01/01/2001 16:46;Motorist Drive Out - Sign-Controlled Intersection;0;2010;C: Possible Injury;Commercial;NA;NA;No;0-5 mph;Injury;/Missing;NA;Light Truck (Mini-Van, Panel);No;Yes;Daylight;Urban (>70% Developed);2 lanes;2;Straight - Level;Local Street;Dry;Two-Way, Not Divided;None;T-Intersection;Smooth Asphalt;Piedmont;Urban;20 - 25  MPH;Stop Sign;Clear;No;35.41191, -80.58301
965;966;No;20-24;22;No;Facing Traffic;C: Possible Injury;Sidewalk / Crosswalk / Driveway Crossing;White;Male;None - Rural Crash;Alamance;No;01/01/2004;06/05/2010;Motorist Failed to Yield - Midblock;16;Non-Intersection;01/05/2001;01/01/2001 15:59;Motorist Drive Out - Other Midblock;0;2010;C: Possible Injury;Institutional;50-59;58;No;0-5 mph;O: No Injury;White;Female;Passenger Car;No;No;Daylight;Mixed (30% To 70% Developed);2 lanes;2;Straight - Level;State Secondary Route;Dry;Two-Way, Not Divided;None;Driveway, Public;Smooth Asphalt;Piedmont;Rural;20 - 25  MPH;No Control Present;Clear;No;36.10313, -79.50022
966;967;Yes;20-24;22;No;With Traffic;C: Possible Injury;Travel Lane;White;Male;None - Rural Crash;Alamance;No;NA;26/04/2010;Motorist Right Turn / Merge;14;Intersection;01/04/2001;01/01/2001 14:08;Motorist Right Turn - Same Direction;0;2010;C: Possible Injury;Institutional;30-39;39;No;21-25 mph;O: No Injury;White;Female;Single Unit Truck (2-Axle, 6-Tire);No;No;Daylight;Urban (>70% Developed);2 lanes;2;Straight - Grade;State Secondary Route;Dry;Two-Way, Not Divided;None;Four-Way Intersection;Smooth Asphalt;Piedmont;Rural;20 - 25  MPH;Stop And Go Signal;Clear;No;36.10351, -79.497314
967;968;Yes;16-19;19;No;Not Applicable;C: Possible Injury;Sidewalk / Crosswalk / Driveway Crossing;White;Male;None - Rural Crash;Alamance;No;01/01/2004;01/04/2010;Bicyclist Failed to Yield - Signalized Intersection;18;Intersection;01/04/2001;01/01/2001 17:59;Bicyclist Ride Through - Signalized Intersection;0;2010;C: Possible Injury;Institutional;30-39;39;No;21-25 mph;O: No Injury;White;Female;Sport Utility;No;No;Daylight;Urban (>70% Developed);2 lanes;2;Straight - Grade;Local Street;Dry;Two-Way, Not Divided;None;T-Intersection;Smooth Asphalt;Piedmont;Rural;20 - 25  MPH;Stop And Go Signal;Clear;No0;36.103054, -79.502495
1;2;Yes;15-nov;11;No;Not Applicable;C: Possible Injury;Non-Roadway;Black;Female;Cary;Wake;No;01/01/2004;06/01/2011;Non-Roadway;16;Non-Roadway;NA;01/01/2001 16:24;Non-Roadway;460910;2011;C: Possible Injury;Residential;NA;NA;No;0-5 mph;Injury;/Missing;NA;Sport Utility;No;Yes;Daylight;Urban (>70% Developed);NA;2;Straight - Grade;Private Road, Driveway;Dry;Two-Way, Not Divided;None;Driveway, Private;Smooth Asphalt;Piedmont;Urban;5 - 15 MPH;No Control Present;Clear;No;35.81226, -78.7858
4;5;Yes;40-49;44;No;With Traffic;C: Possible Injury;Travel Lane;White;Male;None - Rural Crash;Randolph;No;01/01/2005;07/01/2011;Motorist Failed to Yield - Midblock;7;Non-Intersection;NA;01/01/2001 07:39;Motorist Drive Out - Other Midblock;311328;2011;C: Possible Injury;Commercial;25-29;25;No;0-5 mph;O: No Injury;White;Female;Passenger Car;No;No;Daylight;Urban (>70% Developed);3 lanes;2;Straight - Level;US Route;Dry;Two-Way, Not Divided;None;Driveway, Public;Smooth Asphalt;Piedmont;Rural;40 - 45  MPH;No Control Present;Clear;No;35.67315, -79.8204
7;8;Yes;30-39;36;No;With Traffic;C: Possible Injury;Travel Lane;White;Male;Greensboro;Guilford;No;NA;03/01/2011;Motorist Overtaking Bicyclist;16;Non-Intersection;NA;01/01/2001 16:22;Motorist Overtaking - Undetected Bicyclist;311231;2011;C: Possible Injury;Commercial;60-69;69;No;11-15 mph;O: No Injury;White;Male;Passenger Car;No;No;Daylight;Urban (>70% Developed);6 lanes;2;Curve - Level;Local Street;Dry;Two-Way, Divided, Positive Median Barrier;None;On or Off Ramp;Smooth Asphalt;Piedmont;Urban;40 - 45  MPH;No Control Present;Clear;No;36.06217, -79.86
8;9;No;16-19;17;No;Facing Traffic;C: Possible Injury;Sidewalk / Crosswalk / Driveway Crossing;Asian;Male;Cary;Wake;No;01/01/2005;14/01/2011;Motorist Failed to Yield - Sign-Controlled Intersection;17;Intersection;NA;01/01/2001 17:39;Motorist Drive Out - Sign-Controlled Intersection;132141;2011;C: Possible Injury;Residential;0-19;17;No;0-5 mph;O: No Injury;White;Female;Sport Utility;No;No;Dark - Lighted Roadway;Urban (>70% Developed);2 lanes;2;Straight - Hillcrest;Local Street;Dry;Two-Way, Not Divided;None;T-Intersection;Smooth Asphalt;Piedmont;Urban;20 - 25  MPH;Stop Sign;Clear;No;35.74997, -78.8127
9;10;Yes;10-juin;9;No;Not Applicable;B: Evident Injury;Travel Lane;Native American;Female;None - Rural Crash;Robeson;No;NA;17/01/2011;Non-Roadway;12;Non-Roadway;NA;01/01/2001 12:09;Non-Roadway;410910;2011;B: Evident Injury;Residential;60-69;66;No;6-10 mph;O: No Injury;White;Male;Passenger Car;No;No;Daylight;Rural (<30% Developed);2 lanes;2;Straight - Level;State Secondary Route;Dry;Two-Way, Not Divided;None;Driveway, Private;Coarse Asphalt;Coastal;Rural;50 - 55  MPH;No Control Present;Clear;No;34.64756, -79.0548
24;25;Yes;40-49;48;No;With Traffic;Injury;Travel Lane;White;Male;Chapel Hill;Orange;No;01/01/2003;02/02/2011;Motorist Right Turn / Merge;17;Intersection;01/02/2001;01/01/2001 17:21;Motorist Right Turn - Same Direction;111213;2011;O: No Injury;Commercial;25-29;28;No;0-5 mph;O: No Injury;White;Male;Van;No;No;Daylight;Urban (>70% Developed);2 lanes;2;Straight - Level;Local Street;Dry;Two-Way, Not Divided;None;Four-Way Intersection;Smooth Asphalt;Piedmont;Urban;20 - 25  MPH;Stop And Go Signal;Clear;No;35.91318, -79.0588
29;30;No;70+;NA;No;With Traffic;B: Evident Injury;Travel Lane;White;Male;Hampstead;Pender;No;NA;07/02/2011;Motorist Overtaking Bicyclist;9;Non-Intersection;01/02/2001;01/01/2001 08:59;Motorist Overtaking - Misjudged Space;311232;2011;B: Evident Injury;Residential;NA;NA;No;NA;Injury;/Missing;NA;Passenger Car;No;Yes;Daylight;Urban (>70% Developed);2 lanes;2;Straight - Level;Local Street;Dry;Two-Way, Not Divided;None;No Special Feature;Coarse Asphalt;Coastal;Rural;NA;No Control Present;Clear;No;34.39926, -77.6495
30;31;Yes;30-39;37;No;Facing Traffic;C: Possible Injury;Travel Lane;Black;Male;Fayetteville;Cumberland;No;01/01/2005;04/02/2011;Motorist Failed to Yield - Sign-Controlled Intersection;18;Intersection;01/02/2001;01/01/2001 18:31;Motorist Drive Out - Sign-Controlled Intersection;112141;2011;C: Possible Injury;Residential;NA;NA;Missing;0-5 mph;Injury;/Missing;NA;NA;No;Yes;Dark - Roadway Not Lighted;Urban (>70% Developed);2 lanes;2;Straight - Level;Local Street;Wet;Two-Way, Divided, Unprotected Median;None;No Special Feature;Coarse Asphalt;Coastal;Urban;40 - 45  MPH;Stop Sign;Rain;No;35.13181, -78.9005
32;33;No;25-29;25;Yes;Not Applicable;O: No Injury;Non-Roadway;White;Female;Raleigh;Wake;Yes;01/01/2006;15/01/2011;Bicyclist Failed to Yield - Midblock;16;Non-Intersection;NA;01/01/2001 15:59;Bicyclist Ride Out - Commercial Driveway / Alley;363312;2011;O: No Injury;Industrial;30-39;34;No;11-15 mph;O: No Injury;Black;Male;Passenger Car;No;No;Daylight;Urban (>70% Developed);2 lanes;2;Straight - Grade;Local Street;Dry;Two-Way, Not Divided;None;No Special Feature;Smooth Asphalt;Piedmont;Urban;30 - 35  MPH;No Control Present;Clear;No;35.78099, -78.6558
36;37;Yes;25-29;26;No;With Traffic;B: Evident Injury;Travel Lane;White;Female;Durham;Durham;No;01/01/2002;15/02/2011;Motorist Left Turn / Merge;9;Intersection;01/02/2001;01/01/2001 09:29;Motorist Left Turn - Opposite Direction;111212;2011;B: Evident Injury;Residential;20-24;21;No;11-15 mph;O: No Injury;White;Male;Passenger Car;No;No;Daylight;Urban (>70% Developed);2 lanes;2;Straight - Grade;Local Street;Dry;Two-Way, Divided, Unprotected Median;None;No Special Feature;Smooth Asphalt;Piedmont;Urban;30 - 35  MPH;No Control Present;Clear;No;35.99796, -78.9272
42;43;No;40-49;44;No;With Traffic;C: Possible Injury;Sidewalk / Crosswalk / Driveway Crossing;Black;Male;Charlotte;Mecklenburg;No;NA;07/02/2011;Motorist Failed to Yield - Sign-Controlled Intersection;10;Intersection;01/02/2001;01/01/2001 10:25;Motorist Drive Out - Sign-Controlled Intersection;131141;2011;C: Possible Injury;Commercial;NA;NA;Missing;0-5 mph;Injury;/Missing;NA;NA;No;Yes;Daylight;Urban (>70% Developed);2 lanes;2;Straight - Level;Local Street;Dry;Two-Way, Not Divided;None;Four-Way Intersection;Smooth Asphalt;Piedmont;Urban;30 - 35  MPH;Stop Sign;Cloudy;No;35.21837, -80.8538
52;53;No;10-juin;7;No;Not Applicable;C: Possible Injury;Driveway / Alley;Black;Male;Charlotte;Mecklenburg;No;01/01/2003;16/02/2011;Bicyclist Failed to Yield - Midblock;17;Non-Intersection;01/02/2001;01/01/2001 17:20;Bicyclist Ride Out - Residential Driveway;353311;2011;C: Possible Injury;Residential;25-29;29;No;11-15 mph;O: No Injury;Black;Female;Passenger Car;No;No;Daylight;Urban (>70% Developed);2 lanes;2;Straight - Level;Local Street;Dry;Two-Way, Not Divided;None;T-Intersection;Smooth Asphalt;Piedmont;Urban;20 - 25  MPH;No Control Present;Clear;No;35.13845, -80.8978
57;58;No;25-29;28;No;With Traffic;C: Possible Injury;Travel Lane;Hispanic;Male;Charlotte;Mecklenburg;No;01/01/2006;19/02/2011;Motorist Left Turn / Merge;10;Intersection;01/02/2001;01/01/2001 10:43;Motorist Left Turn - Opposite Direction;111212;2011;C: Possible Injury;Residential;50-59;55;No;31-35 mph;O: No Injury;Black;Male;Light Truck (Mini-Van, Panel);No;No;Dawn;Urban (>70% Developed);4 lanes;2;Straight - Bottom;Local Street;Dry;Two-Way, Not Divided;None;No Special Feature;Coarse Asphalt;Piedmont;Urban;30 - 35  MPH;Stop Sign;Clear;No;35.22709, -80.8431
58;59;Yes;16-19;18;No;Facing Traffic;C: Possible Injury;Sidewalk / Crosswalk / Driveway Crossing;White;Female;Wilmington;New Hanover;No;01/01/2005;18/02/2011;Motorist Failed to Yield - Midblock;14;Non-Intersection;01/02/2001;01/01/2001 14:30;Motorist Drive Out - Commercial Driveway / Alley;332322;2011;C: Possible Injury;Commercial;20-24;23;No;0-5 mph;O: No Injury;White;Male;Sport Utility;No;No;Daylight;Urban (>70% Developed);NA;3;Straight - Level;Public Vehicular Area;Dry;Two-Way, Not Divided;None;Driveway, Public;Coarse Asphalt;Coastal;Urban;NA;Stop Sign;Clear;No;34.23693, -77.8282
61;62;No;20-24;22;No;Not Applicable;O: No Injury;Non-Roadway;White;Male;Salisbury;Rowan;No;01/01/2004;03/03/2011;Non-Roadway;11;Non-Roadway;01/03/2001;01/01/2001 11:01;Non-Roadway;460910;2011;O: No Injury;Institutional;25-29;28;Missing;0-5 mph;O: No Injury;White;Male;Pickup;No;No;Daylight;Urban (>70% Developed);NA;2;Straight - Level;Public Vehicular Area;Dry;One-Way, Not Divided;None;Driveway, Public;Other;Piedmont;Urban;30 - 35  MPH;No Control Present;Clear;No;35.69158, -80.4822
65;66;No;30-39;36;No;With Traffic;C: Possible Injury;Travel Lane;White;Male;Asheville;Buncombe;No;01/01/2003;16/02/2011;Bicyclist Overtaking Motorist;12;Non-Intersection;01/02/2001;01/01/2001 12:14;Bicyclist Overtaking - Passing on Right;311241;2011;C: Possible Injury;Institutional;0-19;19;No;0-5 mph;O: No Injury;Other;Male;Passenger Car;No;No;Daylight;Urban (>70% Developed);2 lanes;2;Straight - Level;Local Street;Dry;Two-Way, Not Divided;None;Driveway, Public;Smooth Asphalt;Mountains;Urban;30 - 35  MPH;No Control Present;Clear;No;35.59639, -82.5488
69;70;No;NA;NA;Missing;With Traffic;Injury;Travel Lane;/Missing;NA;None - Rural Crash;Sampson;No;01/01/2002;08/03/2011;Bicyclist Left Turn / Merge;15;Non-Intersection;01/03/2001;01/01/2001 15:31;Bicyclist Left Turn - Same Direction;311221;2011;C: Possible Injury;Farms, Woods, Pastures;NA;NA;Missing;NA;Injury;/Missing;NA;NA;No;No;Daylight;Rural (<30% Developed);2 lanes;2;Straight - Level;State Secondary Route;Dry;Two-Way, Not Divided;None;No Special Feature;Coarse Asphalt;Coastal;Rural;NA;Double Yellow Line, No Passing Zone;Clear;No;34.95779, -78.4286
71;72;No;50-59;58;No;With Traffic;O: No Injury;Sidewalk / Crosswalk / Driveway Crossing;Black;Male;Charlotte;Mecklenburg;No;01/01/2004;24/02/2011;Motorist Right Turn / Merge;16;Intersection;01/02/2001;01/01/2001 16:19;Motorist Right Turn - Same Direction;131213;2011;O: No Injury;Commercial;40-49;40;No;0-5 mph;O: No Injury;White;Male;Police;No;No;Daylight;Urban (>70% Developed);5 lanes;2;Straight - Level;Local Street;Dry;Two-Way, Divided, Unprotected Median;None;No Special Feature;Smooth Asphalt;Piedmont;Urban;30 - 35  MPH;Stop And Go Signal;Cloudy;No;35.21352, -80.884
80;81;Yes;0-5;5;No;Not Applicable;C: Possible Injury;Driveway / Alley;Black;Male;Greensboro;Guilford;No;01/01/2002;08/03/2011;Bicyclist Failed to Yield - Midblock;16;Non-Intersection;01/03/2001;01/01/2001 16:48;Bicyclist Ride Out - Residential Driveway;353311;2011;C: Possible Injury;Residential;20-24;20;No;21-25 mph;O: No Injury;Asian;Female;Passenger Car;No;No;Daylight;Urban (>70% Developed);2 lanes;2;Straight - Grade;Local Street;Dry;Two-Way, Not Divided;None;No Special Feature;Smooth Asphalt;Piedmont;Urban;30 - 35  MPH;No Control Present;Clear;No;36.0448, -79.8618
91;92;Yes;30-39;36;No;Facing Traffic;B: Evident Injury;Travel Lane;Black;Male;Greenville;Pitt;No;01/01/2007;06/03/2011;Bicyclist Failed to Yield - Signalized Intersection;11;Intersection;01/03/2001;01/01/2001 11:47;Bicyclist Ride Out - Signalized  Intersection;112153;2011;B: Evident Injury;Commercial;70+;NA;No;41-45 mph;O: No Injury;Black;Male;Sport Utility;No;No;Daylight;Urban (>70% Developed);6 lanes;2;Straight - Grade;Local Street;Wet;Two-Way, Divided, Unprotected Median;None;Four-Way Intersection;Coarse Asphalt;Coastal;Urban;40 - 45  MPH;Stop And Go Signal;Rain;No;35.61312, -77.3929
92;93;Yes;16-19;16;No;With Traffic;C: Possible Injury;Bike Lane / Paved Shoulder;White;Male;None - Rural Crash;Moore;No;01/01/2002;22/03/2011;Motorist Overtaking Bicyclist;10;Non-Intersection;01/03/2001;01/01/2001 10:14;Motorist Overtaking - Other /;321239;2011;C: Possible Injury;Farms, Woods, Pastures;NA;NA;No;31-35 mph;Injury;/Missing;NA;Pickup;No;Yes;Daylight;Rural (<30% Developed);2 lanes;2;Straight - Grade;State Secondary Route;Dry;Two-Way, Not Divided;None;No Special Feature;Coarse Asphalt;Piedmont;Rural;50 - 55  MPH;No Control Present;Clear;No;35.33279, -79.3287
96;97;Yes;50-59;52;No;With Traffic;A: Disabling Injury;Travel Lane;White;Male;Wrightsville Beach;New Hanover;No;01/01/2006;12/02/2011;Crossing Paths - Other Circumstances;12;Non-Intersection;01/02/2001;01/01/2001 12:25;Crossing Paths - Midblock - Other /;311380;2011;A: Disabling Injury;Residential;NA;NA;Missing;NA;Injury;/Missing;NA;Passenger Car;No;No;Daylight;Urban (>70% Developed);2 lanes;2;Straight - Level;US Route;Dry;Two-Way, Not Divided;None;No Special Feature;Smooth Asphalt;Coastal;Rural;20 - 25  MPH;No Control Present;Clear;No;34.21261, -77.7923
97;98;No;20-24;20;No;With Traffic;O: No Injury;Bike Lane / Paved Shoulder;White;Male;Greenville;Pitt;No;01/01/2003;23/02/2011;Bicyclist Failed to Yield - Signalized Intersection;12;Intersection;01/02/2001;01/01/2001 12:32;Bicyclist Failed to Clear - Trapped;121156;2011;O: No Injury;Residential;25-29;27;No;0-5 mph;O: No Injury;White;Female;Passenger Car;No;No;Daylight;Urban (>70% Developed);2 lanes;2;Straight - Level;Private Road, Driveway;Dry;Two-Way, Divided, Positive Median Barrier;Other;Driveway, Private;Coarse Asphalt;Coastal;Urban;5 - 15 MPH;Stop And Go Signal;Clear;No;35.55946, -77.3654
103;104;Yes;16-19;18;No;Not Applicable;A: Disabling Injury;Travel Lane;Black;Male;Jacksonville;Onslow;No;01/01/2006;05/03/2011;Bicyclist Failed to Yield - Midblock;13;Non-Intersection;01/03/2001;01/01/2001 13:12;Multiple Threat - Midblock;313357;2011;A: Disabling Injury;Commercial;25-29;29;No;36-40 mph;O: No Injury;Black;Female;Passenger Car;No;No;Daylight;Urban (>70% Developed);4 lanes;3;Straight - Level;US Route;Dry;Two-Way, Divided, Unprotected Median;None;No Special Feature;Smooth Asphalt;Coastal;Urban;40 - 45  MPH;Double Yellow Line, No Passing Zone;Clear;No;34.76059, -77.4156
106;107;Yes;50-59;55;No;With Traffic;C: Possible Injury;Sidewalk / Crosswalk / Driveway Crossing;Black;Male;Durham;Durham;No;01/01/2004;24/03/2011;Motorist Failed to Yield - Signalized Intersection;16;Intersection;01/03/2001;01/01/2001 16:00;Motorist Drive Out - Signalized Intersection;131152;2011;C: Possible Injury;Commercial;40-49;45;No;6-10 mph;O: No Injury;Hispanic;Male;Passenger Car;No;No;Daylight;Urban (>70% Developed);3 lanes;2;Straight - Level;Local Street;Dry;Two-Way, Not Divided;None;Four-Way Intersection;Coarse Asphalt;Piedmont;Urban;30 - 35  MPH;Stop And Go Signal;Cloudy;No;36.01003, -78.922
108;109;Yes;30-39;34;No;With Traffic;B: Evident Injury;Travel Lane;White;Female;Fayetteville;Cumberland;No;01/01/2005;18/03/2011;Motorist Overtaking Bicyclist;1;Non-Intersection;01/03/2001;01/01/2001 01:54;Motorist Overtaking - Other /;311239;2011;B: Evident Injury;Commercial;NA;NA;Missing;NA;Injury;/Missing;NA;NA;No;Yes;Dark - Lighted Roadway;Urban (>70% Developed);4 lanes;2;Straight - Level;Local Street;Dry;Two-Way, Divided, Unprotected Median;None;No Special Feature;Coarse Asphalt;Coastal;Urban;NA;No Control Present;Clear;Yes;35.11166, -78.9609
113;114;Yes;60-69;60;No;With Traffic;C: Possible Injury;Travel Lane;White;Female;Monroe;Union;No;01/01/2004;24/03/2011;Bicyclist Failed to Yield - Sign-Controlled Intersection;20;Intersection;01/03/2001;01/01/2001 20:16;Bicyclist Ride Out - Sign-Controlled Intersection;111142;2011;C: Possible Injury;Commercial;70+;NA;No;36-40 mph;O: No Injury;White;Male;Van;No;No;Dark - Lighted Roadway;Urban (>70% Developed);2 lanes;2;Straight - Level;State Secondary Route;Dry;Two-Way, Not Divided;None;No Special Feature;Smooth Asphalt;Piedmont;Urban;40 - 45  MPH;Stop Sign;Clear;No;35.01803, -80.6058
117;118;No;40-49;48;No;With Traffic;B: Evident Injury;Travel Lane;White;Male;None - Rural Crash;Union;No;01/01/2006;19/03/2011;Motorist Overtaking Bicyclist;11;Non-Intersection;01/03/2001;01/01/2001 11:35;Motorist Overtaking - Misjudged Space;311232;2011;B: Evident Injury;Farms, Woods, Pastures;30-39;39;No;41-45 mph;O: No Injury;White;Male;Pickup;No;No;Daylight;Rural (<30% Developed);2 lanes;2;Straight - Level;State Secondary Route;Dry;Two-Way, Not Divided;None;No Special Feature;Coarse Asphalt;Piedmont;Rural;50 - 55  MPH;Double Yellow Line, No Passing Zone;Clear;No;34.90045, -80.5073
119;120;Yes;10-juin;10;No;With Traffic;C: Possible Injury;Travel Lane;White;Male;Raleigh;Wake;No;01/01/2006;05/03/2011;Bicyclist Left Turn / Merge;17;Non-Intersection;01/03/2001;01/01/2001 17:01;Bicyclist Left Turn - Opposite Direction;311222;2011;C: Possible Injury;Residential;20-24;23;No;21-25 mph;O: No Injury;White;Female;Sport Utility;No;No;Daylight;Urban (>70% Developed);2 lanes;2;Curve - Grade;Local Street;Dry;Two-Way, Not Divided;None;No Special Feature;Smooth Asphalt;Piedmont;Urban;20 - 25  MPH;No Control Present;Clear;No;35.8707, -78.5255
124;125;Yes;16-19;16;No;With Traffic;B: Evident Injury;Sidewalk / Crosswalk / Driveway Crossing;White;Male;Charlotte;Mecklenburg;No;01/01/2004;31/03/2011;Motorist Overtaking Bicyclist;21;Intersection-Related;01/03/2001;01/01/2001 21:25;Motorist Overtaking - Other /;231239;2011;B: Evident Injury;Commercial;NA;NA;Missing;11-15 mph;Injury;/Missing;NA;NA;No;Yes;Dark - Lighted Roadway;Urban (>70% Developed);5 lanes;2;Straight - Level;Local Street;Dry;Two-Way, Divided, Unprotected Median;None;Driveway, Public;Concrete;Piedmont;Urban;30 - 35  MPH;No Control Present;Rain;No;35.21567, -80.7808
129;130;Yes;20-24;20;No;With Traffic;A: Disabling Injury;Travel Lane;Black;Male;None - Rural Crash;Craven;No;01/01/2004;07/04/2011;Motorist Overtaking Bicyclist;7;Non-Intersection;01/04/2001;01/01/2001 07:50;Motorist Overtaking - Other /;311239;2011;A: Disabling Injury;Farms, Woods, Pastures;40-49;41;No;41-45 mph;O: No Injury;Black;Female;Sport Utility;No;No;Daylight;Rural (<30% Developed);2 lanes;2;Straight - Level;State Secondary Route;Dry;Two-Way, Not Divided;None;No Special Feature;Smooth Asphalt;Coastal;Rural;50 - 55  MPH;No Control Present;Clear;No;35.28879, -77.3874
130;131;Yes;15-nov;13;No;With Traffic;C: Possible Injury;Travel Lane;White;Female;Apex;Wake;No;01/01/2006;09/04/2011;Bicyclist Left Turn / Merge;13;Intersection;01/04/2001;01/01/2001 13:45;Bicyclist Left Turn - Same Direction;111221;2011;C: Possible Injury;Residential;50-59;57;No;36-40 mph;O: No Injury;Other;Female;Passenger Car;No;No;Daylight;Urban (>70% Developed);4 lanes;2;Straight - Level;Local Street;Dry;Two-Way, Not Divided;None;T-Intersection;Smooth Asphalt;Piedmont;Urban;40 - 45  MPH;No Control Present;Cloudy;No;35.73546, -78.8342
132;133;Yes;40-49;44;Yes;With Traffic;B: Evident Injury;Travel Lane;Black;Male;Raleigh;Wake;Yes;01/01/2007;27/03/2011;Motorist Overtaking Bicyclist;20;Non-Intersection;01/03/2001;01/01/2001 20:31;Motorist Overtaking - Undetected Bicyclist;311231;2011;B: Evident Injury;Commercial;20-24;20;No;41-45 mph;O: No Injury;White;Male;Passenger Car;No;No;Dark - Roadway Not Lighted;Urban (>70% Developed);5 lanes;2;Straight - Level;Local Street;Dry;One-Way, Not Divided;None;No Special Feature;Smooth Asphalt;Piedmont;Urban;40 - 45  MPH;No Control Present;Clear;No;35.78063, -78.6457
137;138;No;15-nov;14;No;Facing Traffic;C: Possible Injury;Travel Lane;Black;Male;Ahoskie;Hertford;No;01/01/2003;02/03/2011;Crossing Paths - Other Circumstances;12;Intersection;01/03/2001;01/01/2001 12:16;Sign-Controlled Intersection - Other /;112148;2011;C: Possible Injury;Residential;40-49;40;No;0-5 mph;O: No Injury;Black;Female;Passenger Car;No;No;Daylight;Mixed (30% To 70% Developed);2 lanes;2;Straight - Level;Local Street;Dry;Two-Way, Not Divided;None;T-Intersection;Smooth Asphalt;Coastal;Rural;20 - 25  MPH;Stop Sign;Clear;No;36.27866, -76.9793
143;144;Yes;10-juin;9;No;Not Applicable;B: Evident Injury;Non-Roadway;Black;Female;Winston-Salem;Forsyth;No;01/01/2007;10/04/2011;Non-Roadway;18;Non-Roadway;01/04/2001;01/01/2001 18:36;Non-Roadway;460910;2011;B: Evident Injury;Commercial;50-59;50;No;0-5 mph;O: No Injury;Black;Male;Passenger Car;No;No;Daylight;Urban (>70% Developed);NA;2;Straight - Level;Public Vehicular Area;Dry;Two-Way, Not Divided;None;No Special Feature;Smooth Asphalt;Piedmont;Urban;NA;No Control Present;Clear;No;36.07159, -80.2909
147;148;Yes;25-29;26;No;With Traffic;B: Evident Injury;Travel Lane;White;Male;Charlotte;Mecklenburg;No;01/01/2003;13/04/2011;Loss of Control / Turning Error;6;Intersection;01/04/2001;01/01/2001 06:42;Motorist Turning Error - Other;111113;2011;B: Evident Injury;Residential;40-49;46;No;31-35 mph;O: No Injury;White;Female;Sport Utility;No;No;Daylight;Urban (>70% Developed);4 lanes;2;Straight - Level;Local Street;Dry;Two-Way, Divided, Unprotected Median;None;Four-Way Intersection;Smooth Asphalt;Piedmont;Urban;30 - 35  MPH;Stop And Go Signal;Clear;No;35.20581, -80.8104
151;152;Yes;40-49;44;Yes;With Traffic;C: Possible Injury;Travel Lane;White;Male;None - Rural Crash;Orange;Yes;01/01/2004;07/04/2011;Motorist Overtaking Bicyclist;0;Intersection-Related;01/04/2001;01/01/2001 00:48;Motorist Overtaking - Other /;211239;2011;C: Possible Injury;Residential;NA;NA;No;26-30 mph;Injury;/Missing;NA;NA;No;Yes;Dark - Roadway Not Lighted;Mixed (30% To 70% Developed);9 or more lanes;2;Straight - Grade;State Secondary Route;Dry;Two-Way, Not Divided;None;No Special Feature;Smooth Asphalt;Piedmont;Rural;40 - 45  MPH;Double Yellow Line, No Passing Zone;Clear;No;36.03222, -78.9896
152;153;Yes;40-49;42;No;With Traffic;B: Evident Injury;Travel Lane;White;Female;Raleigh;Wake;No;01/01/2004;07/04/2011;Motorist Left Turn / Merge;14;Non-Intersection;01/04/2001;01/01/2001 14:32;Motorist Left Turn - Opposite Direction;311212;2011;B: Evident Injury;Residential;20-24;20;No;0-5 mph;O: No Injury;White;Female;Sport Utility;No;No;Daylight;Urban (>70% Developed);2 lanes;2;Curve - Grade;Local Street;Dry;Two-Way, Not Divided;None;No Special Feature;Coarse Asphalt;Piedmont;Urban;30 - 35  MPH;No Control Present;Clear;No;35.82064, -78.653