FID;OBJECTID;AmbulanceR;BikeAge_Gr;Bike_Age;Bike_Alc_D;Bike_Dir;Bike_Injur;Bike_Pos;Bike_Race;Bike_Sex;City;County;CrashAlcoh;CrashDay;Crash_Date;Crash_Grp;Crash_Hour;Crash_Loc;Crash_Mont;Crash_Time;Crash_Type;Crash_Ty_1;Crash_Year;Crsh_Sevri;Developmen;DrvrAge_Gr;Drvr_Age;Drvr_Alc_D;Drvr_EstSp;Drvr_Injur;Drvr_Race;Drvr_Sex;Drvr_VehTy;ExcsSpdInd;Hit_Run;Light_Cond;Locality;Num_Lanes;Num_Units;Rd_Charact;Rd_Class;Rd_Conditi;Rd_Config;Rd_Defects;Rd_Feature;Rd_Surface;Region;Rural_Urba;Speed_Limi;Traff_Cntr;Weather;Workzone_I;Location
800;801;Yes;15-nov;15;No;With Traffic;B: Evident Injury;Travel Lane;White;Male;Mooresville;Iredell;No;01/01/2003;06/10/2010;Crossing Paths - Other Circumstances;17;Intersection;01/10/2001;01/01/2001 17:05;Crossing Paths - Uncontrolled Intersection;0;2010;B: Evident Injury;Commercial;60-69;62;No;31-35 mph;O: No Injury;White;Female;Sport Utility;No;No;Daylight;Urban (>70% Developed);2 lanes;2;Straight - Level;Local Street;Dry;Two-Way, Not Divided;None;T-Intersection;Smooth Asphalt;Piedmont;Urban;30 - 35  MPH;No Control Present;Clear;No;35.57993, -80.81658
801;802;Yes;50-59;50;No;With Traffic;B: Evident Injury;Travel Lane;White;Male;Hickory;Catawba;No;01/01/2003;20/10/2010;Motorist Right Turn / Merge;17;Non-Intersection;01/10/2001;01/01/2001 17:14;Motorist Right Turn - Same Direction;0;2010;B: Evident Injury;Commercial;40-49;49;No;0-5 mph;O: No Injury;White;Female;Van;No;No;Daylight;Urban (>70% Developed);2 lanes;2;Straight - Level;Local Street;Dry;Two-Way, Not Divided;None;No Special Feature;Smooth Asphalt;Piedmont;Urban;30 - 35  MPH;No Control Present;Clear;No;35.769848, -81.32918
807;808;Yes;16-19;18;No;With Traffic;B: Evident Injury;Travel Lane;Black;Male;High Point;Guilford;No;01/01/2005;22/10/2010;Motorist Overtaking Bicyclist;17;Non-Intersection;01/10/2001;01/01/2001 17:29;Motorist Overtaking - Other /;0;2010;B: Evident Injury;Residential;NA;NA;Missing;31-35 mph;Injury;/Missing;NA;NA;No;Yes;Dusk;Urban (>70% Developed);5 lanes;2;Straight - Level;Local Street;Dry;Two-Way, Not Divided;None;No Special Feature;Coarse Asphalt;Piedmont;Urban;30 - 35  MPH;No Control Present;Clear;No;35.941853, -80.00432
810;811;Yes;60-69;64;No;With Traffic;C: Possible Injury;Travel Lane;Black;Male;Charlotte;Mecklenburg;No;01/01/2003;20/10/2010;Motorist Right Turn / Merge;15;Intersection;01/10/2001;01/01/2001 15:11;Motorist Right Turn on Red - Same Direction;0;2010;C: Possible Injury;Residential;25-29;26;No;11-15 mph;O: No Injury;White;Male;Van;No;No;Daylight;Urban (>70% Developed);4 lanes;2;Straight - Level;Local Street;Dry;Two-Way, Not Divided;None;Four-Way Intersection;Smooth Asphalt;Piedmont;Urban;30 - 35  MPH;Stop And Go Signal;Clear;No;35.27231, -80.85442
825;826;No;40-49;45;No;Not Applicable;O: No Injury;Travel Lane;Black;Male;Wilson;Wilson;No;01/01/2005;15/10/2010;Bicyclist Failed to Yield - Midblock;15;Non-Intersection;01/10/2001;01/01/2001 15:48;Bicyclist Ride Out - Other Midblock;0;2010;O: No Injury;Residential;30-39;32;No;NA;Injury;White;Female;Sport Utility;No;No;Daylight;Urban (>70% Developed);3 lanes;2;Straight - Level;Local Street;Dry;Two-Way, Not Divided;None;No Special Feature;Coarse Asphalt;Coastal;Urban;30 - 35  MPH;No Control Present;Clear;No;35.73835, -77.91123
827;828;No;20-24;22;No;With Traffic;O: No Injury;Travel Lane;Black;Male;Salisbury;Rowan;No;01/01/2004;28/10/2010;Motorist Overtaking Bicyclist;18;Non-Intersection;01/10/2001;01/01/2001 18:17;Motorist Overtaking - Other /;0;2010;O: No Injury;Residential;30-39;33;No;31-35 mph;O: No Injury;White;Male;Passenger Car;No;No;Daylight;Urban (>70% Developed);2 lanes;2;Straight - Level;Local Street;Dry;Two-Way, Not Divided;None;Driveway, Private;Coarse Asphalt;Piedmont;Urban;30 - 35  MPH;No Control Present;Clear;No;35.67823, -80.45077
830;831;Yes;15-nov;14;No;Facing Traffic;B: Evident Injury;Travel Lane;Black;Male;Greensboro;Guilford;No;01/01/2007;24/10/2010;Bicyclist Failed to Yield - Sign-Controlled Intersection;12;Intersection;01/10/2001;01/01/2001 12:35;Bicyclist Ride Through - Sign-Controlled Intersection;0;2010;B: Evident Injury;Residential;70+;NA;No;21-25 mph;O: No Injury;Native American;Male;Passenger Car;No;No;Daylight;Urban (>70% Developed);2 lanes;2;Straight - Hillcrest;Local Street;Dry;Two-Way, Not Divided;None;No Special Feature;Coarse Asphalt;Piedmont;Urban;30 - 35  MPH;Stop Sign;Clear;No;36.06304, -79.79098
837;838;Yes;50-59;51;No;Facing Traffic;C: Possible Injury;Sidewalk / Crosswalk / Driveway Crossing;Black;Male;Raleigh;Wake;No;01/01/2004;07/10/2010;Motorist Failed to Yield - Sign-Controlled Intersection;19;Intersection;01/10/2001;01/01/2001 19:52;Motorist Drive Out - Sign-Controlled Intersection;0;2010;C: Possible Injury;Commercial;25-29;28;No;0-5 mph;O: No Injury;White;Male;Sport Utility;No;No;Dark - Lighted Roadway;Urban (>70% Developed);2 lanes;2;Straight - Level;Local Street;Dry;Two-Way, Divided, Unprotected Median;None;T-Intersection;Smooth Asphalt;Piedmont;Urban;30 - 35  MPH;Stop Sign;Clear;No;35.78412, -78.69533
839;840;Yes;16-19;19;No;With Traffic;B: Evident Injury;Travel Lane;White;Female;Carolina Beach;New Hanover;Yes;01/01/2004;28/10/2010;Motorist Failed to Yield - Midblock;20;Non-Intersection;01/10/2001;01/01/2001 20:09;Motorist Drive Out - Other Midblock;0;2010;B: Evident Injury;Commercial;50-59;59;Yes;NA;O: No Injury;White;Male;Pickup;No;No;Dark - Lighted Roadway;Urban (>70% Developed);5 lanes;2;Straight - Level;US Route;Dry;Two-Way, Not Divided;None;Shared-Use Paths Or Trails;Smooth Asphalt;Coastal;Urban;20 - 25  MPH;No Control Present;Cloudy;No;34.032726, -77.89445
842;843;Yes;16-19;17;No;Not Applicable;C: Possible Injury;Travel Lane;Black;Male;Kinston;Lenoir;No;01/01/2005;22/10/2010;Crossing Paths - Other Circumstances;17;Intersection;01/10/2001;01/01/2001 17:50;Crossing Paths - Intersection - Other /;0;2010;C: Possible Injury;Residential;70+;NA;No;16-20 mph;O: No Injury;Black;Female;Van;No;Yes;Daylight;Urban (>70% Developed);2 lanes;2;Straight - Level;Local Street;Dry;Two-Way, Not Divided;None;T-Intersection;Coarse Asphalt;Coastal;Urban;30 - 35  MPH;No Control Present;Clear;No;35.262653, -77.57101
852;853;No;20-24;23;No;With Traffic;B: Evident Injury;Travel Lane;White;Male;Charlotte;Mecklenburg;No;01/01/2002;05/10/2010;Loss of Control / Turning Error;6;Intersection;01/10/2001;01/01/2001 06:14;Motorist Turning Error - Right Turn;0;2010;B: Evident Injury;Commercial;40-49;48;No;NA;O: No Injury;Black;Male;Pickup;No;No;Dark - Lighted Roadway;Urban (>70% Developed);4 lanes;2;Straight - Level;Local Street;Dry;Two-Way, Not Divided;None;Four-Way Intersection;Smooth Asphalt;Piedmont;Urban;30 - 35  MPH;Stop And Go Signal;Clear;No;35.220394, -80.81335
861;862;Yes;50-59;57;No;Facing Traffic;C: Possible Injury;Travel Lane;Black;Male;Gastonia;Gaston;No;01/01/2003;10/11/2010;Motorist Failed to Yield - Signalized Intersection;15;Intersection;01/11/2001;01/01/2001 15:21;Motorist Drive Out - Right Turn on Red;0;2010;C: Possible Injury;Commercial;60-69;65;No;NA;O: No Injury;White;Male;Pickup;No;No;Daylight;Urban (>70% Developed);5 lanes;2;Straight - Grade;US Route;Dry;Two-Way, Not Divided;None;Four-Way Intersection;Smooth Asphalt;Piedmont;Urban;40 - 45  MPH;Stop And Go Signal;Clear;No;35.233665, -81.19419
864;865;Yes;20-24;22;Yes;With Traffic;C: Possible Injury;Travel Lane;White;Male;Raleigh;Wake;Yes;01/01/2004;21/10/2010;Motorist Left Turn / Merge;23;Non-Intersection;01/10/2001;01/01/2001 23:34;Motorist Left Turn - Opposite Direction;0;2010;C: Possible Injury;Commercial;20-24;20;No;0-5 mph;O: No Injury;Black;Male;Passenger Car;No;No;Dark - Lighted Roadway;Urban (>70% Developed);3 lanes;2;Straight - Level;Local Street;Dry;Two-Way, Not Divided;None;No Special Feature;Smooth Asphalt;Piedmont;Urban;30 - 35  MPH;No Control Present;Clear;No;35.779842, -78.64463
871;872;Yes;50-59;51;No;With Traffic;A: Disabling Injury;Travel Lane;Black;Male;None - Rural Crash;Guilford;No;01/01/2004;11/11/2010;Motorist Overtaking Bicyclist;7;Non-Intersection;01/11/2001;01/01/2001 07:26;Motorist Overtaking - Other /;0;2010;A: Disabling Injury;Residential;30-39;30;No;31-35 mph;O: No Injury;White;Male;Van;No;No;Daylight;Mixed (30% To 70% Developed);2 lanes;2;Straight - Level;State Secondary Route;Dry;Two-Way, Not Divided;None;No Special Feature;Smooth Asphalt;Piedmont;Rural;30 - 35  MPH;Double Yellow Line, No Passing Zone;Clear;No;36.018875, -79.96786
878;879;Yes;50-59;55;Yes;With Traffic;B: Evident Injury;Travel Lane;Black;Male;None - Rural Crash;Greene;Yes;01/01/2002;23/11/2010;Motorist Overtaking Bicyclist;21;Non-Intersection;01/11/2001;01/01/2001 21:28;Motorist Overtaking - Other /;0;2010;B: Evident Injury;Farms, Woods, Pastures;20-24;20;No;51-55 mph;O: No Injury;White;Female;Sport Utility;No;No;Dark - Roadway Not Lighted;Rural (<30% Developed);2 lanes;2;Straight - Level;State Secondary Route;Dry;Two-Way, Not Divided;None;No Special Feature;Smooth Asphalt;Coastal;Rural;50 - 55  MPH;No Control Present;Clear;No;35.439236, -77.5587
881;882;Yes;15-nov;13;No;With Traffic;B: Evident Injury;Travel Lane;White;Male;None - Rural Crash;Wake;No;01/01/2006;27/11/2010;Motorist Overtaking Bicyclist;16;Non-Intersection;01/11/2001;01/01/2001 16:37;Motorist Overtaking - Misjudged Space;0;2010;B: Evident Injury;Residential;30-39;32;No;26-30 mph;O: No Injury;Black;Female;Passenger Car;No;No;Daylight;Mixed (30% To 70% Developed);2 lanes;2;Straight - Grade;State Secondary Route;Dry;Two-Way, Not Divided;None;No Special Feature;Smooth Asphalt;Piedmont;Rural;30 - 35  MPH;No Control Present;Clear;No;35.72192, -78.55423
887;888;No;30-39;38;No;With Traffic;B: Evident Injury;Travel Lane;Black;Male;Wadesboro;Anson;No;01/01/2005;12/11/2010;Motorist Overtaking Bicyclist;19;Intersection-Related;01/11/2001;01/01/2001 19:48;Motorist Overtaking - Bicyclist Swerved;0;2010;B: Evident Injury;Residential;NA;NA;Missing;21-25 mph;Injury;/Missing;NA;Passenger Car;No;Yes;Dark - Lighted Roadway;Mixed (30% To 70% Developed);1 lane;2;Straight - Level;Local Street;Dry;One-Way, Not Divided;None;No Special Feature;Smooth Asphalt;Piedmont;Urban;30 - 35  MPH;No Control Present;Clear;No;34.975983, -80.08534
903;904;Yes;20-24;23;No;With Traffic;C: Possible Injury;Bike Lane / Paved Shoulder;White;Male;Fayetteville;Cumberland;No;01/01/2004;25/11/2010;Motorist Overtaking Bicyclist;15;Non-Intersection;01/11/2001;01/01/2001 15:49;Motorist Overtaking - Misjudged Space;0;2010;C: Possible Injury;Commercial;NA;NA;Missing;31-35 mph;Injury;/Missing;NA;NA;No;Yes;Daylight;Urban (>70% Developed);2 lanes;2;Straight - Level;Local Street;Dry;Two-Way, Not Divided;None;No Special Feature;Smooth Asphalt;Coastal;Urban;30 - 35  MPH;No Control Present;Clear;No;35.012184, -78.9091
905;906;Yes;50-59;55;Yes;NA;C: Possible Injury;Travel Lane;Black;Male;Williamston;Martin;Yes;01/01/2005;26/11/2010;Parallel Paths - Other Circumstances;17;Non-Intersection;01/11/2001;01/01/2001 17:18;Parallel Paths - Other /;0;2010;C: Possible Injury;Commercial;NA;NA;Missing;NA;Injury;/Missing;NA;NA;No;Yes;Dark - Roadway Not Lighted;Urban (>70% Developed);2 lanes;2;Straight - Level;US Route;Dry;Two-Way, Divided, Unprotected Median;None;No Special Feature;Smooth Asphalt;Coastal;Urban;NA;No Control Present;Clear;No;35.839966, -77.08651
906;907;No;30-39;39;No;With Traffic;C: Possible Injury;Travel Lane;Black;Male;Charlotte;Mecklenburg;No;NA;29/11/2010;Motorist Left Turn / Merge;8;Intersection;01/11/2001;01/01/2001 07:59;Motorist Left Turn - Opposite Direction;0;2010;C: Possible Injury;Commercial;40-49;40;No;6-10 mph;O: No Injury;Black;Male;Passenger Car;No;No;Daylight;Urban (>70% Developed);2 lanes;2;Straight - Grade;Local Street;Dry;Two-Way, Not Divided;None;No Special Feature;Smooth Asphalt;Piedmont;Urban;30 - 35  MPH;Stop Sign;Cloudy;No;35.375313, -80.78522
907;908;No;20-24;21;No;Facing Traffic;O: No Injury;Sidewalk / Crosswalk / Driveway Crossing;White;Male;Raleigh;Wake;No;01/01/2002;23/11/2010;Motorist Failed to Yield - Midblock;11;Non-Intersection;01/11/2001;01/01/2001 11:56;Motorist Drive Out - Commercial Driveway / Alley;0;2010;O: No Injury;Residential;20-24;24;No;0-5 mph;O: No Injury;White;Male;Passenger Car;No;No;Daylight;Urban (>70% Developed);4 lanes;2;Straight - Level;Local Street;Dry;Two-Way, Not Divided;None;No Special Feature;Coarse Asphalt;Piedmont;Urban;5 - 15 MPH;No Control Present;Clear;No;35.769623, -78.69049
916;917;Yes;50-59;54;No;Not Applicable;C: Possible Injury;Travel Lane;White;Male;Lumberton;Robeson;No;01/01/2005;12/11/2010;Bicyclist Failed to Yield - Midblock;17;Non-Intersection;01/11/2001;01/01/2001 17:35;Bicyclist Ride Out - Other Midblock;0;2010;C: Possible Injury;Commercial;40-49;42;No;41-45 mph;Injury;White;Female;Passenger Car;No;No;Dusk;Urban (>70% Developed);4 lanes;2;Straight - Level;NC Route;Dry;Two-Way, Not Divided;None;No Special Feature;Coarse Asphalt;Coastal;Urban;40 - 45  MPH;No Control Present;Clear;No;34.62815, -78.987206
927;928;Yes;30-39;35;No;With Traffic;K: Killed;Travel Lane;White;Female;Asheville;Buncombe;No;01/01/2005;26/11/2010;Motorist Overtaking Bicyclist;18;Non-Intersection;01/11/2001;01/01/2001 18:31;Motorist Overtaking - Undetected Bicyclist;0;2010;K: Killed;Farms, Woods, Pastures;40-49;48;No;31-35 mph;O: No Injury;White;Female;Passenger Car;No;No;Dark - Roadway Not Lighted;Urban (>70% Developed);2 lanes;3;Curve - Bottom;Local Street;Dry;Two-Way, Not Divided;None;No Special Feature;Smooth Asphalt;Mountains;Urban;30 - 35  MPH;Double Yellow Line, No Passing Zone;Cloudy;No;35.600307, -82.53156
934;935;Yes;15-nov;11;No;With Traffic;C: Possible Injury;Travel Lane;White;Male;None - Rural Crash;Dare;No;01/01/2004;11/11/2010;Motorist Overtaking Bicyclist;10;Non-Intersection;01/11/2001;01/01/2001 10:58;Motorist Overtaking - Bicyclist Swerved;0;2010;C: Possible Injury;Residential;50-59;57;No;31-35 mph;O: No Injury;White;Female;Sport Utility;No;No;Daylight;Urban (>70% Developed);2 lanes;2;Straight - Level;US Route;Dry;Two-Way, Not Divided;None;No Special Feature;Coarse Asphalt;Coastal;Rural;30 - 35  MPH;Double Yellow Line, No Passing Zone;Cloudy;No;35.90389, -75.77333
936;937;No;50-59;57;No;Facing Traffic;O: No Injury;Sidewalk / Crosswalk / Driveway Crossing;Black;Male;Rocky Mount;Nash;No;01/01/2007;21/11/2010;Motorist Failed to Yield - Midblock;13;Non-Intersection;01/11/2001;01/01/2001 13:55;Motorist Drive Out - Commercial Driveway / Alley;0;2010;O: No Injury;Residential;40-49;44;No;0-5 mph;O: No Injury;Black;Female;Sport Utility;No;No;Daylight;Urban (>70% Developed);2 lanes;2;Straight - Level;Public Vehicular Area;Dry;Two-Way, Not Divided;None;Driveway, Public;Smooth Asphalt;Coastal;Urban;30 - 35  MPH;Stop Sign;Clear;No;35.93089, -77.81326
945;946;No;40-49;43;No;With Traffic;C: Possible Injury;Travel Lane;White;Male;Charlotte;Mecklenburg;No;01/01/2006;11/12/2010;Motorist Failed to Yield - Sign-Controlled Intersection;14;Intersection;01/12/2001;01/01/2001 14:02;Motorist Drive Out - Sign-Controlled Intersection;0;2010;C: Possible Injury;Residential;60-69;61;No;6-10 mph;O: No Injury;White;Male;Passenger Car;No;No;Daylight;Urban (>70% Developed);4 lanes;2;Straight - Level;Local Street;Dry;Two-Way, Divided, Positive Median Barrier;None;T-Intersection;Smooth Asphalt;Piedmont;Urban;30 - 35  MPH;Stop Sign;Clear;No;35.181767, -80.83824
956;957;No;40-49;40;No;Facing Traffic;B: Evident Injury;Travel Lane;White;Female;Woodfin;Buncombe;No;01/01/2005;27/08/2010;Head-On;18;Non-Intersection;01/08/2001;01/01/2001 18:00;Head-On - Bicyclist;0;2010;B: Evident Injury;Residential;30-39;32;No;0-5 mph;O: No Injury;White;Female;Passenger Car;No;No;Daylight;Mixed (30% To 70% Developed);2 lanes;3;Curve - Level;State Secondary Route;Wet;Two-Way, Not Divided;None;No Special Feature;Smooth Asphalt;Mountains;Rural;30 - 35  MPH;No Control Present;Rain;No;35.61934, -82.60507
960;961;Yes;15-nov;13;No;With Traffic;A: Disabling Injury;Travel Lane;Black;Male;Raleigh;Wake;No;01/01/2005;24/12/2010;Bicyclist Failed to Yield - Sign-Controlled Intersection;13;Intersection;01/12/2001;01/01/2001 13:49;Bicyclist Ride Through - Sign-Controlled Intersection;0;2010;A: Disabling Injury;Residential;70+;NA;No;6-10 mph;O: No Injury;Black;Male;Van;No;No;Daylight;Urban (>70% Developed);2 lanes;2;Straight - Grade;Local Street;Dry;Two-Way, Not Divided;None;T-Intersection;Coarse Asphalt;Piedmont;Urban;20 - 25  MPH;Stop Sign;Clear;No;35.767303, -78.6086
10;11;Yes;30-39;36;No;With Traffic;A: Disabling Injury;Travel Lane;Hispanic;Male;None - Rural Crash;Johnston;No;01/01/2005;21/01/2011;Motorist Overtaking Bicyclist;19;Non-Intersection;NA;01/01/2001 19:17;Motorist Overtaking - Undetected Bicyclist;311231;2011;A: Disabling Injury;Commercial;40-49;40;No;51-55 mph;O: No Injury;White;Male;Pickup;No;No;Dark - Roadway Not Lighted;Mixed (30% To 70% Developed);4 lanes;2;Curve - Level;US Route;Dry;Two-Way, Divided, Unprotected Median;None;No Special Feature;Smooth Asphalt;Coastal;Rural;50 - 55  MPH;No Control Present;Clear;No;35.61813, -78.424
21;22;No;30-39;38;No;With Traffic;B: Evident Injury;Travel Lane;White;Male;Winston-Salem;Forsyth;No;NA;24/01/2011;Motorist Left Turn / Merge;19;Intersection;NA;01/01/2001 19:20;Motorist Left Turn - Opposite Direction;111212;2011;B: Evident Injury;Commercial;25-29;25;No;6-10 mph;O: No Injury;White;Male;Passenger Car;No;No;Dark - Lighted Roadway;Urban (>70% Developed);2 lanes;2;Straight - Grade;Local Street;Dry;Two-Way, Not Divided;None;Four-Way Intersection;Smooth Asphalt;Piedmont;Urban;30 - 35  MPH;Stop And Go Signal;Clear;No;36.07181, -80.2394
22;23;Yes;50-59;57;No;Facing Traffic;B: Evident Injury;Sidewalk / Crosswalk / Driveway Crossing;Hispanic;Male;Pineville;Mecklenburg;No;01/01/2005;07/01/2011;Motorist Failed to Yield - Sign-Controlled Intersection;9;Intersection;NA;01/01/2001 09:57;Motorist Drive Out - Sign-Controlled Intersection;132141;2011;B: Evident Injury;Commercial;40-49;46;No;NA;O: No Injury;White;Male;Passenger Car;No;No;Daylight;Urban (>70% Developed);2 lanes;2;Straight - Level;Local Street;Dry;Two-Way, Not Divided;None;T-Intersection;Smooth Asphalt;Piedmont;Rural;30 - 35  MPH;Stop Sign;Cloudy;No;35.09559, -80.8635
35;36;No;30-39;33;No;With Traffic;C: Possible Injury;Bike Lane / Paved Shoulder;Hispanic;Male;Goldsboro;Wayne;No;01/01/2005;04/02/2011;Motorist Overtaking Bicyclist;6;Non-Intersection;01/02/2001;01/01/2001 06:45;Motorist Overtaking - Other /;321239;2011;C: Possible Injury;Commercial;NA;NA;Missing;31-35 mph;Injury;/Missing;NA;NA;No;Yes;Dark - Lighted Roadway;Urban (>70% Developed);2 lanes;2;Straight - Level;Local Street;Wet;Two-Way, Not Divided;None;No Special Feature;Coarse Asphalt;Coastal;Urban;40 - 45  MPH;Double Yellow Line, No Passing Zone;Rain;No;35.3665, -77.9337
40;41;Yes;25-29;29;No;Facing Traffic;B: Evident Injury;Travel Lane;White;Male;Raleigh;Wake;Yes;NA;24/01/2011;Head-On;2;Intersection-Related;NA;01/01/2001 02:34;Head-On - Motorist;212255;2011;B: Evident Injury;Commercial;20-24;24;Yes;11-15 mph;O: No Injury;White;Male;Passenger Car;No;No;Dark - Lighted Roadway;Urban (>70% Developed);3 lanes;2;Straight - Level;Local Street;Dry;Two-Way, Not Divided;None;No Special Feature;Smooth Asphalt;Piedmont;Urban;30 - 35  MPH;No Control Present;Clear;No;35.78081, -78.6492
48;49;Yes;30-39;30;No;With Traffic;C: Possible Injury;Travel Lane;White;Female;Albemarle;Stanly;No;01/01/2003;16/02/2011;Motorist Overtaking Bicyclist;19;Non-Intersection;01/02/2001;01/01/2001 19:21;Motorist Overtaking - Undetected Bicyclist;311231;2011;C: Possible Injury;Commercial;60-69;66;No;31-35 mph;O: No Injury;White;Male;Pickup;No;No;Dark - Roadway Not Lighted;Urban (>70% Developed);5 lanes;2;Straight - Level;NC Route;Dry;Two-Way, Not Divided;None;No Special Feature;Smooth Asphalt;Piedmont;Urban;40 - 45  MPH;No Control Present;Clear;No;35.34252, -80.1817
54;55;Yes;20-24;23;No;With Traffic;A: Disabling Injury;Travel Lane;White;Male;Salisbury;Rowan;No;01/01/2002;15/02/2011;Motorist Overtaking Bicyclist;19;Non-Intersection;01/02/2001;01/01/2001 19:24;Motorist Overtaking - Undetected Bicyclist;311231;2011;A: Disabling Injury;Residential;30-39;32;No;51-55 mph;O: No Injury;White;Male;Pickup;No;No;Dark - Roadway Not Lighted;Urban (>70% Developed);5 lanes;2;Straight - Level;Local Street;Dry;Two-Way, Not Divided;None;No Special Feature;Coarse Asphalt;Piedmont;Urban;50 - 55  MPH;No Control Present;Clear;No;35.62984, -80.5224
63;64;Yes;50-59;56;Yes;Not Applicable;B: Evident Injury;Non-Roadway;Black;Male;Rocky Mount;Nash;Yes;01/01/2002;25/01/2011;Non-Roadway;18;Non-Roadway;NA;01/01/2001 18:08;Non-Roadway;460910;2011;B: Evident Injury;Commercial;40-49;48;No;16-20 mph;O: No Injury;White;Male;Pickup;No;No;Dark - Lighted Roadway;Urban (>70% Developed);NA;2;Straight - Level;Public Vehicular Area;Wet;Two-Way, Not Divided;None;Driveway, Public;Coarse Asphalt;Coastal;Urban;5 - 15 MPH;No Control Present;Cloudy;No;35.971, -77.8099
67;68;No;16-19;18;Yes;Not Applicable;C: Possible Injury;Travel Lane;White;Male;Greensboro;Guilford;Yes;01/01/2004;24/02/2011;Bicyclist Failed to Yield - Midblock;18;Non-Intersection;01/02/2001;01/01/2001 18:28;Bicyclist Ride Out - Other Midblock;313318;2011;C: Possible Injury;Commercial;50-59;53;No;16-20 mph;O: No Injury;White;Male;Sport Utility;No;No;Dark - Lighted Roadway;Urban (>70% Developed);6 lanes;2;Straight - Level;Local Street;Wet;Two-Way, Divided, Unprotected Median;None;Related To Intersection;Coarse Asphalt;Piedmont;Urban;30 - 35  MPH;Stop And Go Signal;Cloudy;No;36.06208, -79.816
73;74;No;NA;NA;No;With Traffic;B: Evident Injury;Travel Lane;Black;Male;Kinston;Lenoir;No;01/01/2004;03/02/2011;Motorist Failed to Yield - Signalized Intersection;20;Intersection;01/02/2001;01/01/2001 20:08;Motorist Drive Out - Signalized Intersection;111152;2011;B: Evident Injury;Commercial;NA;NA;No;NA;Injury;/Missing;NA;NA;No;Yes;Dark - Lighted Roadway;Urban (>70% Developed);4 lanes;2;Straight - Level;NC Route;Dry;Two-Way, Not Divided;None;T-Intersection;Coarse Asphalt;Coastal;Urban;30 - 35  MPH;Stop And Go Signal;Clear;No;35.28369, -77.5806
74;75;No;60-69;68;No;With Traffic;B: Evident Injury;Travel Lane;White;Male;None - Rural Crash;New Hanover;No;01/01/2003;09/03/2011;Motorist Failed to Yield - Sign-Controlled Intersection;13;Intersection;01/03/2001;01/01/2001 13:54;Motorist Drive Out - Sign-Controlled Intersection;111141;2011;B: Evident Injury;Commercial;60-69;61;No;6-10 mph;O: No Injury;White;Female;Van;No;No;Daylight;Mixed (30% To 70% Developed);4 lanes;2;Straight - Level;NC Route;Dry;Two-Way, Divided, Unprotected Median;None;T-Intersection;Coarse Asphalt;Coastal;Rural;30 - 35  MPH;Stop Sign;Clear;No;34.16378, -77.8915
75;76;No;16-19;19;No;Facing Traffic;Injury;Sidewalk / Crosswalk / Driveway Crossing;Black;Male;Wilmington;New Hanover;No;01/01/2002;01/03/2011;Motorist Failed to Yield - Midblock;17;Non-Intersection;01/03/2001;01/01/2001 17:10;Motorist Drive Out - Commercial Driveway / Alley;332322;2011;O: No Injury;Commercial;60-69;60;No;0-5 mph;O: No Injury;White;Female;Passenger Car;No;No;Daylight;Urban (>70% Developed);NA;2;Straight - Level;NA;Dry;Two-Way, Not Divided;None;Driveway, Public;Concrete;Coastal;Urban;30 - 35  MPH;No Control Present;Clear;No;34.23931, -77.8662
77;78;No;15-nov;12;No;With Traffic;B: Evident Injury;Travel Lane;White;Female;None - Rural Crash;Transylvania;No;01/01/2007;13/03/2011;Bicyclist Failed to Yield - Sign-Controlled Intersection;13;Intersection;01/03/2001;01/01/2001 13:18;Bicyclist Ride Through - Sign-Controlled Intersection;111144;2011;B: Evident Injury;Farms, Woods, Pastures;70+;NA;No;21-25 mph;O: No Injury;White;Female;Passenger Car;No;No;Daylight;Rural (<30% Developed);2 lanes;2;Curve - Level;State Secondary Route;Dry;Two-Way, Not Divided;None;T-Intersection;Coarse Asphalt;Mountains;Rural;20 - 25  MPH;Stop Sign;Clear;No;35.22388, -82.747
78;79;Yes;25-29;27;No;Not Applicable;B: Evident Injury;Non-Roadway;White;Male;Charlotte;Mecklenburg;No;01/01/2006;05/03/2011;Non-Roadway;15;Non-Roadway;01/03/2001;01/01/2001 15:35;Non-Roadway;460910;2011;B: Evident Injury;Commercial;60-69;66;No;6-10 mph;O: No Injury;Black;Male;Passenger Car;No;No;Daylight;Urban (>70% Developed);2 lanes;2;Straight - Level;Public Vehicular Area;Wet;Two-Way, Not Divided;None;No Special Feature;Smooth Asphalt;Piedmont;Urban;20 - 25  MPH;No Control Present;Rain;No;35.21146, -80.926
82;83;No;50-59;50;No;NA;C: Possible Injury;Sidewalk / Crosswalk / Driveway Crossing;White;Male;Charlotte;Mecklenburg;No;01/01/2004;10/03/2011;Crossing Paths - Other Circumstances;17;Intersection;01/03/2001;01/01/2001 17:14;Crossing Paths - Intersection - Other /;139180;2011;C: Possible Injury;Commercial;20-24;20;No;NA;O: No Injury;Hispanic;Male;Sport Utility;No;No;Dawn;Urban (>70% Developed);3 lanes;2;Straight - Hillcrest;Local Street;Dry;Two-Way, Not Divided;None;Four-Way Intersection;Smooth Asphalt;Piedmont;Urban;30 - 35  MPH;Stop And Go Signal;Cloudy;No;35.13783, -80.8793