FID;OBJECTID;AmbulanceR;BikeAge_Gr;Bike_Age;Bike_Alc_D;Bike_Dir;Bike_Injur;Bike_Pos;Bike_Race;Bike_Sex;City;County;CrashAlcoh;CrashDay;Crash_Date;Crash_Grp;Crash_Hour;Crash_Loc;Crash_Mont;Crash_Time;Crash_Type;Crash_Ty_1;Crash_Year;Crsh_Sevri;Developmen;DrvrAge_Gr;Drvr_Age;Drvr_Alc_D;Drvr_EstSp;Drvr_Injur;Drvr_Race;Drvr_Sex;Drvr_VehTy;ExcsSpdInd;Hit_Run;Light_Cond;Locality;Num_Lanes;Num_Units;Rd_Charact;Rd_Class;Rd_Conditi;Rd_Config;Rd_Defects;Rd_Feature;Rd_Surface;Region;Rural_Urba;Speed_Limi;Traff_Cntr;Weather;Workzone_I;Location
141;142;Yes;50-59;54;No;With Traffic;B: Evident Injury;Travel Lane;Black;Male;Rocky Mount;Nash;No;01/01/2002;06/03/2012;Motorist Overtaking Bicyclist;7;Intersection-Related;01/03/2001;01/01/2001 07:53;Motorist Overtaking - Misjudged Space;NA;2012;B: Evident Injury;Residential;25-29;27;No;6-10 mph;O: No Injury;Hispanic;Male;Van;No;No;Daylight;Urban (>70% Developed);2 lanes;2;Straight - Level;Local Street;Dry;Two-Way, Not Divided;None;No Special Feature;Coarse Asphalt;Coastal;Urban;40 - 45  MPH;No Control Present;Clear;No;35.95609, -77.872
158;159;No;20-24;22;No;Facing Traffic;O: No Injury;Sidewalk / Crosswalk / Driveway Crossing;White;Male;Raleigh;Wake;No;01/01/2002;27/03/2012;Motorist Failed to Yield - Signalized Intersection;4;Intersection;01/03/2001;01/01/2001 04:06;Motorist Drive Out - Right Turn on Red;NA;2012;O: No Injury;Commercial;NA;NA;Missing;11-15 mph;Injury;/Missing;NA;NA;No;Yes;Dusk;Mixed (30% To 70% Developed);3 lanes;2;Straight - Level;Local Street;Dry;Two-Way, Not Divided;None;No Special Feature;Coarse Asphalt;Piedmont;Urban;20 - 25  MPH;Stop And Go Signal;Clear;No;35.78481, -78.6896
159;160;Yes;15-nov;11;No;Facing Traffic;C: Possible Injury;Travel Lane;Black;Female;Raleigh;Wake;No;NA;09/04/2012;Motorist Left Turn / Merge;20;Intersection;01/04/2001;01/01/2001 20:26;Motorist Left Turn - Same Direction;NA;2012;C: Possible Injury;Commercial;60-69;64;No;0-5 mph;O: No Injury;White;Female;Passenger Car;No;No;Dark - Roadway Not Lighted;Urban (>70% Developed);2 lanes;2;Straight - Level;Local Street;Dry;Two-Way, Not Divided;None;No Special Feature;Smooth Asphalt;Piedmont;Urban;40 - 45  MPH;No Control Present;Clear;No;35.84813, -78.6444
162;163;Yes;30-39;30;No;Facing Traffic;C: Possible Injury;Sidewalk / Crosswalk / Driveway Crossing;Black;Male;None - Rural Crash;Guilford;No;01/01/2002;27/03/2012;Bicyclist Failed to Yield - Signalized Intersection;17;Intersection;01/03/2001;01/01/2001 17:04;Bicyclist Ride Through - Signalized Intersection;NA;2012;C: Possible Injury;Residential;40-49;40;No;0-5 mph;O: No Injury;Black;Female;Sport Utility;No;No;Daylight;Urban (>70% Developed);8 lanes;2;Straight - Level;Local Street;Dry;Two-Way, Divided, Unprotected Median;None;Four-Way Intersection;Smooth Asphalt;Piedmont;Rural;5 - 15 MPH;Stop And Go Signal;Clear;No;36.08503, -79.7567
164;165;No;10-juin;7;No;Not Applicable;B: Evident Injury;Non-Roadway;Hispanic;Male;Raleigh;Wake;No;01/01/2004;12/04/2012;Non-Roadway;18;Non-Roadway;01/04/2001;01/01/2001 18:19;Non-Roadway;NA;2012;B: Evident Injury;Residential;30-39;34;No;0-5 mph;O: No Injury;White;Female;Passenger Car;No;No;Daylight;Urban (>70% Developed);NA;2;Straight - Grade;Public Vehicular Area;Dry;Two-Way, Not Divided;None;T-Intersection;Smooth Asphalt;Piedmont;Urban;5 - 15 MPH;No Control Present;Clear;No;35.87593, -78.7289
166;167;No;16-19;18;No;Not Applicable;C: Possible Injury;Non-Roadway;Black;Male;Kinston;Lenoir;No;01/01/2005;13/04/2012;Crossing Paths - Other Circumstances;12;Intersection-Related;01/04/2001;01/01/2001 12:41;Crossing Paths - Uncontrolled Intersection;NA;2012;C: Possible Injury;Commercial;40-49;46;No;6-10 mph;C: Possible Injury;Black;Female;Passenger Car;No;No;Daylight;Urban (>70% Developed);2 lanes;2;Straight - Level;Local Street;Dry;Two-Way, Not Divided;None;No Special Feature;Coarse Asphalt;Coastal;Urban;30 - 35  MPH;No Control Present;Clear;No;35.2687, -77.5831
171;172;Yes;20-24;23;No;With Traffic;B: Evident Injury;Bike Lane / Paved Shoulder;White;Male;None - Rural Crash;Orange;No;01/01/2002;10/04/2012;Motorist Overtaking Bicyclist;9;Non-Intersection;01/04/2001;01/01/2001 09:51;Motorist Overtaking - Other /;NA;2012;B: Evident Injury;Residential;NA;NA;No;31-35 mph;Injury;/Missing;NA;NA;No;Yes;Daylight;Rural (<30% Developed);2 lanes;2;Curve - Level;Local Street;Dry;Two-Way, Not Divided;NA;No Special Feature;Smooth Asphalt;Piedmont;Rural;30 - 35  MPH;No Control Present;Clear;No;35.92787, -79.0676
173;174;Yes;60-69;60;No;With Traffic;C: Possible Injury;Travel Lane;Hispanic;Male;Raleigh;Wake;No;NA;16/04/2012;Motorist Failed to Yield - Signalized Intersection;6;Intersection;01/04/2001;01/01/2001 06:41;Motorist Drive Out - Right Turn on Red;NA;2012;C: Possible Injury;Residential;50-59;51;No;0-5 mph;O: No Injury;Black;Female;Passenger Car;No;No;Daylight;Mixed (30% To 70% Developed);6 lanes;2;Straight - Level;Local Street;Dry;Two-Way, Not Divided;None;No Special Feature;Coarse Asphalt;Piedmont;Urban;40 - 45  MPH;Stop And Go Signal;Clear;No;35.82179, -78.5692
186;187;Yes;50-59;57;No;With Traffic;B: Evident Injury;Bike Lane / Paved Shoulder;White;Male;Wilmington;New Hanover;No;01/01/2004;29/03/2012;Motorist Failed to Yield - Midblock;18;Non-Intersection;01/03/2001;01/01/2001 18:31;Motorist Drive Out - Commercial Driveway / Alley;NA;2012;B: Evident Injury;Commercial;30-39;34;No;16-20 mph;O: No Injury;White;Male;Passenger Car;No;No;Daylight;Urban (>70% Developed);3 lanes;2;Straight - Level;Local Street;Dry;Two-Way, Not Divided;None;No Special Feature;Smooth Asphalt;Coastal;Urban;40 - 45  MPH;No Control Present;Clear;No;34.22022, -77.8216
187;188;No;15-nov;13;No;Facing Traffic;C: Possible Injury;Travel Lane;White;Male;Cary;Wake;No;01/01/2003;04/04/2012;Motorist Overtaking Bicyclist;16;Non-Intersection;01/04/2001;01/01/2001 16:24;Motorist Overtaking - Bicyclist Swerved;NA;2012;C: Possible Injury;Residential;NA;NA;Missing;NA;Injury;/Missing;NA;NA;No;Yes;Daylight;Urban (>70% Developed);2 lanes;2;Straight - Level;Local Street;Dry;Two-Way, Not Divided;None;No Special Feature;Smooth Asphalt;Piedmont;Urban;20 - 25  MPH;No Control Present;Clear;No;35.77365, -78.8423
189;190;No;40-49;42;No;With Traffic;B: Evident Injury;Travel Lane;Black;Male;Kinston;Lenoir;No;01/01/2005;20/04/2012;Motorist Overtaking Bicyclist;20;Intersection;01/04/2001;01/01/2001 19:59;Motorist Overtaking - Misjudged Space;NA;2012;B: Evident Injury;Residential;NA;NA;Missing;31-35 mph;Injury;/Missing;NA;Passenger Car;No;Yes;Dark - Lighted Roadway;Urban (>70% Developed);4 lanes;2;Straight - Level;Local Street;Dry;Two-Way, Not Divided;None;T-Intersection;Coarse Asphalt;Coastal;Urban;30 - 35  MPH;Stop And Go Signal;Clear;No;35.27833, -77.5756
200;201;No;25-29;28;No;With Traffic;C: Possible Injury;Bike Lane / Paved Shoulder;Asian;Male;Greensboro;Guilford;No;NA;02/04/2012;Motorist Left Turn / Merge;19;Intersection;01/04/2001;01/01/2001 19:38;Motorist Left Turn - Opposite Direction;NA;2012;C: Possible Injury;Commercial;20-24;21;No;6-10 mph;O: No Injury;White;Female;Passenger Car;No;No;Daylight;Urban (>70% Developed);2 lanes;2;Straight - Level;Local Street;Dry;Two-Way, Not Divided;None;Four-Way Intersection;Smooth Asphalt;Piedmont;Urban;30 - 35  MPH;Stop And Go Signal;Clear;No;36.06374, -79.8239
201;202;No;16-19;17;No;With Traffic;B: Evident Injury;Travel Lane;Black;Male;None - Rural Crash;Hertford;No;01/01/2003;04/04/2012;Motorist Overtaking Bicyclist;21;Non-Intersection;01/04/2001;01/01/2001 21:20;Motorist Overtaking - Other /;NA;2012;B: Evident Injury;Farms, Woods, Pastures;25-29;29;No;21-25 mph;O: No Injury;Black;Male;Passenger Car;No;No;Dark - Roadway Not Lighted;Rural (<30% Developed);2 lanes;2;Straight - Level;State Secondary Route;Dry;Two-Way, Not Divided;None;No Special Feature;Coarse Asphalt;Coastal;Rural;50 - 55  MPH;No Control Present;Cloudy;No;36.30174, -76.9589
204;205;Yes;40-49;45;No;With Traffic;B: Evident Injury;Travel Lane;White;Male;Stallings;Union;No;01/01/2006;07/04/2012;Motorist Left Turn / Merge;3;Non-Intersection;01/04/2001;01/01/2001 03:47;Motorist Left Turn - Opposite Direction;NA;2012;B: Evident Injury;Residential;50-59;59;No;6-10 mph;O: No Injury;White;Female;Passenger Car;No;No;Daylight;Mixed (30% To 70% Developed);2 lanes;2;Curve - Hillcrest;Local Street;Dry;Two-Way, Not Divided;None;No Special Feature;Smooth Asphalt;Piedmont;Urban;40 - 45  MPH;No Control Present;Clear;No;35.10617, -80.6747
205;206;No;NA;0;No;With Traffic;Injury;Travel Lane;/Missing;NA;None - Rural Crash;Rockingham;No;NA;23/04/2012;Motorist Overtaking Bicyclist;22;Non-Intersection;01/04/2001;01/01/2001 22:03;Motorist Overtaking - Misjudged Space;NA;2012;O: No Injury;Farms, Woods, Pastures;40-49;40;No;41-45 mph;O: No Injury;White;Female;Passenger Car;No;No;Dark - Roadway Not Lighted;Rural (<30% Developed);2 lanes;2;Straight - Level;NC Route;Dry;Two-Way, Not Divided;None;No Special Feature;Smooth Asphalt;Piedmont;Rural;40 - 45  MPH;Double Yellow Line, No Passing Zone;Clear;No;36.35368, -79.6926
206;207;Yes;15-nov;13;No;With Traffic;C: Possible Injury;Travel Lane;White;Female;Morehead City;Carteret;No;01/01/2004;12/04/2012;Crossing Paths - Other Circumstances;16;Intersection;01/04/2001;01/01/2001 16:15;Crossing Paths - Intersection - Other /;NA;2012;C: Possible Injury;Commercial;40-49;43;No;31-35 mph;O: No Injury;White;Female;Passenger Car;No;No;Other;Urban (>70% Developed);4 lanes;3;Straight - Level;Local Street;Dry;Two-Way, Divided, Unprotected Median;None;T-Intersection;Coarse Asphalt;Coastal;Urban;30 - 35  MPH;No Control Present;Clear;No;34.72716, -76.7509
207;208;No;50-59;51;No;With Traffic;C: Possible Injury;Travel Lane;White;Female;Asheville;Buncombe;No;01/01/2007;15/04/2012;Motorist Failed to Yield - Sign-Controlled Intersection;13;Intersection;01/04/2001;01/01/2001 13:13;Motorist Drive Out - Sign-Controlled Intersection;NA;2012;C: Possible Injury;Residential;30-39;36;No;0-5 mph;O: No Injury;White;Female;Passenger Car;No;No;Daylight;Urban (>70% Developed);2 lanes;2;Straight - Level;Local Street;Dry;Two-Way, Not Divided;None;T-Intersection;Smooth Asphalt;Mountains;Urban;20 - 25  MPH;Stop Sign;Clear;No;35.60994, -82.546
208;209;Yes;16-19;19;No;With Traffic;B: Evident Injury;Travel Lane;White;Male;Mount Olive;Wayne;No;01/01/2005;27/04/2012;Bicyclist Failed to Yield - Sign-Controlled Intersection;12;Intersection;01/04/2001;01/01/2001 12:12;Bicyclist Ride Through - Sign-Controlled Intersection;NA;2012;B: Evident Injury;Residential;40-49;42;No;26-30 mph;O: No Injury;White;Male;Police;No;No;Daylight;Urban (>70% Developed);2 lanes;2;Straight - Level;Local Street;Dry;Two-Way, Not Divided;None;Four-Way Intersection;Coarse Asphalt;Coastal;Rural;30 - 35  MPH;Flashing Signal With Stop Sign;Clear;No;35.19722, -78.0626
211;212;Yes;40-49;42;No;With Traffic;B: Evident Injury;Travel Lane;White;Male;None - Rural Crash;Wake;No;01/01/2005;27/04/2012;Motorist Left Turn / Merge;13;Intersection;01/04/2001;01/01/2001 13:06;Motorist Left Turn - Opposite Direction;NA;2012;B: Evident Injury;Residential;30-39;39;No;16-20 mph;O: No Injury;White;Male;Passenger Car;No;No;Daylight;Urban (>70% Developed);2 lanes;2;Curve - Level;State Secondary Route;Dry;Two-Way, Not Divided;None;T-Intersection;Coarse Asphalt;Piedmont;Rural;40 - 45  MPH;Double Yellow Line, No Passing Zone;Clear;No;35.63449, -78.6713
212;213;No;40-49;42;No;With Traffic;O: No Injury;Travel Lane;White;Male;None - Rural Crash;Cleveland;No;01/01/2004;26/04/2012;Motorist Right Turn / Merge;18;Intersection;01/04/2001;01/01/2001 18:09;Motorist Right Turn - Same Direction;NA;2012;O: No Injury;Farms, Woods, Pastures;30-39;38;No;36-40 mph;O: No Injury;White;Female;Sport Utility;No;No;Daylight;Rural (<30% Developed);2 lanes;2;Straight - Level;State Secondary Route;Dry;Two-Way, Not Divided;None;T-Intersection;Smooth Asphalt;Mountains;Rural;40 - 45  MPH;Double Yellow Line, No Passing Zone;Clear;No;35.32547, -81.6214
214;215;No;50-59;50;No;Not Applicable;C: Possible Injury;Non-Roadway;White;Male;Wilmington;New Hanover;No;01/01/2003;18/04/2012;Non-Roadway;15;Non-Roadway;01/04/2001;01/01/2001 15:50;Non-Roadway;NA;2012;C: Possible Injury;Commercial;50-59;56;No;NA;O: No Injury;White;Female;Passenger Car;No;No;Daylight;Urban (>70% Developed);NA;2;Straight - Level;Public Vehicular Area;Dry;Two-Way, Not Divided;None;No Special Feature;Coarse Asphalt;Coastal;Urban;30 - 35  MPH;Stop Sign;Clear;No;34.2339, -77.8769
216;217;Yes;50-59;54;No;With Traffic;B: Evident Injury;Travel Lane;Black;Male;Wilmington;New Hanover;No;01/01/2005;20/04/2012;Crossing Paths - Other Circumstances;18;Intersection;01/04/2001;01/01/2001 18:50;Sign-Controlled Intersection - Other /;NA;2012;B: Evident Injury;Residential;30-39;32;No;21-25 mph;O: No Injury;Black;Male;Pickup;No;No;Daylight;Urban (>70% Developed);3 lanes;2;Straight - Level;Local Street;Dry;One-Way, Not Divided;None;No Special Feature;Coarse Asphalt;Coastal;Urban;30 - 35  MPH;Stop Sign;Clear;No;34.22648, -77.933
220;221;Yes;20-24;20;No;With Traffic;C: Possible Injury;Travel Lane;White;Male;Greensboro;Guilford;No;01/01/2004;12/04/2012;Bicyclist Failed to Yield - Signalized Intersection;13;Intersection;01/04/2001;01/01/2001 13:14;Bicyclist Ride Through - Signalized Intersection;NA;2012;C: Possible Injury;Residential;40-49;46;No;0-5 mph;O: No Injury;Black;Male;Passenger Car;No;No;Daylight;Urban (>70% Developed);5 lanes;2;Straight - Level;Local Street;Dry;Two-Way, Divided, Unprotected Median;None;Four-Way Intersection;Smooth Asphalt;Piedmont;Urban;30 - 35  MPH;Stop And Go Signal;Clear;No;36.11319, -79.7755
222;223;No;NA;0;Missing;With Traffic;Injury;Travel Lane;/Missing;NA;Winston-Salem;Forsyth;No;01/01/2003;18/04/2012;Motorist Overtaking Bicyclist;20;Intersection-Related;01/04/2001;01/01/2001 20:56;Motorist Overtaking - Other /;NA;2012;O: No Injury;Residential;70;70;No;31-35 mph;O: No Injury;White;Male;Passenger Car;No;No;Dark - Roadway Not Lighted;Mixed (30% To 70% Developed);2 lanes;2;Straight - Level;Local Street;Wet;Two-Way, Divided, Unprotected Median;None;No Special Feature;Smooth Asphalt;Piedmont;Urban;30 - 35  MPH;No Control Present;Cloudy;No;36.1529, -80.2641
239;240;Yes;50-59;54;No;With Traffic;B: Evident Injury;Travel Lane;White;Male;None - Rural Crash;Craven;No;01/01/2006;05/05/2012;Backing Vehicle;12;Non-Intersection;01/05/2001;01/01/2001 12:51;Backing Vehicle;NA;2012;B: Evident Injury;Residential;50-59;55;No;0-5 mph;O: No Injury;White;Male;Passenger Car;No;No;Daylight;Rural (<30% Developed);2 lanes;2;Straight - Level;State Secondary Route;Dry;Two-Way, Not Divided;None;Driveway, Private;Smooth Asphalt;Coastal;Rural;30 - 35  MPH;No Control Present;Clear;No;34.98316, -76.9824
241;242;No;16-19;19;No;With Traffic;B: Evident Injury;Travel Lane;Asian;Male;Chapel Hill;Orange;No;01/01/2003;11/04/2012;Bicyclist Left Turn / Merge;15;Non-Intersection;01/04/2001;01/01/2001 15:26;Bicyclist Left Turn - Same Direction;NA;2012;B: Evident Injury;Institutional;25-29;26;No;11-15 mph;O: No Injury;White;Male;Sport Utility;No;No;Daylight;Urban (>70% Developed);4 lanes;2;Straight - Grade;Local Street;Dry;Two-Way, Not Divided;None;No Special Feature;Smooth Asphalt;Piedmont;Urban;20 - 25  MPH;No Control Present;Clear;No;35.9004, -79.0408
242;243;No;10-juin;9;No;Not Applicable;O: No Injury;Sidewalk / Crosswalk / Driveway Crossing;White;Female;Wilmington;New Hanover;No;01/01/2004;03/05/2012;Crossing Paths - Other Circumstances;7;Non-Intersection;01/05/2001;01/01/2001 07:38;Crossing Paths - Midblock - Other /;NA;2012;O: No Injury;Commercial;50-59;59;No;0-5 mph;O: No Injury;White;Female;Sport Utility;No;No;Daylight;Urban (>70% Developed);3 lanes;2;Straight - Level;Local Street;Dry;Two-Way, Divided, Unprotected Median;None;No Special Feature;Coarse Asphalt;Coastal;Urban;30 - 35  MPH;Human Control;Clear;No;34.19667, -77.844
243;244;No;NA;0;Missing;Facing Traffic;Injury;Travel Lane;/Missing;NA;Chapel Hill;Orange;No;NA;30/04/2012;Bicyclist Left Turn / Merge;18;Non-Intersection;01/04/2001;01/01/2001 18:26;Bicyclist Left Turn - Opposite Direction;NA;2012;O: No Injury;Residential;25-29;27;No;31-35 mph;O: No Injury;White;Male;Passenger Car;No;No;Daylight;Urban (>70% Developed);1 lane;2;Curve - Grade;Local Street;Dry;Two-Way, Not Divided;None;No Special Feature;Smooth Asphalt;Piedmont;Urban;30 - 35  MPH;No Control Present;Clear;No;35.91593, -79.0644
248;249;No;50-59;52;No;Not Applicable;B: Evident Injury;NA;White;Female;None - Rural Crash;Wake;No;01/01/2007;29/04/2012;Bicyclist Failed to Yield - Midblock;16;Non-Intersection;01/04/2001;01/01/2001 16:56;Bicyclist Ride Out - Midblock -;NA;2012;B: Evident Injury;Residential;NA;NA;Missing;36-40 mph;Injury;/Missing;NA;NA;No;Yes;Daylight;Rural (<30% Developed);2 lanes;2;Curve - Grade;State Secondary Route;Dry;Two-Way, Not Divided;None;No Special Feature;Smooth Asphalt;Piedmont;Rural;40 - 45  MPH;Double Yellow Line, No Passing Zone;Clear;No;35.78601, -78.923
251;252;Yes;16-19;16;No;Facing Traffic;C: Possible Injury;Travel Lane;Black;Female;None - Rural Crash;Wayne;No;NA;07/05/2012;Head-On;20;Non-Intersection;01/05/2001;01/01/2001 20:49;Head-On - Bicyclist;NA;2012;C: Possible Injury;Farms, Woods, Pastures;40-49;49;No;41-45 mph;O: No Injury;Black;Male;Passenger Car;No;No;Dark - Roadway Not Lighted;Rural (<30% Developed);2 lanes;2;Straight - Level;State Secondary Route;Dry;Two-Way, Not Divided;None;No Special Feature;Smooth Asphalt;Coastal;Rural;40 - 45  MPH;Double Yellow Line, No Passing Zone;Clear;No;35.40624, -77.9785
258;259;No;40-49;40;No;Facing Traffic;C: Possible Injury;Sidewalk / Crosswalk / Driveway Crossing;White;Female;Washington;Beaufort;No;NA;23/04/2012;Motorist Failed to Yield - Midblock;16;Non-Intersection;01/04/2001;01/01/2001 16:45;Motorist Drive Out - Commercial Driveway / Alley;NA;2012;C: Possible Injury;Commercial;20-24;23;No;0-5 mph;O: No Injury;White;Male;Passenger Car;No;No;Daylight;Urban (>70% Developed);NA;2;Straight - Level;Public Vehicular Area;Dry;Two-Way, Not Divided;None;Driveway, Public;Coarse Asphalt;Coastal;Urban;30 - 35  MPH;No Control Present;Clear;No;35.54614, -77.0304
259;260;No;30-39;36;No;Facing Traffic;C: Possible Injury;Sidewalk / Crosswalk / Driveway Crossing;White;Male;Stanley;Gaston;No;01/01/2004;01/03/2012;Loss of Control / Turning Error;17;Non-Intersection;01/03/2001;01/01/2001 17:09;Bicyclist Lost Control - Mechanical Problems;NA;2012;C: Possible Injury;Commercial;70;70;No;NA;O: No Injury;White;Female;Passenger Car;No;No;Daylight;Urban (>70% Developed);NA;2;Straight - Grade;Public Vehicular Area;Dry;Two-Way, Not Divided;None;T-Intersection;Smooth Asphalt;Piedmont;Rural;NA;No Control Present;Clear;No;35.35504, -81.0912
267;268;Yes;15-nov;12;No;With Traffic;C: Possible Injury;Travel Lane;White;Male;None - Rural Crash;Lenoir;No;01/01/2005;11/05/2012;Bicyclist Left Turn / Merge;19;Non-Intersection;01/05/2001;01/01/2001 19:29;Bicyclist Left Turn - Opposite Direction;NA;2012;C: Possible Injury;Residential;0-19;18;No;41-45 mph;O: No Injury;White;Male;Passenger Car;No;No;Daylight;Mixed (30% To 70% Developed);2 lanes;2;Straight - Level;State Secondary Route;Dry;Two-Way, Not Divided;None;No Special Feature;Smooth Asphalt;Coastal;Rural;50 - 55  MPH;No Control Present;Clear;No;35.24266, -77.6125
270;271;No;40-49;46;Yes;NA;C: Possible Injury;NA;Black;Female;Rocky Mount;Nash;Yes;01/01/2005;13/04/2012;Crossing Paths - Other Circumstances;21;Intersection-Related;01/04/2001;01/01/2001 21:14;Signalized Intersection - Other /;NA;2012;C: Possible Injury;Residential;20-24;20;No;6-10 mph;O: No Injury;Black;Male;Passenger Car;No;No;Dark - Lighted Roadway;Urban (>70% Developed);5 lanes;2;Straight - Level;Local Street;Dry;Two-Way, Not Divided;None;Four-Way Intersection;Coarse Asphalt;Coastal;Urban;30 - 35  MPH;Stop And Go Signal;Clear;No;35.93568, -77.8047
274;275;Yes;60-69;64;No;With Traffic;B: Evident Injury;Travel Lane;White;Male;Sanford;Lee;No;NA;30/04/2012;Bicyclist Left Turn / Merge;19;Intersection;01/04/2001;01/01/2001 19:01;Bicyclist Left Turn - Same Direction;NA;2012;B: Evident Injury;Residential;0-19;18;No;41-45 mph;O: No Injury;White;Male;Pickup;No;No;Daylight;Urban (>70% Developed);2 lanes;2;Straight - Level;Local Street;Dry;Two-Way, Not Divided;None;Four-Way Intersection;Coarse Asphalt;Piedmont;Urban;40 - 45  MPH;No Control Present;Clear;No;35.45287, -79.2263
275;276;No;60-69;69;No;With Traffic;C: Possible Injury;Travel Lane;White;Male;Wrightsville Beach;New Hanover;No;01/01/2007;06/05/2012;Motorist Left Turn / Merge;16;Intersection;01/05/2001;01/01/2001 16:46;Motorist Left Turn - Opposite Direction;NA;2012;C: Possible Injury;Residential;20-24;20;No;0-5 mph;O: No Injury;White;Male;Passenger Car;No;No;Daylight;Urban (>70% Developed);2 lanes;2;Straight - Level;Local Street;Dry;Two-Way, Not Divided;None;Four-Way Intersection;Grooved Concrete;Coastal;Rural;20 - 25  MPH;Stop Sign;Cloudy;No;34.21407, -77.7914
276;277;No;20-24;20;No;Facing Traffic;Injury;Travel Lane;Black;Male;Durham;Durham;No;01/01/2004;29/03/2012;Motorist Failed to Yield - Sign-Controlled Intersection;11;Intersection;01/03/2001;01/01/2001 11:39;Motorist Drive Out - Sign-Controlled Intersection;NA;2012;O: No Injury;Residential;30-39;39;No;0-5 mph;O: No Injury;Black;Male;Van;No;No;Daylight;Mixed (30% To 70% Developed);2 lanes;2;Curve - Grade;Local Street;Dry;Two-Way, Not Divided;None;No Special Feature;Coarse Asphalt;Piedmont;Urban;30 - 35  MPH;No Control Present;Clear;No;35.97351, -78.9028
285;286;Yes;0-5;4;No;With Traffic;A: Disabling Injury;Travel Lane;Hispanic;Male;Winston-Salem;Forsyth;No;01/01/2006;21/04/2012;Bicyclist Failed to Yield - Sign-Controlled Intersection;9;Intersection;01/04/2001;01/01/2001 09:56;Bicyclist Ride Through - Sign-Controlled Intersection;NA;2012;A: Disabling Injury;Residential;25-29;25;No;21-25 mph;O: No Injury;Black;Female;Sport Utility;No;No;Daylight;Urban (>70% Developed);2 lanes;2;Straight - Level;Local Street;Dry;Two-Way, Not Divided;None;Four-Way Intersection;Smooth Asphalt;Piedmont;Urban;30 - 35  MPH;No Control Present;Clear;No;36.12415, -80.2197
287;288;No;25-29;27;No;Facing Traffic;O: No Injury;Sidewalk / Crosswalk / Driveway Crossing;White;Male;Boone;Watauga;No;NA;07/05/2012;Motorist Failed to Yield - Midblock;17;Non-Intersection;01/05/2001;01/01/2001 17:43;Motorist Drive Out - Commercial Driveway / Alley;NA;2012;O: No Injury;Commercial;30-39;38;No;NA;O: No Injury;White;Male;Pickup;No;No;Daylight;Urban (>70% Developed);NA;2;Straight - Level;Public Vehicular Area;Dry;Two-Way, Not Divided;None;Driveway, Public;Smooth Asphalt;Mountains;Urban;NA;Other;Clear;No;36.20647, -81.6711
289;290;No;30-39;32;No;With Traffic;B: Evident Injury;Travel Lane;White;Male;Morrisville;Wake;No;01/01/2004;17/05/2012;Motorist Right Turn / Merge;9;Intersection;01/05/2001;01/01/2001 09:41;Motorist Right Turn - Same Direction;NA;2012;B: Evident Injury;Commercial;20-24;21;No;41-45 mph;O: No Injury;Black;Female;Passenger Car;No;No;Daylight;Urban (>70% Developed);5 lanes;2;Straight - Level;State Secondary Route;Dry;Two-Way, Not Divided;None;No Special Feature;Coarse Asphalt;Piedmont;Urban;40 - 45  MPH;Stop And Go Signal;Cloudy;No;35.85367, -78.8252
294;295;Yes;60-69;60;No;With Traffic;B: Evident Injury;Travel Lane;White;Male;None - Rural Crash;Lenoir;No;01/01/2006;19/05/2012;Loss of Control / Turning Error;17;Intersection;01/05/2001;01/01/2001 17:39;Motorist Turning Error - Left Turn;NA;2012;B: Evident Injury;Residential;0-19;16;No;21-25 mph;O: No Injury;White;Male;Pickup;No;No;Daylight;Mixed (30% To 70% Developed);2 lanes;2;Straight - Level;State Secondary Route;Dry;Two-Way, Not Divided;None;T-Intersection;Coarse Asphalt;Coastal;Rural;40 - 45  MPH;Stop Sign;Clear;No;35.29614, -77.6932
297;298;Yes;40-49;42;No;Facing Traffic;C: Possible Injury;Sidewalk / Crosswalk / Driveway Crossing;White;Male;Asheville;Buncombe;No;NA;23/04/2012;Motorist Failed to Yield - Midblock;13;Non-Intersection;01/04/2001;01/01/2001 13:05;Motorist Drive Out - Commercial Driveway / Alley;NA;2012;C: Possible Injury;Commercial;60-69;60;No;0-5 mph;O: No Injury;White;Male;Passenger Car;No;No;Daylight;Urban (>70% Developed);2 lanes;2;Straight - Level;Public Vehicular Area;Dry;Two-Way, Not Divided;None;No Special Feature;Smooth Asphalt;Mountains;Urban;5 - 15 MPH;No Control Present;Cloudy;No;35.55139, -82.5371
298;299;Yes;50-59;52;No;Facing Traffic;B: Evident Injury;Travel Lane;Black;Male;Raleigh;Wake;No;NA;14/05/2012;Motorist Failed to Yield - Signalized Intersection;9;Intersection;01/05/2001;01/01/2001 09:47;Motorist Drive Out - Right Turn on Red;NA;2012;B: Evident Injury;Commercial;20-24;24;No;6-10 mph;O: No Injury;Hispanic;Female;Passenger Car;No;No;Daylight;Urban (>70% Developed);5 lanes;2;Straight - Level;Interstate;Dry;One-Way, Not Divided;None;On or Off Ramp;Smooth Asphalt;Piedmont;Urban;20 - 25  MPH;Stop And Go Signal;Clear;No;35.76948, -78.6484