FID;OBJECTID;AmbulanceR;BikeAge_Gr;Bike_Age;Bike_Alc_D;Bike_Dir;Bike_Injur;Bike_Pos;Bike_Race;Bike_Sex;City;County;CrashAlcoh;CrashDay;Crash_Date;Crash_Grp;Crash_Hour;Crash_Loc;Crash_Mont;Crash_Time;Crash_Type;Crash_Ty_1;Crash_Year;Crsh_Sevri;Developmen;DrvrAge_Gr;Drvr_Age;Drvr_Alc_D;Drvr_EstSp;Drvr_Injur;Drvr_Race;Drvr_Sex;Drvr_VehTy;ExcsSpdInd;Hit_Run;Light_Cond;Locality;Num_Lanes;Num_Units;Rd_Charact;Rd_Class;Rd_Conditi;Rd_Config;Rd_Defects;Rd_Feature;Rd_Surface;Region;Rural_Urba;Speed_Limi;Traff_Cntr;Weather;Workzone_I;Location
299;300;No;30-39;31;No;With Traffic;C: Possible Injury;Travel Lane;White;Female;None - Rural Crash;Wayne;No;01/01/2007;20/05/2012;Motorist Overtaking Bicyclist;15;Non-Intersection;01/05/2001;01/01/2001 15:34;Motorist Overtaking - Other /;NA;2012;C: Possible Injury;Farms, Woods, Pastures;NA;NA;No;41-45 mph;Injury;/Missing;NA;Passenger Car;No;Yes;Daylight;Urban (>70% Developed);2 lanes;2;Straight - Level;State Secondary Route;Dry;Two-Way, Not Divided;None;No Special Feature;Smooth Asphalt;Coastal;Rural;40 - 45  MPH;Double Yellow Line, No Passing Zone;Clear;No;35.32736, -78.032
300;301;Yes;40-49;47;No;Facing Traffic;B: Evident Injury;Sidewalk / Crosswalk / Driveway Crossing;White;Female;Raleigh;Wake;No;01/01/2005;11/05/2012;Motorist Failed to Yield - Signalized Intersection;19;Intersection;01/05/2001;01/01/2001 19:03;Motorist Drive Out - Right Turn on Red;NA;2012;B: Evident Injury;Residential;30-39;33;No;6-10 mph;O: No Injury;White;Female;Passenger Car;No;No;Daylight;Urban (>70% Developed);4 lanes;2;Straight - Level;Local Street;Dry;Two-Way, Not Divided;None;Four-Way Intersection;Smooth Asphalt;Piedmont;Urban;30 - 35  MPH;Stop And Go Signal;Clear;No;35.8114, -78.5656
330;331;Yes;30-39;36;No;Facing Traffic;C: Possible Injury;Sidewalk / Crosswalk / Driveway Crossing;Asian;Female;Cary;Wake;No;01/01/2003;01/06/2011;Motorist Failed to Yield - Sign-Controlled Intersection;8;Intersection;01/06/2001;01/01/2001 08:26;Motorist Drive Out - Sign-Controlled Intersection;132141;2011;C: Possible Injury;Commercial;30-39;34;No;0-5 mph;O: No Injury;White;Male;Passenger Car;No;No;Daylight;Urban (>70% Developed);3 lanes;2;Straight - Grade;Local Street;Dry;Two-Way, Not Divided;None;Four-Way Intersection;Smooth Asphalt;Piedmont;Urban;30 - 35  MPH;Stop And Go Signal;Clear;No;35.76179, -78.7834
336;337;No;10-juin;10;No;With Traffic;B: Evident Injury;Travel Lane;Black;Male;None - Rural Crash;Iredell;No;01/01/2007;05/06/2011;Motorist Overtaking Bicyclist;11;Non-Intersection;01/06/2001;01/01/2001 11:20;Motorist Overtaking - Bicyclist Swerved;311235;2011;B: Evident Injury;Residential;20-24;23;No;6-10 mph;O: No Injury;Black;Male;Passenger Car;No;No;Daylight;Mixed (30% To 70% Developed);2 lanes;2;Straight - Grade;State Secondary Route;Dry;Two-Way, Not Divided;None;No Special Feature;Coarse Asphalt;Piedmont;Rural;30 - 35  MPH;No Control Present;Clear;No;35.77857, -80.8399
340;341;Yes;50-59;52;Yes;With Traffic;C: Possible Injury;Sidewalk / Crosswalk / Driveway Crossing;Black;Male;Salisbury;Rowan;Yes;01/01/2002;14/06/2011;Parallel Paths - Other Circumstances;17;Non-Intersection;01/06/2001;01/01/2001 17:49;Bicyclist Ride Out - Parallel Path;331225;2011;C: Possible Injury;Residential;25-29;26;No;16-20 mph;O: No Injury;White;Female;Passenger Car;No;No;Daylight;Urban (>70% Developed);2 lanes;2;Straight - Level;NA;Dry;Two-Way, Divided, Unprotected Median;None;No Special Feature;Smooth Asphalt;Piedmont;Urban;30 - 35  MPH;No Control Present;Clear;No;35.6601, -80.4802
355;356;No;20-24;23;No;Not Applicable;O: No Injury;Non-Roadway;Black;Male;Durham;Durham;No;NA;27/06/2011;Non-Roadway;21;Non-Roadway;01/06/2001;01/01/2001 21:19;Non-Roadway;460910;2011;O: No Injury;Residential;30-39;34;No;0-5 mph;O: No Injury;White;Male;Police;No;No;Dark - Lighted Roadway;Urban (>70% Developed);NA;2;Straight - Level;Public Vehicular Area;Dry;NA;None;Other;Other;Piedmont;Urban;5 - 15 MPH;No Control Present;Clear;No;35.99259, -78.8819
363;364;No;50-59;57;No;With Traffic;A: Disabling Injury;Travel Lane;White;Male;Madison;Rockingham;No;NA;16/05/2011;Bicyclist Failed to Yield - Signalized Intersection;16;Intersection;01/05/2001;01/01/2001 16:24;Bicyclist Ride Through - Signalized Intersection;111155;2011;A: Disabling Injury;Commercial;40-49;47;No;11-15 mph;O: No Injury;White;Male;Pickup;No;No;Daylight;Rural (<30% Developed);2 lanes;2;Straight - Level;Local Street;Dry;Two-Way, Not Divided;None;Four-Way Intersection;Smooth Asphalt;Piedmont;Rural;20 - 25  MPH;Stop And Go Signal;Clear;No;36.38753, -79.9596
365;366;Yes;30-39;34;No;With Traffic;B: Evident Injury;Travel Lane;White;Male;Jacksonville;Onslow;No;01/01/2005;27/05/2011;Bicyclist Left Turn / Merge;8;Intersection-Related;01/05/2001;01/01/2001 08:33;Bicyclist Left Turn - Same Direction;211221;2011;B: Evident Injury;Commercial;40-49;48;No;31-35 mph;O: No Injury;White;Male;Truck/Trailer;No;No;Daylight;Urban (>70% Developed);1 lane;2;Straight - Level;US Route;Dry;One-Way, Not Divided;None;Y-Intersection;Smooth Asphalt;Coastal;Urban;40 - 45  MPH;No Control Present;Clear;No;34.7523, -77.4496
368;369;No;30-39;32;No;Facing Traffic;C: Possible Injury;Travel Lane;White;Female;Wilmington;New Hanover;No;01/01/2003;15/06/2011;Motorist Failed to Yield - Sign-Controlled Intersection;17;Intersection;01/06/2001;01/01/2001 16:59;Motorist Drive Out - Sign-Controlled Intersection;112141;2011;C: Possible Injury;Commercial;40-49;47;No;0-5 mph;O: No Injury;White;Female;Sport Utility;No;No;Daylight;Urban (>70% Developed);2 lanes;2;Straight - Grade;Local Street;Dry;Two-Way, Not Divided;None;T-Intersection;Coarse Asphalt;Coastal;Urban;20 - 25  MPH;Stop Sign;Clear;No;34.19453, -77.9131
376;377;Yes;16-19;17;No;With Traffic;C: Possible Injury;Travel Lane;Black;Male;None - Rural Crash;Scotland;No;01/01/2006;02/07/2011;Motorist Overtaking Bicyclist;1;Non-Intersection;01/07/2001;01/01/2001 01:24;Motorist Overtaking - Bicyclist Swerved;311235;2011;C: Possible Injury;Farms, Woods, Pastures;70+;NA;No;46-50 mph;O: No Injury;Black;Male;Passenger Car;No;No;Dark - Roadway Not Lighted;Rural (<30% Developed);2 lanes;2;Straight - Level;US Route;Dry;Two-Way, Not Divided;None;No Special Feature;Smooth Asphalt;Coastal;Rural;50 - 55  MPH;No Control Present;Clear;No;34.71653, -79.5138
377;378;Yes;16-19;18;No;Facing Traffic;Injury;Sidewalk / Crosswalk / Driveway Crossing;Black;Male;Charlotte;Mecklenburg;No;01/01/2006;11/06/2011;Loss of Control / Turning Error;13;Intersection;01/06/2001;01/01/2001 13:56;Bicyclist Lost Control - Oversteering, Improper Braking, Speed;132122;2011;O: No Injury;Commercial;40-49;46;No;0-5 mph;O: No Injury;White;Male;Pickup;No;No;Daylight;Urban (>70% Developed);2 lanes;2;Straight - Level;Local Street;Dry;Two-Way, Not Divided;None;No Special Feature;Coarse Asphalt;Piedmont;Urban;30 - 35  MPH;Stop Sign;Clear;No;35.24871, -80.7542
381;382;Yes;30-39;31;Yes;With Traffic;B: Evident Injury;Travel Lane;White;Male;Raleigh;Wake;Yes;01/01/2006;02/07/2011;Motorist Left Turn / Merge;23;Intersection;01/07/2001;01/01/2001 23:08;Motorist Left Turn - Opposite Direction;111212;2011;B: Evident Injury;Industrial;20-24;21;No;6-10 mph;O: No Injury;Hispanic;Male;Passenger Car;No;No;Dark - Lighted Roadway;Urban (>70% Developed);6 lanes;2;Straight - Level;Local Street;Dry;Two-Way, Not Divided;None;Four-Way Intersection;Smooth Asphalt;Piedmont;Urban;30 - 35  MPH;Stop And Go Signal;Clear;No;35.7805, -78.6417
385;386;Yes;16-19;16;No;Not Applicable;K: Killed;Travel Lane;White;Male;Monroe;Union;No;01/01/2003;15/06/2011;Bicyclist Failed to Yield - Midblock;12;Non-Intersection;01/06/2001;01/01/2001 12:58;Multiple Threat - Midblock;313357;2011;K: Killed;Commercial;0-19;18;No;36-40 mph;O: No Injury;White;Female;Passenger Car;No;No;Daylight;Urban (>70% Developed);6 lanes;2;Straight - Level;US Route;Dry;Two-Way, Divided, Unprotected Median;None;Non-Intersection Median Crossing;Smooth Asphalt;Piedmont;Urban;40 - 45  MPH;No Control Present;Clear;No;35.00959, -80.5629
404;405;Yes;10-juin;6;No;With Traffic;B: Evident Injury;Travel Lane;Black;Female;Rocky Mount;Nash;No;01/01/2003;18/05/2011;Bicyclist Failed to Yield - Sign-Controlled Intersection;16;Intersection;01/05/2001;01/01/2001 16:07;Bicyclist Ride Through - Sign-Controlled Intersection;111144;2011;B: Evident Injury;Residential;0-19;19;No;6-10 mph;O: No Injury;Black;Female;Sport Utility;No;No;Daylight;Urban (>70% Developed);2 lanes;2;Straight - Level;Local Street;Dry;Two-Way, Not Divided;None;No Special Feature;Smooth Asphalt;Coastal;Urban;5 - 15 MPH;Stop Sign;Clear;No;35.96809, -77.8866
411;412;Yes;16-19;19;No;With Traffic;O: No Injury;Travel Lane;Black;Male;None - Rural Crash;Wake;No;01/01/2007;10/07/2011;Bicyclist Left Turn / Merge;17;Non-Intersection;01/07/2001;01/01/2001 17:45;Bicyclist Left Turn - Same Direction;311221;2011;O: No Injury;Residential;30-39;39;No;41-45 mph;O: No Injury;Black;Female;Passenger Car;No;No;Daylight;Mixed (30% To 70% Developed);3 lanes;2;Straight - Level;State Secondary Route;Dry;Two-Way, Not Divided;None;No Special Feature;Smooth Asphalt;Piedmont;Rural;40 - 45  MPH;No Control Present;Clear;No;35.74761, -78.5915
421;422;Yes;15-nov;13;No;Not Applicable;C: Possible Injury;Driveway / Alley;White;Male;Roanoke Rapids;Halifax;No;NA;27/06/2011;Loss of Control / Turning Error;20;Intersection-Related;01/06/2001;01/01/2001 20:08;Bicyclist Lost Control - Mechanical Problems;253121;2011;C: Possible Injury;Residential;40-49;41;No;11-15 mph;Injury;White;Male;Sport Utility;No;No;Daylight;Urban (>70% Developed);2 lanes;2;Straight - Level;Local Street;Dry;Two-Way, Not Divided;None;No Special Feature;Smooth Asphalt;Coastal;Urban;20 - 25  MPH;No Control Present;Clear;No;36.47029, -77.6467
427;428;Yes;15-nov;11;No;Not Applicable;C: Possible Injury;Driveway / Alley;Black;Male;Wilson;Wilson;No;NA;25/04/2011;Bicyclist Failed to Yield - Midblock;12;Non-Intersection;01/04/2001;01/01/2001 12:45;Bicyclist Ride Out - Residential Driveway;353311;2011;C: Possible Injury;Residential;25-29;25;No;16-20 mph;O: No Injury;White;Female;Sport Utility;No;No;Daylight;Urban (>70% Developed);2 lanes;2;Straight - Level;Local Street;Dry;Two-Way, Not Divided;None;No Special Feature;Coarse Asphalt;Coastal;Urban;30 - 35  MPH;No Control Present;Clear;No;35.72855, -77.9117
430;431;Yes;25-29;26;No;With Traffic;B: Evident Injury;Travel Lane;Other;Male;Raleigh;Wake;No;01/01/2005;01/07/2011;Bicyclist Overtaking Motorist;9;Intersection-Related;01/07/2001;01/01/2001 09:34;Bicyclist Overtaking - Passing on Right;211241;2011;B: Evident Injury;Institutional;20-24;20;No;0-5 mph;O: No Injury;Other;Female;Passenger Car;No;No;Daylight;Urban (>70% Developed);2 lanes;2;Straight - Level;Local Street;Dry;Two-Way, Not Divided;None;No Special Feature;Coarse Asphalt;Piedmont;Urban;20 - 25  MPH;Stop And Go Signal;Clear;No;35.78624, -78.6749
431;432;Yes;50-59;51;No;With Traffic;B: Evident Injury;Travel Lane;White;Male;Waxhaw;Union;No;01/01/2006;02/07/2011;Loss of Control / Turning Error;7;Intersection;01/07/2001;01/01/2001 07:40;Motorist Turning Error - Left Turn;111111;2011;B: Evident Injury;Farms, Woods, Pastures;40-49;42;No;41-45 mph;O: No Injury;White;Male;Sport Utility;No;No;Daylight;Mixed (30% To 70% Developed);4 lanes;2;Straight - Grade;Local Street;Dry;Two-Way, Divided, Unprotected Median;None;Four-Way Intersection;Smooth Asphalt;Piedmont;Rural;40 - 45  MPH;Stop And Go Signal;Clear;No;34.94689, -80.7736
436;437;No;20-24;20;No;Not Applicable;C: Possible Injury;Non-Roadway;Black;Male;Rutherfordton;Rutherford;No;NA;04/07/2011;Non-Roadway;18;Non-Roadway;01/07/2001;01/01/2001 18:29;Non-Roadway;460910;2011;C: Possible Injury;Commercial;25-29;26;No;21-25 mph;O: No Injury;Black;Male;Passenger Car;No;No;Daylight;Urban (>70% Developed);2 lanes;2;Curve - Level;Public Vehicular Area;Dry;Two-Way, Not Divided;None;No Special Feature;Smooth Asphalt;Mountains;Rural;30 - 35  MPH;No Control Present;Clear;No;35.36217, -81.9429
442;443;Yes;15-nov;14;No;With Traffic;A: Disabling Injury;Travel Lane;Black;Male;None - Rural Crash;Onslow;No;01/01/2007;24/07/2011;Bicyclist Right Turn / Merge;20;Non-Intersection;01/07/2001;01/01/2001 20:49;Bicyclist Right Turn - Same Direction;311223;2011;A: Disabling Injury;Farms, Woods, Pastures;40-49;46;No;41-45 mph;O: No Injury;White;Female;Passenger Car;No;No;Dark - Roadway Not Lighted;Rural (<30% Developed);3 lanes;2;Straight - Level;NC Route;Dry;Two-Way, Not Divided;None;No Special Feature;Coarse Asphalt;Coastal;Rural;40 - 45  MPH;No Control Present;Clear;No;34.7442, -77.4895
446;447;Yes;60-69;67;No;With Traffic;B: Evident Injury;Travel Lane;White;Male;None - Rural Crash;Brunswick;No;NA;25/07/2011;Motorist Overtaking Bicyclist;9;Non-Intersection;01/07/2001;01/01/2001 09:04;Motorist Overtaking - Misjudged Space;311232;2011;B: Evident Injury;Farms, Woods, Pastures;25-29;27;No;41-45 mph;O: No Injury;White;Male;Van;No;No;Daylight;Rural (<30% Developed);2 lanes;2;Straight - Level;NC Route;Dry;Two-Way, Not Divided;None;No Special Feature;Smooth Asphalt;Coastal;Rural;40 - 45  MPH;Double Yellow Line, No Passing Zone;Cloudy;No;33.94058, -78.0245
461;462;No;16-19;17;No;With Traffic;O: No Injury;Travel Lane;Other;Male;Cary;Wake;No;01/01/2003;29/06/2011;Motorist Failed to Yield - Sign-Controlled Intersection;16;Intersection;01/06/2001;01/01/2001 16:02;Motorist Drive Out - Sign-Controlled Intersection;111141;2011;O: No Injury;Commercial;NA;NA;Missing;NA;Injury;/Missing;NA;NA;No;Yes;Dawn;Urban (>70% Developed);NA;2;Straight - Grade;Public Vehicular Area;Dry;Two-Way, Divided, Positive Median Barrier;None;No Special Feature;Smooth Asphalt;Piedmont;Urban;NA;Stop Sign;Clear;No;35.77698, -78.8349
469;470;Yes;50-59;52;No;With Traffic;C: Possible Injury;Travel Lane;Black;Male;Charlotte;Mecklenburg;Yes;01/01/2006;16/07/2011;Motorist Overtaking Bicyclist;0;Intersection-Related;01/07/2001;01/01/2001 00:47;Motorist Overtaking - Undetected Bicyclist;211231;2011;C: Possible Injury;Residential;20-24;22;Yes;31-35 mph;O: No Injury;White;Male;Passenger Car;No;No;Dark - Roadway Not Lighted;Urban (>70% Developed);2 lanes;2;Curve - Grade;Local Street;Dry;Two-Way, Not Divided;None;No Special Feature;Smooth Asphalt;Piedmont;Urban;30 - 35  MPH;No Control Present;Cloudy;No;35.21512, -80.8155
474;475;Yes;25-29;26;No;With Traffic;C: Possible Injury;Sidewalk / Crosswalk / Driveway Crossing;Black;Male;Goldsboro;Wayne;No;01/01/2003;13/07/2011;Motorist Failed to Yield - Midblock;17;Non-Intersection;01/07/2001;01/01/2001 17:27;Motorist Drive Out - Commercial Driveway / Alley;331322;2011;C: Possible Injury;Residential;60-69;62;No;NA;O: No Injury;White;Female;Pickup;No;No;Daylight;Urban (>70% Developed);2 lanes;2;Straight - Level;Local Street;Dry;Two-Way, Not Divided;None;No Special Feature;Coarse Asphalt;Coastal;Urban;NA;No Control Present;Clear;No;35.38162, -77.9862
475;476;Yes;50-59;50;No;Facing Traffic;B: Evident Injury;Travel Lane;Black;Male;None - Rural Crash;Johnston;No;NA;01/08/2011;Head-On;21;Non-Intersection;01/08/2001;01/01/2001 21:54;Head-On - Bicyclist;312250;2011;B: Evident Injury;Farms, Woods, Pastures;50-59;57;No;41-45 mph;O: No Injury;White;Male;Van;No;No;Dark - Roadway Not Lighted;Rural (<30% Developed);2 lanes;2;Curve - Level;NC Route;Dry;Two-Way, Not Divided;None;No Special Feature;Coarse Asphalt;Coastal;Rural;50 - 55  MPH;Double Yellow Line, No Passing Zone;Clear;No;35.31495, -78.4577
479;480;No;50-59;51;No;With Traffic;B: Evident Injury;Travel Lane;White;Male;Cary;Wake;No;NA;18/07/2011;Motorist Right Turn / Merge;7;Intersection;01/07/2001;01/01/2001 07:37;Motorist Right Turn - Same Direction;111213;2011;B: Evident Injury;Residential;40-49;41;No;6-10 mph;O: No Injury;White;Male;Passenger Car;No;No;Daylight;Urban (>70% Developed);2 lanes;2;Straight - Level;Local Street;Dry;Two-Way, Not Divided;None;Four-Way Intersection;Coarse Asphalt;Piedmont;Urban;20 - 25  MPH;Stop Sign;Clear;No;35.803, -78.7868
484;485;Yes;30-39;31;No;With Traffic;A: Disabling Injury;Travel Lane;White;Male;Charlotte;Mecklenburg;Yes;01/01/2004;07/07/2011;Motorist Overtaking Bicyclist;21;Non-Intersection;01/07/2001;01/01/2001 21:04;Motorist Overtaking - Misjudged Space;311232;2011;A: Disabling Injury;Commercial;40-49;42;Yes;0-5 mph;O: No Injury;Black;Male;Sport Utility;No;Yes;Dark - Lighted Roadway;Urban (>70% Developed);6 lanes;2;Straight - Level;State Secondary Route;Wet;Two-Way, Divided, Positive Median Barrier;None;No Special Feature;Smooth Asphalt;Piedmont;Urban;40 - 45  MPH;No Control Present;Rain;No;35.22407, -80.8861
488;489;No;15-nov;13;No;With Traffic;C: Possible Injury;Travel Lane;Black;Male;Charlotte;Mecklenburg;No;NA;25/07/2011;Loss of Control / Turning Error;15;Intersection;01/07/2001;01/01/2001 15:40;Bicyclist Lost Control - Oversteering, Improper Braking, Speed;111122;2011;C: Possible Injury;Residential;30-39;37;No;6-10 mph;C: Possible Injury;White;Female;Passenger Car;No;No;Daylight;Mixed (30% To 70% Developed);2 lanes;2;Straight - Level;Local Street;Dry;Two-Way, Not Divided;None;No Special Feature;Smooth Asphalt;Piedmont;Urban;5 - 15 MPH;No Control Present;Cloudy;No;35.22709, -80.8431
489;490;No;40-49;48;No;Facing Traffic;C: Possible Injury;Sidewalk / Crosswalk / Driveway Crossing;Black;Male;Winston-Salem;Forsyth;No;01/01/2004;21/07/2011;Motorist Failed to Yield - Midblock;12;Non-Intersection;01/07/2001;01/01/2001 12:21;Motorist Drive Out - Commercial Driveway / Alley;332322;2011;C: Possible Injury;Commercial;20-24;22;No;0-5 mph;O: No Injury;White;Female;Pickup;No;No;Daylight;Urban (>70% Developed);NA;2;Straight - Level;Local Street;Dry;Two-Way, Not Divided;None;Driveway, Public;Smooth Asphalt;Piedmont;Urban;NA;No Control Present;Clear;No;36.08252, -80.2576
494;495;Yes;25-29;29;No;With Traffic;C: Possible Injury;Travel Lane;White;Male;Raleigh;Wake;No;01/01/2003;03/08/2011;Motorist Left Turn / Merge;16;Intersection;01/08/2001;01/01/2001 16:30;Motorist Left Turn - Opposite Direction;111212;2011;C: Possible Injury;Residential;20-24;21;No;16-20 mph;O: No Injury;White;Female;Passenger Car;No;No;Daylight;Urban (>70% Developed);2 lanes;2;Straight - Grade;Local Street;Dry;Two-Way, Not Divided;None;Four-Way Intersection;Smooth Asphalt;Piedmont;Urban;30 - 35  MPH;No Control Present;Clear;No;35.79312, -78.673
608;609;Yes;60-69;64;No;With Traffic;C: Possible Injury;Travel Lane;White;Male;None - Rural Crash;Onslow;No;01/01/2003;07/09/2011;Bicyclist Left Turn / Merge;15;Non-Intersection;01/09/2001;01/01/2001 15:10;Bicyclist Left Turn - Same Direction;311221;2011;C: Possible Injury;Farms, Woods, Pastures;70+;NA;No;31-35 mph;O: No Injury;White;Female;Passenger Car;No;No;Daylight;Rural (<30% Developed);2 lanes;2;Straight - Level;NC Route;Dry;Two-Way, Not Divided;None;No Special Feature;Coarse Asphalt;Coastal;Rural;40 - 45  MPH;Double Yellow Line, No Passing Zone;Cloudy;No;34.54958, -77.4328
615;616;Yes;50-59;53;No;With Traffic;C: Possible Injury;Travel Lane;White;Male;None - Rural Crash;Pitt;No;01/01/2002;13/09/2011;Motorist Failed to Yield - Sign-Controlled Intersection;20;Intersection;01/09/2001;01/01/2001 20:38;Motorist Drive Out - Sign-Controlled Intersection;111141;2011;C: Possible Injury;Farms, Woods, Pastures;50-59;53;No;0-5 mph;O: No Injury;White;Female;Passenger Car;No;No;Dark - Roadway Not Lighted;Rural (<30% Developed);2 lanes;2;Curve - Level;State Secondary Route;Dry;Two-Way, Not Divided;None;No Special Feature;Coarse Asphalt;Coastal;Rural;50 - 55  MPH;Flashing Signal With Stop Sign;Clear;No;35.5126, -77.3188
616;617;Yes;40-49;41;No;With Traffic;B: Evident Injury;Travel Lane;White;Female;None - Rural Crash;Durham;No;01/01/2003;14/09/2011;Motorist Failed to Yield - Sign-Controlled Intersection;8;Intersection;01/09/2001;01/01/2001 08:39;Motorist Drive Out - Sign-Controlled Intersection;111141;2011;B: Evident Injury;Farms, Woods, Pastures;70+;NA;No;6-10 mph;O: No Injury;White;Male;Passenger Car;No;No;Daylight;Rural (<30% Developed);2 lanes;2;Straight - Grade;State Secondary Route;Dry;Two-Way, Not Divided;None;Four-Way Intersection;Smooth Asphalt;Piedmont;Rural;40 - 45  MPH;Stop Sign;Clear;No;36.01007, -78.99
621;622;Yes;15-nov;13;No;With Traffic;B: Evident Injury;Travel Lane;White;Male;Aberdeen;Moore;No;01/01/2004;08/09/2011;Crossing Paths - Other Circumstances;20;Intersection-Related;01/09/2001;01/01/2001 20:04;Crossing Paths - Uncontrolled Intersection;211160;2011;B: Evident Injury;Commercial;25-29;29;No;41-45 mph;O: No Injury;White;Male;Pickup;No;No;Dark - Lighted Roadway;Urban (>70% Developed);5 lanes;2;Straight - Level;US Route;Dry;Two-Way, Divided, Unprotected Median;None;No Special Feature;Coarse Asphalt;Piedmont;Rural;40 - 45  MPH;No Control Present;Clear;No;35.14011, -79.4249
632;633;No;40-49;41;No;With Traffic;C: Possible Injury;Travel Lane;White;Male;Charlotte;Mecklenburg;No;NA;12/09/2011;Bicyclist Left Turn / Merge;15;Intersection;01/09/2001;01/01/2001 15:02;Bicyclist Left Turn - Same Direction;111221;2011;C: Possible Injury;Commercial;30-39;38;No;0-5 mph;O: No Injury;Black;Male;Passenger Car;No;No;Daylight;Urban (>70% Developed);2 lanes;2;Straight - Level;Local Street;Dry;Two-Way, Divided, Unprotected Median;None;T-Intersection;Smooth Asphalt;Piedmont;Urban;30 - 35  MPH;Stop Sign;Clear;No;35.2188, -80.8141
635;636;No;16-19;18;No;With Traffic;C: Possible Injury;Travel Lane;White;Male;Asheville;Buncombe;No;NA;29/08/2011;Bicyclist Failed to Yield - Sign-Controlled Intersection;12;Intersection;01/08/2001;01/01/2001 12:42;Bicyclist Ride Out - Sign-Controlled Intersection;111142;2011;C: Possible Injury;Commercial;60-69;61;No;16-20 mph;O: No Injury;White;Male;Passenger Car;No;No;Daylight;Urban (>70% Developed);5 lanes;2;Straight - Level;US Route;Dry;Two-Way, Divided, Unprotected Median;None;Four-Way Intersection;Smooth Asphalt;Mountains;Urban;30 - 35  MPH;Stop Sign;Clear;No;35.56596, -82.5433
636;637;No;50-59;51;No;Facing Traffic;Injury;Multi-use Path;/Missing;Female;Southern Shores;Dare;No;01/01/2006;10/09/2011;Bicyclist Failed to Yield - Sign-Controlled Intersection;14;Intersection;01/09/2001;01/01/2001 14:17;Bicyclist Ride Through - Sign-Controlled Intersection;142144;2011;O: No Injury;Residential;40-49;47;No;0-5 mph;O: No Injury;White;Male;Pickup;No;No;Daylight;Urban (>70% Developed);2 lanes;2;Straight - Level;Local Street;Dry;Two-Way, Not Divided;None;T-Intersection;Smooth Asphalt;Coastal;Rural;20 - 25  MPH;Stop And Go Signal;Clear;No;36.11453, -75.7202
646;647;No;20-24;21;No;Not Applicable;A: Disabling Injury;Driveway / Alley;Black;Male;Wilmington;New Hanover;No;NA;19/09/2011;Bicyclist Failed to Yield - Midblock;10;Non-Intersection;01/09/2001;01/01/2001 10:28;Bicyclist Ride Out - Residential Driveway;353311;2011;A: Disabling Injury;Residential;50-59;50;No;11-15 mph;O: No Injury;White;Female;Passenger Car;No;No;Daylight;Urban (>70% Developed);2 lanes;2;Straight - Level;Local Street;Dry;Two-Way, Not Divided;None;No Special Feature;Coarse Asphalt;Coastal;Urban;20 - 25  MPH;No Control Present;Clear;No;34.21544, -77.8794
649;650;No;60-69;69;No;With Traffic;C: Possible Injury;Travel Lane;White;Male;None - Rural Crash;Cleveland;No;01/01/2002;23/08/2011;Bicyclist Overtaking Motorist;9;Non-Intersection;01/08/2001;01/01/2001 09:03;Bicyclist Overtaking - Other /;311249;2011;C: Possible Injury;Farms, Woods, Pastures;25-29;27;No;31-35 mph;O: No Injury;White;Female;Passenger Car;No;No;Daylight;Rural (<30% Developed);2 lanes;2;Straight - Level;State Secondary Route;Dry;Two-Way, Not Divided;None;No Special Feature;Smooth Asphalt;Mountains;Rural;50 - 55  MPH;Double Yellow Line, No Passing Zone;Clear;No;35.4529, -81.543
661;662;No;50-59;51;No;Facing Traffic;C: Possible Injury;Travel Lane;Black;Male;Charlotte;Mecklenburg;No;01/01/2006;17/09/2011;Motorist Failed to Yield - Midblock;19;Non-Intersection;01/09/2001;01/01/2001 19:07;Motorist Drive Out - Commercial Driveway / Alley;312322;2011;C: Possible Injury;Commercial;40-49;42;No;6-10 mph;O: No Injury;Black;Female;Passenger Car;No;No;Dawn;Urban (>70% Developed);4 lanes;2;Straight - Grade;Local Street;Dry;Two-Way, Divided, Positive Median Barrier;None;No Special Feature;Smooth Asphalt;Piedmont;Urban;40 - 45  MPH;No Control Present;Cloudy;No;35.34239, -80.7658
665;666;Yes;16-19;19;No;With Traffic;B: Evident Injury;Travel Lane;White;Male;Cary;Wake;No;01/01/2003;21/09/2011;Motorist Overtaking Bicyclist;19;Intersection-Related;01/09/2001;01/01/2001 19:39;Motorist Overtaking - Other /;211239;2011;B: Evident Injury;Commercial;30-39;39;No;36-40 mph;O: No Injury;White;Female;Passenger Car;No;No;Dark - Roadway Not Lighted;Urban (>70% Developed);2 lanes;2;Straight - Level;State Secondary Route;Wet;Two-Way, Not Divided;None;No Special Feature;Smooth Asphalt;Piedmont;Urban;40 - 45  MPH;No Control Present;Rain;No;35.79154, -78.7744
678;679;No;60-69;60;No;With Traffic;O: No Injury;Travel Lane;White;Male;Chapel Hill;Orange;No;01/01/2003;07/09/2011;Bicyclist Overtaking Motorist;11;Intersection;01/09/2001;01/01/2001 10:59;Bicyclist Overtaking - Passing on Left;111242;2011;O: No Injury;Institutional;50-59;59;No;11-15 mph;Injury;Black;Female;Other Bus;No;No;Daylight;Mixed (30% To 70% Developed);2 lanes;2;Straight - Level;Local Street;Dry;Two-Way, Not Divided;None;No Special Feature;Smooth Asphalt;Piedmont;Urban;20 - 25  MPH;Stop And Go Signal;Clear;No;35.90375, -79.0527