FID;OBJECTID;AmbulanceR;BikeAge_Gr;Bike_Age;Bike_Alc_D;Bike_Dir;Bike_Injur;Bike_Pos;Bike_Race;Bike_Sex;City;County;CrashAlcoh;CrashDay;Crash_Date;Crash_Grp;Crash_Hour;Crash_Loc;Crash_Mont;Crash_Time;Crash_Type;Crash_Ty_1;Crash_Year;Crsh_Sevri;Developmen;DrvrAge_Gr;Drvr_Age;Drvr_Alc_D;Drvr_EstSp;Drvr_Injur;Drvr_Race;Drvr_Sex;Drvr_VehTy;ExcsSpdInd;Hit_Run;Light_Cond;Locality;Num_Lanes;Num_Units;Rd_Charact;Rd_Class;Rd_Conditi;Rd_Config;Rd_Defects;Rd_Feature;Rd_Surface;Region;Rural_Urba;Speed_Limi;Traff_Cntr;Weather;Workzone_I;Location
682;683;Yes;20-24;21;No;With Traffic;C: Possible Injury;Travel Lane;Black;Male;Asheboro;Randolph;No;01/01/2003;28/09/2011;Crossing Paths - Other Circumstances;22;Intersection;01/09/2001;01/01/2001 22:58;Signalized Intersection - Other /;111158;2011;C: Possible Injury;Residential;NA;NA;Missing;6-10 mph;Injury;/Missing;NA;NA;No;Yes;Dark - Lighted Roadway;Urban (>70% Developed);2 lanes;2;Straight - Level;Local Street;Dry;Two-Way, Not Divided;None;Four-Way Intersection;Smooth Asphalt;Piedmont;Urban;30 - 35  MPH;Stop And Go Signal;Cloudy;No;35.70519, -79.807
685;686;Yes;16-19;19;No;With Traffic;B: Evident Injury;Travel Lane;Black;Male;Franklinton;Franklin;No;NA;26/09/2011;Motorist Overtaking Bicyclist;18;Intersection;01/09/2001;01/01/2001 18:49;Motorist Overtaking - Other /;111239;2011;B: Evident Injury;Residential;NA;NA;Missing;NA;Injury;/Missing;NA;Pickup;No;Yes;Daylight;Mixed (30% To 70% Developed);2 lanes;2;Straight - Level;Local Street;Dry;Two-Way, Not Divided;None;T-Intersection;Smooth Asphalt;Piedmont;Rural;30 - 35  MPH;Stop Sign;Clear;No;36.09186, -78.4648
791;792;Yes;50-59;50;No;With Traffic;C: Possible Injury;Travel Lane;White;Male;Greensboro;Guilford;No;01/01/2003;26/10/2011;Motorist Overtaking Bicyclist;21;Non-Intersection;01/10/2001;01/01/2001 21:15;Motorist Overtaking - Misjudged Space;311232;2011;C: Possible Injury;Residential;70+;NA;No;36-40 mph;O: No Injury;White;Female;NA;No;Yes;Dark - Lighted Roadway;Urban (>70% Developed);4 lanes;2;Straight - Grade;Local Street;Dry;Two-Way, Divided, Positive Median Barrier;None;No Special Feature;Smooth Asphalt;Piedmont;Urban;40 - 45  MPH;No Control Present;Clear;No;36.06857, -79.8481
796;797;Yes;10-juin;8;No;Not Applicable;C: Possible Injury;Travel Lane;Native American;Male;Red Springs;Robeson;No;01/01/2003;19/10/2011;Crossing Paths - Other Circumstances;17;Intersection-Related;01/10/2001;01/01/2001 17:44;Crossing Paths - Intersection - Other /;213180;2011;C: Possible Injury;Residential;0-19;18;No;16-20 mph;O: No Injury;Other;Male;Passenger Car;No;No;Daylight;Urban (>70% Developed);2 lanes;2;Straight - Level;Local Street;Wet;Two-Way, Not Divided;None;No Special Feature;Coarse Asphalt;Coastal;Rural;30 - 35  MPH;Stop Sign;Rain;No;34.82759, -79.174
802;803;No;NA;NA;Missing;Facing Traffic;Injury;Travel Lane;/Missing;NA;Raleigh;Wake;No;01/01/2004;17/11/2011;Crossing Paths - Other Circumstances;6;Intersection;01/11/2001;01/01/2001 06:44;Signalized Intersection - Other /;112158;2011;O: No Injury;Commercial;50-59;58;No;6-10 mph;O: No Injury;Black;Male;Passenger Car;No;No;Daylight;Urban (>70% Developed);7 lanes;2;Straight - Level;Local Street;Wet;Two-Way, Divided, Unprotected Median;None;No Special Feature;Smooth Asphalt;Piedmont;Urban;20 - 25  MPH;Stop And Go Signal;Rain;No;35.79043, -78.7401
809;810;No;30-39;31;No;With Traffic;C: Possible Injury;Sidewalk / Crosswalk / Driveway Crossing;White;Male;Charlotte;Mecklenburg;No;01/01/2003;02/11/2011;Motorist Left Turn / Merge;8;Intersection;01/11/2001;01/01/2001 08:51;Motorist Left Turn - Opposite Direction;131212;2011;C: Possible Injury;Commercial;70+;NA;No;21-25 mph;O: No Injury;White;Male;Sport Utility;No;No;Daylight;Urban (>70% Developed);4 lanes;2;Straight - Level;Local Street;Dry;Two-Way, Divided, Unprotected Median;None;No Special Feature;Smooth Asphalt;Piedmont;Urban;30 - 35  MPH;Stop And Go Signal;Clear;No;35.18067, -80.8893
821;822;No;50-59;54;No;With Traffic;Injury;Sidewalk / Crosswalk / Driveway Crossing;Black;Male;Charlotte;Mecklenburg;No;01/01/2003;30/11/2011;Motorist Left Turn / Merge;16;Intersection;01/11/2001;01/01/2001 16:09;Motorist Left Turn - Opposite Direction;131212;2011;O: No Injury;Commercial;50-59;50;No;11-15 mph;O: No Injury;Black;Female;Passenger Car;No;No;Daylight;Mixed (30% To 70% Developed);6 lanes;2;Straight - Level;Local Street;Dry;Two-Way, Divided, Unprotected Median;None;Four-Way Intersection;Smooth Asphalt;Piedmont;Urban;40 - 45  MPH;Stop And Go Signal;Clear;No;35.20313, -80.744
823;824;No;50-59;55;No;With Traffic;O: No Injury;Travel Lane;Black;Male;Albemarle;Stanly;No;01/01/2002;26/07/2011;Motorist Overtaking Bicyclist;23;Intersection;01/07/2001;01/01/2001 23:50;Motorist Overtaking - Misjudged Space;111232;2011;O: No Injury;Residential;25-29;26;No;41-45 mph;O: No Injury;White;Female;Passenger Car;No;Yes;Dark - Lighted Roadway;Urban (>70% Developed);NA;2;Straight - Level;Local Street;Dry;Two-Way, Not Divided;None;No Special Feature;Smooth Asphalt;Piedmont;Urban;30 - 35  MPH;No Control Present;Cloudy;No;35.35371, -80.1826
824;825;Yes;40-49;46;No;With Traffic;B: Evident Injury;Travel Lane;White;Male;None - Rural Crash;Scotland;No;01/01/2003;30/11/2011;Motorist Overtaking Bicyclist;15;Non-Intersection;01/11/2001;01/01/2001 15:40;Motorist Overtaking - Undetected Bicyclist;311231;2011;B: Evident Injury;Farms, Woods, Pastures;40-49;49;No;41-45 mph;O: No Injury;Black;Female;Passenger Car;No;No;Daylight;Rural (<30% Developed);2 lanes;2;Straight - Level;State Secondary Route;Dry;Two-Way, Not Divided;None;No Special Feature;Smooth Asphalt;Coastal;Rural;50 - 55  MPH;No Control Present;Clear;No;34.86348, -79.549
830;831;Yes;70+;NA;No;With Traffic;Injury;Sidewalk / Crosswalk / Driveway Crossing;White;Male;Wilmington;New Hanover;No;01/01/2002;08/11/2011;Loss of Control / Turning Error;6;Non-Intersection;01/11/2001;01/01/2001 06:54;Bicyclist Turning Error - Right Turn;331115;2011;O: No Injury;Commercial;60-69;65;No;0-5 mph;O: No Injury;White;Male;Taxicab;No;No;Daylight;Urban (>70% Developed);2 lanes;2;Straight - Level;Public Vehicular Area;Dry;Two-Way, Not Divided;None;Driveway, Public;Concrete;Coastal;Urban;20 - 25  MPH;No Control Present;Clear;No;34.21974, -77.8867
839;840;Yes;20-24;21;No;With Traffic;A: Disabling Injury;Travel Lane;White;Male;Raleigh;Wake;No;01/01/2002;15/11/2011;Motorist Left Turn / Merge;18;Non-Intersection;01/11/2001;01/01/2001 18:24;Motorist Left Turn - Opposite Direction;311212;2011;A: Disabling Injury;Institutional;0-19;19;No;16-20 mph;O: No Injury;White;Male;Sport Utility;No;No;Dark - Lighted Roadway;Urban (>70% Developed);2 lanes;2;Straight - Grade;Local Street;Dry;Two-Way, Not Divided;None;T-Intersection;Coarse Asphalt;Piedmont;Urban;20 - 25  MPH;No Control Present;Clear;No;35.78375, -78.6771
845;846;No;50-59;56;No;With Traffic;B: Evident Injury;Sidewalk / Crosswalk / Driveway Crossing;White;Female;Raleigh;Wake;No;01/01/2002;13/12/2011;Motorist Failed to Yield - Midblock;18;Non-Intersection;01/12/2001;01/01/2001 18:18;Motorist Drive Out - Commercial Driveway / Alley;331322;2011;B: Evident Injury;Residential;40-49;47;No;0-5 mph;O: No Injury;White;Male;Passenger Car;No;No;Daylight;Urban (>70% Developed);1 lane;2;Straight - Grade;Local Street;Dry;Two-Way, Not Divided;None;Driveway, Private;Coarse Asphalt;Piedmont;Urban;5 - 15 MPH;No Control Present;Clear;No;35.92622, -78.5683
846;847;Yes;30-39;38;No;Facing Traffic;C: Possible Injury;Sidewalk / Crosswalk / Driveway Crossing;White;Male;Charlotte;Mecklenburg;No;01/01/2002;06/12/2011;Motorist Right Turn / Merge;7;Intersection;01/12/2001;01/01/2001 07:26;Motorist Right Turn - Opposite Direction;132214;2011;C: Possible Injury;Commercial;40-49;49;No;6-10 mph;O: No Injury;White;Male;Passenger Car;No;No;Dusk;Urban (>70% Developed);4 lanes;2;Straight - Level;Local Street;Wet;Two-Way, Not Divided;None;No Special Feature;Smooth Asphalt;Piedmont;Urban;30 - 35  MPH;Stop And Go Signal;Rain;No;35.22492, -80.8464
854;855;Yes;16-19;19;No;With Traffic;K: Killed;Travel Lane;White;Female;None - Rural Crash;Avery;No;01/01/2004;15/12/2011;Head-On;14;Non-Intersection;01/12/2001;01/01/2001 14:25;Head-On - Motorist;311255;2011;K: Killed;Farms, Woods, Pastures;0-19;19;No;41-45 mph;O: No Injury;White;Male;Pickup;No;No;Daylight;Mixed (30% To 70% Developed);2 lanes;2;Straight - Grade;US Route;Dry;Two-Way, Not Divided;None;No Special Feature;Smooth Asphalt;Mountains;Rural;40 - 45  MPH;Double Yellow Line, No Passing Zone;Cloudy;No;35.98765, -81.948
856;857;Yes;40-49;40;Yes;With Traffic;B: Evident Injury;Travel Lane;White;Male;Mooresville;Iredell;Yes;01/01/2002;22/11/2011;Motorist Overtaking Bicyclist;21;Non-Intersection;01/11/2001;01/01/2001 21:14;Motorist Overtaking - Bicyclist Swerved;311235;2011;B: Evident Injury;Residential;30-39;39;No;31-35 mph;O: No Injury;White;Male;Passenger Car;No;No;Dark - Roadway Not Lighted;Mixed (30% To 70% Developed);2 lanes;2;Curve - Level;Local Street;Dry;Two-Way, Not Divided;None;No Special Feature;Smooth Asphalt;Piedmont;Urban;30 - 35  MPH;No Control Present;Clear;No;35.59211, -80.8156
857;858;Yes;25-29;25;Yes;With Traffic;B: Evident Injury;Travel Lane;White;Female;None - Rural Crash;Brunswick;Yes;01/01/2004;17/11/2011;Motorist Overtaking Bicyclist;23;Non-Intersection;01/11/2001;01/01/2001 23:35;Motorist Overtaking - Misjudged Space;311232;2011;B: Evident Injury;Farms, Woods, Pastures;50-59;52;No;41-45 mph;O: No Injury;White;Male;Pickup;No;No;Dark - Roadway Not Lighted;Mixed (30% To 70% Developed);3 lanes;2;Straight - Level;NC Route;Dry;Two-Way, Not Divided;None;No Special Feature;Coarse Asphalt;Coastal;Rural;40 - 45  MPH;Double Yellow Line, No Passing Zone;Clear;No;33.90115, -78.4885
859;860;Yes;60-69;60;No;With Traffic;C: Possible Injury;Travel Lane;White;Male;Winston-Salem;Forsyth;No;01/01/2002;29/11/2011;Motorist Left Turn / Merge;9;Non-Intersection;01/11/2001;01/01/2001 09:49;Motorist Left Turn - Opposite Direction;311212;2011;C: Possible Injury;Commercial;40-49;47;No;11-15 mph;O: No Injury;Black;Male;Van;No;No;Daylight;Urban (>70% Developed);4 lanes;2;Straight - Grade;Local Street;Dry;Two-Way, Not Divided;None;T-Intersection;Smooth Asphalt;Piedmont;Urban;30 - 35  MPH;No Control Present;Cloudy;No;36.08928, -80.2712
868;869;Yes;10-juin;8;No;NA;C: Possible Injury;NA;Native American;Male;Red Springs;Robeson;No;01/01/2006;19/11/2011;Crossing Paths - Other Circumstances;17;Intersection-Related;01/11/2001;01/01/2001 17:44;Sign-Controlled Intersection - Other /;299148;2011;C: Possible Injury;Residential;0-19;18;No;16-20 mph;O: No Injury;Other;Male;Passenger Car;No;No;Daylight;Urban (>70% Developed);2 lanes;2;Straight - Level;Local Street;Wet;Two-Way, Not Divided;None;No Special Feature;Coarse Asphalt;Coastal;Rural;30 - 35  MPH;Stop Sign;Rain;No;34.82768, -79.174
870;871;No;20-24;20;No;Not Applicable;B: Evident Injury;Travel Lane;Black;Male;Lumberton;Robeson;No;01/01/2006;31/12/2011;Bicyclist Failed to Yield - Midblock;10;Non-Intersection;01/12/2001;01/01/2001 10:07;Bicyclist Ride Out - Other Midblock;313318;2011;B: Evident Injury;Commercial;0-19;19;No;41-45 mph;O: No Injury;White;Female;Passenger Car;No;No;Daylight;Mixed (30% To 70% Developed);6 lanes;2;Straight - Level;Local Street;Dry;Two-Way, Not Divided;None;No Special Feature;Coarse Asphalt;Coastal;Urban;40 - 45  MPH;Stop And Go Signal;Cloudy;No;34.63216, -78.9921
875;876;No;30-39;34;No;Facing Traffic;C: Possible Injury;Travel Lane;White;Male;Concord;Cabarrus;No;01/01/2003;14/12/2011;Crossing Paths - Other Circumstances;19;Intersection;01/12/2001;01/01/2001 19:35;Signalized Intersection - Other /;112158;2011;C: Possible Injury;Commercial;50-59;51;No;0-5 mph;O: No Injury;Black;Female;Sport Utility;No;No;Dark - Lighted Roadway;Urban (>70% Developed);4 lanes;2;Straight - Level;NA;Dry;Two-Way, Not Divided;None;Four-Way Intersection;Smooth Asphalt;Piedmont;Urban;30 - 35  MPH;Stop And Go Signal;Clear;No;35.43252, -80.6043
883;884;Yes;20-24;20;Yes;With Traffic;B: Evident Injury;Travel Lane;Black;Male;Greensboro;Guilford;Yes;01/01/2004;15/12/2011;Bicyclist Failed to Yield - Sign-Controlled Intersection;21;Intersection;01/12/2001;01/01/2001 21:57;Bicyclist Ride Out - Sign-Controlled Intersection;111142;2011;B: Evident Injury;Residential;NA;NA;Missing;NA;Injury;/Missing;NA;NA;No;Yes;Dark - Lighted Roadway;Urban (>70% Developed);4 lanes;2;Straight - Level;Local Street;Dry;Two-Way, Not Divided;None;No Special Feature;Smooth Asphalt;Piedmont;Urban;30 - 35  MPH;Stop Sign;Clear;No;36.06021, -79.7852
889;890;Yes;40-49;40;No;With Traffic;C: Possible Injury;Travel Lane;White;Male;Greensboro;Guilford;No;01/01/2005;23/12/2011;Motorist Right Turn / Merge;15;Non-Intersection;01/12/2001;01/01/2001 15:33;Motorist Right Turn - Same Direction;311213;2011;C: Possible Injury;Commercial;25-29;28;No;0-5 mph;O: No Injury;White;Female;Passenger Car;No;No;Daylight;Urban (>70% Developed);5 lanes;2;Straight - Level;Local Street;Dry;Two-Way, Not Divided;None;No Special Feature;Smooth Asphalt;Piedmont;Urban;40 - 45  MPH;No Control Present;Clear;No;36.11134, -79.8313
896;897;No;NA;8;No;With Traffic;O: No Injury;Travel Lane;White;Male;None - Rural Crash;Wake;No;NA;26/12/2011;Motorist Left Turn / Merge;21;Intersection;01/12/2001;01/01/2001 21:13;Motorist Left Turn - Opposite Direction;111212;2011;O: No Injury;Residential;30-39;39;No;6-10 mph;O: No Injury;White;Male;Passenger Car;No;No;Dark - Lighted Roadway;Urban (>70% Developed);2 lanes;2;Straight - Level;Local Street;Dry;Two-Way, Not Divided;None;No Special Feature;Coarse Asphalt;Piedmont;Rural;5 - 15 MPH;No Control Present;Clear;No;35.80179, -78.772
897;898;No;25-29;27;No;With Traffic;O: No Injury;Travel Lane;White;Female;Greensboro;Guilford;No;NA;21/02/2011;Motorist Right Turn / Merge;11;Intersection;01/02/2001;01/01/2001 11:47;Motorist Right Turn - Same Direction;111213;2011;O: No Injury;Institutional;NA;NA;Missing;NA;Injury;/Missing;NA;NA;No;Yes;Daylight;Urban (>70% Developed);2 lanes;2;Straight - Grade;Local Street;Dry;Two-Way, Divided, Positive Median Barrier;None;Four-Way Intersection;Smooth Asphalt;Piedmont;Urban;NA;Stop And Go Signal;Clear;No;36.06529, -79.8128
0;1;Yes;40-49;48;No;Facing Traffic;C: Possible Injury;Sidewalk / Crosswalk / Driveway Crossing;Hispanic;Female;Charlotte;Mecklenburg;No;NA;02/01/2012;Motorist Failed to Yield - Sign-Controlled Intersection;17;Intersection;NA;01/01/2001 17:22;Motorist Drive Out - Sign-Controlled Intersection;NA;2012;C: Possible Injury;Commercial;50-59;55;No;0-5 mph;O: No Injury;White;Female;Light Truck (Mini-Van, Panel);No;No;Dusk;Urban (>70% Developed);2 lanes;2;Straight - Level;Local Street;Dry;Two-Way, Not Divided;None;No Special Feature;Smooth Asphalt;Piedmont;Urban;20 - 25  MPH;Stop Sign;Clear;No;35.08782, -80.8481
1;2;No;20-24;23;No;With Traffic;O: No Injury;Travel Lane;White;Male;Charlotte;Mecklenburg;No;01/01/2006;07/01/2012;Motorist Right Turn / Merge;14;Non-Intersection;NA;01/01/2001 14:19;Motorist Right Turn - Same Direction;NA;2012;O: No Injury;Commercial;30-39;34;No;6-10 mph;O: No Injury;Black;Male;Sport Utility;No;No;Daylight;Urban (>70% Developed);3 lanes;2;Straight - Level;Local Street;Dry;Two-Way, Not Divided;None;No Special Feature;Coarse Asphalt;Piedmont;Urban;30 - 35  MPH;No Control Present;Clear;No;35.19896, -80.8406
2;3;No;40-49;45;No;Facing Traffic;O: No Injury;Sidewalk / Crosswalk / Driveway Crossing;Black;Male;Raleigh;Wake;No;01/01/2005;06/01/2012;Bicyclist Failed to Yield - Signalized Intersection;11;Intersection;NA;01/01/2001 11:34;Bicyclist Ride Through - Signalized Intersection;NA;2012;O: No Injury;Commercial;40-49;43;No;31-35 mph;O: No Injury;White;Male;Passenger Car;No;No;Daylight;Urban (>70% Developed);4 lanes;2;Straight - Level;Local Street;Dry;One-Way, Not Divided;None;Four-Way Intersection;Smooth Asphalt;Piedmont;Urban;30 - 35  MPH;Stop And Go Signal;Clear;No;35.78261, -78.6417
6;7;Yes;40-49;48;No;With Traffic;C: Possible Injury;Travel Lane;Black;Male;None - Rural Crash;Gates;No;01/01/2005;06/01/2012;Motorist Overtaking Bicyclist;14;Non-Intersection;NA;01/01/2001 13:59;Motorist Overtaking - Misjudged Space;NA;2012;C: Possible Injury;Farms, Woods, Pastures;70;70;No;31-35 mph;O: No Injury;White;Male;Pickup;No;No;Daylight;Rural (<30% Developed);2 lanes;2;Curve - Hillcrest;NC Route;Dry;Two-Way, Not Divided;None;No Special Feature;Coarse Asphalt;Coastal;Rural;50 - 55  MPH;Double Yellow Line, No Passing Zone;Clear;No;36.4345, -76.611
9;10;Yes;50-59;57;No;With Traffic;C: Possible Injury;Travel Lane;White;Male;None - Rural Crash;Guilford;No;01/01/2002;10/01/2012;Motorist Failed to Yield - Sign-Controlled Intersection;18;Intersection;NA;01/01/2001 18:46;Motorist Drive Out - Sign-Controlled Intersection;NA;2012;C: Possible Injury;Residential;30-39;39;No;11-15 mph;O: No Injury;White;Female;Passenger Car;No;No;Dark - Roadway Not Lighted;Rural (<30% Developed);2 lanes;2;Straight - Level;State Secondary Route;Dry;Two-Way, Not Divided;None;Four-Way Intersection;Smooth Asphalt;Piedmont;Rural;40 - 45  MPH;Stop Sign;Clear;No;35.95493, -79.9211
14;15;No;30-39;38;No;With Traffic;C: Possible Injury;Travel Lane;White;Male;None - Rural Crash;Stanly;No;NA;23/01/2012;Motorist Overtaking Bicyclist;6;Non-Intersection;NA;01/01/2001 06:57;Motorist Overtaking - Misjudged Space;NA;2012;C: Possible Injury;Farms, Woods, Pastures;NA;NA;No;NA;Injury;/Missing;NA;Passenger Car;No;Yes;Dark - Roadway Not Lighted;Rural (<30% Developed);2 lanes;2;Straight - Grade;NC Route;Wet;Two-Way, Not Divided;None;No Special Feature;Smooth Asphalt;Piedmont;Rural;50 - 55  MPH;Double Yellow Line, No Passing Zone;Fog, Smog, Smoke;No;35.37003, -80.145
16;17;Yes;20-24;20;No;With Traffic;B: Evident Injury;Travel Lane;White;Male;Boone;Watauga;No;01/01/2002;24/01/2012;Motorist Left Turn / Merge;14;Non-Intersection;NA;01/01/2001 14:29;Motorist Left Turn - Opposite Direction;NA;2012;B: Evident Injury;Residential;50-59;56;No;6-10 mph;O: No Injury;White;Male;Pickup;No;No;Daylight;Urban (>70% Developed);2 lanes;2;Curve - Grade;Public Vehicular Area;Dry;Two-Way, Not Divided;None;Driveway, Public;Coarse Asphalt;Mountains;Urban;30 - 35  MPH;No Control Present;Clear;No;36.21477, -81.6888
19;20;No;20-24;23;No;With Traffic;C: Possible Injury;Sidewalk / Crosswalk / Driveway Crossing;White;Male;Wilmington;New Hanover;No;01/01/2006;07/01/2012;Crossing Paths - Other Circumstances;20;Intersection;NA;01/01/2001 20:08;Signalized Intersection - Other /;NA;2012;C: Possible Injury;Commercial;20-24;21;No;6-10 mph;O: No Injury;White;Male;Pickup;No;No;Dark - Lighted Roadway;Urban (>70% Developed);8 lanes;2;NA;NC Route;Dry;Two-Way, Divided, Positive Median Barrier;None;No Special Feature;Coarse Asphalt;Coastal;Urban;40 - 45  MPH;Stop And Go Signal;Clear;No;34.23483, -77.8742
38;39;Yes;40-49;46;Yes;With Traffic;C: Possible Injury;Travel Lane;Black;Female;Patterson Springs;Cleveland;Yes;NA;13/02/2012;Motorist Overtaking Bicyclist;21;Non-Intersection;01/02/2001;01/01/2001 21:52;Motorist Overtaking - Other /;NA;2012;C: Possible Injury;Residential;30-39;37;No;41-45 mph;O: No Injury;White;Female;Passenger Car;No;No;Dark - Roadway Not Lighted;Mixed (30% To 70% Developed);2 lanes;2;Straight - Level;NC Route;Dry;Two-Way, Not Divided;None;No Special Feature;Smooth Asphalt;Mountains;Rural;40 - 45  MPH;Double Yellow Line, No Passing Zone;Clear;No;35.22684, -81.5122
40;41;No;16-19;18;No;With Traffic;B: Evident Injury;Travel Lane;White;Male;Chapel Hill;Orange;No;01/01/2004;26/01/2012;Bicyclist Overtaking Motorist;17;Non-Intersection;NA;01/01/2001 17:12;Bicyclist Overtaking - Other /;NA;2012;B: Evident Injury;Institutional;60-69;62;No;6-10 mph;O: No Injury;White;Male;Passenger Car;No;No;Daylight;Urban (>70% Developed);NA;2;Straight - Level;Public Vehicular Area;Dry;Two-Way, Not Divided;None;No Special Feature;Smooth Asphalt;Piedmont;Urban;5 - 15 MPH;No Control Present;Cloudy;No;35.90869, -79.0483
51;52;Yes;20-24;24;No;With Traffic;C: Possible Injury;Sidewalk / Crosswalk / Driveway Crossing;White;Female;Durham;Durham;No;01/01/2007;26/02/2012;Motorist Left Turn / Merge;17;Intersection;01/02/2001;01/01/2001 17:34;Motorist Left Turn - Opposite Direction;NA;2012;C: Possible Injury;Commercial;50-59;59;No;0-5 mph;O: No Injury;Other;Female;Passenger Car;No;No;Daylight;Urban (>70% Developed);3 lanes;2;Straight - Level;Local Street;Dry;Two-Way, Not Divided;None;No Special Feature;Smooth Asphalt;Piedmont;Urban;20 - 25  MPH;Stop And Go Signal;Clear;No;36.00986, -78.9196
67;68;Yes;40-49;45;No;Facing Traffic;C: Possible Injury;Travel Lane;Black;Female;Raleigh;Wake;No;01/01/2005;02/03/2012;Motorist Failed to Yield - Signalized Intersection;9;Intersection;01/03/2001;01/01/2001 09:07;Motorist Drive Out - Signalized Intersection;NA;2012;C: Possible Injury;Commercial;25-29;27;No;0-5 mph;O: No Injury;White;Male;Passenger Car;No;No;Daylight;Mixed (30% To 70% Developed);2 lanes;2;Straight - Level;Local Street;Dry;One-Way, Not Divided;None;T-Intersection;Smooth Asphalt;Piedmont;Urban;40 - 45  MPH;Stop And Go Signal;Clear;No;35.75395, -78.6489
72;73;Yes;30-39;32;No;With Traffic;B: Evident Injury;Travel Lane;Hispanic;Male;Greensboro;Guilford;No;01/01/2004;16/02/2012;Motorist Overtaking Bicyclist;19;Non-Intersection;01/02/2001;01/01/2001 19:42;Motorist Overtaking - Other /;NA;2012;B: Evident Injury;Residential;70;70;No;31-35 mph;O: No Injury;Hispanic;Male;Passenger Car;No;No;Dark - Lighted Roadway;Urban (>70% Developed);5 lanes;2;Straight - Level;Local Street;Wet;Two-Way, Not Divided;None;No Special Feature;Smooth Asphalt;Piedmont;Urban;30 - 35  MPH;No Control Present;Rain;No;36.12623, -79.8319
80;81;Yes;20-24;24;No;With Traffic;C: Possible Injury;Sidewalk / Crosswalk / Driveway Crossing;Black;Female;Wilmington;New Hanover;No;01/01/2002;14/02/2012;Motorist Failed to Yield - Sign-Controlled Intersection;18;Intersection;01/02/2001;01/01/2001 18:53;Motorist Drive Out - Sign-Controlled Intersection;NA;2012;C: Possible Injury;Residential;20-24;21;No;6-10 mph;O: No Injury;White;Male;Sport Utility;No;No;Dark - Lighted Roadway;Urban (>70% Developed);2 lanes;2;Straight - Level;Local Street;Dry;One-Way, Not Divided;None;No Special Feature;Smooth Asphalt;Coastal;Urban;30 - 35  MPH;Stop Sign;Clear;No;34.22994, -77.871
84;85;Yes;50-59;51;Yes;Facing Traffic;B: Evident Injury;Travel Lane;Black;Male;Rocky Mount;Edgecombe;Yes;01/01/2002;14/02/2012;Head-On;16;Non-Intersection;01/02/2001;01/01/2001 16:36;Head-On - Bicyclist;NA;2012;B: Evident Injury;Commercial;20-24;22;No;26-30 mph;O: No Injury;Black;Female;Passenger Car;No;No;Daylight;Urban (>70% Developed);2 lanes;2;Curve - Level;State Secondary Route;Dry;Two-Way, Divided, Unprotected Median;None;No Special Feature;Smooth Asphalt;Coastal;Urban;30 - 35  MPH;No Control Present;Clear;No;35.9412, -77.7874
101;102;Yes;50-59;53;No;With Traffic;A: Disabling Injury;Travel Lane;White;Male;None - Rural Crash;Orange;No;01/01/2007;26/02/2012;Motorist Overtaking Bicyclist;14;Non-Intersection;01/02/2001;01/01/2001 14:43;Motorist Overtaking - Misjudged Space;NA;2012;A: Disabling Injury;Farms, Woods, Pastures;NA;NA;Missing;51-55 mph;Injury;/Missing;NA;NA;No;Yes;Daylight;Rural (<30% Developed);2 lanes;2;Straight - Level;State Secondary Route;Dry;Two-Way, Not Divided;None;No Special Feature;Coarse Asphalt;Piedmont;Rural;50 - 55  MPH;No Control Present;Clear;No;36.12576, -79.0369
102;103;Yes;25-29;26;No;With Traffic;C: Possible Injury;Travel Lane;White;Male;Gastonia;Gaston;No;01/01/2004;08/03/2012;Bicyclist Failed to Yield - Sign-Controlled Intersection;15;Intersection;01/03/2001;01/01/2001 15:21;Bicyclist Ride Through - Sign-Controlled Intersection;NA;2012;C: Possible Injury;Residential;40-49;42;No;16-20 mph;O: No Injury;Black;Male;Van;No;No;Daylight;Urban (>70% Developed);2 lanes;2;Straight - Grade;Local Street;Dry;Two-Way, Not Divided;None;Four-Way Intersection;Coarse Asphalt;Piedmont;Urban;30 - 35  MPH;Stop Sign;Cloudy;No;35.25567, -81.1745
103;104;No;50-59;57;No;With Traffic;C: Possible Injury;Travel Lane;White;Male;None - Rural Crash;Chowan;No;01/01/2004;01/03/2012;Bicyclist Failed to Yield - Sign-Controlled Intersection;14;Intersection;01/03/2001;01/01/2001 13:59;Bicyclist Ride Through - Sign-Controlled Intersection;NA;2012;C: Possible Injury;Residential;60-69;67;No;11-15 mph;O: No Injury;White;Male;Passenger Car;No;No;Daylight;Mixed (30% To 70% Developed);2 lanes;2;Straight - Level;State Secondary Route;Dry;Two-Way, Not Divided;None;T-Intersection;Smooth Asphalt;Coastal;Rural;20 - 25  MPH;Stop Sign;Clear;No;36.22672, -76.7015
116;117;Yes;15-nov;11;No;Facing Traffic;B: Evident Injury;Sidewalk / Crosswalk / Driveway Crossing;Hispanic;Male;Durham;Durham;No;01/01/2002;20/03/2012;Parallel Paths - Other Circumstances;18;Non-Intersection;01/03/2001;01/01/2001 18:49;Bicyclist Ride Out - Parallel Path;NA;2012;B: Evident Injury;Commercial;30-39;30;No;26-30 mph;O: No Injury;Hispanic;Male;Passenger Car;No;No;Daylight;Urban (>70% Developed);2 lanes;2;Straight - Level;Local Street;Dry;Two-Way, Not Divided;None;No Special Feature;Smooth Asphalt;Piedmont;Urban;30 - 35  MPH;No Control Present;Clear;No;35.99029, -78.8689