FID;OBJECTID;AmbulanceR;BikeAge_Gr;Bike_Age;Bike_Alc_D;Bike_Dir;Bike_Injur;Bike_Pos;Bike_Race;Bike_Sex;City;County;CrashAlcoh;CrashDay;Crash_Date;Crash_Grp;Crash_Hour;Crash_Loc;Crash_Mont;Crash_Time;Crash_Type;Crash_Ty_1;Crash_Year;Crsh_Sevri;Developmen;DrvrAge_Gr;Drvr_Age;Drvr_Alc_D;Drvr_EstSp;Drvr_Injur;Drvr_Race;Drvr_Sex;Drvr_VehTy;ExcsSpdInd;Hit_Run;Light_Cond;Locality;Num_Lanes;Num_Units;Rd_Charact;Rd_Class;Rd_Conditi;Rd_Config;Rd_Defects;Rd_Feature;Rd_Surface;Region;Rural_Urba;Speed_Limi;Traff_Cntr;Weather;Workzone_I;Location
117;118;No;40-49;44;No;With Traffic;O: No Injury;Travel Lane;White;Male;Winston-Salem;Forsyth;No;01/01/2003;14/03/2012;Motorist Failed to Yield - Sign-Controlled Intersection;6;Intersection;01/03/2001;01/01/2001 06:37;Motorist Drive Through - Sign-Controlled Intersection;NA;2012;O: No Injury;Commercial;NA;NA;Missing;6-10 mph;Injury;/Missing;NA;Passenger Car;No;Yes;Dawn;Urban (>70% Developed);2 lanes;2;Straight - Level;Local Street;Dry;Two-Way, Not Divided;None;T-Intersection;Smooth Asphalt;Piedmont;Urban;NA;No Control Present;Fog, Smog, Smoke;No;36.13577, -80.2957
121;122;No;30-39;32;No;With Traffic;C: Possible Injury;Travel Lane;White;Male;Durham;Durham;No;01/01/2005;23/03/2012;Loss of Control / Turning Error;16;Non-Intersection;01/03/2001;01/01/2001 15:59;Bicyclist Lost Control - Mechanical Problems;NA;2012;C: Possible Injury;Commercial;NA;NA;Missing;0-5 mph;Injury;/Missing;NA;Van;No;No;Daylight;Urban (>70% Developed);2 lanes;2;Straight - Level;Local Street;Dry;Two-Way, Not Divided;None;No Special Feature;Coarse Asphalt;Piedmont;Urban;30 - 35  MPH;No Control Present;Clear;No;36.00756, -78.921
122;123;No;50-59;55;No;With Traffic;C: Possible Injury;Travel Lane;White;Male;None - Rural Crash;Johnston;No;01/01/2002;27/03/2012;Motorist Left Turn / Merge;5;Intersection;01/03/2001;01/01/2001 05:34;Motorist Left Turn - Opposite Direction;NA;2012;C: Possible Injury;Commercial;40-49;49;No;11-15 mph;O: No Injury;White;Male;Passenger Car;No;No;Dark - Lighted Roadway;Urban (>70% Developed);5 lanes;2;Straight - Level;NC Route;Dry;Two-Way, Not Divided;None;Four-Way Intersection;Coarse Asphalt;Coastal;Rural;30 - 35  MPH;Stop And Go Signal;Cloudy;No;35.60783, -78.5629
123;124;Yes;30-39;33;No;With Traffic;C: Possible Injury;Sidewalk / Crosswalk / Driveway Crossing;White;Male;Washington;Beaufort;No;01/01/2006;10/03/2012;Motorist Left Turn / Merge;23;Intersection;01/03/2001;01/01/2001 23:41;Motorist Left Turn - Opposite Direction;NA;2012;C: Possible Injury;Commercial;25-29;26;No;6-10 mph;O: No Injury;Black;Male;Passenger Car;No;No;Dark - Lighted Roadway;Urban (>70% Developed);2 lanes;2;Straight - Level;Local Street;Dry;Two-Way, Not Divided;None;Four-Way Intersection;Coarse Asphalt;Coastal;Urban;30 - 35  MPH;Stop Sign;Clear;No;35.5534, -77.0586
131;132;Yes;20-24;23;No;With Traffic;B: Evident Injury;Travel Lane;White;Male;Aberdeen;Moore;No;01/01/2003;21/03/2012;Loss of Control / Turning Error;12;Intersection;01/03/2001;01/01/2001 12:38;Bicyclist Lost Control - Mechanical Problems;NA;2012;B: Evident Injury;Residential;20-24;20;No;26-30 mph;O: No Injury;Black;Female;Passenger Car;No;No;Daylight;Urban (>70% Developed);2 lanes;2;Straight - Level;Local Street;Dry;Two-Way, Not Divided;None;No Special Feature;Coarse Asphalt;Piedmont;Rural;30 - 35  MPH;Stop Sign;Clear;No;35.1305, -79.4326
148;149;No;50-59;50;No;With Traffic;C: Possible Injury;Travel Lane;Black;Male;Rocky Mount;Nash;No;01/01/2005;16/03/2012;Bicyclist Failed to Yield - Signalized Intersection;5;Intersection;01/03/2001;01/01/2001 05:45;Bicyclist Failed to Clear - Trapped;NA;2012;C: Possible Injury;Commercial;50-59;59;No;0-5 mph;O: No Injury;White;Male;Pickup;No;No;Dark - Lighted Roadway;Urban (>70% Developed);2 lanes;2;Straight - Level;Local Street;Dry;Two-Way, Not Divided;None;Four-Way Intersection;Smooth Asphalt;Coastal;Urban;40 - 45  MPH;Stop And Go Signal;Clear;No;35.98064, -77.8088
149;150;No;10-juin;9;No;Facing Traffic;B: Evident Injury;Sidewalk / Crosswalk / Driveway Crossing;White;Female;Concord;Cabarrus;No;01/01/2002;20/03/2012;Loss of Control / Turning Error;17;Intersection;01/03/2001;01/01/2001 17:05;Bicyclist Lost Control - Mechanical Problems;NA;2012;B: Evident Injury;Residential;40-49;40;No;0-5 mph;O: No Injury;White;Male;Passenger Car;No;No;Daylight;Urban (>70% Developed);2 lanes;2;Straight - Level;Local Street;Dry;Two-Way, Not Divided;None;T-Intersection;Smooth Asphalt;Piedmont;Urban;30 - 35  MPH;Stop Sign;Clear;No;35.41771, -80.6015
156;157;No;40-49;47;No;With Traffic;C: Possible Injury;Travel Lane;Black;Male;Raleigh;Wake;No;01/01/2003;21/03/2012;Motorist Left Turn / Merge;22;Intersection;01/03/2001;01/01/2001 22:06;Motorist Left Turn - Opposite Direction;NA;2012;C: Possible Injury;Residential;20-24;21;No;6-10 mph;O: No Injury;Black;Female;Passenger Car;No;No;Dark - Roadway Not Lighted;Urban (>70% Developed);2 lanes;2;Straight - Level;Local Street;Dry;Two-Way, Not Divided;None;T-Intersection;Smooth Asphalt;Piedmont;Urban;30 - 35  MPH;Stop Sign;Clear;No;35.77775, -78.6236
170;171;Yes;30-39;38;No;With Traffic;K: Killed;Travel Lane;White;Female;Summerfield;Guilford;No;01/01/2005;13/04/2012;Motorist Overtaking Bicyclist;19;Non-Intersection;01/04/2001;01/01/2001 19:09;Motorist Overtaking - Other /;NA;2012;K: Killed;Residential;30-39;33;No;41-45 mph;O: No Injury;White;Female;Sport Utility;No;No;Daylight;Mixed (30% To 70% Developed);2 lanes;2;Straight - Hillcrest;State Secondary Route;Dry;Two-Way, Not Divided;None;No Special Feature;Smooth Asphalt;Piedmont;Urban;40 - 45  MPH;Double Yellow Line, No Passing Zone;Clear;No;36.20875, -79.9048
174;175;Yes;10-juin;7;No;Facing Traffic;B: Evident Injury;Travel Lane;Black;Female;Kannapolis;Rowan;No;01/01/2006;31/03/2012;Loss of Control / Turning Error;19;Intersection;01/03/2001;01/01/2001 19:06;Bicyclist Lost Control - Mechanical Problems;NA;2012;B: Evident Injury;Residential;70;70;No;26-30 mph;O: No Injury;White;Male;Single Unit Truck (2-Axle, 6-Tire);No;No;Daylight;Urban (>70% Developed);2 lanes;2;Straight - Hillcrest;Local Street;Wet;Two-Way, Not Divided;None;No Special Feature;Smooth Asphalt;Piedmont;Urban;30 - 35  MPH;No Control Present;Rain;No;35.5292, -80.6184
182;183;Yes;25-29;26;No;Facing Traffic;C: Possible Injury;Sidewalk / Crosswalk / Driveway Crossing;White;Female;Wilmington;New Hanover;No;NA;02/04/2012;Motorist Failed to Yield - Midblock;9;Non-Intersection;01/04/2001;01/01/2001 09:43;Motorist Drive Out - Other Midblock;NA;2012;C: Possible Injury;Commercial;40-49;40;No;0-5 mph;O: No Injury;White;Female;Passenger Car;No;No;Daylight;Urban (>70% Developed);4 lanes;2;Straight - Level;Local Street;Dry;Two-Way, Divided, Positive Median Barrier;None;T-Intersection;Smooth Asphalt;Coastal;Urban;40 - 45  MPH;Stop Sign;Clear;No;34.25177, -77.8265
190;191;Yes;16-19;19;No;With Traffic;C: Possible Injury;Travel Lane;Black;Male;Durham;Durham;No;01/01/2005;20/04/2012;Motorist Right Turn / Merge;17;Intersection;01/04/2001;01/01/2001 17:50;Motorist Right Turn - Same Direction;NA;2012;C: Possible Injury;Commercial;30-39;36;No;0-5 mph;O: No Injury;White;Male;Passenger Car;No;No;Daylight;Urban (>70% Developed);4 lanes;2;Straight - Level;Local Street;Dry;Two-Way, Not Divided;None;No Special Feature;Coarse Asphalt;Piedmont;Urban;30 - 35  MPH;Stop And Go Signal;Clear;No;35.99021, -78.8925
193;194;Yes;10-juin;9;No;With Traffic;B: Evident Injury;Travel Lane;White;Male;High Point;Guilford;No;01/01/2002;10/04/2012;Bicyclist Failed to Yield - Sign-Controlled Intersection;17;Intersection;01/04/2001;01/01/2001 17:19;Bicyclist Ride Through - Sign-Controlled Intersection;NA;2012;B: Evident Injury;Residential;70;70;No;26-30 mph;O: No Injury;White;Female;Passenger Car;No;No;Daylight;Urban (>70% Developed);2 lanes;3;Straight - Grade;Local Street;Dry;Two-Way, Not Divided;None;Four-Way Intersection;Coarse Asphalt;Piedmont;Urban;30 - 35  MPH;Yield Sign;Clear;No;35.97474, -80.0059
196;197;No;16-19;17;No;Facing Traffic;C: Possible Injury;Sidewalk / Crosswalk / Driveway Crossing;White;Female;Greensboro;Guilford;No;01/01/2003;04/04/2012;Motorist Failed to Yield - Signalized Intersection;9;Intersection;01/04/2001;01/01/2001 09:56;Motorist Drive Out - Right Turn on Red;NA;2012;C: Possible Injury;Commercial;0-19;17;No;0-5 mph;O: No Injury;Black;Male;Passenger Car;No;No;Daylight;Urban (>70% Developed);9 or more lanes;2;Straight - Bottom;Local Street;Dry;Two-Way, Not Divided;None;No Special Feature;Smooth Asphalt;Piedmont;Urban;30 - 35  MPH;Stop And Go Signal;Clear;No;36.09481, -79.8913
219;220;No;15-nov;14;No;Not Applicable;B: Evident Injury;Driveway / Alley;White;Male;Raleigh;Wake;No;01/01/2005;27/04/2012;Bicyclist Failed to Yield - Midblock;21;Non-Intersection;01/04/2001;01/01/2001 21:37;Bicyclist Ride Out - Commercial Driveway / Alley;NA;2012;B: Evident Injury;Residential;60-69;67;No;21-25 mph;O: No Injury;White;Male;Sport Utility;No;No;Daylight;Urban (>70% Developed);2 lanes;2;Straight - Level;Local Street;Dry;Two-Way, Not Divided;None;No Special Feature;Smooth Asphalt;Piedmont;Urban;5 - 15 MPH;No Control Present;Clear;No;35.92929, -78.5693
224;225;No;50-59;51;No;Not Applicable;B: Evident Injury;Travel Lane;Hispanic;Male;Warsaw;Duplin;No;01/01/2007;18/03/2012;Crossing Paths - Other Circumstances;19;Intersection-Related;01/03/2001;01/01/2001 19:24;Crossing Paths - Uncontrolled Intersection;NA;2012;B: Evident Injury;Commercial;30-39;35;No;16-20 mph;O: No Injury;Black;Female;Passenger Car;No;No;Dusk;Urban (>70% Developed);2 lanes;2;Straight - Level;Local Street;Dry;Two-Way, Not Divided;None;Four-Way Intersection;Smooth Asphalt;Coastal;Rural;30 - 35  MPH;Stop Sign;Clear;No;34.99875, -78.0941
225;226;Yes;50-59;53;No;With Traffic;A: Disabling Injury;Travel Lane;White;Male;None - Rural Crash;Orange;No;NA;16/04/2012;Motorist Overtaking Bicyclist;20;Non-Intersection;01/04/2001;01/01/2001 20:10;Motorist Overtaking - Other /;NA;2012;A: Disabling Injury;Residential;20-24;24;No;51-55 mph;O: No Injury;Other;Female;Sport Utility;No;No;Dusk;Mixed (30% To 70% Developed);2 lanes;2;Straight - Level;US Route;Dry;Two-Way, Not Divided;None;No Special Feature;Smooth Asphalt;Piedmont;Rural;50 - 55  MPH;Double Yellow Line, No Passing Zone;Clear;No;36.04933, -79.0299
227;228;No;10-juin;9;No;With Traffic;O: No Injury;Travel Lane;Black;Male;Wilson;Wilson;No;01/01/2004;29/03/2012;Bicyclist Left Turn / Merge;17;Intersection-Related;01/03/2001;01/01/2001 17:46;Bicyclist Left Turn - Same Direction;NA;2012;O: No Injury;Residential;60-69;61;No;NA;O: No Injury;Black;Male;Van;No;No;Daylight;Urban (>70% Developed);5 lanes;2;Straight - Bottom;Local Street;Dry;Two-Way, Not Divided;None;No Special Feature;Smooth Asphalt;Coastal;Urban;30 - 35  MPH;No Control Present;Clear;No;35.74473, -77.909
228;229;Yes;30-39;39;No;With Traffic;O: No Injury;Travel Lane;White;Male;Kinston;Lenoir;No;01/01/2003;02/05/2012;Loss of Control / Turning Error;18;Intersection-Related;01/05/2001;01/01/2001 18:36;Bicyclist Lost Control - Other /;NA;2012;O: No Injury;Commercial;50-59;59;No;0-5 mph;O: No Injury;Black;Male;Commercial Bus;No;No;Daylight;Urban (>70% Developed);4 lanes;2;Straight - Level;Local Street;Dry;Two-Way, Not Divided;None;T-Intersection;Smooth Asphalt;Coastal;Urban;30 - 35  MPH;No Control Present;Clear;No;35.27103, -77.6053
230;231;No;60-69;62;No;Facing Traffic;B: Evident Injury;Sidewalk / Crosswalk / Driveway Crossing;White;Male;Raleigh;Wake;No;01/01/2005;13/04/2012;Motorist Failed to Yield - Midblock;17;Non-Intersection;01/04/2001;01/01/2001 17:41;Motorist Drive Out - Commercial Driveway / Alley;NA;2012;B: Evident Injury;Commercial;25-29;26;No;0-5 mph;O: No Injury;White;Female;Passenger Car;No;No;Daylight;Urban (>70% Developed);1 lane;2;Straight - Level;Local Street;Dry;One-Way, Not Divided;None;Driveway, Private;Concrete;Piedmont;Urban;5 - 15 MPH;Other;Clear;No;35.77978, -78.6422
231;232;Yes;30-39;38;No;With Traffic;B: Evident Injury;Bike Lane / Paved Shoulder;White;Male;Raleigh;Wake;Yes;01/01/2007;29/04/2012;Loss of Control / Turning Error;21;Non-Intersection;01/04/2001;01/01/2001 21:52;Motorist Lost Control - Other /;NA;2012;B: Evident Injury;Farms, Woods, Pastures;30-39;39;Yes;41-45 mph;O: No Injury;White;Female;Van;No;No;Dark - Roadway Not Lighted;Urban (>70% Developed);4 lanes;2;Straight - Level;Local Street;Dry;Two-Way, Divided, Unprotected Median;None;No Special Feature;Smooth Asphalt;Piedmont;Urban;40 - 45  MPH;No Control Present;Clear;No;35.79552, -78.7019
233;234;Yes;60-69;65;No;With Traffic;C: Possible Injury;Travel Lane;Black;Male;Raleigh;Wake;No;01/01/2005;13/04/2012;Motorist Left Turn / Merge;15;Intersection;01/04/2001;01/01/2001 15:38;Motorist Left Turn - Opposite Direction;NA;2012;C: Possible Injury;Commercial;60-69;62;No;6-10 mph;O: No Injury;Black;Female;Passenger Car;No;No;Daylight;Urban (>70% Developed);4 lanes;2;Straight - Level;Local Street;Dry;One-Way, Not Divided;None;No Special Feature;Smooth Asphalt;Piedmont;Urban;30 - 35  MPH;No Control Present;Clear;No;35.77979, -78.6206
235;236;Yes;10-juin;7;No;With Traffic;C: Possible Injury;Sidewalk / Crosswalk / Driveway Crossing;White;Female;Cary;Wake;No;01/01/2006;21/04/2012;Parallel Paths - Other Circumstances;15;Non-Intersection;01/04/2001;01/01/2001 15:35;Parallel Paths - Other /;NA;2012;C: Possible Injury;Commercial;50-59;50;No;NA;C: Possible Injury;Black;Male;Passenger Car;No;No;Daylight;Urban (>70% Developed);4 lanes;3;Straight - Grade;State Secondary Route;Dry;Two-Way, Divided, Unprotected Median;None;Related To Intersection;Smooth Asphalt;Piedmont;Urban;40 - 45  MPH;No Control Present;Clear;No;35.78981, -78.8274
252;253;Yes;20-24;20;No;Facing Traffic;C: Possible Injury;Sidewalk / Crosswalk / Driveway Crossing;White;Female;Raleigh;Wake;No;01/01/2002;24/04/2012;Motorist Failed to Yield - Midblock;12;Non-Intersection;01/04/2001;01/01/2001 12:13;Motorist Drive Out - Commercial Driveway / Alley;NA;2012;C: Possible Injury;Commercial;40-49;44;No;0-5 mph;O: No Injury;White;Male;Passenger Car;No;No;Daylight;Urban (>70% Developed);2 lanes;2;Straight - Level;Public Vehicular Area;Dry;Two-Way, Not Divided;None;Driveway, Public;Smooth Asphalt;Piedmont;Urban;30 - 35  MPH;Other;Clear;No;35.77862, -78.6383
253;254;Yes;15-nov;15;No;With Traffic;B: Evident Injury;Travel Lane;Black;Male;Raleigh;Wake;No;01/01/2006;05/05/2012;Bicyclist Failed to Yield - Sign-Controlled Intersection;14;Intersection;01/05/2001;01/01/2001 14:43;Bicyclist Ride Through - Sign-Controlled Intersection;NA;2012;B: Evident Injury;Residential;40-49;46;No;21-25 mph;O: No Injury;Black;Male;Pickup;No;No;Daylight;Urban (>70% Developed);NA;2;Straight - Grade;Local Street;Water (Standing, Moving);Two-Way, Not Divided;None;Four-Way Intersection;Smooth Asphalt;Piedmont;Urban;30 - 35  MPH;Stop Sign;Cloudy;No;35.73687, -78.5409
254;255;Yes;50-59;55;No;Facing Traffic;C: Possible Injury;Bike Lane / Paved Shoulder;Black;Male;Fayetteville;Cumberland;No;NA;16/04/2012;Crossing Paths - Other Circumstances;14;Intersection;01/04/2001;01/01/2001 14:44;Crossing Paths - Intersection - Other /;NA;2012;C: Possible Injury;Commercial;20-24;24;No;0-5 mph;O: No Injury;Hispanic;Female;Passenger Car;No;No;Daylight;Urban (>70% Developed);5 lanes;2;Straight - Level;Local Street;Dry;Two-Way, Divided, Positive Median Barrier;None;No Special Feature;Coarse Asphalt;Coastal;Urban;40 - 45  MPH;Stop And Go Signal;Clear;No;35.12218, -78.8795
261;262;Yes;30-39;30;No;Facing Traffic;K: Killed;Travel Lane;Black;Male;Laurinburg;Scotland;No;01/01/2003;02/05/2012;Loss of Control / Turning Error;8;Non-Intersection;01/05/2001;01/01/2001 08:07;Motorist Lost Control - Other /;NA;2012;K: Killed;Residential;60-69;64;No;31-35 mph;O: No Injury;Black;Female;Passenger Car;No;No;Daylight;Urban (>70% Developed);2 lanes;2;Straight - Level;Local Street;Dry;Two-Way, Not Divided;None;No Special Feature;Coarse Asphalt;Coastal;Urban;30 - 35  MPH;No Control Present;Clear;No;34.75815, -79.4593
263;264;Yes;15-nov;12;No;Not Applicable;C: Possible Injury;Travel Lane;Black;Male;Winston-Salem;Forsyth;No;01/01/2004;26/04/2012;Bicyclist Failed to Yield - Midblock;18;Non-Intersection;01/04/2001;01/01/2001 18:02;Multiple Threat - Midblock;NA;2012;C: Possible Injury;Commercial;20-24;20;No;31-35 mph;O: No Injury;Hispanic;Male;Passenger Car;No;No;Daylight;Mixed (30% To 70% Developed);4 lanes;2;Straight - Level;Local Street;Dry;Two-Way, Divided, Unprotected Median;None;No Special Feature;Smooth Asphalt;Piedmont;Urban;30 - 35  MPH;Stop And Go Signal;Clear;No;36.05898, -80.2141
264;265;No;50-59;50;No;With Traffic;C: Possible Injury;Travel Lane;White;Male;Charlotte;Mecklenburg;No;01/01/2005;11/05/2012;Motorist Overtaking Bicyclist;21;Non-Intersection;01/05/2001;01/01/2001 21:50;Motorist Overtaking - Other /;NA;2012;C: Possible Injury;Commercial;NA;NA;Missing;31-35 mph;Injury;/Missing;NA;NA;No;Yes;Daylight;Mixed (30% To 70% Developed);2 lanes;2;Straight - Level;Interstate;Dry;Two-Way, Not Divided;None;No Special Feature;Smooth Asphalt;Piedmont;Urban;40 - 45  MPH;No Control Present;Clear;No;35.34079, -80.8359
272;273;No;50-59;59;No;With Traffic;B: Evident Injury;Travel Lane;Black;Male;Rocky Mount;Nash;No;01/01/2003;25/04/2012;Motorist Overtaking Bicyclist;17;Non-Intersection;01/04/2001;01/01/2001 16:59;Motorist Overtaking - Misjudged Space;NA;2012;B: Evident Injury;Commercial;20-24;21;No;26-30 mph;O: No Injury;Black;Female;Passenger Car;No;No;Daylight;Urban (>70% Developed);5 lanes;2;Straight - Level;Local Street;Dry;Two-Way, Not Divided;None;No Special Feature;Coarse Asphalt;Coastal;Urban;40 - 45  MPH;No Control Present;Clear;No;35.97028, -77.7861
280;281;Yes;40-49;42;No;Facing Traffic;B: Evident Injury;Travel Lane;Hispanic;Male;Havelock;Craven;No;NA;16/04/2012;Head-On;9;Non-Intersection;01/04/2001;01/01/2001 09:37;Head-On - Bicyclist;NA;2012;B: Evident Injury;Commercial;60-69;60;No;6-10 mph;O: No Injury;White;Male;Passenger Car;No;No;Daylight;Urban (>70% Developed);4 lanes;2;Straight - Level;US Route;Dry;Two-Way, Divided, Unprotected Median;None;No Special Feature;Smooth Asphalt;Coastal;Urban;40 - 45  MPH;No Control Present;Clear;No;34.86042, -76.8972
283;284;Yes;15-nov;15;No;Facing Traffic;C: Possible Injury;Travel Lane;White;Male;Holly Springs;Wake;No;01/01/2003;16/05/2012;Crossing Paths - Other Circumstances;6;Intersection;01/05/2001;01/01/2001 06:53;Signalized Intersection - Other /;NA;2012;C: Possible Injury;Residential;60-69;60;No;0-5 mph;O: No Injury;White;Female;Passenger Car;No;No;Daylight;Urban (>70% Developed);3 lanes;2;Straight - Level;Local Street;Wet;Two-Way, Not Divided;None;T-Intersection;Smooth Asphalt;Piedmont;Urban;50 - 55  MPH;Stop And Go Signal;Clear;No;35.63912, -78.8433
286;287;Yes;60-69;64;No;Not Applicable;B: Evident Injury;NA;White;Male;None - Rural Crash;Transylvania;No;01/01/2006;17/03/2012;Non-Roadway;12;Non-Roadway;01/03/2001;01/01/2001 12:19;Non-Roadway;NA;2012;B: Evident Injury;Farms, Woods, Pastures;40-49;49;No;11-15 mph;O: No Injury;White;Male;Sport Utility;No;No;Daylight;Rural (<30% Developed);2 lanes;2;Curve - Level;Private Road, Driveway;Dry;Two-Way, Not Divided;None;Driveway, Private;Gravel;Mountains;Rural;NA;No Control Present;Clear;No;35.24979, -82.6712
288;289;Yes;15-nov;15;No;Facing Traffic;C: Possible Injury;Sidewalk / Crosswalk / Driveway Crossing;Black;Male;Hickory;Catawba;No;01/01/2004;03/05/2012;Bicyclist Failed to Yield - Signalized Intersection;13;Intersection;01/05/2001;01/01/2001 13:54;Bicyclist Failed to Clear - Multiple Threat;NA;2012;C: Possible Injury;Commercial;25-29;26;No;0-5 mph;O: No Injury;White;Female;Sport Utility;No;No;Daylight;Urban (>70% Developed);2 lanes;2;Straight - Level;Local Street;Dry;One-Way, Not Divided;None;Four-Way Intersection;Coarse Asphalt;Piedmont;Urban;30 - 35  MPH;Stop And Go Signal;Clear;No;35.73554, -81.3355
295;296;Yes;30-39;31;No;With Traffic;B: Evident Injury;Travel Lane;Black;Male;Salisbury;Rowan;No;01/01/2007;20/05/2012;Loss of Control / Turning Error;18;Intersection;01/05/2001;01/01/2001 18:31;Bicyclist Lost Control - Mechanical Problems;NA;2012;B: Evident Injury;Residential;40-49;47;No;26-30 mph;O: No Injury;Black;Male;Passenger Car;No;No;Daylight;Urban (>70% Developed);2 lanes;2;Straight - Level;Local Street;Dry;Two-Way, Not Divided;None;No Special Feature;Coarse Asphalt;Piedmont;Urban;30 - 35  MPH;Stop Sign;Clear;No;35.66552, -80.4634
308;309;Yes;20-24;23;No;Facing Traffic;C: Possible Injury;Sidewalk / Crosswalk / Driveway Crossing;Black;Male;Charlotte;Mecklenburg;No;01/01/2006;12/05/2012;Motorist Failed to Yield - Midblock;18;Non-Intersection;01/05/2001;01/01/2001 18:18;Motorist Drive Out - Commercial Driveway / Alley;NA;2012;C: Possible Injury;Residential;NA;NA;Missing;6-10 mph;Injury;Hispanic;Female;Light Truck (Mini-Van, Panel);No;Yes;Daylight;Urban (>70% Developed);2 lanes;2;Straight - Level;Local Street;Dry;Two-Way, Divided, Positive Median Barrier;None;Driveway, Public;Smooth Asphalt;Piedmont;Urban;30 - 35  MPH;No Control Present;Cloudy;No;35.22271, -80.75
310;311;Yes;50-59;58;No;Facing Traffic;C: Possible Injury;Sidewalk / Crosswalk / Driveway Crossing;White;Male;Oak Island;Brunswick;No;01/01/2006;12/05/2012;Loss of Control / Turning Error;10;Non-Intersection;01/05/2001;01/01/2001 10:19;Motorist Lost Control - Other /;NA;2012;C: Possible Injury;Residential;0-19;17;No;26-30 mph;O: No Injury;White;Male;Sport Utility;No;No;Daylight;Urban (>70% Developed);3 lanes;3;Straight - Level;Local Street;Dry;Two-Way, Not Divided;None;No Special Feature;Smooth Asphalt;Coastal;Urban;30 - 35  MPH;No Control Present;Clear;No;33.90992, -78.0957
312;313;Yes;20-24;22;No;Facing Traffic;C: Possible Injury;Sidewalk / Crosswalk / Driveway Crossing;Other;Male;Asheboro;Randolph;No;01/01/2007;20/05/2012;Motorist Failed to Yield - Midblock;17;Non-Intersection;01/05/2001;01/01/2001 17:01;Motorist Drive Out - Commercial Driveway / Alley;NA;2012;C: Possible Injury;Commercial;40-49;48;No;0-5 mph;O: No Injury;White;Female;Passenger Car;No;No;Daylight;Urban (>70% Developed);2 lanes;2;Straight - Level;Public Vehicular Area;Dry;Two-Way, Not Divided;None;Driveway, Public;Grooved Concrete;Piedmont;Urban;NA;No Control Present;Clear;No;35.70826, -79.8137
316;317;Yes;20-24;20;No;With Traffic;B: Evident Injury;Travel Lane;White;Male;None - Rural Crash;Wake;No;01/01/2004;17/05/2012;Motorist Overtaking Bicyclist;16;Non-Intersection;01/05/2001;01/01/2001 16:55;Motorist Overtaking - Bicyclist Swerved;NA;2012;B: Evident Injury;Residential;25-29;28;No;31-35 mph;O: No Injury;White;Male;Single Unit Truck (3 Or More Axles);No;No;Daylight;Mixed (30% To 70% Developed);2 lanes;2;Straight - Level;State Secondary Route;Dry;Two-Way, Not Divided;None;No Special Feature;Smooth Asphalt;Piedmont;Rural;40 - 45  MPH;Double Yellow Line, No Passing Zone;Clear;No;35.83147, -78.4423
321;322;Yes;60-69;60;No;With Traffic;C: Possible Injury;Travel Lane;Black;Male;Wilmington;New Hanover;No;01/01/2003;16/05/2012;Motorist Failed to Yield - Sign-Controlled Intersection;10;Intersection;01/05/2001;01/01/2001 10:17;Motorist Drive Out - Sign-Controlled Intersection;NA;2012;C: Possible Injury;Residential;40-49;44;No;0-5 mph;O: No Injury;White;Male;Passenger Car;No;No;Daylight;Urban (>70% Developed);4 lanes;2;Straight - Level;Local Street;Dry;Two-Way, Not Divided;None;No Special Feature;Smooth Asphalt;Coastal;Urban;30 - 35  MPH;Stop Sign;Clear;No;34.21798, -77.9426
322;323;Yes;20-24;20;No;With Traffic;B: Evident Injury;Travel Lane;White;Male;Wilmington;New Hanover;No;01/01/2003;16/05/2012;Motorist Failed to Yield - Sign-Controlled Intersection;12;Intersection;01/05/2001;01/01/2001 12:40;Motorist Drive Out - Sign-Controlled Intersection;NA;2012;B: Evident Injury;Commercial;50-59;50;No;0-5 mph;O: No Injury;White;Male;Passenger Car;No;No;Daylight;Mixed (30% To 70% Developed);6 lanes;2;Straight - Level;Local Street;Wet;Two-Way, Divided, Positive Median Barrier;None;No Special Feature;Smooth Asphalt;Coastal;Urban;20 - 25  MPH;Stop Sign;Cloudy;No;34.24319, -77.9497
332;333;Yes;40-49;46;No;With Traffic;C: Possible Injury;Travel Lane;Black;Male;Garysburg;Northampton;No;01/01/2006;02/06/2012;Motorist Overtaking Bicyclist;1;Non-Intersection;01/06/2001;01/01/2001 01:05;Motorist Overtaking - Misjudged Space;NA;2012;C: Possible Injury;Residential;NA;NA;No;NA;Injury;/Missing;NA;NA;No;Yes;Dark - Roadway Not Lighted;Mixed (30% To 70% Developed);2 lanes;2;Straight - Level;US Route;Wet;Two-Way, Not Divided;None;No Special Feature;Smooth Asphalt;Coastal;Rural;40 - 45  MPH;No Control Present;Rain;No;36.45314, -77.5579
335;336;Yes;40-49;47;No;With Traffic;B: Evident Injury;Travel Lane;White;Male;Duck;Dare;No;01/01/2007;27/05/2012;Motorist Right Turn / Merge;16;Intersection;01/05/2001;01/01/2001 16:34;Motorist Right Turn - Same Direction;NA;2012;B: Evident Injury;Commercial;70;70;No;21-25 mph;O: No Injury;White;Male;Van;No;No;Daylight;Urban (>70% Developed);3 lanes;2;Straight - Level;NC Route;Dry;Two-Way, Not Divided;None;No Special Feature;Smooth Asphalt;Coastal;Rural;NA;No Control Present;Clear;No;36.1631, -75.7527