FID;OBJECTID;AmbulanceR;BikeAge_Gr;Bike_Age;Bike_Alc_D;Bike_Dir;Bike_Injur;Bike_Pos;Bike_Race;Bike_Sex;City;County;CrashAlcoh;CrashDay;Crash_Date;Crash_Grp;Crash_Hour;Crash_Loc;Crash_Mont;Crash_Time;Crash_Type;Crash_Ty_1;Crash_Year;Crsh_Sevri;Developmen;DrvrAge_Gr;Drvr_Age;Drvr_Alc_D;Drvr_EstSp;Drvr_Injur;Drvr_Race;Drvr_Sex;Drvr_VehTy;ExcsSpdInd;Hit_Run;Light_Cond;Locality;Num_Lanes;Num_Units;Rd_Charact;Rd_Class;Rd_Conditi;Rd_Config;Rd_Defects;Rd_Feature;Rd_Surface;Region;Rural_Urba;Speed_Limi;Traff_Cntr;Weather;Workzone_I;Location
336;337;No;20-24;21;No;With Traffic;O: No Injury;Travel Lane;/Missing;NA;None - Rural Crash;Alamance;No;NA;14/05/2012;Crossing Paths - Other Circumstances;7;Intersection-Related;01/05/2001;01/01/2001 07:43;Crossing Paths - Uncontrolled Intersection;NA;2012;O: No Injury;Residential;70;70;No;0-5 mph;O: No Injury;White;Male;Other Bus;No;No;Daylight;Urban (>70% Developed);2 lanes;2;Straight - Level;Local Street;Dry;Two-Way, Not Divided;None;Driveway, Public;Smooth Asphalt;Piedmont;Rural;30 - 35  MPH;Double Yellow Line, No Passing Zone;Cloudy;No;36.10808, -79.4842
343;344;No;15-nov;11;No;Not Applicable;O: No Injury;Non-Roadway;White;Male;Mooresville;Iredell;No;NA;28/05/2012;Non-Roadway;20;Non-Roadway;01/05/2001;01/01/2001 20:23;Non-Roadway;NA;2012;O: No Injury;Commercial;50-59;50;No;0-5 mph;O: No Injury;White;Female;Sport Utility;No;No;Daylight;Urban (>70% Developed);NA;2;Straight - Level;Public Vehicular Area;Dry;Two-Way, Not Divided;None;No Special Feature;Smooth Asphalt;Piedmont;Urban;5 - 15 MPH;No Control Present;Clear;No;35.53492, -80.8001
344;345;Yes;30-39;30;No;With Traffic;B: Evident Injury;Travel Lane;/Missing;NA;Wrightsville Beach;New Hanover;No;01/01/2007;27/05/2012;Motorist Left Turn / Merge;12;Intersection;01/05/2001;01/01/2001 12:26;Motorist Left Turn - Same Direction;NA;2012;B: Evident Injury;Residential;40-49;40;No;6-10 mph;O: No Injury;White;Female;Sport Utility;No;No;Daylight;Mixed (30% To 70% Developed);2 lanes;2;Straight - Level;Local Street;Dry;Two-Way, Not Divided;None;No Special Feature;Smooth Asphalt;Coastal;Rural;20 - 25  MPH;No Control Present;Clear;No;34.20949, -77.7948
346;347;No;16-19;16;No;With Traffic;C: Possible Injury;Travel Lane;White;Female;Wilmington;New Hanover;No;01/01/2002;29/05/2012;Crossing Paths - Other Circumstances;9;Intersection;01/05/2001;01/01/2001 09:16;Signalized Intersection - Other /;NA;2012;C: Possible Injury;Commercial;NA;NA;No;NA;Injury;/Missing;NA;NA;No;Yes;Daylight;Urban (>70% Developed);2 lanes;2;Straight - Level;Local Street;Wet;One-Way, Not Divided;None;No Special Feature;Smooth Asphalt;Coastal;Urban;30 - 35  MPH;Stop And Go Signal;Rain;No;34.23593, -77.9275
356;357;Yes;15-nov;13;No;Facing Traffic;C: Possible Injury;Sidewalk / Crosswalk / Driveway Crossing;White;Male;Cary;Wake;No;01/01/2006;19/05/2012;Crossing Paths - Other Circumstances;13;Intersection;01/05/2001;01/01/2001 13:31;Signalized Intersection - Other /;NA;2012;C: Possible Injury;Commercial;0-19;18;No;0-5 mph;O: No Injury;White;Female;Sport Utility;No;No;Daylight;Urban (>70% Developed);5 lanes;2;Straight - Level;State Secondary Route;Dry;Two-Way, Not Divided;None;Related To Intersection;Smooth Asphalt;Piedmont;Urban;40 - 45  MPH;Stop And Go Signal;Clear;No;35.79135, -78.8475
358;359;No;NA;0;Missing;Facing Traffic;Injury;Sidewalk / Crosswalk / Driveway Crossing;/Missing;NA;Cary;Wake;No;01/01/2005;25/05/2012;Motorist Failed to Yield - Midblock;11;Non-Intersection;01/05/2001;01/01/2001 11:39;Motorist Drive Out - Commercial Driveway / Alley;NA;2012;O: No Injury;Commercial;40-49;49;No;0-5 mph;O: No Injury;White;Male;Passenger Car;No;No;Daylight;Urban (>70% Developed);2 lanes;2;Straight - Level;Public Vehicular Area;Dry;Two-Way, Divided, Unprotected Median;None;Driveway, Private;Smooth Asphalt;Piedmont;Urban;40 - 45  MPH;Stop Sign;Clear;No;35.76359, -78.747
366;367;Yes;20-24;23;No;With Traffic;B: Evident Injury;Travel Lane;White;Male;Raleigh;Wake;No;01/01/2007;03/06/2012;Motorist Left Turn / Merge;1;Intersection;01/06/2001;01/01/2001 01:01;Motorist Left Turn - Opposite Direction;NA;2012;B: Evident Injury;Commercial;NA;NA;Missing;21-25 mph;Injury;/Missing;NA;Passenger Car;No;Yes;Dark - Lighted Roadway;Rural (<30% Developed);3 lanes;2;Straight - Level;Local Street;Dry;Two-Way, Divided, Unprotected Median;None;T-Intersection;Coarse Asphalt;Piedmont;Urban;30 - 35  MPH;No Control Present;Clear;No;35.78313, -78.656
368;369;No;20-24;22;Yes;With Traffic;O: No Injury;Travel Lane;White;Female;Emerald Isle;Carteret;Yes;01/01/2006;26/05/2012;Motorist Overtaking Bicyclist;23;Non-Intersection;01/05/2001;01/01/2001 23:10;Motorist Overtaking - Other /;NA;2012;O: No Injury;Residential;25-29;25;No;41-45 mph;O: No Injury;White;Male;Sport Utility;No;No;Dark - Roadway Not Lighted;Urban (>70% Developed);2 lanes;2;Straight - Level;NC Route;Wet;Two-Way, Divided, Unprotected Median;None;No Special Feature;Smooth Asphalt;Coastal;Rural;40 - 45  MPH;No Control Present;Rain;No;34.68207, -76.9217
370;371;No;20-24;20;No;Facing Traffic;O: No Injury;Travel Lane;White;Male;Cary;Wake;No;01/01/2002;29/05/2012;Crossing Paths - Other Circumstances;15;Intersection;01/05/2001;01/01/2001 15:12;Crossing Paths - Intersection - Other /;NA;2012;O: No Injury;Commercial;60-69;61;No;6-10 mph;O: No Injury;Black;Female;Pickup;No;No;Daylight;Urban (>70% Developed);5 lanes;2;Straight - Level;State Secondary Route;Dry;Two-Way, Not Divided;None;Four-Way Intersection;Smooth Asphalt;Piedmont;Urban;30 - 35  MPH;Stop And Go Signal;Cloudy;No;35.76929, -78.782
376;377;Yes;30-39;37;No;With Traffic;B: Evident Injury;Bike Lane / Paved Shoulder;White;Female;None - Rural Crash;Dare;No;01/01/2005;15/06/2012;Motorist Failed to Yield - Sign-Controlled Intersection;23;Intersection;01/06/2001;01/01/2001 23:04;Motorist Drive Out - Sign-Controlled Intersection;NA;2012;B: Evident Injury;Residential;60-69;60;No;0-5 mph;O: No Injury;White;Male;Sport Utility;No;No;Dark - Roadway Not Lighted;Urban (>70% Developed);2 lanes;2;Straight - Level;NC Route;Dry;Two-Way, Not Divided;None;T-Intersection;Coarse Asphalt;Coastal;Rural;30 - 35  MPH;Double Yellow Line, No Passing Zone;Clear;No;35.56312, -75.469
378;379;No;30-39;32;No;With Traffic;O: No Injury;Travel Lane;Black;Male;Fayetteville;Cumberland;No;01/01/2006;09/06/2012;Motorist Overtaking Bicyclist;21;Non-Intersection;01/06/2001;01/01/2001 21:43;Motorist Overtaking - Other /;NA;2012;O: No Injury;Commercial;NA;NA;Missing;NA;Injury;/Missing;NA;NA;No;Yes;Dark - Lighted Roadway;Urban (>70% Developed);5 lanes;2;Straight - Grade;NC Route;Dry;Two-Way, Not Divided;None;No Special Feature;Smooth Asphalt;Coastal;Urban;NA;No Control Present;Clear;No;35.04407, -78.9812
381;382;Yes;40-49;41;No;Facing Traffic;C: Possible Injury;Travel Lane;Black;Male;New Bern;Craven;No;01/01/2005;15/06/2012;Motorist Failed to Yield - Sign-Controlled Intersection;15;Intersection;01/06/2001;01/01/2001 15:56;Motorist Drive Out - Sign-Controlled Intersection;NA;2012;C: Possible Injury;Residential;50-59;58;No;0-5 mph;O: No Injury;Black;Female;Passenger Car;No;No;Daylight;Urban (>70% Developed);2 lanes;2;Curve - Level;Local Street;Dry;Two-Way, Not Divided;None;T-Intersection;Smooth Asphalt;Coastal;Urban;20 - 25  MPH;Stop Sign;Cloudy;No;35.11075, -77.064
385;386;Yes;10-juin;7;No;With Traffic;C: Possible Injury;Travel Lane;Black;Female;Wilson;Wilson;No;01/01/2007;27/05/2012;Motorist Failed to Yield - Sign-Controlled Intersection;17;Intersection;01/05/2001;01/01/2001 17:00;Motorist Drive Out - Sign-Controlled Intersection;NA;2012;C: Possible Injury;Residential;NA;NA;Missing;0-5 mph;Injury;/Missing;NA;NA;No;Yes;Daylight;Mixed (30% To 70% Developed);2 lanes;2;Straight - Level;Local Street;Wet;Two-Way, Not Divided;None;No Special Feature;Coarse Asphalt;Coastal;Urban;30 - 35  MPH;Stop Sign;Cloudy;No;35.7145, -77.8952
386;387;Yes;15-nov;12;No;With Traffic;B: Evident Injury;Travel Lane;Black;Male;None - Rural Crash;Sampson;No;01/01/2006;26/05/2012;Motorist Overtaking Bicyclist;16;Non-Intersection;01/05/2001;01/01/2001 16:56;Motorist Overtaking - Bicyclist Swerved;NA;2012;B: Evident Injury;Farms, Woods, Pastures;30-39;36;No;31-35 mph;O: No Injury;Black;Female;Sport Utility;No;No;Daylight;Rural (<30% Developed);2 lanes;2;Straight - Level;State Secondary Route;Dry;Two-Way, Not Divided;None;Driveway, Private;Coarse Asphalt;Coastal;Rural;50 - 55  MPH;Double Yellow Line, No Passing Zone;Clear;No;34.77522, -78.3329
390;391;No;40-49;45;No;With Traffic;C: Possible Injury;Travel Lane;White;Male;Charlotte;Mecklenburg;No;01/01/2005;15/06/2012;Motorist Overtaking Bicyclist;16;Intersection;01/06/2001;01/01/2001 16:21;Motorist Overtaking - Other /;NA;2012;C: Possible Injury;Commercial;NA;NA;Missing;6-10 mph;Injury;/Missing;NA;NA;No;Yes;Daylight;Urban (>70% Developed);4 lanes;2;Straight - Level;Local Street;Dry;Two-Way, Not Divided;None;No Special Feature;Concrete;Piedmont;Urban;40 - 45  MPH;Stop And Go Signal;Clear;No;35.2354, -80.8404
395;396;Yes;20-24;24;No;With Traffic;B: Evident Injury;Travel Lane;Black;Male;Charlotte;Mecklenburg;No;01/01/2005;04/05/2012;Motorist Left Turn / Merge;16;Non-Intersection;01/05/2001;01/01/2001 16:16;Motorist Left Turn - Opposite Direction;NA;2012;B: Evident Injury;Commercial;25-29;29;No;6-10 mph;O: No Injury;Hispanic;Female;Van;No;No;Daylight;Urban (>70% Developed);4 lanes;2;Straight - Level;Local Street;Dry;Two-Way, Not Divided;None;No Special Feature;Smooth Asphalt;Piedmont;Urban;30 - 35  MPH;No Control Present;Clear;No;35.21946, -80.8021
176;177;Yes;16-19;18;No;With Traffic;C: Possible Injury;Travel Lane;White;Male;Raleigh;Wake;No;01/01/2002;12/04/2011;Motorist Left Turn / Merge;17;Intersection;01/04/2001;01/01/2001 17:23;Motorist Left Turn - Opposite Direction;111212;2011;C: Possible Injury;Commercial;20-24;22;No;6-10 mph;O: No Injury;Black;Male;Passenger Car;No;No;Daylight;Urban (>70% Developed);6 lanes;2;Straight - Level;Local Street;Dry;Two-Way, Divided, Unprotected Median;None;T-Intersection;Smooth Asphalt;Piedmont;Urban;30 - 35  MPH;Stop And Go Signal;Cloudy;No;35.78915, -78.6744
177;178;Yes;16-19;18;No;With Traffic;B: Evident Injury;Travel Lane;White;Male;Gastonia;Gaston;No;01/01/2005;15/04/2011;Crossing Paths - Other Circumstances;14;Intersection;01/04/2001;01/01/2001 14:50;Signalized Intersection - Other /;111158;2011;B: Evident Injury;Commercial;40-49;47;No;26-30 mph;O: No Injury;Black;Male;Passenger Car;No;No;Daylight;Urban (>70% Developed);3 lanes;2;Straight - Grade;State Secondary Route;Dry;Two-Way, Not Divided;None;Four-Way Intersection;Smooth Asphalt;Piedmont;Urban;30 - 35  MPH;Stop And Go Signal;Cloudy;No;35.26429, -81.2004
181;182;Yes;50-59;54;No;With Traffic;C: Possible Injury;Travel Lane;White;Male;Wrightsville Beach;New Hanover;No;01/01/2005;22/04/2011;Motorist Failed to Yield - Sign-Controlled Intersection;13;Intersection;01/04/2001;01/01/2001 13:41;Motorist Drive Out - Sign-Controlled Intersection;111141;2011;C: Possible Injury;Commercial;40-49;45;No;0-5 mph;O: No Injury;White;Male;Van;No;No;Daylight;Urban (>70% Developed);4 lanes;2;Straight - Level;US Route;Dry;Two-Way, Divided, Unprotected Median;None;No Special Feature;Coarse Asphalt;Coastal;Rural;5 - 15 MPH;Stop Sign;Cloudy;No;34.21026, -77.7996
183;184;Yes;25-29;25;No;With Traffic;O: No Injury;Travel Lane;White;Male;Greensboro;Guilford;No;01/01/2007;17/04/2011;Motorist Failed to Yield - Signalized Intersection;1;Intersection;01/04/2001;01/01/2001 01:35;Motorist Drive Through - Signalized Intersection;111154;2011;O: No Injury;Commercial;20-24;24;No;31-35 mph;O: No Injury;Black;Female;Passenger Car;No;No;Dark - Lighted Roadway;Urban (>70% Developed);6 lanes;2;Straight - Level;Local Street;Dry;Two-Way, Not Divided;None;Related To Intersection;Smooth Asphalt;Piedmont;Urban;30 - 35  MPH;Stop And Go Signal;Clear;No;36.07822, -79.7938
184;185;Yes;15-nov;12;No;Not Applicable;O: No Injury;Travel Lane;Black;Male;Charlotte;Mecklenburg;No;NA;18/04/2011;Non-Roadway;19;Non-Roadway;01/04/2001;01/01/2001 19:19;Non-Roadway;410910;2011;B: Evident Injury;Commercial;NA;NA;Missing;NA;Injury;/Missing;NA;NA;No;Yes;Dusk;Urban (>70% Developed);2 lanes;2;Straight - Level;Public Vehicular Area;Dry;Two-Way, Not Divided;None;No Special Feature;Smooth Asphalt;Piedmont;Urban;5 - 15 MPH;Stop Sign;Clear;No;35.22462, -80.8941
194;195;Yes;10-juin;8;No;With Traffic;B: Evident Injury;Travel Lane;White;Male;Troutman;Iredell;No;01/01/2003;06/04/2011;Motorist Overtaking Bicyclist;17;Non-Intersection;01/04/2001;01/01/2001 17:04;Motorist Overtaking - Bicyclist Swerved;311235;2011;B: Evident Injury;Residential;25-29;25;No;21-25 mph;O: No Injury;Black;Female;Passenger Car;No;No;Daylight;Urban (>70% Developed);2 lanes;2;Straight - Level;Local Street;Dry;Two-Way, Not Divided;None;No Special Feature;Smooth Asphalt;Piedmont;Rural;20 - 25  MPH;No Control Present;Clear;No;35.69468, -80.9002
196;197;Yes;50-59;52;No;With Traffic;B: Evident Injury;Travel Lane;White;Male;Durham;Durham;No;01/01/2004;05/05/2011;Motorist Left Turn / Merge;13;Intersection;01/05/2001;01/01/2001 13:22;Motorist Left Turn - Opposite Direction;111212;2011;B: Evident Injury;Residential;40-49;48;No;6-10 mph;O: No Injury;Black;Female;Sport Utility;No;No;Daylight;Urban (>70% Developed);2 lanes;2;Straight - Level;Local Street;Dry;Two-Way, Not Divided;None;No Special Feature;Coarse Asphalt;Piedmont;Urban;40 - 45  MPH;No Control Present;Clear;No;35.90328, -78.9228
197;198;Yes;40-49;40;No;With Traffic;C: Possible Injury;Travel Lane;White;Male;None - Rural Crash;Iredell;No;01/01/2004;05/05/2011;Motorist Overtaking Bicyclist;18;Non-Intersection;01/05/2001;01/01/2001 18:47;Motorist Overtaking - Bicyclist Swerved;311235;2011;C: Possible Injury;Residential;0-19;17;No;26-30 mph;O: No Injury;White;Male;Passenger Car;No;No;Daylight;Urban (>70% Developed);3 lanes;2;Straight - Level;State Secondary Route;Dry;Two-Way, Not Divided;None;No Special Feature;Smooth Asphalt;Piedmont;Rural;40 - 45  MPH;Double Yellow Line, No Passing Zone;Clear;No;35.53622, -80.919
199;200;No;25-29;28;No;With Traffic;Injury;Travel Lane;White;Female;None - Rural Crash;Mecklenburg;No;01/01/2006;23/04/2011;Motorist Overtaking Bicyclist;13;Non-Intersection;01/04/2001;01/01/2001 13:46;Motorist Overtaking - Other /;311239;2011;O: No Injury;Farms, Woods, Pastures;40-49;46;No;41-45 mph;O: No Injury;White;Male;Sport Utility;No;No;Daylight;Rural (<30% Developed);2 lanes;2;Straight - Level;NC Route;Dry;Two-Way, Not Divided;None;No Special Feature;Smooth Asphalt;Piedmont;Rural;50 - 55  MPH;No Control Present;Clear;No;35.44284, -80.7756
201;202;Yes;40-49;42;No;With Traffic;B: Evident Injury;Travel Lane;White;Male;Apex;Wake;No;01/01/2007;08/05/2011;Bicyclist Overtaking Motorist;14;Intersection;01/05/2001;01/01/2001 14:20;Bicyclist Overtaking - Other /;111249;2011;B: Evident Injury;Commercial;30-39;33;No;0-5 mph;O: No Injury;White;Male;Sport Utility;No;No;Daylight;Urban (>70% Developed);2 lanes;2;Straight - Grade;Local Street;Dry;Two-Way, Not Divided;None;No Special Feature;Smooth Asphalt;Piedmont;Urban;30 - 35  MPH;Stop Sign;Clear;No;35.72623, -78.8514
682;683;Yes;50-59;51;No;With Traffic;C: Possible Injury;Sidewalk / Crosswalk / Driveway Crossing;Black;Male;Newton;Catawba;No;01/01/2005;10/09/2010;Motorist Failed to Yield - Midblock;16;Non-Intersection;01/09/2001;01/01/2001 16:11;Motorist Drive Out - Commercial Driveway / Alley;0;2010;C: Possible Injury;Residential;40-49;46;No;0-5 mph;O: No Injury;White;Female;Passenger Car;No;No;Daylight;Urban (>70% Developed);NA;2;Straight - Level;Public Vehicular Area;Dry;Two-Way, Not Divided;None;Driveway, Public;Coarse Asphalt;Piedmont;Urban;NA;No Control Present;Clear;No;35.66006, -81.221664
693;694;Yes;30-39;38;No;With Traffic;B: Evident Injury;Travel Lane;White;Male;Cary;Wake;No;01/01/2004;23/09/2010;Motorist Left Turn / Merge;17;Intersection;01/09/2001;01/01/2001 17:51;Motorist Left Turn - Opposite Direction;0;2010;B: Evident Injury;Commercial;40-49;42;No;0-5 mph;O: No Injury;Asian;Female;Passenger Car;No;No;Daylight;Urban (>70% Developed);5 lanes;2;Straight - Level;State Secondary Route;Dry;Two-Way, Not Divided;None;Driveway, Private;Smooth Asphalt;Piedmont;Urban;40 - 45  MPH;No Control Present;Clear;No;35.785755, -78.8214
696;697;Yes;15-nov;15;No;With Traffic;C: Possible Injury;Travel Lane;Black;Male;None - Rural Crash;Beaufort;No;01/01/2005;24/09/2010;Motorist Overtaking Bicyclist;22;Non-Intersection;01/09/2001;01/01/2001 22:19;Motorist Overtaking - Misjudged Space;0;2010;C: Possible Injury;Commercial;25-29;25;No;46-50 mph;O: No Injury;Black;Male;Passenger Car;No;No;Dark - Roadway Not Lighted;Urban (>70% Developed);5 lanes;2;Straight - Level;US Route;Dry;Two-Way, Not Divided;None;No Special Feature;Coarse Asphalt;Coastal;Rural;50 - 55  MPH;No Control Present;Clear;No;35.585327, -77.0954
697;698;Yes;30-39;34;No;With Traffic;C: Possible Injury;Travel Lane;White;Male;Greensboro;Guilford;No;01/01/2007;19/09/2010;Motorist Left Turn / Merge;17;Intersection;01/09/2001;01/01/2001 17:48;Motorist Left Turn - Opposite Direction;0;2010;C: Possible Injury;Residential;20-24;20;No;0-5 mph;O: No Injury;White;Female;Passenger Car;No;No;Daylight;Urban (>70% Developed);2 lanes;2;Straight - Hillcrest;Local Street;Dry;Two-Way, Not Divided;None;No Special Feature;Smooth Asphalt;Piedmont;Urban;30 - 35  MPH;Flashing Stop And Go Signal;Clear;No;36.06862, -79.82316
704;705;Yes;40-49;48;No;With Traffic;K: Killed;Bike Lane / Paved Shoulder;White;Male;None - Rural Crash;Randolph;No;01/01/2007;26/09/2010;Loss of Control / Turning Error;7;Non-Intersection;01/09/2001;01/01/2001 07:42;Motorist Lost Control - Other /;0;2010;K: Killed;Farms, Woods, Pastures;NA;NA;No;51-55 mph;Injury;/Missing;NA;Pickup;No;Yes;NA;Rural (<30% Developed);4 lanes;2;Straight - Level;US Route;Dry;Two-Way, Divided, Unprotected Median;None;No Special Feature;Smooth Asphalt;Piedmont;Rural;50 - 55  MPH;No Control Present;Clear;No;35.841625, -79.59876
725;726;Yes;25-29;28;No;Facing Traffic;C: Possible Injury;Sidewalk / Crosswalk / Driveway Crossing;Black;Male;Pineville;Mecklenburg;No;01/01/2005;06/08/2010;Motorist Failed to Yield - Sign-Controlled Intersection;11;Intersection;01/08/2001;01/01/2001 11:09;Motorist Drive Through - Sign-Controlled Intersection;0;2010;C: Possible Injury;Commercial;20-24;20;No;NA;O: No Injury;White;Male;Pickup;No;No;Daylight;Urban (>70% Developed);2 lanes;2;Straight - Grade;Local Street;Dry;Two-Way, Not Divided;None;T-Intersection;Smooth Asphalt;Piedmont;Rural;30 - 35  MPH;Stop Sign;Clear;No;35.090088, -80.885765
730;731;Yes;50-59;59;No;With Traffic;B: Evident Injury;Travel Lane;White;Male;Charlotte;Mecklenburg;No;01/01/2003;29/09/2010;Motorist Failed to Yield - Sign-Controlled Intersection;19;Intersection;01/09/2001;01/01/2001 19:31;Motorist Drive Out - Sign-Controlled Intersection;0;2010;B: Evident Injury;Commercial;50-59;53;No;6-10 mph;O: No Injury;Black;Male;Pickup;No;No;Dark - Roadway Not Lighted;Urban (>70% Developed);1 lane;2;Straight - Hillcrest;Local Street;Wet;One-Way, Not Divided;None;On or Off Ramp;Concrete;Piedmont;Urban;40 - 45  MPH;Stop Sign;Rain;No;35.30741, -80.84683
752;753;No;20-24;21;No;With Traffic;O: No Injury;Travel Lane;Black;Female;Havelock;Craven;No;01/01/2007;26/09/2010;Motorist Failed to Yield - Sign-Controlled Intersection;20;Intersection;01/09/2001;01/01/2001 20:11;Motorist Drive Out - Sign-Controlled Intersection;0;2010;O: No Injury;Residential;0-19;17;No;6-10 mph;O: No Injury;White;Female;Passenger Car;No;No;Dark - Roadway Not Lighted;Urban (>70% Developed);2 lanes;2;Straight - Level;Local Street;Dry;Two-Way, Not Divided;None;Four-Way Intersection;Smooth Asphalt;Coastal;Urban;20 - 25  MPH;Stop Sign;Cloudy;No;34.86768, -76.89329
756;757;No;50-59;56;No;With Traffic;C: Possible Injury;Travel Lane;White;Female;Asheville;Buncombe;No;01/01/2006;02/10/2010;Motorist Left Turn / Merge;17;Intersection;01/10/2001;01/01/2001 17:37;Motorist Left Turn - Opposite Direction;0;2010;C: Possible Injury;Commercial;70+;NA;No;6-10 mph;O: No Injury;White;Female;Passenger Car;No;No;Daylight;Urban (>70% Developed);2 lanes;2;Straight - Level;Local Street;Dry;Two-Way, Not Divided;None;No Special Feature;Smooth Asphalt;Mountains;Urban;20 - 25  MPH;Stop And Go Signal;Clear;No;35.577652, -82.59276
761;762;Yes;15-nov;15;No;Not Applicable;C: Possible Injury;Non-Roadway;/Missing;Male;None - Rural Crash;Chatham;No;01/01/2002;05/10/2010;Non-Roadway;17;Non-Roadway;01/10/2001;01/01/2001 17:19;Non-Roadway;0;2010;C: Possible Injury;Residential;NA;NA;No;NA;Injury;/Missing;NA;NA;No;Yes;Daylight;Mixed (30% To 70% Developed);2 lanes;2;Straight - Level;State Secondary Route;Dry;Two-Way, Not Divided;None;No Special Feature;Smooth Asphalt;Piedmont;Rural;5 - 15 MPH;Double Yellow Line, No Passing Zone;Clear;No;35.770237, -79.28527
767;768;No;16-19;19;No;With Traffic;B: Evident Injury;Bike Lane / Paved Shoulder;White;Male;Boone;Watauga;No;01/01/2004;14/10/2010;Motorist Left Turn / Merge;8;Non-Intersection;01/10/2001;01/01/2001 08:00;Motorist Left Turn - Opposite Direction;0;2010;B: Evident Injury;Institutional;20-24;22;No;11-15 mph;O: No Injury;White;Male;Passenger Car;No;No;Daylight;Urban (>70% Developed);4 lanes;2;Straight - Level;Local Street;Wet;Two-Way, Not Divided;None;No Special Feature;Coarse Asphalt;Mountains;Urban;20 - 25  MPH;No Control Present;Cloudy;No;36.212402, -81.680756
823;824;No;20-24;23;No;With Traffic;C: Possible Injury;Travel Lane;White;Female;Greensboro;Guilford;No;01/01/2004;28/10/2010;Motorist Right Turn / Merge;19;Intersection;01/10/2001;01/01/2001 19:26;Motorist Right Turn - Same Direction;0;2010;C: Possible Injury;Commercial;NA;NA;Missing;NA;Injury;/Missing;NA;Passenger Car;No;Yes;Daylight;Urban (>70% Developed);NA;2;Straight - Hillcrest;Local Street;Dry;Two-Way, Not Divided;None;No Special Feature;Smooth Asphalt;Piedmont;Urban;30 - 35  MPH;Flashing Stop And Go Signal;Clear;No;36.08783, -79.83305
824;825;Yes;25-29;26;No;Facing Traffic;C: Possible Injury;Sidewalk / Crosswalk / Driveway Crossing;White;Male;Greensboro;Guilford;No;01/01/2004;28/10/2010;Bicyclist Failed to Yield - Signalized Intersection;8;Intersection;01/10/2001;01/01/2001 08:21;Bicyclist Ride Through - Signalized Intersection;0;2010;C: Possible Injury;Commercial;30-39;37;No;0-5 mph;O: No Injury;White;Male;Passenger Car;No;No;Daylight;Urban (>70% Developed);5 lanes;2;Straight - Level;Local Street;Dry;Two-Way, Not Divided;None;Four-Way Intersection;Smooth Asphalt;Piedmont;Urban;30 - 35  MPH;Stop And Go Signal;Cloudy;No;36.042877, -79.84257
893;894;No;20-24;20;No;Facing Traffic;C: Possible Injury;Sidewalk / Crosswalk / Driveway Crossing;White;Male;Durham;Durham;No;NA;29/11/2010;Crossing Paths - Other Circumstances;11;Intersection;01/11/2001;01/01/2001 10:59;Crossing Paths - Intersection - Other /;0;2010;C: Possible Injury;Residential;NA;NA;No;6-10 mph;Injury;/Missing;NA;Passenger Car;No;Yes;Daylight;Urban (>70% Developed);1 lane;2;Straight - Level;Local Street;Dry;Two-Way, Not Divided;None;No Special Feature;Smooth Asphalt;Piedmont;Urban;5 - 15 MPH;No Control Present;Clear;No;35.917366, -78.93098
897;898;No;40-49;47;No;Facing Traffic;C: Possible Injury;Travel Lane;Black;Male;Wilmington;New Hanover;No;NA;15/11/2010;Loss of Control / Turning Error;12;Intersection;01/11/2001;01/01/2001 12:55;Bicyclist Turning Error - Other;0;2010;C: Possible Injury;Residential;25-29;25;No;NA;O: No Injury;White;Female;Passenger Car;No;No;Daylight;Urban (>70% Developed);4 lanes;2;Straight - Grade;Local Street;Dry;Two-Way, Divided, Positive Median Barrier;None;No Special Feature;Smooth Asphalt;Coastal;Urban;30 - 35  MPH;Stop And Go Signal;Clear;No;34.21668, -77.943665
900;901;Yes;30-39;39;No;With Traffic;B: Evident Injury;Travel Lane;White;Male;Asheville;Buncombe;No;01/01/2007;21/11/2010;Motorist Left Turn / Merge;18;Intersection;01/11/2001;01/01/2001 18:12;Motorist Left Turn - Opposite Direction;0;2010;B: Evident Injury;Commercial;50-59;57;No;21-25 mph;O: No Injury;White;Male;Van;No;No;Dark - Lighted Roadway;Urban (>70% Developed);5 lanes;2;NA;Local Street;Dry;Two-Way, Not Divided;None;Related To Intersection;Smooth Asphalt;Mountains;Urban;30 - 35  MPH;Flashing Stop And Go Signal;Clear;No;35.59895, -82.553535
908;909;No;15-nov;14;No;With Traffic;C: Possible Injury;Sidewalk / Crosswalk / Driveway Crossing;White;Male;Raleigh;Wake;No;01/01/2004;18/11/2010;Motorist Left Turn / Merge;7;Intersection;01/11/2001;01/01/2001 07:56;Motorist Left Turn - Opposite Direction;0;2010;C: Possible Injury;Residential;30-39;39;No;11-15 mph;O: No Injury;Black;Female;Passenger Car;No;No;Daylight;Urban (>70% Developed);2 lanes;2;Straight - Level;Local Street;Dry;Two-Way, Not Divided;None;Four-Way Intersection;Smooth Asphalt;Piedmont;Urban;20 - 25  MPH;Stop And Go Signal;Clear;No;35.856323, -78.65038