FID;OBJECTID;AmbulanceR;BikeAge_Gr;Bike_Age;Bike_Alc_D;Bike_Dir;Bike_Injur;Bike_Pos;Bike_Race;Bike_Sex;City;County;CrashAlcoh;CrashDay;Crash_Date;Crash_Grp;Crash_Hour;Crash_Loc;Crash_Mont;Crash_Time;Crash_Type;Crash_Ty_1;Crash_Year;Crsh_Sevri;Developmen;DrvrAge_Gr;Drvr_Age;Drvr_Alc_D;Drvr_EstSp;Drvr_Injur;Drvr_Race;Drvr_Sex;Drvr_VehTy;ExcsSpdInd;Hit_Run;Light_Cond;Locality;Num_Lanes;Num_Units;Rd_Charact;Rd_Class;Rd_Conditi;Rd_Config;Rd_Defects;Rd_Feature;Rd_Surface;Region;Rural_Urba;Speed_Limi;Traff_Cntr;Weather;Workzone_I;Location
909;910;Yes;40-49;41;No;With Traffic;B: Evident Injury;Travel Lane;White;Male;Raleigh;Wake;No;NA;08/11/2010;Motorist Left Turn / Merge;10;Non-Intersection;01/11/2001;01/01/2001 10:19;Motorist Left Turn - Opposite Direction;0;2010;B: Evident Injury;Commercial;20-24;23;No;41-45 mph;O: No Injury;White;Male;Passenger Car;No;No;Daylight;Urban (>70% Developed);5 lanes;2;Straight - Grade;Local Street;Dry;Two-Way, Divided, Unprotected Median;None;No Special Feature;Smooth Asphalt;Piedmont;Urban;40 - 45  MPH;No Control Present;Clear;No;35.779064, -78.67673
915;916;No;16-19;18;No;With Traffic;C: Possible Injury;Travel Lane;White;Male;Raleigh;Wake;No;01/01/2006;20/11/2010;Motorist Right Turn / Merge;12;Intersection;01/11/2001;01/01/2001 12:00;Motorist Right Turn - Same Direction;0;2010;C: Possible Injury;Commercial;40-49;46;No;11-15 mph;O: No Injury;Black;Female;Light Truck (Mini-Van, Panel);No;No;Daylight;Urban (>70% Developed);5 lanes;2;Straight - Level;Local Street;Dry;Two-Way, Not Divided;None;Four-Way Intersection;Coarse Asphalt;Piedmont;Urban;30 - 35  MPH;Stop Sign;Clear;No;35.824776, -78.708435
922;923;No;30-39;34;No;With Traffic;B: Evident Injury;Travel Lane;White;Male;Davidson;Mecklenburg;No;01/01/2004;02/12/2010;Motorist Overtaking Bicyclist;12;Non-Intersection;01/12/2001;01/01/2001 12:23;Motorist Overtaking - Misjudged Space;0;2010;B: Evident Injury;Residential;50-59;52;No;21-25 mph;O: No Injury;White;Male;Sport Utility;No;No;Daylight;Urban (>70% Developed);2 lanes;3;Straight - Hillcrest;Local Street;Dry;Two-Way, Not Divided;None;No Special Feature;Smooth Asphalt;Piedmont;Urban;20 - 25  MPH;No Control Present;Clear;No;35.46285, -80.807236
925;926;Yes;40-49;44;Yes;Facing Traffic;C: Possible Injury;Sidewalk / Crosswalk / Driveway Crossing;Black;Male;Cary;Wake;Yes;01/01/2002;14/12/2010;Motorist Failed to Yield - Sign-Controlled Intersection;10;Intersection;01/12/2001;01/01/2001 10:03;Motorist Drive Out - Sign-Controlled Intersection;0;2010;C: Possible Injury;Residential;40-49;43;No;0-5 mph;O: No Injury;Asian;Male;Passenger Car;No;No;Daylight;Urban (>70% Developed);4 lanes;2;Straight - Grade;NC Route;Dry;Two-Way, Divided, Unprotected Median;None;T-Intersection;Smooth Asphalt;Piedmont;Urban;20 - 25  MPH;Stop Sign;Clear;No;35.796406, -78.7592
435;436;Yes;15-nov;14;No;Facing Traffic;C: Possible Injury;Travel Lane;Black;Male;Monroe;Union;No;01/01/2006;10/07/2010;Head-On;14;Intersection;01/07/2001;01/01/2001 14:54;Head-On - Bicyclist;0;2010;C: Possible Injury;Residential;NA;NA;Missing;NA;Injury;/Missing;NA;NA;No;Yes;Daylight;Urban (>70% Developed);2 lanes;2;Straight - Level;Local Street;Dry;Two-Way, Not Divided;None;No Special Feature;Smooth Asphalt;Piedmont;Urban;NA;Stop Sign;Clear;No;34.97497, -80.540085
444;445;Yes;50-59;52;Yes;With Traffic;B: Evident Injury;Travel Lane;Black;Male;Charlotte;Mecklenburg;Yes;01/01/2007;11/07/2010;Motorist Overtaking Bicyclist;8;Non-Intersection;01/07/2001;01/01/2001 08:19;Motorist Overtaking - Misjudged Space;0;2010;B: Evident Injury;Commercial;NA;NA;Missing;11-15 mph;Injury;/Missing;NA;NA;No;Yes;Daylight;Rural (<30% Developed);2 lanes;2;Straight - Level;Local Street;Dry;Two-Way, Not Divided;None;No Special Feature;Smooth Asphalt;Piedmont;Urban;30 - 35  MPH;No Control Present;Clear;No;35.26539, -80.88387
455;456;Yes;40-49;40;Yes;With Traffic;B: Evident Injury;Travel Lane;White;Male;Kitty Hawk;Dare;Yes;01/01/2006;19/06/2010;Bicyclist Left Turn / Merge;21;Non-Intersection;01/06/2001;01/01/2001 21:54;Bicyclist Left Turn - Opposite Direction;0;2010;B: Evident Injury;Commercial;0-19;18;No;46-50 mph;O: No Injury;White;Male;Sport Utility;No;No;Dark - Roadway Not Lighted;Urban (>70% Developed);5 lanes;2;Straight - Level;US Route;Dry;Two-Way, Not Divided;None;No Special Feature;Coarse Asphalt;Coastal;Rural;50 - 55  MPH;No Control Present;Clear;No;36.07345, -75.6981
456;457;No;10-juin;7;No;Not Applicable;B: Evident Injury;Driveway / Alley;White;Male;Kitty Hawk;Dare;No;01/01/2007;20/06/2010;Bicyclist Failed to Yield - Midblock;18;Non-Intersection;01/06/2001;01/01/2001 18:04;Bicyclist Ride Out - Residential Driveway;0;2010;B: Evident Injury;Residential;20-24;21;No;>100 mph;O: No Injury;White;Female;Pickup;Yes;No;Daylight;Urban (>70% Developed);2 lanes;2;Straight - Level;Local Street;Dry;Two-Way, Not Divided;None;No Special Feature;Coarse Asphalt;Coastal;Rural;20 - 25  MPH;No Control Present;Clear;No;36.05924, -75.730896
459;460;Yes;40-49;49;No;With Traffic;B: Evident Injury;Travel Lane;White;Male;None - Rural Crash;Stokes;No;01/01/2005;23/07/2010;Motorist Overtaking Bicyclist;7;Non-Intersection;01/07/2001;01/01/2001 07:41;Motorist Overtaking - Other /;0;2010;K: Killed;Farms, Woods, Pastures;50-59;51;No;41-45 mph;O: No Injury;White;Female;Sport Utility;No;No;Daylight;Rural (<30% Developed);2 lanes;3;Curve - Grade;State Secondary Route;Dry;Two-Way, Not Divided;None;No Special Feature;Smooth Asphalt;Piedmont;Rural;40 - 45  MPH;Double Yellow Line, No Passing Zone;Clear;No;36.28436, -80.39064
462;463;Yes;10-juin;8;No;With Traffic;B: Evident Injury;Travel Lane;Black;Male;Troutman;Iredell;No;01/01/2004;03/06/2010;Bicyclist Failed to Yield - Sign-Controlled Intersection;20;Intersection;01/06/2001;01/01/2001 20:35;Bicyclist Ride Out - Sign-Controlled Intersection;0;2010;B: Evident Injury;Residential;NA;NA;Missing;21-25 mph;Injury;/Missing;NA;NA;No;Yes;Dark - Lighted Roadway;Urban (>70% Developed);2 lanes;2;Straight - Level;Local Street;Dry;Two-Way, Not Divided;None;T-Intersection;Smooth Asphalt;Piedmont;Rural;20 - 25  MPH;Stop Sign;Clear;No;35.696854, -80.90066
471;472;No;10-juin;9;No;Not Applicable;O: No Injury;Driveway / Alley;White;Male;None - Rural Crash;Wake;No;01/01/2007;01/08/2010;Bicyclist Failed to Yield - Midblock;15;Non-Intersection;01/08/2001;01/01/2001 15:38;Bicyclist Ride Out - Residential Driveway;0;2010;O: No Injury;Residential;0-19;16;No;21-25 mph;O: No Injury;White;Male;Pickup;No;No;Daylight;Rural (<30% Developed);2 lanes;2;Straight - Hillcrest;State Secondary Route;Dry;Two-Way, Not Divided;None;No Special Feature;Smooth Asphalt;Piedmont;Rural;20 - 25  MPH;No Control Present;Cloudy;No;35.92532, -78.62633
478;479;Yes;30-39;34;No;With Traffic;B: Evident Injury;Travel Lane;White;Male;None - Rural Crash;Wake;No;01/01/2004;29/07/2010;Motorist Left Turn / Merge;22;Intersection;01/07/2001;01/01/2001 22:12;Motorist Left Turn - Opposite Direction;0;2010;B: Evident Injury;Farms, Woods, Pastures;30-39;35;No;41-45 mph;O: No Injury;White;Male;Pickup;No;No;Dark - Roadway Not Lighted;Rural (<30% Developed);2 lanes;2;Straight - Level;State Secondary Route;Dry;Two-Way, Not Divided;None;T-Intersection;Coarse Asphalt;Piedmont;Rural;40 - 45  MPH;Double Yellow Line, No Passing Zone;Cloudy;No;35.555542, -78.72128
479;480;Yes;40-49;43;No;With Traffic;B: Evident Injury;Travel Lane;Black;Male;Greensboro;Guilford;No;01/01/2002;20/07/2010;Motorist Overtaking Bicyclist;3;Non-Intersection;01/07/2001;01/01/2001 03:23;Motorist Overtaking - Other /;0;2010;B: Evident Injury;Commercial;NA;NA;Missing;NA;Injury;/Missing;NA;NA;No;Yes;Dark - Lighted Roadway;Urban (>70% Developed);5 lanes;2;Straight - Level;Local Street;Dry;Two-Way, Divided, Unprotected Median;None;No Special Feature;Smooth Asphalt;Piedmont;Urban;30 - 35  MPH;No Control Present;Clear;No;36.048058, -79.83613
480;481;Yes;10-juin;7;No;With Traffic;B: Evident Injury;Travel Lane;Black;Male;None - Rural Crash;Richmond;No;01/01/2003;14/07/2010;Bicyclist Failed to Yield - Sign-Controlled Intersection;19;Intersection;01/07/2001;01/01/2001 18:59;Bicyclist Ride Through - Sign-Controlled Intersection;0;2010;B: Evident Injury;Residential;50-59;51;No;21-25 mph;O: No Injury;Black;Male;Passenger Car;No;No;Daylight;Rural (<30% Developed);2 lanes;2;Straight - Level;State Secondary Route;Dry;Two-Way, Not Divided;None;Four-Way Intersection;Coarse Asphalt;Piedmont;Rural;30 - 35  MPH;Stop Sign;Clear;No;34.95564, -79.72918
486;487;No;20-24;24;No;Facing Traffic;O: No Injury;Travel Lane;White;Male;Wilson;Wilson;No;NA;19/07/2010;Motorist Failed to Yield - Midblock;16;Non-Intersection;01/07/2001;01/01/2001 16:47;Motorist Drive Out - Other Midblock;0;2010;O: No Injury;Commercial;50-59;55;No;6-10 mph;O: No Injury;White;Female;Passenger Car;No;No;Daylight;Urban (>70% Developed);5 lanes;2;Straight - Level;Local Street;Dry;Two-Way, Not Divided;None;No Special Feature;Coarse Asphalt;Coastal;Urban;40 - 45  MPH;No Control Present;Clear;No;35.767166, -77.94485
490;491;Yes;50-59;51;No;Facing Traffic;C: Possible Injury;Travel Lane;Black;Male;Goldsboro;Wayne;No;01/01/2005;23/07/2010;Motorist Left Turn / Merge;16;Non-Intersection;01/07/2001;01/01/2001 16:44;Motorist Left Turn - Same Direction;0;2010;C: Possible Injury;Commercial;20-24;21;No;6-10 mph;O: No Injury;White;Male;NA;No;Yes;Daylight;Urban (>70% Developed);2 lanes;2;Straight - Level;Local Street;Wet;Two-Way, Not Divided;None;No Special Feature;Coarse Asphalt;Coastal;Urban;30 - 35  MPH;No Control Present;Cloudy;No;35.39925, -77.99448
491;492;Yes;15-nov;14;No;Facing Traffic;C: Possible Injury;Sidewalk / Crosswalk / Driveway Crossing;Black;Male;High Point;Guilford;No;01/01/2004;22/07/2010;Motorist Failed to Yield - Midblock;11;Non-Intersection;01/07/2001;01/01/2001 11:30;Motorist Drive Out - Commercial Driveway / Alley;0;2010;C: Possible Injury;Commercial;30-39;33;No;0-5 mph;O: No Injury;White;Male;NA;No;Yes;Daylight;Urban (>70% Developed);5 lanes;2;Straight - Level;US Route;Dry;Two-Way, Not Divided;None;No Special Feature;Coarse Asphalt;Piedmont;Urban;30 - 35  MPH;No Control Present;Clear;No;35.933033, -79.98963
492;493;Yes;30-39;36;No;With Traffic;B: Evident Injury;Bike Lane / Paved Shoulder;White;Male;Greensboro;Guilford;No;01/01/2007;18/07/2010;Motorist Left Turn / Merge;0;Non-Intersection;01/07/2001;01/01/2001 00:58;Motorist Left Turn - Opposite Direction;0;2010;B: Evident Injury;Commercial;25-29;29;No;11-15 mph;O: No Injury;White;Female;Passenger Car;No;No;Dark - Lighted Roadway;Urban (>70% Developed);2 lanes;2;Straight - Level;Local Street;Wet;Two-Way, Not Divided;None;No Special Feature;Concrete;Piedmont;Urban;30 - 35  MPH;No Control Present;Clear;No;36.063526, -79.84012
497;498;Yes;40-49;47;No;With Traffic;C: Possible Injury;Travel Lane;Black;Male;Gastonia;Gaston;No;01/01/2002;27/07/2010;Crossing Paths - Other Circumstances;15;Intersection;01/07/2001;01/01/2001 15:56;Signalized Intersection - Other /;0;2010;C: Possible Injury;Commercial;70+;NA;No;NA;O: No Injury;White;Male;Passenger Car;No;No;Daylight;Urban (>70% Developed);2 lanes;2;Straight - Level;Local Street;Dry;Two-Way, Not Divided;None;Four-Way Intersection;Smooth Asphalt;Piedmont;Urban;30 - 35  MPH;Stop And Go Signal;Clear;No;35.262318, -81.1539
500;501;No;60-69;68;No;Facing Traffic;O: No Injury;Sidewalk / Crosswalk / Driveway Crossing;/Missing;NA;Rocky Mount;Nash;No;01/01/2003;07/07/2010;Motorist Right Turn / Merge;10;Non-Intersection;01/07/2001;01/01/2001 10:30;Motorist Right Turn - Opposite Direction;0;2010;O: No Injury;Commercial;NA;NA;Missing;6-10 mph;Injury;/Missing;NA;NA;No;Yes;Daylight;Urban (>70% Developed);5 lanes;2;Straight - Level;Local Street;Dry;Two-Way, Not Divided;None;Driveway, Public;Smooth Asphalt;Coastal;Urban;5 - 15 MPH;No Control Present;Clear;No;35.932713, -77.81098
502;503;Yes;30-39;31;No;With Traffic;B: Evident Injury;Travel Lane;White;Male;None - Rural Crash;Davie;No;01/01/2004;29/07/2010;Motorist Right Turn / Merge;8;Intersection-Related;01/07/2001;01/01/2001 08:04;Motorist Right Turn - Same Direction;0;2010;B: Evident Injury;Farms, Woods, Pastures;NA;NA;No;41-45 mph;B: Evident Injury;White;Male;Sport Utility;No;No;Daylight;Rural (<30% Developed);2 lanes;2;Straight - Grade;NC Route;Dry;Two-Way, Not Divided;None;T-Intersection;Coarse Asphalt;Piedmont;Rural;40 - 45  MPH;No Control Present;Clear;No;35.972794, -80.425644
507;508;Yes;30-39;34;No;With Traffic;A: Disabling Injury;Travel Lane;White;Male;Clemmons;Forsyth;No;01/01/2005;16/07/2010;Loss of Control / Turning Error;10;Intersection-Related;01/07/2001;01/01/2001 10:29;Motorist Turning Error - Right Turn;0;2010;A: Disabling Injury;Residential;30-39;32;No;41-45 mph;O: No Injury;White;Female;Passenger Car;No;Yes;Daylight;Mixed (30% To 70% Developed);2 lanes;2;Straight - Level;Local Street;Dry;Two-Way, Not Divided;None;T-Intersection;Coarse Asphalt;Piedmont;Urban;40 - 45  MPH;Stop Sign;Clear;No;36.06965, -80.41537
509;510;Yes;50-59;53;No;Facing Traffic;C: Possible Injury;Sidewalk / Crosswalk / Driveway Crossing;Black;Male;Charlotte;Mecklenburg;No;01/01/2005;30/07/2010;Motorist Failed to Yield - Midblock;19;Non-Intersection;01/07/2001;01/01/2001 18:59;Motorist Drive Out - Commercial Driveway / Alley;0;2010;C: Possible Injury;Commercial;40-49;48;No;0-5 mph;O: No Injury;Black;Male;Van;No;No;Daylight;Urban (>70% Developed);NA;2;Straight - Level;Public Vehicular Area;Dry;Two-Way, Not Divided;None;No Special Feature;Concrete;Piedmont;Urban;30 - 35  MPH;No Control Present;Clear;No;35.2997, -80.801025
511;512;Yes;40-49;43;No;With Traffic;O: No Injury;Sidewalk / Crosswalk / Driveway Crossing;White;Male;Raleigh;Wake;No;01/01/2002;20/07/2010;Motorist Failed to Yield - Midblock;13;Non-Intersection;01/07/2001;01/01/2001 13:15;Motorist Drive Out - Commercial Driveway / Alley;0;2010;O: No Injury;Commercial;20-24;20;No;0-5 mph;O: No Injury;White;Male;Light Truck (Mini-Van, Panel);No;No;Daylight;Urban (>70% Developed);NA;2;Straight - Level;Public Vehicular Area;Dry;Two-Way, Not Divided;None;No Special Feature;Smooth Asphalt;Piedmont;Urban;5 - 15 MPH;No Control Present;Clear;No;35.784973, -78.65992
512;513;No;30-39;34;No;With Traffic;C: Possible Injury;Travel Lane;Asian;Male;None - Rural Crash;Rowan;No;01/01/2006;17/07/2010;Motorist Right Turn / Merge;8;Intersection;01/07/2001;01/01/2001 08:34;Motorist Right Turn - Same Direction;0;2010;C: Possible Injury;Residential;25-29;29;No;6-10 mph;O: No Injury;White;Male;Passenger Car;No;No;Daylight;Mixed (30% To 70% Developed);2 lanes;2;Straight - Level;State Secondary Route;Dry;Two-Way, Not Divided;None;T-Intersection;Coarse Asphalt;Piedmont;Rural;40 - 45  MPH;Double Yellow Line, No Passing Zone;Clear;No;35.547226, -80.701805
514;515;No;15-nov;12;No;Facing Traffic;C: Possible Injury;Sidewalk / Crosswalk / Driveway Crossing;Black;Male;Fuquay-Varina;Wake;No;01/01/2005;16/07/2010;Motorist Failed to Yield - Midblock;15;Non-Intersection;01/07/2001;01/01/2001 14:59;Motorist Drive Out - Commercial Driveway / Alley;0;2010;C: Possible Injury;Commercial;NA;NA;Missing;0-5 mph;Injury;/Missing;NA;NA;No;Yes;Daylight;Urban (>70% Developed);2 lanes;2;Straight - Level;Public Vehicular Area;Dry;Two-Way, Divided, Unprotected Median;None;Driveway, Public;Smooth Asphalt;Piedmont;Urban;30 - 35  MPH;No Control Present;Clear;No;35.586124, -78.7821
519;520;Yes;40-49;48;No;Facing Traffic;K: Killed;Travel Lane;Black;Male;None - Rural Crash;Vance;No;01/01/2002;10/08/2010;Head-On;21;Non-Intersection;01/08/2001;01/01/2001 21:04;Head-On - Bicyclist;0;2010;K: Killed;Residential;40-49;42;No;36-40 mph;O: No Injury;Black;Female;Passenger Car;No;No;Dark - Roadway Not Lighted;Rural (<30% Developed);2 lanes;2;Straight - Level;State Secondary Route;Dry;Two-Way, Not Divided;None;No Special Feature;Smooth Asphalt;Piedmont;Rural;40 - 45  MPH;No Control Present;Clear;No;36.428864, -78.43482
527;528;Yes;20-24;22;No;Facing Traffic;B: Evident Injury;Travel Lane;Black;Male;Charlotte;Mecklenburg;No;01/01/2005;30/07/2010;Motorist Failed to Yield - Sign-Controlled Intersection;2;Intersection;01/07/2001;01/01/2001 02:29;Motorist Drive Through - Sign-Controlled Intersection;0;2010;B: Evident Injury;Residential;50-59;55;No;16-20 mph;O: No Injury;White;Female;Passenger Car;No;No;Daylight;Urban (>70% Developed);2 lanes;2;Straight - Level;Local Street;Dry;Two-Way, Divided, Unprotected Median;None;Four-Way Intersection;Smooth Asphalt;Piedmont;Urban;30 - 35  MPH;Stop Sign;Clear;No;35.23411, -80.822235
528;529;No;30-39;31;No;With Traffic;B: Evident Injury;Travel Lane;Black;Male;Farmville;Pitt;No;01/01/2003;04/08/2010;Bicyclist Left Turn / Merge;16;Intersection;01/08/2001;01/01/2001 16:27;Bicyclist Left Turn - Same Direction;0;2010;B: Evident Injury;Residential;60-69;68;No;21-25 mph;O: No Injury;Black;Female;Van;No;No;Daylight;Urban (>70% Developed);2 lanes;2;Straight - Level;Local Street;Dry;Two-Way, Not Divided;None;Four-Way Intersection;Smooth Asphalt;Coastal;Rural;30 - 35  MPH;Yield Sign;Clear;No;35.591537, -77.59017
531;532;No;50-59;57;No;Not Applicable;O: No Injury;Other;White;Male;Raleigh;Wake;No;01/01/2006;31/07/2010;Crossing Paths - Other Circumstances;2;Intersection;01/07/2001;01/01/2001 02:14;Crossing Paths - Intersection - Other /;0;2010;O: No Injury;Commercial;NA;NA;Missing;16-20 mph;Injury;/Missing;NA;NA;No;Yes;Dark - Lighted Roadway;Urban (>70% Developed);7 lanes;2;Straight - Level;Local Street;Dry;Two-Way, Not Divided;None;T-Intersection;Smooth Asphalt;Piedmont;Urban;40 - 45  MPH;No Control Present;Clear;No;35.837788, -78.612976
534;535;Yes;10-juin;6;No;NA;C: Possible Injury;NA;White;Male;None - Rural Crash;Rowan;No;01/01/2004;12/08/2010;Backing Vehicle;19;Non-Intersection;01/08/2001;01/01/2001 19:51;Backing Vehicle;0;2010;C: Possible Injury;Residential;50-59;53;No;0-5 mph;O: No Injury;White;Female;Passenger Car;No;No;Dusk;Rural (<30% Developed);2 lanes;2;Straight - Grade;Local Street;Dry;Two-Way, Not Divided;None;Driveway, Private;Smooth Asphalt;Piedmont;Rural;20 - 25  MPH;No Control Present;Clear;No;35.55527, -80.48653
557;558;Yes;20-24;23;No;Not Applicable;B: Evident Injury;Non-Roadway;White;Male;Raleigh;Wake;No;01/01/2005;30/07/2010;Non-Roadway;12;Non-Roadway;01/07/2001;01/01/2001 12:15;Non-Roadway;0;2010;B: Evident Injury;Institutional;40-49;42;No;0-5 mph;O: No Injury;White;Female;Sport Utility;No;No;Daylight;Urban (>70% Developed);2 lanes;2;Straight - Level;Local Street;Dry;Two-Way, Divided, Unprotected Median;None;No Special Feature;Smooth Asphalt;Piedmont;Urban;20 - 25  MPH;No Control Present;Clear;No;35.785778, -78.67215
563;564;Yes;10-juin;9;No;With Traffic;B: Evident Injury;Travel Lane;White;Male;Oak Island;Brunswick;No;NA;19/07/2010;Crossing Paths - Other Circumstances;20;Intersection;01/07/2001;01/01/2001 19:59;Crossing Paths - Intersection - Other /;0;2010;B: Evident Injury;Residential;0-19;16;No;21-25 mph;O: No Injury;White;Female;Passenger Car;No;No;Dusk;Urban (>70% Developed);2 lanes;2;Straight - Level;Local Street;Dry;Two-Way, Not Divided;None;Four-Way Intersection;Grooved Concrete;Coastal;Urban;30 - 35  MPH;No Control Present;Clear;No;33.912365, -78.13294
566;567;Yes;40-49;46;No;Facing Traffic;C: Possible Injury;Sidewalk / Crosswalk / Driveway Crossing;Hispanic;Male;Raleigh;Wake;No;01/01/2002;03/08/2010;Motorist Failed to Yield - Signalized Intersection;14;Intersection;01/08/2001;01/01/2001 14:09;Motorist Drive Out - Signalized Intersection;0;2010;C: Possible Injury;Commercial;25-29;26;No;NA;O: No Injury;White;Female;Passenger Car;No;No;Daylight;Urban (>70% Developed);2 lanes;2;Straight - Level;Local Street;Dry;Two-Way, Divided, Unprotected Median;None;T-Intersection;Coarse Asphalt;Piedmont;Urban;40 - 45  MPH;Stop And Go Signal;Clear;No;35.854973, -78.585915
567;568;No;15-nov;14;No;Facing Traffic;C: Possible Injury;Travel Lane;Black;Male;Wilson;Wilson;No;01/01/2002;03/08/2010;Bicyclist Failed to Yield - Signalized Intersection;11;Intersection;01/08/2001;01/01/2001 11:48;Bicyclist Ride Through - Signalized Intersection;0;2010;C: Possible Injury;Commercial;50-59;56;No;11-15 mph;O: No Injury;Black;Female;Passenger Car;No;No;Daylight;Urban (>70% Developed);3 lanes;2;Straight - Level;Local Street;Dry;Two-Way, Not Divided;None;Four-Way Intersection;Smooth Asphalt;Coastal;Urban;30 - 35  MPH;Stop And Go Signal;Clear;No;35.718597, -77.93444
569;570;Yes;16-19;17;No;Facing Traffic;C: Possible Injury;Travel Lane;Black;Male;Fayetteville;Cumberland;No;NA;09/08/2010;Head-On;17;Non-Intersection;01/08/2001;01/01/2001 17:28;Head-On - Bicyclist;0;2010;C: Possible Injury;Residential;70+;NA;No;0-5 mph;O: No Injury;White;Male;Passenger Car;No;No;Daylight;Urban (>70% Developed);2 lanes;2;Straight - Level;Local Street;Dry;Two-Way, Divided, Positive Median Barrier;None;No Special Feature;Coarse Asphalt;Coastal;Urban;20 - 25  MPH;No Control Present;Clear;No;35.07643, -78.99481
577;578;Yes;15-nov;14;No;With Traffic;B: Evident Injury;Travel Lane;Hispanic;Male;None - Rural Crash;Johnston;No;01/01/2006;21/08/2010;Bicyclist Failed to Yield - Midblock;16;Non-Intersection;01/08/2001;01/01/2001 16:40;Bicyclist Ride Out - Other Midblock;0;2010;B: Evident Injury;Farms, Woods, Pastures;70+;NA;No;36-40 mph;C: Possible Injury;White;Male;Passenger Car;No;No;Daylight;Rural (<30% Developed);4 lanes;2;Straight - Level;US Route;Dry;Two-Way, Divided, Unprotected Median;None;No Special Feature;Coarse Asphalt;Coastal;Rural;50 - 55  MPH;No Control Present;Clear;No;35.560375, -78.390656
578;579;Yes;25-29;25;No;Facing Traffic;C: Possible Injury;Sidewalk / Crosswalk / Driveway Crossing;White;Female;Jacksonville;Onslow;No;01/01/2002;03/08/2010;Motorist Failed to Yield - Midblock;15;Non-Intersection;01/08/2001;01/01/2001 15:07;Motorist Drive Out - Other Midblock;0;2010;C: Possible Injury;Residential;40-49;47;No;0-5 mph;O: No Injury;White;Male;Pickup;No;No;Daylight;Urban (>70% Developed);2 lanes;2;Straight - Level;Local Street;Dry;Two-Way, Not Divided;None;No Special Feature;Smooth Asphalt;Coastal;Urban;20 - 25  MPH;Stop Sign;Cloudy;No;34.77279, -77.40895
584;585;Yes;20-24;22;No;Facing Traffic;C: Possible Injury;Sidewalk / Crosswalk / Driveway Crossing;White;Female;Hickory;Catawba;No;01/01/2005;13/08/2010;Motorist Failed to Yield - Signalized Intersection;20;Intersection;01/08/2001;01/01/2001 20:30;Motorist Drive Out - Signalized Intersection;0;2010;C: Possible Injury;Residential;60-69;68;No;NA;O: No Injury;White;Female;Passenger Car;No;No;Dark - Lighted Roadway;Urban (>70% Developed);3 lanes;2;Straight - Level;Local Street;Dry;One-Way, Not Divided;None;Four-Way Intersection;Smooth Asphalt;Piedmont;Urban;30 - 35  MPH;Stop And Go Signal;Clear;No;35.739532, -81.32355
585;586;Yes;25-29;27;Yes;With Traffic;K: Killed;Travel Lane;White;Male;Eden;Rockingham;Yes;01/01/2002;17/08/2010;Bicyclist Failed to Yield - Sign-Controlled Intersection;3;Intersection;01/08/2001;01/01/2001 03:40;Bicyclist Ride Through - Sign-Controlled Intersection;0;2010;K: Killed;Residential;20-24;20;No;31-35 mph;O: No Injury;Black;Male;Passenger Car;No;Yes;Dark - Lighted Roadway;Urban (>70% Developed);2 lanes;3;Straight - Level;Local Street;Dry;Two-Way, Not Divided;None;No Special Feature;Smooth Asphalt;Piedmont;Urban;30 - 35  MPH;No Control Present;Clear;No;36.513226, -79.6957
589;590;Yes;40-49;48;No;With Traffic;B: Evident Injury;Travel Lane;White;Male;Hickory;Catawba;No;NA;16/08/2010;Motorist Overtaking Bicyclist;22;Non-Intersection;01/08/2001;01/01/2001 22:16;Motorist Overtaking - Undetected Bicyclist;0;2010;B: Evident Injury;Commercial;25-29;25;No;36-40 mph;O: No Injury;White;Male;Police;No;No;Daylight;Urban (>70% Developed);5 lanes;2;Straight - Grade;US Route;Dry;Two-Way, Not Divided;None;No Special Feature;Coarse Asphalt;Piedmont;Urban;50 - 55  MPH;No Control Present;Cloudy;No;35.71003, -81.31473
590;591;Yes;50-59;59;No;With Traffic;A: Disabling Injury;Travel Lane;White;Male;None - Rural Crash;Moore;No;01/01/2003;25/08/2010;Motorist Overtaking Bicyclist;19;Non-Intersection;01/08/2001;01/01/2001 19:24;Motorist Overtaking - Other /;0;2010;A: Disabling Injury;Farms, Woods, Pastures;50-59;53;No;41-45 mph;O: No Injury;White;Female;Sport Utility;No;No;Daylight;Rural (<30% Developed);2 lanes;2;Curve - Level;State Secondary Route;Dry;Two-Way, Not Divided;None;No Special Feature;Smooth Asphalt;Piedmont;Rural;40 - 45  MPH;Double Yellow Line, No Passing Zone;Clear;No;35.15607, -79.3571
595;596;Yes;50-59;52;No;With Traffic;C: Possible Injury;Travel Lane;White;Male;Charlotte;Mecklenburg;No;01/01/2006;21/08/2010;Motorist Left Turn / Merge;7;Non-Intersection;01/08/2001;01/01/2001 07:49;Motorist Left Turn - Opposite Direction;0;2010;C: Possible Injury;Residential;40-49;43;No;0-5 mph;O: No Injury;White;Male;Sport Utility;No;No;Daylight;Urban (>70% Developed);2 lanes;2;Straight - Grade;Local Street;Dry;Two-Way, Not Divided;None;No Special Feature;Smooth Asphalt;Piedmont;Urban;30 - 35  MPH;No Control Present;Cloudy;No;35.17916, -80.828705