FID;OBJECTID;AmbulanceR;BikeAge_Gr;Bike_Age;Bike_Alc_D;Bike_Dir;Bike_Injur;Bike_Pos;Bike_Race;Bike_Sex;City;County;CrashAlcoh;CrashDay;Crash_Date;Crash_Grp;Crash_Hour;Crash_Loc;Crash_Mont;Crash_Time;Crash_Type;Crash_Ty_1;Crash_Year;Crsh_Sevri;Developmen;DrvrAge_Gr;Drvr_Age;Drvr_Alc_D;Drvr_EstSp;Drvr_Injur;Drvr_Race;Drvr_Sex;Drvr_VehTy;ExcsSpdInd;Hit_Run;Light_Cond;Locality;Num_Lanes;Num_Units;Rd_Charact;Rd_Class;Rd_Conditi;Rd_Config;Rd_Defects;Rd_Feature;Rd_Surface;Region;Rural_Urba;Speed_Limi;Traff_Cntr;Weather;Workzone_I;Location
596;597;No;40-49;48;No;Facing Traffic;B: Evident Injury;Sidewalk / Crosswalk / Driveway Crossing;/Missing;Male;Winterville;Pitt;No;01/01/2007;15/08/2010;Motorist Failed to Yield - Sign-Controlled Intersection;19;Intersection;01/08/2001;01/01/2001 19:47;Motorist Drive Out - Sign-Controlled Intersection;0;2010;B: Evident Injury;Commercial;50-59;59;No;NA;O: No Injury;White;Female;Van;No;No;Dusk;Urban (>70% Developed);2 lanes;2;Straight - Level;Local Street;Dry;Two-Way, Not Divided;None;T-Intersection;Smooth Asphalt;Coastal;Urban;40 - 45  MPH;Stop Sign;Cloudy;No;35.547935, -77.4028
597;598;Yes;30-39;33;No;With Traffic;B: Evident Injury;Travel Lane;White;Male;Charlotte;Mecklenburg;No;01/01/2004;19/08/2010;Bicyclist Left Turn / Merge;5;Intersection;01/08/2001;01/01/2001 05:13;Bicyclist Left Turn - Opposite Direction;0;2010;B: Evident Injury;Residential;70+;NA;No;11-15 mph;O: No Injury;Hispanic;Male;Passenger Car;No;No;Dark - Lighted Roadway;Urban (>70% Developed);4 lanes;2;Straight - Level;NC Route;Wet;Two-Way, Not Divided;None;Four-Way Intersection;Smooth Asphalt;Piedmont;Urban;40 - 45  MPH;Stop And Go Signal;Cloudy;No;35.083286, -80.83087
602;603;Yes;16-19;17;No;Facing Traffic;C: Possible Injury;Sidewalk / Crosswalk / Driveway Crossing;Black;Female;Charlotte;Mecklenburg;No;01/01/2004;19/08/2010;Loss of Control / Turning Error;7;Intersection;01/08/2001;01/01/2001 07:52;Bicyclist Lost Control - Other /;0;2010;C: Possible Injury;Commercial;30-39;31;No;NA;O: No Injury;White;Female;Passenger Car;No;No;Daylight;Urban (>70% Developed);2 lanes;2;Straight - Level;Local Street;Wet;Two-Way, Divided, Positive Median Barrier;None;T-Intersection;Smooth Asphalt;Piedmont;Urban;20 - 25  MPH;Stop Sign;Cloudy;No;35.091904, -80.844345
625;626;No;25-29;28;No;With Traffic;Injury;Travel Lane;/Missing;NA;Erwin;Harnett;No;01/01/2006;28/08/2010;Crossing Paths - Other Circumstances;21;Intersection;01/08/2001;01/01/2001 21:50;Crossing Paths - Intersection - Other /;0;2010;Injury;Residential;NA;NA;Missing;21-25 mph;Injury;/Missing;NA;NA;No;Yes;Dark - Lighted Roadway;Rural (<30% Developed);3 lanes;2;Straight - Grade;Local Street;Dry;Two-Way, Not Divided;None;Four-Way Intersection;Coarse Asphalt;Coastal;Rural;30 - 35  MPH;Stop And Go Signal;Clear;No;35.328514, -78.66038
637;638;Yes;60-69;62;No;With Traffic;C: Possible Injury;Travel Lane;Black;Male;None - Rural Crash;Pamlico;No;01/01/2004;09/09/2010;Motorist Overtaking Bicyclist;7;Non-Intersection;01/09/2001;01/01/2001 07:33;Motorist Overtaking - Misjudged Space;0;2010;C: Possible Injury;Farms, Woods, Pastures;50-59;58;No;36-40 mph;O: No Injury;Black;Female;Van;No;No;Dawn;Rural (<30% Developed);2 lanes;2;Straight - Level;State Secondary Route;Dry;Two-Way, Not Divided;None;No Special Feature;Smooth Asphalt;Coastal;Rural;50 - 55  MPH;No Control Present;Clear;No;35.016365, -76.7281
638;639;Yes;50-59;53;Yes;With Traffic;K: Killed;Travel Lane;Black;Male;None - Rural Crash;Nash;Yes;01/01/2003;08/09/2010;Motorist Overtaking Bicyclist;20;Non-Intersection;01/09/2001;01/01/2001 20:01;Motorist Overtaking - Other /;0;2010;K: Killed;Farms, Woods, Pastures;0-19;16;No;51-55 mph;O: No Injury;White;Male;Sport Utility;No;No;Dark - Roadway Not Lighted;Rural (<30% Developed);2 lanes;2;Straight - Level;US Route;Dry;Two-Way, Not Divided;None;No Special Feature;Coarse Asphalt;Coastal;Rural;50 - 55  MPH;No Control Present;Cloudy;No;36.070515, -77.74884
639;640;Yes;15-nov;12;No;With Traffic;B: Evident Injury;Travel Lane;White;Male;Dallas;Gaston;No;01/01/2005;13/08/2010;Bicyclist Failed to Yield - Sign-Controlled Intersection;17;Intersection;01/08/2001;01/01/2001 17:30;Bicyclist Ride Out - Sign-Controlled Intersection;0;2010;B: Evident Injury;Residential;70+;NA;No;16-20 mph;C: Possible Injury;Black;Female;Passenger Car;No;No;Daylight;Urban (>70% Developed);2 lanes;2;Straight - Bottom;Local Street;Dry;Two-Way, Not Divided;None;T-Intersection;Smooth Asphalt;Piedmont;Rural;20 - 25  MPH;Stop Sign;Clear;No;35.31113, -81.178055
643;644;Yes;15-nov;11;No;With Traffic;C: Possible Injury;Travel Lane;White;Female;None - Rural Crash;Onslow;No;01/01/2007;05/09/2010;Bicyclist Left Turn / Merge;14;Non-Intersection;01/09/2001;01/01/2001 14:25;Bicyclist Left Turn - Same Direction;0;2010;B: Evident Injury;Farms, Woods, Pastures;50-59;58;No;31-35 mph;B: Evident Injury;White;Male;Motorcycle;No;No;Daylight;Rural (<30% Developed);2 lanes;2;Straight - Level;State Secondary Route;Dry;Two-Way, Not Divided;None;No Special Feature;Coarse Asphalt;Coastal;Rural;50 - 55  MPH;No Control Present;Clear;No;34.925636, -77.33551
646;647;No;30-39;31;Yes;With Traffic;O: No Injury;Travel Lane;Hispanic;Male;Cary;Wake;Yes;01/01/2005;10/09/2010;Bicyclist Failed to Yield - Sign-Controlled Intersection;22;Intersection;01/09/2001;01/01/2001 22:08;Bicyclist Ride Through - Sign-Controlled Intersection;0;2010;O: No Injury;Residential;40-49;43;No;16-20 mph;O: No Injury;Asian;Male;Light Truck (Mini-Van, Panel);No;No;Dark - Lighted Roadway;Urban (>70% Developed);2 lanes;2;Straight - Level;Local Street;Dry;Two-Way, Not Divided;None;Four-Way Intersection;Smooth Asphalt;Piedmont;Urban;20 - 25  MPH;Stop Sign;Clear;No;35.785057, -78.778625
663;664;No;16-19;19;No;Not Applicable;O: No Injury;Sidewalk / Crosswalk / Driveway Crossing;White;Male;Southern Pines;Moore;No;01/01/2005;10/09/2010;Non-Roadway;7;Non-Roadway;01/09/2001;01/01/2001 07:25;Non-Roadway;0;2010;O: No Injury;Commercial;20-24;24;No;6-10 mph;O: No Injury;White;Female;Passenger Car;No;No;Daylight;Rural (<30% Developed);NA;2;Straight - Bottom;Public Vehicular Area;Dry;Two-Way, Not Divided;None;Bridge;Smooth Asphalt;Piedmont;Urban;NA;No Control Present;Clear;No;35.176086, -79.38884
669;670;Yes;20-24;24;No;With Traffic;B: Evident Injury;Travel Lane;White;Male;None - Rural Crash;Carteret;No;01/01/2005;17/09/2010;Motorist Overtaking Bicyclist;21;Non-Intersection;01/09/2001;01/01/2001 21:08;Motorist Overtaking - Other /;0;2010;B: Evident Injury;Residential;20-24;21;Missing;26-30 mph;C: Possible Injury;White;Male;Motorcycle;No;No;Dark - Roadway Not Lighted;Rural (<30% Developed);2 lanes;2;Straight - Level;US Route;Dry;Two-Way, Not Divided;None;No Special Feature;Smooth Asphalt;Coastal;Rural;50 - 55  MPH;Double Yellow Line, No Passing Zone;Clear;No;34.78076, -76.57323
173;174;Yes;30-39;37;No;With Traffic;B: Evident Injury;Travel Lane;White;Male;Wilmington;New Hanover;No;01/01/2005;09/04/2010;Motorist Right Turn / Merge;14;Intersection;01/04/2001;01/01/2001 14:08;Motorist Right Turn - Same Direction;0;2010;B: Evident Injury;Commercial;30-39;32;No;41-45 mph;O: No Injury;White;Female;Passenger Car;No;No;Daylight;Urban (>70% Developed);5 lanes;2;Straight - Level;Local Street;Dry;Two-Way, Not Divided;None;Related To Intersection;Coarse Asphalt;Coastal;Urban;40 - 45  MPH;Stop Sign;Clear;No;34.22186, -77.81973
176;177;No;25-29;27;No;With Traffic;Injury;Travel Lane;Black;Male;Fayetteville;Cumberland;No;NA;19/04/2010;Loss of Control / Turning Error;19;Intersection-Related;01/04/2001;01/01/2001 19:09;Motorist Turning Error - Other;0;2010;Injury;Commercial;NA;NA;Missing;6-10 mph;Injury;/Missing;NA;Passenger Car;No;Yes;Daylight;Urban (>70% Developed);2 lanes;2;Straight - Level;Local Street;Dry;Two-Way, Divided, Unprotected Median;None;No Special Feature;Coarse Asphalt;Coastal;Urban;40 - 45  MPH;No Control Present;Clear;No;35.097523, -78.91591
177;178;Yes;20-24;24;No;With Traffic;B: Evident Injury;Sidewalk / Crosswalk / Driveway Crossing;White;Male;Charlotte;Mecklenburg;No;NA;19/04/2010;Crossing Paths - Other Circumstances;17;Intersection;01/04/2001;01/01/2001 16:59;Signalized Intersection - Other /;0;2010;B: Evident Injury;Institutional;30-39;36;No;26-30 mph;O: No Injury;Hispanic;Male;Pickup;No;No;Daylight;Urban (>70% Developed);4 lanes;2;Straight - Level;Local Street;Dry;Two-Way, Divided, Positive Median Barrier;None;No Special Feature;Smooth Asphalt;Piedmont;Urban;50 - 55  MPH;Stop And Go Signal;Clear;No;35.30119, -80.73129
181;182;Yes;40-49;41;No;With Traffic;A: Disabling Injury;Travel Lane;White;Male;Huntersville;Mecklenburg;No;01/01/2007;18/04/2010;Motorist Failed to Yield - Sign-Controlled Intersection;19;Intersection;01/04/2001;01/01/2001 19:29;Motorist Drive Out - Sign-Controlled Intersection;0;2010;A: Disabling Injury;Residential;30-39;33;No;0-5 mph;O: No Injury;White;Male;Sport Utility;No;No;Dusk;Mixed (30% To 70% Developed);2 lanes;2;Straight - Grade;Local Street;Dry;Two-Way, Not Divided;None;No Special Feature;Smooth Asphalt;Piedmont;Urban;20 - 25  MPH;Stop Sign;Clear;No;35.425896, -80.84695
186;187;Yes;60-69;61;No;With Traffic;B: Evident Injury;Travel Lane;White;Female;None - Rural Crash;Pasquotank;No;01/01/2007;11/04/2010;Motorist Overtaking Bicyclist;9;Non-Intersection;01/04/2001;01/01/2001 09:39;Motorist Overtaking - Other /;0;2010;B: Evident Injury;Farms, Woods, Pastures;70+;NA;No;46-50 mph;O: No Injury;White;Male;Van;No;No;Daylight;Rural (<30% Developed);2 lanes;2;Straight - Level;State Secondary Route;Dry;Two-Way, Not Divided;None;No Special Feature;Smooth Asphalt;Coastal;Rural;50 - 55  MPH;No Control Present;Clear;No;36.268047, -76.243935
187;188;Yes;16-19;17;No;With Traffic;B: Evident Injury;Travel Lane;Hispanic;Male;Kannapolis;Cabarrus;No;01/01/2006;24/04/2010;Bicyclist Failed to Yield - Sign-Controlled Intersection;12;Intersection;01/04/2001;01/01/2001 12:24;Bicyclist Ride Out - Sign-Controlled Intersection;0;2010;B: Evident Injury;Residential;60-69;63;No;16-20 mph;O: No Injury;White;Female;Passenger Car;No;No;Daylight;Urban (>70% Developed);2 lanes;2;Straight - Bottom;Local Street;Dry;Two-Way, Not Divided;None;Four-Way Intersection;Smooth Asphalt;Piedmont;Urban;30 - 35  MPH;No Control Present;Clear;No;35.502026, -80.63825
193;194;Yes;60-69;65;No;With Traffic;B: Evident Injury;Travel Lane;White;Male;Charlotte;Mecklenburg;No;01/01/2007;25/04/2010;Motorist Right Turn / Merge;18;Intersection;01/04/2001;01/01/2001 18:26;Motorist Right Turn - Same Direction;0;2010;B: Evident Injury;Residential;50-59;52;No;21-25 mph;O: No Injury;White;Female;Passenger Car;No;No;Daylight;Urban (>70% Developed);3 lanes;2;Straight - Level;Local Street;Dry;Two-Way, Divided, Unprotected Median;None;Four-Way Intersection;Smooth Asphalt;Piedmont;Urban;30 - 35  MPH;Stop And Go Signal;Clear;No;35.132595, -80.80899
199;200;Yes;40-49;46;No;Facing Traffic;C: Possible Injury;Sidewalk / Crosswalk / Driveway Crossing;Black;Male;Cary;Wake;No;01/01/2005;30/04/2010;Motorist Failed to Yield - Sign-Controlled Intersection;16;Intersection;01/04/2001;01/01/2001 16:23;Motorist Drive Out - Sign-Controlled Intersection;0;2010;C: Possible Injury;Commercial;30-39;36;No;0-5 mph;O: No Injury;White;Female;Sport Utility;No;No;Daylight;Urban (>70% Developed);2 lanes;2;Straight - Level;Local Street;Dry;Two-Way, Not Divided;None;No Special Feature;Smooth Asphalt;Piedmont;Urban;30 - 35  MPH;Stop Sign;Clear;No;35.784924, -78.76434
201;202;Yes;15-nov;12;No;Facing Traffic;C: Possible Injury;Travel Lane;White;Male;None - Rural Crash;Pender;No;01/01/2003;05/05/2010;Bicyclist Right Turn / Merge;17;Non-Intersection;01/05/2001;01/01/2001 17:09;Bicyclist Right Turn - Same Direction;0;2010;C: Possible Injury;Residential;30-39;31;No;31-35 mph;O: No Injury;White;Male;Passenger Car;No;No;Daylight;Mixed (30% To 70% Developed);3 lanes;2;Straight - Level;State Secondary Route;Dry;Two-Way, Not Divided;None;No Special Feature;Coarse Asphalt;Coastal;Rural;40 - 45  MPH;Double Yellow Line, No Passing Zone;Clear;No;34.383553, -77.67035
206;207;Yes;60-69;66;No;With Traffic;B: Evident Injury;Bike Lane / Paved Shoulder;Black;Male;None - Rural Crash;Sampson;No;01/01/2005;07/05/2010;Motorist Overtaking Bicyclist;5;Non-Intersection;01/05/2001;01/01/2001 05:47;Motorist Overtaking - Misjudged Space;0;2010;B: Evident Injury;Farms, Woods, Pastures;NA;NA;No;41-45 mph;Injury;/Missing;NA;NA;No;Yes;Dark - Roadway Not Lighted;Rural (<30% Developed);2 lanes;2;Straight - Level;NC Route;Dry;Two-Way, Not Divided;None;No Special Feature;Coarse Asphalt;Coastal;Rural;50 - 55  MPH;No Control Present;Clear;No;35.010113, -78.30045
214;215;Yes;10-juin;10;No;With Traffic;C: Possible Injury;Travel Lane;Asian;Male;Raleigh;Wake;No;01/01/2002;20/04/2010;Bicyclist Failed to Yield - Sign-Controlled Intersection;17;Intersection;01/04/2001;01/01/2001 17:56;Bicyclist Ride Through - Sign-Controlled Intersection;0;2010;C: Possible Injury;Residential;40-49;43;No;26-30 mph;O: No Injury;Black;Male;Passenger Car;No;No;Daylight;Urban (>70% Developed);2 lanes;2;Straight - Hillcrest;Local Street;Dry;Two-Way, Divided, Unprotected Median;None;Four-Way Intersection;Coarse Asphalt;Piedmont;Urban;30 - 35  MPH;Stop Sign;Clear;No;35.74792, -78.68071
217;218;Yes;25-29;28;Yes;With Traffic;B: Evident Injury;Travel Lane;White;Male;Raleigh;Wake;Yes;01/01/2006;03/04/2010;Bicyclist Left Turn / Merge;15;Intersection-Related;01/04/2001;01/01/2001 15:23;Bicyclist Left Turn - Same Direction;0;2010;B: Evident Injury;Commercial;40-49;40;No;16-20 mph;C: Possible Injury;White;Male;Sport Utility;No;No;Daylight;Urban (>70% Developed);4 lanes;2;Straight - Level;Local Street;Dry;Two-Way, Divided, Unprotected Median;None;No Special Feature;Smooth Asphalt;Piedmont;Urban;40 - 45  MPH;No Control Present;Clear;No;35.79382, -78.705925
218;219;Yes;10-juin;8;No;Not Applicable;C: Possible Injury;Driveway / Alley;Black;Male;Greensboro;Guilford;No;01/01/2004;29/04/2010;Bicyclist Failed to Yield - Midblock;16;Non-Intersection;01/04/2001;01/01/2001 16:08;Bicyclist Ride Out - Residential Driveway;0;2010;C: Possible Injury;Residential;50-59;51;No;16-20 mph;O: No Injury;Black;Female;Passenger Car;No;No;Daylight;Urban (>70% Developed);2 lanes;2;Straight - Level;Local Street;Dry;Two-Way, Not Divided;None;No Special Feature;Smooth Asphalt;Piedmont;Urban;30 - 35  MPH;No Control Present;Clear;No;36.014256, -79.806114
220;221;Yes;20-24;22;No;With Traffic;Injury;Bike Lane / Paved Shoulder;White;Male;Carolina Beach;New Hanover;No;01/01/2004;22/04/2010;Motorist Left Turn / Merge;5;Intersection;01/04/2001;01/01/2001 05:31;Motorist Left Turn - Opposite Direction;0;2010;Injury;Residential;70+;NA;No;21-25 mph;Injury;White;Female;Passenger Car;No;No;Daylight;Urban (>70% Developed);2 lanes;2;Straight - Level;State Secondary Route;Dry;Two-Way, Divided, Unprotected Median;None;No Special Feature;Smooth Asphalt;Coastal;Urban;20 - 25  MPH;No Control Present;Clear;No;34.031982, -77.89496
222;223;Yes;40-49;43;No;Facing Traffic;C: Possible Injury;Sidewalk / Crosswalk / Driveway Crossing;Black;Male;Charlotte;Mecklenburg;No;01/01/2003;28/04/2010;Motorist Failed to Yield - Midblock;13;Non-Intersection;01/04/2001;01/01/2001 13:23;Motorist Drive Out - Commercial Driveway / Alley;0;2010;C: Possible Injury;Commercial;25-29;27;No;6-10 mph;O: No Injury;Hispanic;Male;Passenger Car;No;No;Daylight;Urban (>70% Developed);2 lanes;2;Straight - Level;Public Vehicular Area;Dry;Two-Way, Not Divided;None;Driveway, Private;Smooth Asphalt;Piedmont;Urban;NA;No Control Present;Clear;No;35.210953, -80.75901
225;226;No;NA;NA;No;NA;Injury;Travel Lane;/Missing;NA;Cary;Wake;No;01/01/2003;12/05/2010;Bicyclist Failed to Yield - Signalized Intersection;15;Intersection;01/05/2001;01/01/2001 15:33;Bicyclist Ride Through - Signalized Intersection;0;2010;O: No Injury;Commercial;30-39;32;No;0-5 mph;O: No Injury;White;Female;Passenger Car;No;No;Daylight;Urban (>70% Developed);4 lanes;2;Straight - Level;State Secondary Route;Dry;Two-Way, Divided, Unprotected Median;None;Four-Way Intersection;Coarse Asphalt;Piedmont;Urban;40 - 45  MPH;Stop And Go Signal;Clear;No;35.829407, -78.773
226;227;Yes;16-19;17;No;With Traffic;C: Possible Injury;Travel Lane;Black;Male;Laurinburg;Scotland;No;01/01/2005;30/04/2010;Bicyclist Left Turn / Merge;18;Non-Intersection;01/04/2001;01/01/2001 18:08;Bicyclist Left Turn - Same Direction;0;2010;C: Possible Injury;Residential;40-49;40;No;26-30 mph;O: No Injury;White;Male;Van;No;No;Daylight;Urban (>70% Developed);2 lanes;2;Straight - Level;Local Street;Water (Standing, Moving);Two-Way, Not Divided;None;No Special Feature;Coarse Asphalt;Coastal;Urban;30 - 35  MPH;No Control Present;Clear;No;34.75955, -79.459175
230;231;Yes;40-49;40;No;With Traffic;B: Evident Injury;Travel Lane;White;Male;None - Rural Crash;Davidson;No;01/01/2005;14/05/2010;Motorist Failed to Yield - Sign-Controlled Intersection;13;Intersection;01/05/2001;01/01/2001 13:15;Motorist Drive Out - Sign-Controlled Intersection;0;2010;B: Evident Injury;Residential;20-24;21;No;0-5 mph;O: No Injury;White;Female;Passenger Car;No;No;Daylight;Rural (<30% Developed);2 lanes;2;Straight - Grade;State Secondary Route;Dry;Two-Way, Not Divided;None;Four-Way Intersection;Smooth Asphalt;Piedmont;Rural;50 - 55  MPH;Stop Sign;Clear;No;35.81228, -80.2015
231;232;Yes;10-juin;8;No;With Traffic;C: Possible Injury;Travel Lane;Black;Female;Durham;Durham;No;01/01/2006;15/05/2010;Crossing Paths - Other Circumstances;19;Intersection;01/05/2001;01/01/2001 19:06;Sign-Controlled Intersection - Other /;0;2010;C: Possible Injury;Residential;30-39;31;No;21-25 mph;O: No Injury;White;Female;Sport Utility;No;No;Daylight;Urban (>70% Developed);2 lanes;2;Straight - Level;Local Street;Dry;Two-Way, Not Divided;None;Four-Way Intersection;Coarse Asphalt;Piedmont;Urban;20 - 25  MPH;Stop Sign;Clear;No;36.01519, -78.915634
637;638;No;NA;NA;No;With Traffic;C: Possible Injury;Sidewalk / Crosswalk / Driveway Crossing;Black;Male;Elizabeth City;Pasquotank;No;01/01/2004;09/08/2007;Parallel Paths - Other Circumstances;0;Non-Intersection;01/08/2001;0-12-31 23:59:58;Bicyclist Ride Out - Parallel Path;331225;2007;C: Possible Injury;Commercial;30-39;34;No;21-25 mph;O: No Injury;Black;Male;Passenger Car;No;No;Daylight;Urban (>70% Developed);5 lanes;2;Straight - Level;Local Street;Dry;Two-Way, Divided, Unprotected Median;None;No Special Feature;Smooth Asphalt;Coastal;Urban;30 - 35  MPH;No Control Present;Cloudy;No;36.296814, -76.22131
642;643;Yes;50-59;50;No;With Traffic;B: Evident Injury;Bike Lane / Paved Shoulder;Black;Male;Fayetteville;Cumberland;No;01/01/2005;10/08/2007;Motorist Overtaking Bicyclist;5;Non-Intersection;01/08/2001;01/01/2001 05:02;Motorist Overtaking - Other /;321239;2007;B: Evident Injury;Commercial;40-49;45;No;41-45 mph;O: No Injury;White;Male;Pickup;No;No;Dark - Roadway Not Lighted;Urban (>70% Developed);4 lanes;2;Straight - Level;Local Street;Dry;Two-Way, Divided, Positive Median Barrier;None;No Special Feature;Coarse Asphalt;Coastal;Urban;40 - 45  MPH;No Control Present;Clear;No;35.05947, -78.85149
652;653;No;20-24;20;No;NA;B: Evident Injury;Non-Roadway;White;Female;Greenville;Pitt;No;NA;13/08/2007;Non-Roadway;15;Non-Roadway;01/08/2001;01/01/2001 14:59;Non-Roadway;460910;2007;B: Evident Injury;Institutional;NA;NA;Missing;0-5 mph;Injury;/Missing;NA;NA;No;Yes;Daylight;Urban (>70% Developed);1 lane;2;Curve - Level;Public Vehicular Area;Dry;Two-Way, Not Divided;None;Driveway, Public;Smooth Asphalt;Coastal;Urban;5 - 15 MPH;No Control Present;Clear;No;35.606796, -77.36946
654;655;Yes;20-24;20;No;With Traffic;B: Evident Injury;Travel Lane;White;Male;High Point;Guilford;No;NA;13/08/2007;Bicyclist Failed to Yield - Sign-Controlled Intersection;14;Intersection;01/08/2001;01/01/2001 14:21;Bicyclist Ride Through - Sign-Controlled Intersection;111144;2007;B: Evident Injury;Residential;60-69;61;No;21-25 mph;O: No Injury;White;Female;Sport Utility;No;No;Daylight;Urban (>70% Developed);2 lanes;2;Straight - Level;Local Street;Dry;Two-Way, Not Divided;None;T-Intersection;Smooth Asphalt;Piedmont;Urban;30 - 35  MPH;Stop Sign;Clear;No;35.941494, -80.00289
685;686;No;16-19;17;No;With Traffic;C: Possible Injury;Travel Lane;White;Male;None - Rural Crash;Caldwell;No;01/01/2003;22/08/2007;Head-On;22;Non-Intersection;01/08/2001;01/01/2001 22:09;Head-On - Motorist;311255;2007;C: Possible Injury;Residential;NA;NA;Missing;41-45 mph;Injury;/Missing;NA;NA;No;Yes;Dark - Roadway Not Lighted;Urban (>70% Developed);2 lanes;2;Curve - Level;State Secondary Route;Dry;Two-Way, Not Divided;None;No Special Feature;Smooth Asphalt;Mountains;Rural;40 - 45  MPH;Double Yellow Line, No Passing Zone;Clear;No;35.810963, -81.51026
687;688;Yes;30-39;32;No;NA;C: Possible Injury;Travel Lane;Black;Male;Wilson;Wilson;No;01/01/2003;22/08/2007;Motorist Failed to Yield - Sign-Controlled Intersection;8;Intersection;01/08/2001;01/01/2001 08:51;Motorist Drive Out - Sign-Controlled Intersection;119141;2007;C: Possible Injury;Commercial;40-49;45;No;6-10 mph;O: No Injury;Black;Female;Sport Utility;No;No;Daylight;Urban (>70% Developed);3 lanes;2;Straight - Level;Local Street;Dry;Two-Way, Not Divided;None;Related To Intersection;Coarse Asphalt;Coastal;Urban;5 - 15 MPH;Stop Sign;Clear;No;35.720673, -77.9058
690;691;No;30-39;38;No;With Traffic;B: Evident Injury;Travel Lane;White;Male;None - Rural Crash;Transylvania;No;01/01/2004;23/08/2007;Motorist Overtaking Bicyclist;14;Non-Intersection;01/08/2001;01/01/2001 14:40;Motorist Overtaking - Misjudged Space;311232;2007;B: Evident Injury;Residential;70+;NA;No;36-40 mph;O: No Injury;White;Female;Passenger Car;No;No;Daylight;Mixed (30% To 70% Developed);2 lanes;2;Straight - Level;State Secondary Route;Dry;Two-Way, Not Divided;None;No Special Feature;Smooth Asphalt;Mountains;Rural;40 - 45  MPH;Double Yellow Line, No Passing Zone;Cloudy;No;35.234787, -82.70414
691;692;Yes;16-19;17;No;With Traffic;C: Possible Injury;Travel Lane;White;Male;Cary;Wake;No;01/01/2004;29/11/2007;Bicyclist Failed to Yield - Signalized Intersection;18;Intersection;01/11/2001;01/01/2001 18:21;Bicyclist Ride Through - Signalized Intersection;111155;2007;C: Possible Injury;Commercial;25-29;27;No;31-35 mph;O: No Injury;Hispanic;Female;Sport Utility;No;No;Dark - Lighted Roadway;Urban (>70% Developed);4 lanes;2;Straight - Grade;State Secondary Route;Dry;Two-Way, Divided, Unprotected Median;None;Four-Way Intersection;Smooth Asphalt;Piedmont;Urban;40 - 45  MPH;Stop And Go Signal;Clear;No;35.80254, -78.782936
698;699;No;20-24;22;No;With Traffic;C: Possible Injury;Travel Lane;White;Female;Raleigh;Wake;No;01/01/2004;23/08/2007;Motorist Failed to Yield - Sign-Controlled Intersection;20;Intersection;01/08/2001;01/01/2001 20:06;Motorist Drive Out - Sign-Controlled Intersection;111141;2007;C: Possible Injury;Residential;30-39;37;No;21-25 mph;O: No Injury;White;Female;Passenger Car;No;No;Dark - Roadway Not Lighted;Urban (>70% Developed);2 lanes;2;Straight - Level;Local Street;Dry;Two-Way, Divided, Unprotected Median;None;Four-Way Intersection;Concrete;Piedmont;Urban;30 - 35  MPH;Stop Sign;Clear;No;35.793137, -78.67304
699;700;Yes;10-juin;9;No;NA;C: Possible Injury;Non-Roadway;Black;Female;Charlotte;Mecklenburg;No;01/01/2006;01/12/2007;Non-Roadway;15;Non-Roadway;01/12/2001;01/01/2001 15:19;Non-Roadway;460910;2007;C: Possible Injury;Residential;20-24;24;No;0-5 mph;O: No Injury;Hispanic;Male;Sport Utility;No;No;Daylight;Urban (>70% Developed);NA;2;Straight - Level;Public Vehicular Area;Dry;Two-Way, Not Divided;None;No Special Feature;Smooth Asphalt;Piedmont;Urban;20 - 25  MPH;No Control Present;Clear;No;35.304985, -80.84734
707;708;Yes;15-nov;15;No;With Traffic;B: Evident Injury;Travel Lane;White;Male;None - Rural Crash;New Hanover;No;01/01/2003;29/08/2007;Bicyclist Left Turn / Merge;16;Non-Intersection;01/08/2001;01/01/2001 16:18;Bicyclist Left Turn - Same Direction;311221;2007;B: Evident Injury;Farms, Woods, Pastures;25-29;29;No;51-55 mph;O: No Injury;White;Male;Sport Utility;No;No;Daylight;Rural (<30% Developed);4 lanes;2;Straight - Level;US Route;Dry;Two-Way, Divided, Unprotected Median;None;No Special Feature;Coarse Asphalt;Coastal;Rural;50 - 55  MPH;No Control Present;Clear;No;34.05103, -77.89979
711;712;Yes;60-69;60;No;With Traffic;A: Disabling Injury;Travel Lane;White;Male;Wilmington;New Hanover;No;01/01/2004;30/08/2007;Motorist Overtaking Bicyclist;22;Non-Intersection;01/08/2001;01/01/2001 22:34;Motorist Overtaking - Other /;311239;2007;A: Disabling Injury;Commercial;25-29;29;No;41-45 mph;O: No Injury;White;Male;Passenger Car;No;No;Dark - Roadway Not Lighted;Urban (>70% Developed);5 lanes;2;Straight - Level;Local Street;Dry;Two-Way, Not Divided;None;No Special Feature;Smooth Asphalt;Coastal;Urban;40 - 45  MPH;No Control Present;Clear;No;34.209602, -77.839935
713;714;No;30-39;35;No;Facing Traffic;C: Possible Injury;Sidewalk / Crosswalk / Driveway Crossing;Black;Male;Raleigh;Wake;No;01/01/2005;31/08/2007;Motorist Failed to Yield - Signalized Intersection;17;Intersection;01/08/2001;01/01/2001 17:09;Motorist Drive Out - Right Turn on Red;132151;2007;C: Possible Injury;Commercial;30-39;30;No;0-5 mph;O: No Injury;White;Female;Sport Utility;No;No;Daylight;Urban (>70% Developed);9 or more lanes;2;Straight - Hillcrest;Local Street;Dry;Two-Way, Not Divided;None;Four-Way Intersection;Smooth Asphalt;Piedmont;Urban;30 - 35  MPH;Stop And Go Signal;Clear;No;35.77515, -78.6567