FID;OBJECTID;AmbulanceR;BikeAge_Gr;Bike_Age;Bike_Alc_D;Bike_Dir;Bike_Injur;Bike_Pos;Bike_Race;Bike_Sex;City;County;CrashAlcoh;CrashDay;Crash_Date;Crash_Grp;Crash_Hour;Crash_Loc;Crash_Mont;Crash_Time;Crash_Type;Crash_Ty_1;Crash_Year;Crsh_Sevri;Developmen;DrvrAge_Gr;Drvr_Age;Drvr_Alc_D;Drvr_EstSp;Drvr_Injur;Drvr_Race;Drvr_Sex;Drvr_VehTy;ExcsSpdInd;Hit_Run;Light_Cond;Locality;Num_Lanes;Num_Units;Rd_Charact;Rd_Class;Rd_Conditi;Rd_Config;Rd_Defects;Rd_Feature;Rd_Surface;Region;Rural_Urba;Speed_Limi;Traff_Cntr;Weather;Workzone_I;Location
957;958;Yes;15-nov;15;No;NA;B: Evident Injury;NA;Black;Male;Greenville;Pitt;No;NA;03/12/2007;Bicyclist Failed to Yield - Midblock;16;Non-Intersection;01/12/2001;01/01/2001 16:33;Bicyclist Ride Out - Midblock -;399319;2007;B: Evident Injury;Commercial;60-69;64;No;31-35 mph;O: No Injury;Hispanic;NA;Light Truck (Mini-Van, Panel);No;No;Daylight;Urban (>70% Developed);4 lanes;2;Straight - Level;Local Street;Dry;Two-Way, Not Divided;None;No Special Feature;Smooth Asphalt;Coastal;Urban;30 - 35  MPH;No Control Present;Clear;No;35.607388, -77.38498
960;961;Yes;20-24;21;No;NA;B: Evident Injury;Multi-use Path;White;Male;Chapel Hill;Orange;No;01/01/2002;04/12/2007;Non-Roadway;18;Non-Roadway;01/12/2001;01/01/2001 18:47;Non-Roadway;440910;2007;B: Evident Injury;Institutional;30-39;38;No;6-10 mph;O: No Injury;Asian;Male;Passenger Car;No;No;Dark - Lighted Roadway;Urban (>70% Developed);1 lane;2;Straight - Grade;Public Vehicular Area;Dry;One-Way, Not Divided;None;No Special Feature;Coarse Asphalt;Piedmont;Urban;5 - 15 MPH;No Control Present;Clear;No;35.90505, -79.048004
972;973;Yes;50-59;53;No;NA;O: No Injury;NA;Black;Male;Tarboro;Edgecombe;No;01/01/2002;11/12/2007;Bicyclist Failed to Yield - Midblock;12;Non-Intersection;01/12/2001;01/01/2001 12:11;Bicyclist Ride Out - Midblock -;399319;2007;O: No Injury;Residential;50-59;54;No;NA;O: No Injury;Black;Female;Passenger Car;No;No;Daylight;Mixed (30% To 70% Developed);1 lane;2;Straight - Level;Local Street;Dry;One-Way, Not Divided;None;No Special Feature;Smooth Asphalt;Coastal;Urban;NA;No Control Present;Clear;No;35.90138, -77.535736
981;982;Yes;50-59;53;No;With Traffic;C: Possible Injury;Bike Lane / Paved Shoulder;Black;Male;Hamlet;Richmond;No;NA;17/12/2007;Motorist Overtaking Bicyclist;1;Non-Intersection;01/12/2001;01/01/2001 01:33;Motorist Overtaking - Undetected Bicyclist;321231;2007;C: Possible Injury;Residential;60-69;65;No;21-25 mph;O: No Injury;White;Female;Passenger Car;No;No;Dark -  Lighting;Mixed (30% To 70% Developed);2 lanes;2;Straight - Level;Local Street;Dry;Two-Way, Not Divided;None;No Special Feature;Smooth Asphalt;Piedmont;Urban;30 - 35  MPH;No Control Present;Clear;No;34.895954, -79.703545
983;984;No;40-49;42;No;With Traffic;C: Possible Injury;Bike Lane / Paved Shoulder;Asian;Female;Carrboro;Orange;No;01/01/2004;20/12/2007;Motorist Overtaking Bicyclist;7;Non-Intersection;01/12/2001;01/01/2001 07:51;Motorist Overtaking - Bicyclist Swerved;321235;2007;C: Possible Injury;Residential;50-59;58;No;36-40 mph;O: No Injury;White;Male;Passenger Car;No;No;Daylight;Rural (<30% Developed);4 lanes;2;Straight - Level;NC Route;Dry;Two-Way, Not Divided;None;No Special Feature;Smooth Asphalt;Piedmont;Urban;40 - 45  MPH;No Control Present;Clear;No;35.909725, -79.09043
998;999;Yes;40-49;49;No;With Traffic;K: Killed;Travel Lane;Black;Male;Wilmington;New Hanover;No;01/01/2004;25/01/2007;Bicyclist Left Turn / Merge;13;Intersection;NA;01/01/2001 13:38;Bicyclist Left Turn - Opposite Direction;111222;2007;K: Killed;Commercial;25-29;26;No;36-40 mph;O: No Injury;White;Female;Sport Utility;No;No;Daylight;Urban (>70% Developed);8 lanes;2;Straight - Level;Local Street;Dry;Two-Way, Divided, Unprotected Median;NA;Driveway, Public;Smooth Asphalt;Coastal;Urban;40 - 45  MPH;Stop And Go Signal;Clear;No;34.21607, -77.904274
2;3;Yes;10-juin;6;No;Facing Traffic;O: No Injury;Travel Lane;Black;Male;Charlotte;Mecklenburg;No;NA;21/01/2008;Bicyclist Right Turn / Merge;15;Non-Intersection;NA;01/01/2001 15:32;Bicyclist Right Turn - Same Direction;312223;2008;O: No Injury;Residential;40-49;41;No;21-25 mph;O: No Injury;White;Female;Passenger Car;No;No;Daylight;Urban (>70% Developed);2 lanes;2;Straight - Level;Local Street;Dry;Two-Way, Not Divided;None;No Special Feature;Concrete;Piedmont;Urban;20 - 25  MPH;No Control Present;Clear;No;0.0, 0.0
8;9;Yes;40-49;41;No;With Traffic;C: Possible Injury;Bike Lane / Paved Shoulder;Hispanic;Male;Benson;Johnston;No;01/01/2004;14/02/2008;Motorist Overtaking Bicyclist;18;Non-Intersection;01/02/2001;01/01/2001 18:58;Motorist Overtaking - Undetected Bicyclist;321231;2008;C: Possible Injury;Residential;70+;NA;No;26-30 mph;O: No Injury;White;Male;Light Truck (Mini-Van, Panel);No;No;Dark - Lighted Roadway;Rural (<30% Developed);2 lanes;2;Curve - Level;Local Street;Dry;Two-Way, Not Divided;None;No Special Feature;Smooth Asphalt;Coastal;Rural;40 - 45  MPH;Double Yellow Line, No Passing Zone;Clear;No;0.0, 0.0
9;10;No;10-juin;8;No;Facing Traffic;B: Evident Injury;Sidewalk / Crosswalk / Driveway Crossing;Black;Female;Charlotte;Mecklenburg;No;01/01/2006;16/02/2008;Motorist Failed to Yield - Sign-Controlled Intersection;18;Intersection;01/02/2001;01/01/2001 18:23;Motorist Drive Out - Sign-Controlled Intersection;132141;2008;B: Evident Injury;Residential;0-19;18;No;0-5 mph;O: No Injury;White;Male;Passenger Car;No;No;Dusk;Mixed (30% To 70% Developed);2 lanes;2;Straight - Level;Local Street;Dry;Two-Way, Not Divided;None;Four-Way Intersection;Smooth Asphalt;Piedmont;Urban;30 - 35  MPH;Stop Sign;Clear;No;0.0, 0.0
11;12;No;10-juin;9;No;With Traffic;C: Possible Injury;Travel Lane;Black;Female;Charlotte;Mecklenburg;No;NA;18/02/2008;Bicyclist Failed to Yield - Sign-Controlled Intersection;11;Intersection-Related;01/02/2001;01/01/2001 11:49;Bicyclist Ride Through - Sign-Controlled Intersection;211144;2008;C: Possible Injury;Residential;20-24;20;No;6-10 mph;O: No Injury;Black;Female;Passenger Car;No;No;Daylight;Urban (>70% Developed);2 lanes;2;Straight - Grade;Local Street;Dry;Two-Way, Not Divided;None;T-Intersection;Smooth Asphalt;Piedmont;Urban;20 - 25  MPH;Stop Sign;Clear;No;0.0, 0.0
12;13;No;50-59;54;Yes;With Traffic;O: No Injury;Travel Lane;Black;Male;Charlotte;Mecklenburg;Yes;01/01/2007;24/02/2008;Parallel Paths - Other Circumstances;20;Intersection;01/02/2001;01/01/2001 20:07;Motorist Turn / Merge - Other /;111219;2008;O: No Injury;Residential;25-29;25;No;0-5 mph;O: No Injury;White;Male;Truck/Trailer;No;No;Dark - Lighted Roadway;Urban (>70% Developed);2 lanes;2;Straight - Level;Local Street;Dry;Two-Way, Not Divided;None;No Special Feature;Smooth Asphalt;Piedmont;Urban;20 - 25  MPH;No Control Present;Clear;No;0.0, 0.0
15;16;Yes;60-69;61;No;With Traffic;C: Possible Injury;Travel Lane;White;Male;Charlotte;Mecklenburg;No;NA;25/02/2008;Bicyclist Left Turn / Merge;7;Non-Intersection;01/02/2001;01/01/2001 07:56;Bicyclist Left Turn - Same Direction;311221;2008;C: Possible Injury;Commercial;30-39;35;No;31-35 mph;O: No Injury;Black;Female;Sport Utility;No;No;Daylight;Urban (>70% Developed);3 lanes;2;Straight - Level;Local Street;Dry;Two-Way, Not Divided;None;No Special Feature;Smooth Asphalt;Piedmont;Urban;30 - 35  MPH;No Control Present;Fog, Smog, Smoke;No;0.0, 0.0
20;21;No;30-39;32;No;Facing Traffic;O: No Injury;Travel Lane;Black;Male;Charlotte;Mecklenburg;No;01/01/2003;05/03/2008;Motorist Failed to Yield - Sign-Controlled Intersection;14;Intersection;01/03/2001;01/01/2001 14:19;Motorist Drive Out - Sign-Controlled Intersection;112141;2008;O: No Injury;Commercial;40-49;46;No;0-5 mph;O: No Injury;Black;Female;Commercial Bus;No;No;Daylight;Urban (>70% Developed);3 lanes;2;Straight - Level;Local Street;Dry;Two-Way, Not Divided;None;T-Intersection;Smooth Asphalt;Piedmont;Urban;30 - 35  MPH;Stop Sign;Clear;No;0.0, 0.0
23;24;No;40-49;46;No;With Traffic;O: No Injury;Travel Lane;White;Female;Cary;Wake;No;01/01/2002;18/03/2008;Motorist Overtaking Bicyclist;18;Non-Intersection;01/03/2001;01/01/2001 17:59;Motorist Overtaking - Misjudged Space;311232;2008;O: No Injury;Residential;NA;NA;Missing;36-40 mph;Injury;/Missing;NA;Pickup;No;Yes;Dusk;Mixed (30% To 70% Developed);2 lanes;2;Straight - Grade;State Secondary Route;Dry;Two-Way, Not Divided;None;No Special Feature;Coarse Asphalt;Piedmont;Urban;40 - 45  MPH;No Control Present;Clear;No;0.0, 0.0
26;27;No;30-39;35;No;With Traffic;B: Evident Injury;Travel Lane;White;Male;None - Rural Crash;Caswell;No;01/01/2005;04/01/2008;Motorist Overtaking Bicyclist;17;Non-Intersection;NA;01/01/2001 17:17;Motorist Overtaking - Misjudged Space;311232;2008;B: Evident Injury;Farms, Woods, Pastures;70+;NA;No;46-50 mph;O: No Injury;White;Female;Passenger Car;No;No;Dusk;Rural (<30% Developed);2 lanes;2;Straight - Level;State Secondary Route;Dry;Two-Way, Not Divided;None;No Special Feature;Coarse Asphalt;Piedmont;Rural;50 - 55  MPH;Double Yellow Line, No Passing Zone;Clear;No;0.0, 0.0
31;32;No;15-nov;14;No;With Traffic;C: Possible Injury;Travel Lane;White;Male;Charlotte;Mecklenburg;No;01/01/2003;02/04/2008;Motorist Left Turn / Merge;15;Intersection;01/04/2001;01/01/2001 15:41;Motorist Left Turn - Opposite Direction;111212;2008;C: Possible Injury;Commercial;20-24;24;No;11-15 mph;O: No Injury;White;Female;Passenger Car;No;No;Daylight;Urban (>70% Developed);2 lanes;2;Straight - Level;Local Street;Dry;Two-Way, Divided, Unprotected Median;None;Four-Way Intersection;Smooth Asphalt;Piedmont;Urban;30 - 35  MPH;Stop And Go Signal;Clear;No;0.0, 0.0
33;34;No;25-29;28;No;With Traffic;O: No Injury;Travel Lane;White;Male;Garner;Wake;No;01/01/2002;08/01/2008;Crossing Paths - Other Circumstances;11;Intersection;NA;01/01/2001 11:19;Sign-Controlled Intersection - Other /;111148;2008;O: No Injury;Institutional;0-19;17;No;11-15 mph;O: No Injury;Black;Male;Sport Utility;No;Yes;Daylight;Mixed (30% To 70% Developed);2 lanes;2;Straight - Level;Local Street;Dry;Two-Way, Not Divided;None;No Special Feature;Smooth Asphalt;Piedmont;Urban;20 - 25  MPH;No Control Present;Clear;No;0.0, 0.0
40;41;No;30-39;31;No;Not Applicable;O: No Injury;Non-Roadway;Black;Male;Raleigh;Wake;No;01/01/2004;10/01/2008;Non-Roadway;22;Non-Roadway;NA;01/01/2001 22:02;Non-Roadway;460910;2008;O: No Injury;Commercial;40-49;40;No;0-5 mph;O: No Injury;White;Male;Light Truck (Mini-Van, Panel);No;No;Dark - Lighted Roadway;Urban (>70% Developed);NA;2;Straight - Level;Public Vehicular Area;Dry;Two-Way, Not Divided;None;Driveway, Public;Smooth Asphalt;Piedmont;Urban;30 - 35  MPH;No Control Present;Clear;No;0.0, 0.0
45;46;No;60-69;64;Yes;With Traffic;B: Evident Injury;Travel Lane;Black;Male;Kannapolis;Cabarrus;Yes;01/01/2005;11/01/2008;Crossing Paths - Other Circumstances;22;Intersection;NA;01/01/2001 22:00;Sign-Controlled Intersection - Other /;111148;2008;B: Evident Injury;Residential;70+;NA;No;6-10 mph;O: No Injury;White;Male;Sport Utility;No;No;Dark - Lighted Roadway;Urban (>70% Developed);2 lanes;2;Straight - Level;Local Street;Dry;Two-Way, Not Divided;None;No Special Feature;Smooth Asphalt;Piedmont;Urban;40 - 45  MPH;Stop Sign;Clear;No;0.0, 0.0
46;47;No;40-49;41;No;Not Applicable;O: No Injury;Multi-use Path;White;Male;Raleigh;Wake;No;NA;14/01/2008;Non-Roadway;17;Non-Roadway;NA;01/01/2001 17:32;Non-Roadway;440910;2008;O: No Injury;Commercial;20-24;22;No;0-5 mph;O: No Injury;White;Female;Passenger Car;No;No;Dark - Lighted Roadway;Mixed (30% To 70% Developed);2 lanes;2;Straight - Level;Public Vehicular Area;Dry;Two-Way, Not Divided;None;Driveway, Public;Smooth Asphalt;Piedmont;Urban;5 - 15 MPH;Flashing Signal With Stop Sign;Clear;No;0.0, 0.0
52;53;Yes;40-49;46;No;With Traffic;A: Disabling Injury;Travel Lane;Other;Female;Fayetteville;Cumberland;No;01/01/2002;25/03/2008;Motorist Overtaking Bicyclist;6;Non-Intersection;01/03/2001;01/01/2001 06:45;Motorist Overtaking - Bicyclist Swerved;311235;2008;A: Disabling Injury;Farms, Woods, Pastures;40-49;47;No;46-50 mph;O: No Injury;White;Male;Single Unit Truck (2-Axle, 6-Tire);No;No;Dark - Roadway Not Lighted;Rural (<30% Developed);4 lanes;2;Straight - Grade;Local Street;Dry;Two-Way, Divided, Unprotected Median;None;No Special Feature;Coarse Asphalt;Coastal;Urban;50 - 55  MPH;No Control Present;Clear;No;0.0, 0.0
56;57;Yes;50-59;52;Yes;With Traffic;B: Evident Injury;Travel Lane;Black;Male;None - Rural Crash;Cumberland;Yes;01/01/2007;20/01/2008;Loss of Control / Turning Error;19;Intersection-Related;NA;01/01/2001 19:26;Bicylist Lost Control - Alcohol / Drug Impairment;211123;2008;B: Evident Injury;Residential;50-59;56;No;31-35 mph;O: No Injury;Black;Male;Passenger Car;No;No;Dark - Lighted Roadway;Urban (>70% Developed);2 lanes;2;Straight - Grade;State Secondary Route;Dry;Two-Way, Not Divided;None;No Special Feature;Coarse Asphalt;Coastal;Rural;30 - 35  MPH;Double Yellow Line, No Passing Zone;Clear;No;0.0, 0.0
57;58;No;10-juin;9;No;NA;B: Evident Injury;NA;Black;Male;Charlotte;Mecklenburg;No;01/01/2003;09/04/2008;Loss of Control / Turning Error;17;Intersection;01/04/2001;01/01/2001 17:35;Bicyclist Lost Control - Mechanical Problems;199121;2008;B: Evident Injury;Residential;40-49;43;No;21-25 mph;O: No Injury;Hispanic;Female;Passenger Car;No;No;Daylight;Urban (>70% Developed);1 lane;2;Straight - Level;Local Street;Dry;Two-Way, Not Divided;None;Four-Way Intersection;Smooth Asphalt;Piedmont;Urban;20 - 25  MPH;No Control Present;Clear;No;0.0, 0.0
59;60;Yes;10-juin;9;No;With Traffic;A: Disabling Injury;Travel Lane;Black;Male;Charlotte;Mecklenburg;No;01/01/2006;22/03/2008;Crossing Paths - Other Circumstances;18;Intersection;01/03/2001;01/01/2001 18:50;Sign-Controlled Intersection - Other /;111148;2008;A: Disabling Injury;Residential;20-24;24;No;21-25 mph;O: No Injury;Black;Female;Sport Utility;No;No;Daylight;Urban (>70% Developed);2 lanes;2;Straight - Level;Local Street;Dry;Two-Way, Not Divided;None;No Special Feature;Concrete;Piedmont;Urban;30 - 35  MPH;No Control Present;Clear;No;0.0, 0.0
60;61;Yes;16-19;18;No;With Traffic;C: Possible Injury;Travel Lane;Black;Male;Charlotte;Mecklenburg;No;01/01/2005;11/04/2008;Bicyclist Right Turn / Merge;15;Non-Intersection;01/04/2001;01/01/2001 15:34;Bicyclist Right Turn - Same Direction;311223;2008;C: Possible Injury;Commercial;40-49;43;No;26-30 mph;O: No Injury;Black;Female;Passenger Car;No;No;Daylight;Urban (>70% Developed);5 lanes;2;Straight - Level;Local Street;Dry;Two-Way, Not Divided;None;No Special Feature;Coarse Asphalt;Piedmont;Urban;40 - 45  MPH;No Control Present;Cloudy;No;0.0, 0.0
72;73;Yes;30-39;35;No;With Traffic;B: Evident Injury;Sidewalk / Crosswalk / Driveway Crossing;White;Male;Hickory;Catawba;No;01/01/2002;29/01/2008;Motorist Right Turn / Merge;11;Intersection;NA;01/01/2001 11:40;Motorist Right Turn - Same Direction;131213;2008;B: Evident Injury;Commercial;25-29;27;No;0-5 mph;O: No Injury;White;Female;Passenger Car;No;No;Daylight;Urban (>70% Developed);2 lanes;2;Straight - Grade;Public Vehicular Area;Dry;Two-Way, Not Divided;None;No Special Feature;Coarse Asphalt;Piedmont;Urban;5 - 15 MPH;No Control Present;Cloudy;No;0.0, 0.0
74;75;Yes;25-29;29;No;With Traffic;B: Evident Injury;Travel Lane;White;Male;Carrboro;Orange;No;01/01/2003;30/01/2008;Bicyclist Failed to Yield - Signalized Intersection;11;Intersection;NA;01/01/2001 11:25;Bicyclist Failed to Clear - Multiple Threat;111157;2008;B: Evident Injury;Commercial;50-59;52;No;26-30 mph;O: No Injury;Black;Female;Passenger Car;No;No;Daylight;Urban (>70% Developed);4 lanes;2;Curve - Hillcrest;NC Route;Dry;Two-Way, Divided, Unprotected Median;None;Four-Way Intersection;Smooth Asphalt;Piedmont;Urban;40 - 45  MPH;Stop And Go Signal;Clear;No;0.0, 0.0
88;89;Yes;16-19;17;No;With Traffic;B: Evident Injury;Travel Lane;White;Male;None - Rural Crash;Richmond;No;NA;04/02/2008;Motorist Overtaking Bicyclist;14;Non-Intersection;01/02/2001;01/01/2001 13:59;Motorist Overtaking - Other /;311239;2008;B: Evident Injury;Commercial;NA;NA;Missing;41-45 mph;Injury;/Missing;NA;NA;No;Yes;Daylight;Urban (>70% Developed);2 lanes;2;Straight - Grade;State Secondary Route;Wet;Two-Way, Not Divided;None;No Special Feature;Smooth Asphalt;Piedmont;Rural;40 - 45  MPH;Double Yellow Line, No Passing Zone;Cloudy;No;0.0, 0.0
90;91;Yes;40-49;46;No;With Traffic;Injury;Bike Lane / Paved Shoulder;Black;Female;Kenly;Johnston;No;01/01/2002;15/04/2008;Bicyclist Left Turn / Merge;16;Non-Intersection;01/04/2001;01/01/2001 16:29;Bicyclist Left Turn - Same Direction;321221;2008;O: No Injury;Commercial;30-39;31;No;31-35 mph;O: No Injury;White;Female;Passenger Car;No;No;Daylight;Mixed (30% To 70% Developed);2 lanes;2;Straight - Level;Local Street;Dry;Two-Way, Not Divided;None;No Special Feature;Concrete;Coastal;Rural;30 - 35  MPH;No Control Present;Clear;No;0.0, 0.0
93;94;No;30-39;33;No;NA;C: Possible Injury;NA;Black;Male;Greensboro;Guilford;No;01/01/2004;07/02/2008;Other /  - Insufficient Details;17;Intersection;01/02/2001;01/01/2001 17:14;Approach Paths;1990970;2008;C: Possible Injury;Commercial;20-24;22;No;11-15 mph;O: No Injury;Black;Female;Passenger Car;No;No;Dusk;Urban (>70% Developed);3 lanes;2;Straight - Level;Local Street;Dry;Two-Way, Divided, Unprotected Median;None;T-Intersection;Smooth Asphalt;Piedmont;Urban;20 - 25  MPH;Stop Sign;Clear;No;0.0, 0.0
94;95;No;16-19;19;No;With Traffic;C: Possible Injury;Travel Lane;Black;Male;Fayetteville;Cumberland;No;01/01/2003;06/02/2008;Bicyclist Left Turn / Merge;7;Non-Intersection;01/02/2001;01/01/2001 07:19;Bicyclist Left Turn - Same Direction;311221;2008;C: Possible Injury;Industrial;25-29;27;No;41-45 mph;O: No Injury;White;Female;Passenger Car;No;No;Daylight;Rural (<30% Developed);2 lanes;2;Straight - Level;Local Street;Dry;Two-Way, Not Divided;None;No Special Feature;Grooved Concrete;Coastal;Urban;40 - 45  MPH;Missing;Clear;No;0.0, 0.0
102;103;No;30-39;31;No;Facing Traffic;O: No Injury;Sidewalk / Crosswalk / Driveway Crossing;White;Male;Charlotte;Mecklenburg;No;01/01/2002;22/04/2008;Motorist Failed to Yield - Sign-Controlled Intersection;20;Intersection;01/04/2001;01/01/2001 20:20;Motorist Drive Out - Sign-Controlled Intersection;132141;2008;O: No Injury;Residential;40-49;41;No;6-10 mph;O: No Injury;White;Male;Passenger Car;No;No;Dark - Lighted Roadway;Urban (>70% Developed);3 lanes;2;Straight - Level;Local Street;Dry;Two-Way, Not Divided;None;Four-Way Intersection;Smooth Asphalt;Piedmont;Urban;20 - 25  MPH;Stop Sign;Clear;No;0.0, 0.0
104;105;Yes;30-39;30;Yes;With Traffic;C: Possible Injury;Travel Lane;White;Male;None - Rural Crash;Pitt;Yes;01/01/2002;22/04/2008;Motorist Overtaking Bicyclist;21;Non-Intersection;01/04/2001;01/01/2001 21:39;Motorist Overtaking - Other /;311239;2008;C: Possible Injury;Residential;NA;NA;Missing;NA;Injury;/Missing;NA;NA;No;Yes;Dark - Roadway Not Lighted;Mixed (30% To 70% Developed);2 lanes;2;Straight - Level;State Secondary Route;Dry;Two-Way, Not Divided;None;No Special Feature;Smooth Asphalt;Coastal;Rural;40 - 45  MPH;Double Yellow Line, No Passing Zone;Cloudy;No;0.0, 0.0
106;107;No;16-19;19;No;Facing Traffic;C: Possible Injury;Sidewalk / Crosswalk / Driveway Crossing;White;Male;Kings Mountain;Cleveland;No;01/01/2005;15/02/2008;Motorist Left Turn / Merge;17;Non-Intersection;01/02/2001;01/01/2001 17:01;Motorist Left Turn - Same Direction;332211;2008;C: Possible Injury;Commercial;40-49;49;No;0-5 mph;O: No Injury;White;Male;Sport Utility;No;No;Daylight;Urban (>70% Developed);NA;2;Straight - Grade;Local Street;Dry;One-Way, Not Divided;None;Driveway, Public;Smooth Asphalt;Mountains;Urban;30 - 35  MPH;No Control Present;Clear;No;0.0, 0.0
110;111;Yes;50-59;52;No;With Traffic;B: Evident Injury;Travel Lane;Black;Male;None - Rural Crash;Wilson;No;01/01/2005;15/02/2008;Motorist Overtaking Bicyclist;6;Non-Intersection;01/02/2001;01/01/2001 06:02;Motorist Overtaking - Undetected Bicyclist;311231;2008;B: Evident Injury;Farms, Woods, Pastures;40-49;41;No;36-40 mph;O: No Injury;White;Male;Pickup;No;No;Dark - Roadway Not Lighted;Rural (<30% Developed);8 lanes;2;Straight - Level;US Route;Dry;Two-Way, Divided, Unprotected Median;None;No Special Feature;Smooth Asphalt;Coastal;Rural;40 - 45  MPH;No Control Present;Clear;No;0.0, 0.0
124;125;No;40-49;42;No;With Traffic;C: Possible Injury;Travel Lane;White;Female;Fayetteville;Cumberland;No;01/01/2003;09/04/2008;Motorist Failed to Yield - Sign-Controlled Intersection;16;Intersection;01/04/2001;01/01/2001 16:34;Motorist Drive Out - Sign-Controlled Intersection;111141;2008;C: Possible Injury;Residential;0-19;18;No;0-5 mph;O: No Injury;White;Male;Sport Utility;No;No;Daylight;Urban (>70% Developed);3 lanes;2;Straight - Level;Local Street;Dry;Two-Way, Not Divided;None;No Special Feature;Smooth Asphalt;Coastal;Urban;30 - 35  MPH;Stop Sign;Clear;No;0.0, 0.0
126;127;Yes;15-nov;15;No;With Traffic;B: Evident Injury;Travel Lane;White;Male;None - Rural Crash;Wayne;No;01/01/2007;24/02/2008;Motorist Overtaking Bicyclist;14;Non-Intersection;01/02/2001;01/01/2001 14:09;Motorist Overtaking - Bicyclist Swerved;311235;2008;B: Evident Injury;Farms, Woods, Pastures;30-39;36;No;36-40 mph;O: No Injury;Hispanic;Male;Passenger Car;No;No;Daylight;Rural (<30% Developed);2 lanes;2;Straight - Level;State Secondary Route;Dry;Two-Way, Not Divided;None;No Special Feature;Coarse Asphalt;Coastal;Rural;50 - 55  MPH;No Control Present;Clear;No;0.0, 0.0
136;137;Yes;15-nov;13;No;NA;C: Possible Injury;Bike Lane / Paved Shoulder;Black;Male;None - Rural Crash;Moore;No;01/01/2007;04/05/2008;Other /  - Insufficient Details;15;Non-Intersection;01/05/2001;01/01/2001 14:59;Approach Paths;3290970;2008;C: Possible Injury;Residential;20-24;23;No;21-25 mph;O: No Injury;Black;Female;Sport Utility;No;No;Daylight;Mixed (30% To 70% Developed);2 lanes;2;Straight - Grade;State Secondary Route;Dry;Two-Way, Not Divided;None;No Special Feature;Smooth Asphalt;Piedmont;Rural;20 - 25  MPH;No Control Present;Clear;No;0.0, 0.0
145;146;No;50-59;51;No;Facing Traffic;C: Possible Injury;Sidewalk / Crosswalk / Driveway Crossing;Black;Male;Wilmington;New Hanover;No;01/01/2002;04/03/2008;Motorist Failed to Yield - Sign-Controlled Intersection;16;Intersection;01/03/2001;01/01/2001 16:48;Motorist Drive Out - Sign-Controlled Intersection;132141;2008;C: Possible Injury;Residential;40-49;47;No;0-5 mph;O: No Injury;White;Male;Van;No;No;Daylight;Urban (>70% Developed);4 lanes;2;Straight - Level;Local Street;Dry;Two-Way, Not Divided;None;T-Intersection;Smooth Asphalt;Coastal;Urban;30 - 35  MPH;Stop Sign;Cloudy;No;0.0, 0.0
151;152;Yes;60-69;65;No;Not Applicable;B: Evident Injury;Non-Roadway;Black;Male;High Point;Guilford;No;01/01/2004;06/03/2008;Non-Roadway;13;Non-Roadway;01/03/2001;01/01/2001 13:07;Non-Roadway;460910;2008;B: Evident Injury;Residential;40-49;45;No;0-5 mph;O: No Injury;White;Male;Van;No;No;Daylight;Urban (>70% Developed);NA;2;Straight - Level;Public Vehicular Area;Dry;One-Way, Not Divided;None;Driveway, Public;Coarse Asphalt;Piedmont;Urban;NA;Missing;Clear;No;0.0, 0.0
157;158;Yes;40-49;40;Yes;Facing Traffic;B: Evident Injury;Travel Lane;Black;Male;Greensboro;Guilford;Yes;01/01/2007;09/03/2008;Bicyclist Right Turn / Merge;0;Intersection;01/03/2001;01/01/2001 00:10;Bicyclist Right Turn - Same Direction;112223;2008;B: Evident Injury;Commercial;40-49;42;No;41-45 mph;O: No Injury;Black;Female;Passenger Car;No;No;Dark - Lighted Roadway;Urban (>70% Developed);6 lanes;2;Straight - Grade;Local Street;Dry;Two-Way, Divided, Positive Median Barrier;None;T-Intersection;Smooth Asphalt;Piedmont;Urban;40 - 45  MPH;Missing;Clear;No;0.0, 0.0
158;159;Yes;60-69;69;No;Facing Traffic;B: Evident Injury;Other;White;Male;Gastonia;Gaston;No;01/01/2002;11/03/2008;Loss of Control / Turning Error;16;Intersection-Related;01/03/2001;01/01/2001 16:32;Motorist Lost Control - Oversteering, Improper Braking, Speed;282132;2008;B: Evident Injury;Residential;0-19;16;No;26-30 mph;O: No Injury;Black;Male;Passenger Car;No;No;Daylight;Urban (>70% Developed);2 lanes;2;Curve - Grade;Local Street;Dry;Two-Way, Not Divided;None;T-Intersection;Coarse Asphalt;Piedmont;Urban;30 - 35  MPH;Missing;Cloudy;No;0.0, 0.0
167;168;Yes;30-39;30;No;Facing Traffic;C: Possible Injury;Sidewalk / Crosswalk / Driveway Crossing;Black;Male;Charlotte;Mecklenburg;No;01/01/2006;10/05/2008;Motorist Failed to Yield - Sign-Controlled Intersection;11;Intersection;01/05/2001;01/01/2001 11:53;Motorist Drive Out - Sign-Controlled Intersection;132141;2008;C: Possible Injury;Residential;40-49;42;No;0-5 mph;O: No Injury;White;Female;Van;No;No;Daylight;Urban (>70% Developed);4 lanes;2;Straight - Level;Local Street;Dry;Two-Way, Divided, Unprotected Median;None;T-Intersection;Smooth Asphalt;Piedmont;Urban;20 - 25  MPH;Stop Sign;Clear;No;0.0, 0.0
172;173;Yes;40-49;48;No;With Traffic;C: Possible Injury;Travel Lane;White;Female;Chapel Hill;Orange;No;01/01/2007;16/03/2008;Motorist Left Turn / Merge;18;Intersection;01/03/2001;01/01/2001 18:00;Motorist Left Turn - Opposite Direction;111212;2008;C: Possible Injury;Residential;70+;NA;No;16-20 mph;O: No Injury;White;Female;Passenger Car;No;No;Daylight;Urban (>70% Developed);2 lanes;2;Straight - Level;Local Street;Dry;Two-Way, Not Divided;None;Four-Way Intersection;Smooth Asphalt;Piedmont;Urban;30 - 35  MPH;No Control Present;Clear;No;0.0, 0.0