FID;OBJECTID;AmbulanceR;BikeAge_Gr;Bike_Age;Bike_Alc_D;Bike_Dir;Bike_Injur;Bike_Pos;Bike_Race;Bike_Sex;City;County;CrashAlcoh;CrashDay;Crash_Date;Crash_Grp;Crash_Hour;Crash_Loc;Crash_Mont;Crash_Time;Crash_Type;Crash_Ty_1;Crash_Year;Crsh_Sevri;Developmen;DrvrAge_Gr;Drvr_Age;Drvr_Alc_D;Drvr_EstSp;Drvr_Injur;Drvr_Race;Drvr_Sex;Drvr_VehTy;ExcsSpdInd;Hit_Run;Light_Cond;Locality;Num_Lanes;Num_Units;Rd_Charact;Rd_Class;Rd_Conditi;Rd_Config;Rd_Defects;Rd_Feature;Rd_Surface;Region;Rural_Urba;Speed_Limi;Traff_Cntr;Weather;Workzone_I;Location
254;255;Yes;25-29;25;No;With Traffic;B: Evident Injury;Travel Lane;Black;Male;Greensboro;Guilford;No;01/01/2006;08/05/2010;Bicyclist Overtaking Motorist;3;Intersection-Related;01/05/2001;01/01/2001 03:42;Bicyclist Overtaking - Parked Vehicle;0;2010;B: Evident Injury;Residential;NA;NA;Missing;NA;Injury;/Missing;NA;Passenger Car;No;No;Dark - Lighted Roadway;Urban (>70% Developed);2 lanes;2;Straight - Grade;Local Street;Dry;Two-Way, Not Divided;None;No Special Feature;Coarse Asphalt;Piedmont;Urban;30 - 35  MPH;No Control Present;Clear;No;36.061066, -79.80934
270;271;Yes;16-19;16;No;With Traffic;B: Evident Injury;Travel Lane;Black;Male;Whiteville;Columbus;No;01/01/2004;13/05/2010;Bicyclist Failed to Yield - Sign-Controlled Intersection;16;Intersection;01/05/2001;01/01/2001 16:25;Bicyclist Ride Through - Sign-Controlled Intersection;0;2010;B: Evident Injury;Residential;40-49;41;No;11-15 mph;O: No Injury;Black;Male;Passenger Car;No;No;Daylight;Urban (>70% Developed);8 lanes;3;Straight - Grade;Local Street;Dry;Two-Way, Not Divided;None;Four-Way Intersection;Smooth Asphalt;Coastal;Urban;30 - 35  MPH;Stop Sign;Clear;No;34.331463, -78.71004
273;274;No;10-juin;7;No;Not Applicable;C: Possible Injury;Driveway / Alley;White;Male;Shelby;Cleveland;No;01/01/2005;14/05/2010;Non-Roadway;16;Non-Roadway;01/05/2001;01/01/2001 16:17;Non-Roadway;0;2010;C: Possible Injury;Residential;25-29;26;No;0-5 mph;O: No Injury;White;Female;Van;No;No;Daylight;Urban (>70% Developed);NA;2;Straight - Level;Private Road, Driveway;Dry;NA;None;No Special Feature;Other;Mountains;Urban;5 - 15 MPH;No Control Present;Clear;No;35.287033, -81.55044
278;279;Yes;15-nov;14;No;Not Applicable;C: Possible Injury;Non-Roadway;White;Male;Morehead City;Carteret;No;01/01/2003;19/05/2010;Non-Roadway;18;Non-Roadway;01/05/2001;01/01/2001 18:01;Non-Roadway;0;2010;C: Possible Injury;Commercial;70+;NA;No;NA;O: No Injury;White;Female;Passenger Car;No;No;Daylight;Urban (>70% Developed);NA;2;Straight - Level;Public Vehicular Area;Dry;Two-Way, Not Divided;None;No Special Feature;Smooth Asphalt;Coastal;Urban;NA;No Control Present;Cloudy;No;34.72278, -76.72608
279;280;No;0-5;3;No;Not Applicable;B: Evident Injury;Non-Roadway;White;Male;Andrews;Cherokee;No;01/01/2006;01/05/2010;Non-Roadway;17;Non-Roadway;01/05/2001;01/01/2001 17:47;Non-Roadway;0;2010;B: Evident Injury;Residential;0-19;13;No;6-10 mph;O: No Injury;White;Male;Motorcycle;No;No;Daylight;Rural (<30% Developed);NA;2;Straight - Level;Public Vehicular Area;Dry;One-Way, Not Divided;None;No Special Feature;Smooth Asphalt;Mountains;Rural;NA;No Control Present;Clear;No;35.194786, -83.83569
280;281;No;30-39;31;No;With Traffic;C: Possible Injury;Travel Lane;White;Male;None - Rural Crash;Burke;No;01/01/2003;19/05/2010;Motorist Overtaking Bicyclist;18;Non-Intersection;01/05/2001;01/01/2001 18:34;Motorist Overtaking - Other /;0;2010;C: Possible Injury;Residential;70+;NA;No;36-40 mph;O: No Injury;White;Female;Van;No;No;Daylight;Rural (<30% Developed);2 lanes;2;Straight - Grade;State Secondary Route;Dry;Two-Way, Not Divided;None;Driveway, Private;Smooth Asphalt;Mountains;Rural;40 - 45  MPH;Double Yellow Line, No Passing Zone;Clear;No;35.761864, -81.45438
281;282;No;10-juin;7;No;With Traffic;O: No Injury;Travel Lane;Black;Male;Rocky Mount;Nash;No;01/01/2006;03/04/2010;Bicyclist Failed to Yield - Sign-Controlled Intersection;19;Intersection;01/04/2001;01/01/2001 18:59;Bicyclist Ride Out - Sign-Controlled Intersection;0;2010;O: No Injury;Residential;50-59;57;No;26-30 mph;O: No Injury;Black;Female;Passenger Car;No;No;Daylight;Urban (>70% Developed);2 lanes;2;Straight - Level;Local Street;Dry;One-Way, Not Divided;None;No Special Feature;Grooved Concrete;Coastal;Urban;30 - 35  MPH;Stop Sign;Clear;No;35.944653, -77.80405
284;285;Yes;16-19;17;No;With Traffic;O: No Injury;Travel Lane;White;Male;Mount Airy;Surry;No;NA;17/05/2010;Motorist Overtaking Bicyclist;23;Non-Intersection;01/05/2001;01/01/2001 23:09;Motorist Overtaking - Other /;0;2010;O: No Injury;Residential;NA;NA;Missing;31-35 mph;Injury;/Missing;NA;NA;No;Yes;Dark - Lighted Roadway;Urban (>70% Developed);2 lanes;2;Straight - Level;Local Street;Dry;Two-Way, Not Divided;None;No Special Feature;Smooth Asphalt;Mountains;Urban;30 - 35  MPH;No Control Present;Cloudy;No;36.497803, -80.60603
287;288;No;30-39;33;No;With Traffic;B: Evident Injury;Travel Lane;White;Female;None - Rural Crash;Wake;No;01/01/2005;28/05/2010;Motorist Overtaking Bicyclist;10;Non-Intersection;01/05/2001;01/01/2001 10:19;Motorist Overtaking - Misjudged Space;0;2010;B: Evident Injury;Farms, Woods, Pastures;25-29;27;No;51-55 mph;O: No Injury;Black;Male;Passenger Car;No;Yes;Daylight;Rural (<30% Developed);2 lanes;2;Straight - Level;State Secondary Route;Dry;Two-Way, Not Divided;None;No Special Feature;Coarse Asphalt;Piedmont;Rural;50 - 55  MPH;No Control Present;Clear;No;35.830883, -78.428795
292;293;Yes;16-19;19;No;With Traffic;B: Evident Injury;Travel Lane;Black;Male;Southern Pines;Moore;No;01/01/2005;21/05/2010;Bicyclist Failed to Yield - Sign-Controlled Intersection;11;Intersection;01/05/2001;01/01/2001 11:01;Bicyclist Ride Through - Sign-Controlled Intersection;0;2010;B: Evident Injury;Residential;30-39;35;No;31-35 mph;O: No Injury;Black;Female;Passenger Car;No;No;Daylight;Urban (>70% Developed);2 lanes;2;Straight - Grade;Local Street;Dry;Two-Way, Not Divided;None;Four-Way Intersection;Coarse Asphalt;Piedmont;Urban;30 - 35  MPH;Stop Sign;Clear;No;35.177338, -79.40533
293;294;Yes;50-59;54;No;Facing Traffic;B: Evident Injury;Travel Lane;Hispanic;Male;Durham;Durham;No;01/01/2002;25/05/2010;Crossing Paths - Other Circumstances;14;Non-Intersection;01/05/2001;01/01/2001 14:49;Crossing Paths - Midblock - Other /;0;2010;B: Evident Injury;Commercial;30-39;35;No;0-5 mph;O: No Injury;Black;Female;Passenger Car;No;No;Daylight;Urban (>70% Developed);4 lanes;2;Straight - Level;Local Street;Dry;Two-Way, Not Divided;None;Driveway, Public;Smooth Asphalt;Piedmont;Urban;20 - 25  MPH;No Control Present;Cloudy;No;36.00625, -78.92051
295;296;Yes;70+;NA;No;With Traffic;B: Evident Injury;Travel Lane;White;Male;None - Rural Crash;Randolph;No;01/01/2005;04/06/2010;Bicyclist Failed to Yield - Sign-Controlled Intersection;10;Intersection;01/06/2001;01/01/2001 10:13;Bicyclist Ride Out - Sign-Controlled Intersection;0;2010;B: Evident Injury;Farms, Woods, Pastures;30-39;33;No;31-35 mph;O: No Injury;White;Female;Passenger Car;No;No;Daylight;Rural (<30% Developed);2 lanes;2;Straight - Level;State Secondary Route;Dry;Two-Way, Not Divided;None;T-Intersection;Smooth Asphalt;Piedmont;Rural;50 - 55  MPH;Double Yellow Line, No Passing Zone;Clear;No;35.62321, -79.86047
296;297;Yes;40-49;48;No;With Traffic;B: Evident Injury;Travel Lane;White;Male;None - Rural Crash;Rutherford;No;01/01/2006;05/06/2010;Motorist Failed to Yield - Midblock;8;Non-Intersection;01/06/2001;01/01/2001 08:56;Motorist Drive Out - Residential Driveway;0;2010;B: Evident Injury;Residential;0-19;17;No;0-5 mph;O: No Injury;White;Male;Passenger Car;No;No;Daylight;Mixed (30% To 70% Developed);2 lanes;2;Straight - Grade;State Secondary Route;Dry;Two-Way, Not Divided;None;Driveway, Private;Smooth Asphalt;Mountains;Rural;50 - 55  MPH;No Control Present;Clear;No;35.399876, -82.003944
308;309;Yes;40-49;48;Yes;With Traffic;C: Possible Injury;Travel Lane;White;Male;Kannapolis;Cabarrus;Yes;01/01/2004;20/05/2010;Motorist Left Turn / Merge;21;Intersection;01/05/2001;01/01/2001 21:03;Motorist Left Turn - Opposite Direction;0;2010;C: Possible Injury;Residential;40-49;45;No;31-35 mph;O: No Injury;White;Male;Pickup;No;No;Dark - Lighted Roadway;Rural (<30% Developed);2 lanes;2;Straight - Grade;Local Street;Dry;Two-Way, Not Divided;None;T-Intersection;Smooth Asphalt;Piedmont;Urban;30 - 35  MPH;No Control Present;Clear;No;35.486984, -80.63374
312;313;No;40-49;42;No;Facing Traffic;O: No Injury;Sidewalk / Crosswalk / Driveway Crossing;White;Female;Lumberton;Robeson;No;01/01/2005;07/05/2010;Motorist Failed to Yield - Sign-Controlled Intersection;11;Intersection;01/05/2001;01/01/2001 11:02;Motorist Drive Out - Sign-Controlled Intersection;0;2010;O: No Injury;Commercial;60-69;60;No;0-5 mph;O: No Injury;White;Male;Passenger Car;No;No;Daylight;Urban (>70% Developed);4 lanes;2;Straight - Level;Local Street;Dry;Two-Way, Not Divided;None;No Special Feature;Coarse Asphalt;Coastal;Urban;30 - 35  MPH;No Control Present;Clear;No;34.6225, -79.05118
323;324;Yes;10-juin;9;No;Facing Traffic;B: Evident Injury;Travel Lane;Hispanic;Male;Hope Mills;Cumberland;No;01/01/2005;28/05/2010;Loss of Control / Turning Error;17;Intersection;01/05/2001;01/01/2001 17:36;Bicyclist Turning Error - Right Turn;0;2010;B: Evident Injury;Residential;20-24;21;No;21-25 mph;O: No Injury;Black;Female;Passenger Car;No;No;Daylight;Urban (>70% Developed);2 lanes;2;Straight - Level;Local Street;Dry;Two-Way, Not Divided;None;T-Intersection;Coarse Asphalt;Coastal;Urban;20 - 25  MPH;No Control Present;Clear;No;34.97562, -78.95325
324;325;Yes;50-59;50;No;With Traffic;B: Evident Injury;Travel Lane;White;Female;None - Rural Crash;Cherokee;No;01/01/2006;05/06/2010;Motorist Overtaking Bicyclist;9;Non-Intersection;01/06/2001;01/01/2001 09:30;Motorist Overtaking - Misjudged Space;0;2010;B: Evident Injury;Farms, Woods, Pastures;70+;NA;No;46-50 mph;O: No Injury;White;Female;Pickup;No;No;Daylight;Rural (<30% Developed);4 lanes;2;Straight - Hillcrest;US Route;Dry;Two-Way, Divided, Unprotected Median;None;No Special Feature;Smooth Asphalt;Mountains;Rural;60 - 75 MPH;No Control Present;Clear;No;35.176212, -83.9219
350;351;Yes;10-juin;8;No;Not Applicable;C: Possible Injury;Non-Roadway;White;Female;None - Rural Crash;Dare;No;NA;21/06/2010;Bicyclist Failed to Yield - Midblock;14;Non-Intersection;01/06/2001;01/01/2001 14:44;Bicyclist Ride Out - Commercial Driveway / Alley;0;2010;C: Possible Injury;Commercial;60-69;64;No;31-35 mph;O: No Injury;White;Male;Sport Utility;No;No;Daylight;Urban (>70% Developed);2 lanes;2;Straight - Level;NC Route;Dry;Two-Way, Not Divided;None;Driveway, Public;Smooth Asphalt;Coastal;Rural;30 - 35  MPH;Double Yellow Line, No Passing Zone;Clear;No;35.579735, -75.46716
352;353;Yes;40-49;43;No;With Traffic;B: Evident Injury;Travel Lane;White;Female;Charlotte;Mecklenburg;No;01/01/2004;03/06/2010;Bicyclist Overtaking Motorist;16;Non-Intersection;01/06/2001;01/01/2001 16:57;Bicyclist Overtaking - Parked Vehicle;0;2010;B: Evident Injury;Residential;NA;NA;Missing;NA;Injury;/Missing;NA;Passenger Car;No;No;Daylight;Urban (>70% Developed);1 lane;2;Straight - Level;Local Street;Dry;One-Way, Not Divided;None;No Special Feature;Smooth Asphalt;Piedmont;Urban;NA;No Control Present;Clear;No;35.12171, -80.970604
359;360;Yes;16-19;18;No;NA;C: Possible Injury;Sidewalk / Crosswalk / Driveway Crossing;White;Female;Charlotte;Mecklenburg;No;01/01/2002;15/06/2010;Crossing Paths - Other Circumstances;13;Intersection;01/06/2001;01/01/2001 13:22;Signalized Intersection - Other /;0;2010;C: Possible Injury;Commercial;30-39;30;No;0-5 mph;O: No Injury;White;Female;Sport Utility;No;No;Daylight;Urban (>70% Developed);5 lanes;2;Straight - Level;Local Street;Dry;Two-Way, Not Divided;None;No Special Feature;Smooth Asphalt;Piedmont;Urban;5 - 15 MPH;Stop And Go Signal;Clear;No;35.172005, -80.85127
385;386;No;40-49;48;No;With Traffic;B: Evident Injury;Travel Lane;Black;Male;Fayetteville;Cumberland;No;01/01/2002;15/06/2010;Parallel Paths - Other Circumstances;6;Intersection-Related;01/06/2001;01/01/2001 06:29;Parallel Paths - Other /;0;2010;B: Evident Injury;Commercial;NA;NA;Missing;NA;Injury;/Missing;NA;NA;No;Yes;Dawn;Rural (<30% Developed);7 lanes;2;Straight - Level;Local Street;Dry;Two-Way, Not Divided;None;Driveway, Public;Coarse Asphalt;Coastal;Urban;NA;No Control Present;Clear;No;35.107906, -78.878975
388;389;Yes;15-nov;14;No;With Traffic;B: Evident Injury;Bike Lane / Paved Shoulder;White;Male;None - Rural Crash;Brunswick;No;01/01/2003;30/06/2010;Motorist Overtaking Bicyclist;21;Non-Intersection;01/06/2001;01/01/2001 21:08;Motorist Overtaking - Bicyclist Swerved;0;2010;B: Evident Injury;Farms, Woods, Pastures;25-29;27;No;46-50 mph;O: No Injury;White;Male;Police;No;No;Dark - Roadway Not Lighted;Rural (<30% Developed);2 lanes;2;Straight - Level;State Secondary Route;Wet;Two-Way, Not Divided;None;Driveway, Private;Smooth Asphalt;Coastal;Rural;50 - 55  MPH;No Control Present;Cloudy;No;34.090347, -78.12835
395;396;Yes;50-59;57;Yes;With Traffic;B: Evident Injury;Travel Lane;Black;Male;None - Rural Crash;Sampson;Yes;01/01/2005;02/07/2010;Motorist Overtaking Bicyclist;16;Non-Intersection;01/07/2001;01/01/2001 16:36;Motorist Overtaking - Bicyclist Swerved;0;2010;B: Evident Injury;Farms, Woods, Pastures;30-39;34;No;41-45 mph;O: No Injury;Black;Male;Passenger Car;No;No;Daylight;Rural (<30% Developed);2 lanes;2;Straight - Level;State Secondary Route;Dry;Two-Way, Not Divided;None;No Special Feature;Coarse Asphalt;Coastal;Rural;40 - 45  MPH;Double Yellow Line, No Passing Zone;Clear;No;35.033287, -78.31886
399;400;No;50-59;52;No;With Traffic;C: Possible Injury;Travel Lane;White;Female;Durham;Durham;No;01/01/2007;04/07/2010;Motorist Overtaking Bicyclist;18;Non-Intersection;01/07/2001;01/01/2001 18:42;Motorist Overtaking - Misjudged Space;0;2010;C: Possible Injury;Residential;50-59;55;No;21-25 mph;O: No Injury;Black;Female;Passenger Car;No;No;Daylight;Urban (>70% Developed);2 lanes;2;Straight - Level;Local Street;Dry;Two-Way, Not Divided;None;No Special Feature;Smooth Asphalt;Piedmont;Urban;30 - 35  MPH;No Control Present;Clear;No;36.07806, -78.92284
403;404;No;50-59;54;No;With Traffic;O: No Injury;Bike Lane / Paved Shoulder;Black;Male;Raleigh;Wake;No;01/01/2003;02/06/2010;Motorist Failed to Yield - Midblock;13;Non-Intersection;01/06/2001;01/01/2001 13:23;Motorist Drive Out - Commercial Driveway / Alley;0;2010;O: No Injury;Commercial;25-29;29;No;16-20 mph;O: No Injury;White;Female;Passenger Car;No;No;Daylight;Urban (>70% Developed);4 lanes;2;Straight - Level;Local Street;Dry;Two-Way, Not Divided;None;No Special Feature;Smooth Asphalt;Piedmont;Urban;20 - 25  MPH;No Control Present;Clear;No;35.788628, -78.64675
405;406;No;30-39;36;No;With Traffic;B: Evident Injury;Travel Lane;White;Male;Raleigh;Wake;No;01/01/2002;08/06/2010;Motorist Overtaking Bicyclist;18;Intersection-Related;01/06/2001;01/01/2001 18:50;Motorist Overtaking - Misjudged Space;0;2010;B: Evident Injury;Commercial;NA;NA;Missing;26-30 mph;Injury;/Missing;NA;NA;No;Yes;Daylight;Urban (>70% Developed);3 lanes;2;Straight - Level;Local Street;Dry;Two-Way, Not Divided;None;No Special Feature;Smooth Asphalt;Piedmont;Urban;40 - 45  MPH;Stop And Go Signal;Clear;No;35.826138, -78.70492
406;407;No;16-19;16;No;Facing Traffic;O: No Injury;Sidewalk / Crosswalk / Driveway Crossing;White;Male;Raleigh;Wake;No;01/01/2003;09/06/2010;Bicyclist Failed to Yield - Sign-Controlled Intersection;5;Intersection;01/06/2001;01/01/2001 05:08;Bicyclist Ride Through - Sign-Controlled Intersection;0;2010;O: No Injury;Commercial;25-29;29;No;6-10 mph;O: No Injury;White;Male;Passenger Car;No;No;Dark - Roadway Not Lighted;Urban (>70% Developed);3 lanes;2;Straight - Level;Local Street;Dry;Two-Way, Divided, Unprotected Median;None;No Special Feature;Coarse Asphalt;Piedmont;Urban;40 - 45  MPH;Stop And Go Signal;Clear;No;35.793705, -78.5488
409;410;No;15-nov;15;No;Not Applicable;B: Evident Injury;Non-Roadway;White;Male;Charlotte;Mecklenburg;No;01/01/2002;22/06/2010;Non-Roadway;19;Non-Roadway;01/06/2001;01/01/2001 19:53;Non-Roadway;0;2010;B: Evident Injury;Residential;NA;NA;Missing;16-20 mph;Injury;/Missing;NA;Passenger Car;No;Yes;Dusk;Urban (>70% Developed);2 lanes;2;Straight - Level;Public Vehicular Area;Dry;Two-Way, Not Divided;None;No Special Feature;Smooth Asphalt;Piedmont;Urban;5 - 15 MPH;No Control Present;Clear;No;35.138103, -80.739395
416;417;Yes;40-49;44;No;With Traffic;B: Evident Injury;Travel Lane;White;Male;None - Rural Crash;Pitt;No;01/01/2004;08/07/2010;Motorist Overtaking Bicyclist;12;Non-Intersection;01/07/2001;01/01/2001 12:56;Motorist Overtaking - Misjudged Space;0;2010;B: Evident Injury;Farms, Woods, Pastures;70+;NA;No;51-55 mph;O: No Injury;Black;Male;Pickup;No;No;Daylight;Mixed (30% To 70% Developed);2 lanes;2;Straight - Level;NC Route;Dry;Two-Way, Not Divided;None;No Special Feature;Smooth Asphalt;Coastal;Rural;50 - 55  MPH;Double Yellow Line, No Passing Zone;Clear;No;35.54249, -77.54495
421;422;Yes;70+;NA;No;With Traffic;C: Possible Injury;Travel Lane;White;Male;None - Rural Crash;Avery;No;01/01/2005;09/07/2010;Motorist Overtaking Bicyclist;13;Non-Intersection;01/07/2001;01/01/2001 13:37;Motorist Overtaking - Misjudged Space;0;2010;C: Possible Injury;Farms, Woods, Pastures;25-29;25;No;41-45 mph;O: No Injury;White;Female;Sport Utility;No;No;Daylight;Rural (<30% Developed);2 lanes;2;Straight - Hillcrest;NC Route;Dry;Two-Way, Not Divided;None;No Special Feature;Smooth Asphalt;Mountains;Rural;50 - 55  MPH;Double Yellow Line, No Passing Zone;Clear;No;36.009773, -81.894
429;430;No;50-59;51;No;With Traffic;C: Possible Injury;Travel Lane;White;Female;None - Rural Crash;Orange;No;01/01/2002;22/06/2010;Motorist Failed to Yield - Sign-Controlled Intersection;10;Intersection;01/06/2001;01/01/2001 10:56;Motorist Drive Out - Sign-Controlled Intersection;0;2010;C: Possible Injury;Farms, Woods, Pastures;70+;NA;No;NA;O: No Injury;White;Male;Passenger Car;No;No;Daylight;Rural (<30% Developed);2 lanes;2;Straight - Level;US Route;Dry;Two-Way, Not Divided;None;Four-Way Intersection;Smooth Asphalt;Piedmont;Rural;50 - 55  MPH;Stop Sign;Clear;No;36.05636, -79.04973
433;434;Yes;20-24;20;No;Facing Traffic;B: Evident Injury;Sidewalk / Crosswalk / Driveway Crossing;White;Female;Kill Devil Hills;Dare;No;01/01/2004;01/07/2010;Motorist Failed to Yield - Midblock;15;Non-Intersection;01/07/2001;01/01/2001 15:04;Motorist Drive Out - Commercial Driveway / Alley;0;2010;B: Evident Injury;Commercial;70+;NA;No;0-5 mph;O: No Injury;White;Male;Sport Utility;No;No;Daylight;Urban (>70% Developed);2 lanes;2;Straight - Level;Private Road, Driveway;Dry;Two-Way, Not Divided;None;Driveway, Public;Coarse Asphalt;Coastal;Urban;NA;No Control Present;Clear;No;36.03828, -75.675705
439;440;Yes;40-49;49;No;With Traffic;B: Evident Injury;Travel Lane;White;Female;None - Rural Crash;Buncombe;No;01/01/2003;07/07/2010;Motorist Overtaking Bicyclist;6;Non-Intersection;01/07/2001;01/01/2001 06:46;Motorist Overtaking - Misjudged Space;0;2010;B: Evident Injury;Commercial;30-39;37;No;0-5 mph;O: No Injury;White;Female;Passenger Car;No;No;Daylight;Urban (>70% Developed);4 lanes;2;Straight - Grade;US Route;Dry;Two-Way, Not Divided;None;No Special Feature;Smooth Asphalt;Mountains;Rural;30 - 35  MPH;No Control Present;Clear;No;35.603424, -82.55311
440;441;Yes;25-29;28;No;Facing Traffic;C: Possible Injury;Sidewalk / Crosswalk / Driveway Crossing;White;Male;Wilmington;New Hanover;No;NA;12/07/2010;Motorist Failed to Yield - Sign-Controlled Intersection;16;Intersection;01/07/2001;01/01/2001 16:33;Motorist Drive Out - Sign-Controlled Intersection;0;2010;C: Possible Injury;Commercial;25-29;28;No;0-5 mph;Injury;White;Male;Passenger Car;No;Yes;Daylight;Urban (>70% Developed);NA;2;Straight - Level;Local Street;Dry;Two-Way, Not Divided;None;No Special Feature;Coarse Asphalt;Coastal;Urban;20 - 25  MPH;No Control Present;Cloudy;No;34.23821, -77.89484
442;443;Yes;40-49;49;No;With Traffic;B: Evident Injury;Travel Lane;Black;Male;Selma;Johnston;No;01/01/2004;01/07/2010;Motorist Overtaking Bicyclist;8;Non-Intersection;01/07/2001;01/01/2001 08:41;Motorist Overtaking - Misjudged Space;0;2010;B: Evident Injury;Commercial;20-24;24;No;41-45 mph;O: No Injury;White;Female;Sport Utility;No;No;Daylight;Urban (>70% Developed);2 lanes;2;Straight - Level;State Secondary Route;Dry;Two-Way, Not Divided;None;Underpass;Smooth Asphalt;Coastal;Urban;40 - 45  MPH;No Control Present;Clear;No;35.516514, -78.29677
446;447;Yes;20-24;21;No;Not Applicable;C: Possible Injury;Travel Lane;White;Male;Durham;Durham;No;01/01/2004;22/07/2010;Non-Roadway;17;Non-Roadway;01/07/2001;01/01/2001 17:47;Non-Roadway;0;2010;C: Possible Injury;Institutional;40-49;49;No;11-15 mph;O: No Injury;Black;Female;Passenger Car;No;No;Daylight;Urban (>70% Developed);2 lanes;2;Straight - Level;Public Vehicular Area;Dry;Two-Way, Not Divided;None;No Special Feature;Smooth Asphalt;Piedmont;Urban;20 - 25  MPH;No Control Present;Clear;No;35.9521, -78.90091
449;450;Yes;50-59;50;No;With Traffic;B: Evident Injury;Travel Lane;White;Male;Raleigh;Wake;Yes;01/01/2007;04/07/2010;Motorist Overtaking Bicyclist;9;Intersection-Related;01/07/2001;01/01/2001 09:25;Motorist Overtaking - Misjudged Space;0;2010;B: Evident Injury;Residential;50-59;51;Yes;41-45 mph;O: No Injury;Black;Male;Passenger Car;No;Yes;Daylight;Urban (>70% Developed);6 lanes;2;Curve - Grade;Local Street;Dry;Two-Way, Divided, Unprotected Median;None;No Special Feature;Smooth Asphalt;Piedmont;Urban;40 - 45  MPH;No Control Present;Clear;No;35.83579, -78.569435
452;453;No;20-24;24;No;With Traffic;O: No Injury;Travel Lane;White;Male;Raleigh;Wake;No;01/01/2003;30/06/2010;Motorist Left Turn / Merge;16;Intersection-Related;01/06/2001;01/01/2001 16:48;Motorist Left Turn - Opposite Direction;0;2010;O: No Injury;Commercial;60-69;60;No;16-20 mph;O: No Injury;Black;Female;Passenger Car;No;No;Daylight;Urban (>70% Developed);3 lanes;2;Straight - Grade;Local Street;Dry;Two-Way, Not Divided;None;No Special Feature;Smooth Asphalt;Piedmont;Urban;30 - 35  MPH;No Control Present;Clear;No;35.789055, -78.66236
453;454;Yes;50-59;50;Yes;Facing Traffic;B: Evident Injury;Travel Lane;Black;Male;Salisbury;Rowan;Yes;01/01/2004;22/07/2010;Motorist Failed to Yield - Sign-Controlled Intersection;17;Intersection;01/07/2001;01/01/2001 17:46;Motorist Drive Out - Sign-Controlled Intersection;0;2010;B: Evident Injury;Residential;20-24;24;No;0-5 mph;O: No Injury;White;Female;Passenger Car;No;No;Daylight;Urban (>70% Developed);2 lanes;2;Straight - Level;Local Street;Dry;Two-Way, Not Divided;None;T-Intersection;Coarse Asphalt;Piedmont;Urban;30 - 35  MPH;Stop Sign;Clear;No;35.646885, -80.45821
457;458;Yes;16-19;19;No;Facing Traffic;B: Evident Injury;Travel Lane;White;Female;Kitty Hawk;Dare;No;NA;14/06/2010;Motorist Failed to Yield - Midblock;15;Non-Intersection;01/06/2001;01/01/2001 15:26;Motorist Drive Out - Commercial Driveway / Alley;0;2010;B: Evident Injury;Commercial;0-19;18;No;0-5 mph;O: No Injury;White;Male;Sport Utility;No;No;Daylight;Mixed (30% To 70% Developed);5 lanes;2;Straight - Level;US Route;Dry;Two-Way, Not Divided;None;Driveway, Public;Coarse Asphalt;Coastal;Rural;50 - 55  MPH;No Control Present;Clear;No;36.088764, -75.70744
461;462;Yes;50-59;51;No;Not Applicable;B: Evident Injury;Travel Lane;White;Male;Charlotte;Mecklenburg;No;01/01/2004;15/07/2010;Parallel Paths - Other Circumstances;18;Intersection;01/07/2001;01/01/2001 18:42;Parallel Paths - Other /;0;2010;B: Evident Injury;Commercial;30-39;37;No;0-5 mph;O: No Injury;White;Female;Van;No;No;Daylight;Urban (>70% Developed);4 lanes;2;Straight - Level;Local Street;Dry;Two-Way, Divided, Positive Median Barrier;None;T-Intersection;Smooth Asphalt;Piedmont;Urban;40 - 45  MPH;No Control Present;Clear;No;35.097126, -80.777885
464;465;Yes;16-19;17;No;With Traffic;A: Disabling Injury;Travel Lane;Black;Male;Charlotte;Mecklenburg;No;01/01/2002;20/07/2010;Bicyclist Left Turn / Merge;11;Non-Intersection;01/07/2001;01/01/2001 11:40;Bicyclist Left Turn - Same Direction;0;2010;A: Disabling Injury;Commercial;30-39;35;No;41-45 mph;O: No Injury;Hispanic;Male;Passenger Car;No;No;Daylight;Urban (>70% Developed);4 lanes;2;Straight - Level;Local Street;Dry;Two-Way, Divided, Unprotected Median;None;No Special Feature;Smooth Asphalt;Piedmont;Urban;40 - 45  MPH;No Control Present;Clear;No;35.277397, -80.76615
465;466;Yes;25-29;25;No;NA;B: Evident Injury;Travel Lane;White;Female;Asheville;Buncombe;No;01/01/2003;21/07/2010;Motorist Left Turn / Merge;15;Non-Intersection;01/07/2001;01/01/2001 15:07;Motorist Left Turn - Opposite Direction;0;2010;B: Evident Injury;Commercial;NA;NA;No;NA;Injury;/Missing;NA;Passenger Car;No;Yes;NA;Urban (>70% Developed);2 lanes;2;Straight - Level;Local Street;NA;Two-Way, Not Divided;None;Four-Way Intersection;Smooth Asphalt;Mountains;Urban;20 - 25  MPH;Stop Sign;Other;No;35.601425, -82.55478