FID;OBJECTID;AmbulanceR;BikeAge_Gr;Bike_Age;Bike_Alc_D;Bike_Dir;Bike_Injur;Bike_Pos;Bike_Race;Bike_Sex;City;County;CrashAlcoh;CrashDay;Crash_Date;Crash_Grp;Crash_Hour;Crash_Loc;Crash_Mont;Crash_Time;Crash_Type;Crash_Ty_1;Crash_Year;Crsh_Sevri;Developmen;DrvrAge_Gr;Drvr_Age;Drvr_Alc_D;Drvr_EstSp;Drvr_Injur;Drvr_Race;Drvr_Sex;Drvr_VehTy;ExcsSpdInd;Hit_Run;Light_Cond;Locality;Num_Lanes;Num_Units;Rd_Charact;Rd_Class;Rd_Conditi;Rd_Config;Rd_Defects;Rd_Feature;Rd_Surface;Region;Rural_Urba;Speed_Limi;Traff_Cntr;Weather;Workzone_I;Location
466;467;Yes;40-49;41;No;Facing Traffic;A: Disabling Injury;Sidewalk / Crosswalk / Driveway Crossing;Black;Male;Charlotte;Mecklenburg;No;01/01/2003;21/07/2010;Motorist Failed to Yield - Midblock;11;Non-Intersection;01/07/2001;01/01/2001 11:44;Motorist Drive Out - Commercial Driveway / Alley;0;2010;A: Disabling Injury;Commercial;25-29;28;No;0-5 mph;O: No Injury;White;Male;Pickup;No;No;Daylight;Urban (>70% Developed);NA;2;Straight - Level;NA;Dry;Two-Way, Not Divided;None;Other;Concrete;Piedmont;Urban;20 - 25  MPH;No Control Present;Clear;No;35.275154, -80.79361
468;469;Yes;40-49;40;No;With Traffic;B: Evident Injury;Travel Lane;White;Female;None - Rural Crash;Surry;No;01/01/2005;30/07/2010;Motorist Left Turn / Merge;17;Intersection;01/07/2001;01/01/2001 17:00;Motorist Left Turn - Opposite Direction;0;2010;B: Evident Injury;Residential;70+;NA;No;0-5 mph;O: No Injury;White;Female;Passenger Car;No;No;Daylight;Rural (<30% Developed);2 lanes;2;Straight - Level;State Secondary Route;Dry;Two-Way, Not Divided;None;T-Intersection;Smooth Asphalt;Mountains;Rural;30 - 35  MPH;Double Yellow Line, No Passing Zone;Clear;No;36.441277, -80.64224
475;476;Yes;50-59;59;No;With Traffic;B: Evident Injury;Travel Lane;White;Male;None - Rural Crash;Catawba;No;NA;02/08/2010;Loss of Control / Turning Error;9;Non-Intersection;01/08/2001;01/01/2001 09:06;Motorist Lost Control - Other /;0;2010;B: Evident Injury;Farms, Woods, Pastures;30-39;37;No;36-40 mph;O: No Injury;White;Female;Van;No;No;Daylight;Rural (<30% Developed);2 lanes;2;Straight - Grade;State Secondary Route;Dry;Two-Way, Not Divided;None;No Special Feature;Smooth Asphalt;Piedmont;Rural;40 - 45  MPH;Double Yellow Line, No Passing Zone;Cloudy;No;35.737564, -81.161964
476;477;Yes;16-19;19;No;With Traffic;A: Disabling Injury;Travel Lane;White;Female;Asheville;Buncombe;No;01/01/2005;28/05/2010;Motorist Left Turn / Merge;18;Intersection;01/05/2001;01/01/2001 18:15;Motorist Left Turn - Opposite Direction;0;2010;A: Disabling Injury;Commercial;30-39;32;No;6-10 mph;O: No Injury;White;Male;Passenger Car;No;No;Other;Urban (>70% Developed);2 lanes;2;Straight - Grade;US Route;Water (Standing, Moving);Two-Way, Divided, Unprotected Median;None;No Special Feature;Smooth Asphalt;Mountains;Urban;30 - 35  MPH;Stop And Go Signal;Rain;No;35.620277, -82.554436
487;488;No;25-29;26;No;Not Applicable;B: Evident Injury;Non-Roadway;/Missing;Female;Wilmington;New Hanover;No;01/01/2004;22/07/2010;Non-Roadway;17;Non-Roadway;01/07/2001;01/01/2001 17:03;Non-Roadway;0;2010;B: Evident Injury;Institutional;25-29;25;No;NA;O: No Injury;/Missing;Male;Sport Utility;No;No;Daylight;Urban (>70% Developed);9 or more lanes;3;Straight - Level;Public Vehicular Area;Dry;Two-Way, Not Divided;None;No Special Feature;Coarse Asphalt;Coastal;Urban;5 - 15 MPH;No Control Present;Clear;No;34.225792, -77.87483
498;499;Yes;50-59;58;No;Facing Traffic;C: Possible Injury;Sidewalk / Crosswalk / Driveway Crossing;Black;Male;Greensboro;Guilford;No;01/01/2002;27/07/2010;Bicyclist Failed to Yield - Sign-Controlled Intersection;12;Intersection;01/07/2001;01/01/2001 12:31;Bicyclist Ride Through - Sign-Controlled Intersection;0;2010;C: Possible Injury;Commercial;20-24;21;No;16-20 mph;C: Possible Injury;Black;Male;Sport Utility;No;No;Daylight;Urban (>70% Developed);6 lanes;2;Curve - Hillcrest;Local Street;Dry;Two-Way, Divided, Unprotected Median;None;On or Off Ramp;Smooth Asphalt;Piedmont;Urban;30 - 35  MPH;Yield Sign;Clear;No;36.088585, -79.77418
503;504;Yes;50-59;54;No;With Traffic;C: Possible Injury;Travel Lane;Black;Male;None - Rural Crash;Duplin;No;01/01/2004;05/08/2010;Motorist Overtaking Bicyclist;23;Non-Intersection;01/08/2001;01/01/2001 23:06;Motorist Overtaking - Misjudged Space;0;2010;C: Possible Injury;Farms, Woods, Pastures;30-39;32;No;51-55 mph;O: No Injury;White;Male;Pickup;No;No;Dark - Roadway Not Lighted;Rural (<30% Developed);2 lanes;2;Straight - Level;US Route;Dry;Two-Way, Not Divided;None;No Special Feature;Coarse Asphalt;Coastal;Rural;50 - 55  MPH;Double Yellow Line, No Passing Zone;Cloudy;No;34.85127, -78.03153
504;505;No;16-19;17;No;Facing Traffic;B: Evident Injury;Travel Lane;Black;Male;Rocky Mount;Nash;No;01/01/2002;13/07/2010;Motorist Failed to Yield - Midblock;17;Non-Intersection;01/07/2001;01/01/2001 17:47;Motorist Drive Out - Commercial Driveway / Alley;0;2010;B: Evident Injury;Commercial;NA;NA;Missing;0-5 mph;Injury;/Missing;NA;Pickup;No;Yes;Daylight;Urban (>70% Developed);4 lanes;2;Straight - Level;NC Route;Dry;Two-Way, Not Divided;None;No Special Feature;Coarse Asphalt;Coastal;Urban;30 - 35  MPH;No Control Present;Clear;No;35.92954, -77.814865
513;514;No;30-39;33;No;With Traffic;O: No Injury;Travel Lane;White;Male;Davidson;Mecklenburg;No;01/01/2005;04/06/2010;Motorist Right Turn / Merge;9;Non-Intersection;01/06/2001;01/01/2001 09:29;Motorist Right Turn - Same Direction;0;2010;O: No Injury;Commercial;60-69;62;No;0-5 mph;O: No Injury;White;Female;Sport Utility;No;No;Daylight;Urban (>70% Developed);2 lanes;2;Straight - Level;US Route;Dry;Two-Way, Not Divided;None;No Special Feature;Smooth Asphalt;Piedmont;Urban;20 - 25  MPH;No Control Present;Clear;No;35.49818, -80.8489
515;516;Yes;40-49;42;No;With Traffic;C: Possible Injury;Bike Lane / Paved Shoulder;White;Male;Greenville;Pitt;No;01/01/2004;22/04/2010;Motorist Left Turn / Merge;19;Non-Intersection;01/04/2001;01/01/2001 19:21;Motorist Left Turn - Opposite Direction;0;2010;C: Possible Injury;Residential;20-24;24;No;6-10 mph;O: No Injury;White;Male;Sport Utility;No;No;Daylight;Urban (>70% Developed);2 lanes;2;Straight - Level;Local Street;Dry;Two-Way, Not Divided;None;Bridge;Coarse Asphalt;Coastal;Urban;20 - 25  MPH;No Control Present;Clear;No;35.609364, -77.36687
518;519;No;10-juin;8;No;With Traffic;C: Possible Injury;Travel Lane;Black;Male;Clinton;Sampson;No;NA;09/08/2010;Bicyclist Failed to Yield - Sign-Controlled Intersection;18;Intersection;01/08/2001;01/01/2001 18:18;Bicyclist Ride Through - Sign-Controlled Intersection;0;2010;C: Possible Injury;Residential;60-69;62;No;31-35 mph;O: No Injury;White;Female;Passenger Car;No;No;Daylight;Urban (>70% Developed);2 lanes;2;Straight - Level;Local Street;Dry;Two-Way, Not Divided;None;Four-Way Intersection;Coarse Asphalt;Coastal;Urban;30 - 35  MPH;Stop Sign;Clear;No;34.996532, -78.34166
533;534;No;15-nov;11;No;With Traffic;C: Possible Injury;Travel Lane;White;Male;Bermuda Run;Davie;No;01/01/2004;01/07/2010;Motorist Overtaking Bicyclist;13;Non-Intersection;01/07/2001;01/01/2001 13:28;Motorist Overtaking - Other /;0;2010;C: Possible Injury;Residential;NA;NA;No;31-35 mph;Injury;/Missing;NA;Passenger Car;No;Yes;Daylight;Urban (>70% Developed);2 lanes;2;Straight - Level;Local Street;Dry;Two-Way, Not Divided;None;No Special Feature;Coarse Asphalt;Piedmont;Rural;30 - 35  MPH;No Control Present;Clear;No;36.01123, -80.42117
553;554;Yes;60-69;65;Yes;Not Applicable;B: Evident Injury;Travel Lane;White;Male;Wilmington;New Hanover;Yes;01/01/2005;06/08/2010;Bicyclist Failed to Yield - Midblock;15;Non-Intersection;01/08/2001;01/01/2001 15:19;Bicyclist Ride Out - Other Midblock;0;2010;B: Evident Injury;Commercial;25-29;25;No;36-40 mph;C: Possible Injury;Black;Male;Passenger Car;No;No;Daylight;Urban (>70% Developed);5 lanes;2;Straight - Level;US Route;Wet;Two-Way, Not Divided;None;No Special Feature;Coarse Asphalt;Coastal;Urban;40 - 45  MPH;No Control Present;Cloudy;No;34.200367, -77.939514
554;555;Yes;25-29;27;No;With Traffic;C: Possible Injury;Travel Lane;White;Male;Wilmington;New Hanover;No;01/01/2005;06/08/2010;Motorist Left Turn / Merge;7;Intersection;01/08/2001;01/01/2001 07:48;Motorist Left Turn - Opposite Direction;0;2010;C: Possible Injury;Commercial;25-29;27;No;21-25 mph;O: No Injury;White;Female;Passenger Car;No;No;Daylight;Mixed (30% To 70% Developed);5 lanes;2;Straight - Level;Local Street;Dry;Two-Way, Not Divided;None;No Special Feature;Coarse Asphalt;Coastal;Urban;40 - 45  MPH;Stop And Go Signal;Clear;No;34.194664, -77.93626
560;561;No;30-39;38;No;With Traffic;C: Possible Injury;Travel Lane;White;Male;Asheboro;Randolph;No;01/01/2007;08/08/2010;Motorist Failed to Yield - Sign-Controlled Intersection;18;Intersection;01/08/2001;01/01/2001 18:34;Motorist Drive Through - Sign-Controlled Intersection;0;2010;C: Possible Injury;Residential;70+;NA;No;16-20 mph;O: No Injury;White;Male;Passenger Car;No;No;Daylight;Urban (>70% Developed);2 lanes;2;Straight - Grade;Local Street;Dry;Two-Way, Not Divided;None;Four-Way Intersection;Smooth Asphalt;Piedmont;Urban;30 - 35  MPH;No Control Present;Clear;No;35.70487, -79.80411
572;573;Yes;25-29;26;No;Not Applicable;C: Possible Injury;Sidewalk / Crosswalk / Driveway Crossing;Black;Male;Wilmington;New Hanover;No;NA;16/08/2010;Motorist Failed to Yield - Midblock;19;Non-Intersection;01/08/2001;01/01/2001 19:30;Motorist Drive Out - Commercial Driveway / Alley;0;2010;C: Possible Injury;Residential;25-29;25;No;0-5 mph;O: No Injury;White;Male;Passenger Car;No;No;Daylight;Urban (>70% Developed);2 lanes;2;Straight - Level;Local Street;Dry;Two-Way, Not Divided;None;T-Intersection;Smooth Asphalt;Coastal;Urban;30 - 35  MPH;No Control Present;Clear;No;34.2341, -77.86888
576;577;Yes;10-juin;8;No;Not Applicable;C: Possible Injury;Driveway / Alley;White;Male;None - Rural Crash;Lincoln;No;NA;23/08/2010;Bicyclist Failed to Yield - Midblock;19;Non-Intersection;01/08/2001;01/01/2001 19:19;Bicyclist Ride Out - Residential Driveway;0;2010;C: Possible Injury;Residential;25-29;25;No;46-50 mph;O: No Injury;White;Female;Passenger Car;No;No;Daylight;Rural (<30% Developed);2 lanes;2;Straight - Level;State Secondary Route;Dry;Two-Way, Not Divided;None;Driveway, Private;Coarse Asphalt;Piedmont;Rural;50 - 55  MPH;No Control Present;Clear;No;35.404907, -81.01264
581;582;Yes;60-69;61;No;Not Applicable;B: Evident Injury;Bike Lane / Paved Shoulder;White;Male;High Point;Guilford;No;NA;16/08/2010;Bicyclist Failed to Yield - Midblock;20;Non-Intersection;01/08/2001;01/01/2001 20:49;Bicyclist Ride Out - Other Midblock;0;2010;B: Evident Injury;Commercial;20-24;23;No;31-35 mph;O: No Injury;Black;Male;Passenger Car;No;No;Dark - Lighted Roadway;Urban (>70% Developed);4 lanes;2;Straight - Level;Local Street;Dry;Two-Way, Divided, Unprotected Median;None;No Special Feature;Smooth Asphalt;Piedmont;Urban;30 - 35  MPH;No Control Present;Clear;No;35.985344, -80.02453
586;587;Yes;10-juin;6;No;With Traffic;B: Evident Injury;Travel Lane;Black;Male;Hickory;Catawba;No;01/01/2002;17/08/2010;Bicyclist Failed to Yield - Sign-Controlled Intersection;17;Intersection;01/08/2001;01/01/2001 17:10;Bicyclist Ride Out - Sign-Controlled Intersection;0;2010;B: Evident Injury;Residential;20-24;24;No;26-30 mph;O: No Injury;Black;Female;Passenger Car;No;No;Daylight;Urban (>70% Developed);NA;2;Straight - Level;Local Street;Dry;Two-Way, Not Divided;None;Four-Way Intersection;Smooth Asphalt;Piedmont;Urban;30 - 35  MPH;Stop Sign;Cloudy;No;35.753746, -81.332115
587;588;Yes;30-39;36;No;With Traffic;C: Possible Injury;Travel Lane;White;Male;Mooresville;Iredell;No;01/01/2002;03/08/2010;Motorist Overtaking Bicyclist;6;Non-Intersection;01/08/2001;01/01/2001 06:06;Motorist Overtaking - Undetected Bicyclist;0;2010;C: Possible Injury;Commercial;40-49;44;No;41-45 mph;O: No Injury;White;Male;Single Unit Truck (3 Or More Axles);No;No;Dark - Lighted Roadway;Urban (>70% Developed);2 lanes;2;Straight - Level;US Route;Dry;Two-Way, Not Divided;No Shoulders;No Special Feature;Smooth Asphalt;Piedmont;Urban;40 - 45  MPH;Double Yellow Line, No Passing Zone;Cloudy;No;35.584156, -80.83958
608;609;No;40-49;49;Missing;With Traffic;C: Possible Injury;Sidewalk / Crosswalk / Driveway Crossing;Black;Male;Greenville;Pitt;No;01/01/2002;04/05/2010;Parallel Paths - Other Circumstances;12;Non-Intersection;01/05/2001;01/01/2001 12:38;Bicyclist Ride Out - Parallel Path;0;2010;C: Possible Injury;Residential;40-49;49;No;31-35 mph;O: No Injury;Black;Female;Passenger Car;No;No;Daylight;Urban (>70% Developed);5 lanes;2;Straight - Level;State Secondary Route;Dry;Two-Way, Not Divided;None;No Special Feature;Smooth Asphalt;Coastal;Urban;30 - 35  MPH;No Control Present;Cloudy;No;35.59185, -77.392075
612;613;Yes;40-49;45;No;With Traffic;B: Evident Injury;Travel Lane;White;Female;Midland;Cabarrus;No;01/01/2003;01/09/2010;Motorist Overtaking Bicyclist;10;Non-Intersection;01/09/2001;01/01/2001 10:25;Motorist Overtaking - Misjudged Space;0;2010;B: Evident Injury;Commercial;20-24;22;No;51-55 mph;O: No Injury;White;Female;Passenger Car;No;No;Daylight;Mixed (30% To 70% Developed);4 lanes;2;Straight - Level;NC Route;Dry;Two-Way, Divided, Unprotected Median;None;No Special Feature;Smooth Asphalt;Piedmont;Rural;50 - 55  MPH;No Control Present;Clear;No;35.249287, -80.546295
616;617;No;50-59;52;No;Facing Traffic;C: Possible Injury;Sidewalk / Crosswalk / Driveway Crossing;Black;Male;Charlotte;Mecklenburg;No;01/01/2002;24/08/2010;Motorist Failed to Yield - Sign-Controlled Intersection;17;Intersection;01/08/2001;01/01/2001 17:31;Motorist Drive Out - Sign-Controlled Intersection;0;2010;C: Possible Injury;Residential;30-39;31;No;6-10 mph;O: No Injury;Black;Male;Passenger Car;No;No;Daylight;Urban (>70% Developed);2 lanes;2;Straight - Level;Local Street;Dry;Two-Way, Divided, Unprotected Median;None;T-Intersection;Smooth Asphalt;Piedmont;Urban;5 - 15 MPH;Stop Sign;Clear;No;35.118008, -80.955864
618;619;No;16-19;19;No;NA;C: Possible Injury;NA;Black;Male;Henderson;Vance;No;01/01/2006;28/08/2010;Other /  - Insufficient Details;22;Intersection;01/08/2001;01/01/2001 22:04;Approach Paths;0;2010;C: Possible Injury;Residential;NA;NA;Missing;NA;Injury;/Missing;NA;NA;No;Yes;Daylight;Mixed (30% To 70% Developed);2 lanes;2;Straight - Level;Local Street;Dry;Two-Way, Not Divided;None;No Special Feature;Smooth Asphalt;Piedmont;Urban;30 - 35  MPH;Stop Sign;Clear;No;36.32932, -78.41693
619;620;Yes;16-19;16;No;Facing Traffic;C: Possible Injury;Travel Lane;Hispanic;Male;Charlotte;Mecklenburg;No;01/01/2007;29/08/2010;Crossing Paths - Other Circumstances;10;Intersection;01/08/2001;01/01/2001 10:43;Sign-Controlled Intersection - Other /;0;2010;C: Possible Injury;Residential;25-29;25;No;16-20 mph;O: No Injury;White;Female;Passenger Car;No;No;Daylight;Urban (>70% Developed);2 lanes;2;Straight - Level;Local Street;Dry;Two-Way, Not Divided;None;No Special Feature;Smooth Asphalt;Piedmont;Urban;20 - 25  MPH;Stop Sign;Clear;No;35.226868, -80.77633
621;622;Yes;60-69;62;No;With Traffic;B: Evident Injury;Travel Lane;White;Male;Nags Head;Dare;No;NA;09/08/2010;Crossing Paths - Other Circumstances;6;Intersection;01/08/2001;01/01/2001 06:45;Crossing Paths - Uncontrolled Intersection;0;2010;B: Evident Injury;Commercial;50-59;59;No;6-10 mph;O: No Injury;White;Male;Sport Utility;No;No;Daylight;Urban (>70% Developed);2 lanes;2;Straight - Level;NC Route;Dry;Two-Way, Not Divided;None;T-Intersection;Coarse Asphalt;Coastal;Rural;30 - 35  MPH;No Control Present;Clear;No;35.957275, -75.62414
628;629;Yes;16-19;18;No;With Traffic;O: No Injury;Travel Lane;White;Male;None - Rural Crash;Wayne;No;01/01/2002;07/09/2010;Motorist Overtaking Bicyclist;12;Non-Intersection;01/09/2001;01/01/2001 12:02;Motorist Overtaking - Other /;0;2010;O: No Injury;Farms, Woods, Pastures;30-39;35;No;51-55 mph;O: No Injury;White;Female;Sport Utility;No;No;Daylight;Rural (<30% Developed);2 lanes;2;Straight - Level;State Secondary Route;Dry;Two-Way, Not Divided;None;No Special Feature;Smooth Asphalt;Coastal;Rural;50 - 55  MPH;No Control Present;Clear;No;35.228325, -78.04185
633;634;No;16-19;18;No;Facing Traffic;A: Disabling Injury;Sidewalk / Crosswalk / Driveway Crossing;White;Female;Raleigh;Wake;No;01/01/2002;31/08/2010;Motorist Failed to Yield - Sign-Controlled Intersection;22;Intersection;01/08/2001;01/01/2001 22:06;Motorist Drive Out - Sign-Controlled Intersection;0;2010;A: Disabling Injury;Institutional;NA;NA;Missing;0-5 mph;Injury;/Missing;NA;NA;No;Yes;Daylight;Urban (>70% Developed);2 lanes;2;Straight - Grade;Local Street;Dry;Two-Way, Not Divided;None;Driveway, Public;Smooth Asphalt;Piedmont;Urban;20 - 25  MPH;Stop Sign;Clear;No;35.78194, -78.67158
640;641;Yes;16-19;19;No;With Traffic;B: Evident Injury;Travel Lane;White;Male;Thomasville;Davidson;No;01/01/2003;01/09/2010;Loss of Control / Turning Error;18;Non-Intersection;01/09/2001;01/01/2001 18:05;Bicyclist Lost Control - Other /;0;2010;B: Evident Injury;Residential;60-69;61;No;NA;C: Possible Injury;Black;Male;Passenger Car;No;No;Daylight;Urban (>70% Developed);2 lanes;2;Straight - Grade;Local Street;Dry;Two-Way, Not Divided;None;No Special Feature;Coarse Asphalt;Piedmont;Urban;30 - 35  MPH;School Zone Signs;Clear;No;35.891182, -80.0793
644;645;Yes;10-juin;9;No;Not Applicable;C: Possible Injury;Travel Lane;Black;Male;Cary;Wake;No;01/01/2002;07/09/2010;Non-Roadway;18;Non-Roadway;01/09/2001;01/01/2001 18:52;Non-Roadway;0;2010;C: Possible Injury;Commercial;50-59;57;No;0-5 mph;O: No Injury;White;Male;Van;No;No;Daylight;Urban (>70% Developed);NA;2;Curve - Level;Public Vehicular Area;Dry;Two-Way, Not Divided;None;Driveway, Public;Smooth Asphalt;Piedmont;Urban;5 - 15 MPH;No Control Present;Clear;No;35.82911, -78.771416
649;650;Yes;20-24;24;No;With Traffic;C: Possible Injury;Travel Lane;Black;Male;Salisbury;Rowan;No;NA;13/09/2010;Motorist Overtaking Bicyclist;11;Non-Intersection;01/09/2001;01/01/2001 11:16;Motorist Overtaking - Other /;0;2010;C: Possible Injury;Commercial;30-39;37;No;61-65 mph;O: No Injury;White;Male;Van;No;No;Daylight;Urban (>70% Developed);1 lane;2;Straight - Level;Interstate;Dry;One-Way, Not Divided;None;On or Off Ramp;Concrete;Piedmont;Urban;60 - 75 MPH;Yield Sign;Clear;No;35.65832, -80.45989
653;654;Yes;16-19;18;No;With Traffic;B: Evident Injury;Travel Lane;White;Female;Wilmington;New Hanover;No;NA;30/08/2010;Motorist Failed to Yield - Signalized Intersection;12;Intersection;01/08/2001;01/01/2001 12:27;Motorist Drive Out - Signalized Intersection;0;2010;B: Evident Injury;Commercial;50-59;50;No;0-5 mph;O: No Injury;Black;Male;Passenger Car;No;No;Daylight;Urban (>70% Developed);2 lanes;2;Straight - Level;Local Street;Dry;Two-Way, Not Divided;None;Four-Way Intersection;Coarse Asphalt;Coastal;Urban;20 - 25  MPH;Stop And Go Signal;Clear;No;34.240044, -77.94671
665;666;Yes;10-juin;8;No;With Traffic;C: Possible Injury;Travel Lane;White;Male;Huntersville;Mecklenburg;No;01/01/2005;03/09/2010;Loss of Control / Turning Error;16;Intersection;01/09/2001;01/01/2001 16:56;Bicyclist Lost Control - Mechanical Problems;0;2010;C: Possible Injury;Residential;70+;NA;No;26-30 mph;O: No Injury;White;Male;Passenger Car;No;No;Daylight;Urban (>70% Developed);2 lanes;2;Straight - Level;Local Street;Dry;Two-Way, Not Divided;None;Four-Way Intersection;Smooth Asphalt;Piedmont;Urban;30 - 35  MPH;Stop Sign;Clear;No;35.42128, -80.874374
667;668;Yes;25-29;26;No;Not Applicable;B: Evident Injury;Travel Lane;Asian;Female;Wilmington;New Hanover;No;NA;13/09/2010;Bicyclist Failed to Yield - Midblock;18;Non-Intersection;01/09/2001;01/01/2001 18:48;Bicyclist Ride Out - Midblock -;0;2010;B: Evident Injury;Commercial;40-49;49;No;16-20 mph;O: No Injury;Black;Male;Passenger Car;No;No;Daylight;Urban (>70% Developed);1 lane;2;Straight - Level;Local Street;Dry;One-Way, Not Divided;None;No Special Feature;Smooth Asphalt;Coastal;Urban;30 - 35  MPH;No Control Present;Clear;No;34.24269, -77.89217
668;669;Yes;15-nov;12;No;With Traffic;C: Possible Injury;Travel Lane;Black;Male;None - Rural Crash;Camden;No;01/01/2006;11/09/2010;Loss of Control / Turning Error;18;Non-Intersection;01/09/2001;01/01/2001 18:09;Bicyclist Lost Control - Other /;0;2010;C: Possible Injury;Farms, Woods, Pastures;50-59;58;No;31-35 mph;O: No Injury;Black;Female;Sport Utility;No;No;Daylight;Rural (<30% Developed);2 lanes;2;Straight - Level;State Secondary Route;Dry;Two-Way, Not Divided;None;No Special Feature;Smooth Asphalt;Coastal;Rural;50 - 55  MPH;No Control Present;Clear;No;36.338665, -76.130745
670;671;Yes;15-nov;11;No;With Traffic;B: Evident Injury;NA;Other;Male;Durham;Durham;No;01/01/2006;18/09/2010;Motorist Failed to Yield - Signalized Intersection;17;Intersection;01/09/2001;01/01/2001 17:42;Motorist Drive Through - Signalized Intersection;0;2010;B: Evident Injury;Residential;40-49;44;No;0-5 mph;O: No Injury;White;Female;Sport Utility;No;No;Daylight;Urban (>70% Developed);2 lanes;2;Straight - Level;Local Street;Dry;One-Way, Not Divided;None;No Special Feature;Smooth Asphalt;Piedmont;Urban;30 - 35  MPH;Stop And Go Signal;Clear;No;36.009842, -78.90831
672;673;Yes;20-24;24;No;With Traffic;B: Evident Injury;Travel Lane;Black;Male;Chadbourn;Columbus;No;01/01/2003;18/08/2010;Motorist Right Turn / Merge;10;Intersection;01/08/2001;01/01/2001 10:25;Motorist Right Turn - Same Direction;0;2010;B: Evident Injury;Commercial;30-39;31;No;26-30 mph;O: No Injury;Black;Female;Passenger Car;No;No;Daylight;Urban (>70% Developed);4 lanes;2;Straight - Level;Local Street;Dry;Two-Way, Not Divided;None;T-Intersection;Smooth Asphalt;Coastal;Rural;30 - 35  MPH;No Control Present;Clear;No;34.330635, -78.825
690;691;Yes;30-39;30;No;With Traffic;C: Possible Injury;Travel Lane;White;Male;Wilmington;New Hanover;No;01/01/2004;22/09/2011;Motorist Overtaking Bicyclist;21;Intersection;01/09/2001;01/01/2001 21:29;Motorist Overtaking - Other /;111239;2011;C: Possible Injury;Commercial;NA;NA;No;NA;Injury;/Missing;NA;NA;No;Yes;Dark - Roadway Not Lighted;Urban (>70% Developed);3 lanes;2;Straight - Level;Local Street;Wet;Two-Way, Not Divided;None;No Special Feature;Coarse Asphalt;Coastal;Urban;30 - 35  MPH;No Control Present;Rain;No;34.22314, -77.8861
694;695;Yes;30-39;36;Yes;Not Applicable;A: Disabling Injury;Travel Lane;Hispanic;Male;Raleigh;Wake;Yes;01/01/2007;09/10/2011;Bicyclist Failed to Yield - Midblock;19;Non-Intersection;01/10/2001;01/01/2001 19:09;Bicyclist Ride Out - Midblock -;313319;2011;A: Disabling Injury;Residential;30-39;38;Yes;36-40 mph;O: No Injury;Black;Male;Passenger Car;No;No;Dusk;Urban (>70% Developed);5 lanes;2;Curve - Level;Local Street;Dry;Two-Way, Not Divided;None;No Special Feature;Smooth Asphalt;Piedmont;Urban;40 - 45  MPH;No Control Present;Clear;No;35.84972, -78.5767
695;696;Yes;50-59;53;No;With Traffic;B: Evident Injury;Sidewalk / Crosswalk / Driveway Crossing;White;Female;Raleigh;Wake;No;NA;10/10/2011;Motorist Failed to Yield - Signalized Intersection;12;Intersection;01/10/2001;01/01/2001 12:54;Motorist Drive Through - Signalized Intersection;131154;2011;B: Evident Injury;Commercial;20-24;21;No;41-45 mph;O: No Injury;Black;Male;Passenger Car;No;No;Daylight;Urban (>70% Developed);5 lanes;2;Straight - Level;Local Street;Dry;Two-Way, Divided, Unprotected Median;None;No Special Feature;Smooth Asphalt;Piedmont;Urban;40 - 45  MPH;Stop And Go Signal;Clear;No;35.80985, -78.7057
702;703;Yes;50-59;52;No;With Traffic;C: Possible Injury;Travel Lane;Black;Male;Clinton;Sampson;No;01/01/2006;15/10/2011;Motorist Overtaking Bicyclist;19;Non-Intersection;01/10/2001;01/01/2001 19:18;Motorist Overtaking - Other /;311239;2011;C: Possible Injury;Commercial;70+;NA;No;0-5 mph;O: No Injury;Black;Male;Passenger Car;No;No;Dark - Lighted Roadway;Mixed (30% To 70% Developed);2 lanes;2;Straight - Level;Local Street;Dry;Two-Way, Not Divided;None;No Special Feature;Coarse Asphalt;Coastal;Urban;5 - 15 MPH;No Control Present;Clear;No;34.99797, -78.3176
704;705;Yes;60-69;64;No;With Traffic;B: Evident Injury;Travel Lane;White;Male;None - Rural Crash;Onslow;No;NA;17/10/2011;Motorist Overtaking Bicyclist;19;Non-Intersection;01/10/2001;01/01/2001 19:44;Motorist Overtaking - Misjudged Space;311232;2011;B: Evident Injury;Farms, Woods, Pastures;40-49;42;No;36-40 mph;O: No Injury;White;Male;Pickup;No;No;Dark - Roadway Not Lighted;Rural (<30% Developed);2 lanes;2;Straight - Level;NC Route;Dry;Two-Way, Not Divided;None;No Special Feature;Coarse Asphalt;Coastal;Rural;50 - 55  MPH;Double Yellow Line, No Passing Zone;Clear;No;34.51465, -77.4359
705;706;Yes;40-49;44;No;Facing Traffic;C: Possible Injury;Travel Lane;Black;Male;Charlotte;Mecklenburg;No;01/01/2005;30/09/2011;Head-On;11;Non-Intersection;01/09/2001;01/01/2001 11:52;Head-On - Bicyclist;312250;2011;C: Possible Injury;Commercial;50-59;50;No;0-5 mph;O: No Injury;Black;Female;Truck/Trailer;No;No;Daylight;Urban (>70% Developed);4 lanes;2;Straight - Level;Local Street;Dry;Two-Way, Divided, Unprotected Median;None;No Special Feature;Smooth Asphalt;Piedmont;Urban;5 - 15 MPH;Stop And Go Signal;Clear;No;35.22709, -80.8431