FID;OBJECTID;AmbulanceR;BikeAge_Gr;Bike_Age;Bike_Alc_D;Bike_Dir;Bike_Injur;Bike_Pos;Bike_Race;Bike_Sex;City;County;CrashAlcoh;CrashDay;Crash_Date;Crash_Grp;Crash_Hour;Crash_Loc;Crash_Mont;Crash_Time;Crash_Type;Crash_Ty_1;Crash_Year;Crsh_Sevri;Developmen;DrvrAge_Gr;Drvr_Age;Drvr_Alc_D;Drvr_EstSp;Drvr_Injur;Drvr_Race;Drvr_Sex;Drvr_VehTy;ExcsSpdInd;Hit_Run;Light_Cond;Locality;Num_Lanes;Num_Units;Rd_Charact;Rd_Class;Rd_Conditi;Rd_Config;Rd_Defects;Rd_Feature;Rd_Surface;Region;Rural_Urba;Speed_Limi;Traff_Cntr;Weather;Workzone_I;Location
397;398;Yes;20-24;22;No;With Traffic;C: Possible Injury;Sidewalk / Crosswalk / Driveway Crossing;Black;Male;Greensboro;Guilford;No;01/01/2003;20/06/2012;Motorist Failed to Yield - Sign-Controlled Intersection;8;Intersection;01/06/2001;01/01/2001 08:48;Motorist Drive Out - Sign-Controlled Intersection;NA;2012;C: Possible Injury;Commercial;60-69;60;No;0-5 mph;O: No Injury;Black;Female;Van;No;No;Daylight;Urban (>70% Developed);4 lanes;2;Straight - Level;Local Street;Dry;Two-Way, Divided, Positive Median Barrier;None;T-Intersection;Smooth Asphalt;Piedmont;Urban;30 - 35  MPH;Stop Sign;Clear;No;36.08868, -79.7746
403;404;No;30-39;35;No;Facing Traffic;C: Possible Injury;Sidewalk / Crosswalk / Driveway Crossing;White;Male;Greenville;Pitt;No;01/01/2004;07/06/2012;Motorist Failed to Yield - Sign-Controlled Intersection;11;Intersection;01/06/2001;01/01/2001 11:41;Motorist Drive Out - Sign-Controlled Intersection;NA;2012;C: Possible Injury;Commercial;25-29;29;No;NA;O: No Injury;White;Female;Passenger Car;No;No;Dusk;Urban (>70% Developed);2 lanes;2;Straight - Level;Local Street;Dry;Two-Way, Not Divided;None;No Special Feature;Coarse Asphalt;Coastal;Urban;30 - 35  MPH;Stop Sign;Clear;No;35.58078, -77.3649
405;406;Yes;50-59;54;No;With Traffic;B: Evident Injury;Travel Lane;White;Male;None - Rural Crash;Buncombe;No;01/01/2004;14/06/2012;Motorist Failed to Yield - Sign-Controlled Intersection;10;Intersection;01/06/2001;01/01/2001 10:09;Motorist Drive Out - Sign-Controlled Intersection;NA;2012;B: Evident Injury;Residential;40-49;45;No;0-5 mph;O: No Injury;White;Male;Single Unit Truck (3 Or More Axles);No;No;Daylight;Urban (>70% Developed);2 lanes;2;Curve - Bottom;State Secondary Route;Dry;Two-Way, Not Divided;None;T-Intersection;Smooth Asphalt;Mountains;Rural;30 - 35  MPH;Stop Sign;Clear;No;35.60149, -82.4855
412;413;No;25-29;29;No;With Traffic;O: No Injury;Sidewalk / Crosswalk / Driveway Crossing;White;Female;Durham;Durham;No;01/01/2004;28/06/2012;Crossing Paths - Other Circumstances;16;Intersection;01/06/2001;01/01/2001 16:10;Signalized Intersection - Other /;NA;2012;O: No Injury;Commercial;70;70;No;16-20 mph;O: No Injury;Black;Male;Passenger Car;No;No;Daylight;Urban (>70% Developed);2 lanes;2;Straight - Level;Local Street;Dry;Two-Way, Not Divided;None;No Special Feature;Coarse Asphalt;Piedmont;Urban;30 - 35  MPH;Stop And Go Signal;Clear;No;35.9838, -78.9121
413;414;No;30-39;38;No;With Traffic;B: Evident Injury;Travel Lane;White;Male;Raleigh;Wake;Yes;01/01/2006;02/06/2012;Motorist Overtaking Bicyclist;14;Non-Intersection;01/06/2001;01/01/2001 14:57;Motorist Overtaking - Other /;NA;2012;B: Evident Injury;Commercial;40-49;48;Yes;41-45 mph;O: No Injury;Black;Female;Sport Utility;No;Yes;Daylight;Urban (>70% Developed);5 lanes;2;Curve - Level;Local Street;Dry;Two-Way, Divided, Unprotected Median;None;No Special Feature;Coarse Asphalt;Piedmont;Urban;40 - 45  MPH;No Control Present;Clear;No;35.90577, -78.6023
419;420;Yes;15-nov;15;No;With Traffic;C: Possible Injury;Travel Lane;Black;Male;Greensboro;Guilford;No;01/01/2004;28/06/2012;Bicyclist Failed to Yield - Sign-Controlled Intersection;14;Intersection;01/06/2001;01/01/2001 14:38;Bicyclist Ride Through - Sign-Controlled Intersection;NA;2012;C: Possible Injury;Commercial;20-24;21;No;21-25 mph;O: No Injury;Black;Female;Passenger Car;No;No;Daylight;Urban (>70% Developed);2 lanes;2;Straight - Level;Local Street;Dry;Two-Way, Not Divided;None;No Special Feature;Smooth Asphalt;Piedmont;Urban;30 - 35  MPH;No Control Present;Clear;No;36.04188, -79.8158
620;621;Yes;70+;NA;No;With Traffic;A: Disabling Injury;Travel Lane;White;Male;None - Rural Crash;Forsyth;No;01/01/2004;15/09/2011;Motorist Overtaking Bicyclist;9;Non-Intersection;01/09/2001;01/01/2001 08:59;Motorist Overtaking - Other /;311239;2011;A: Disabling Injury;Residential;70+;NA;No;31-35 mph;O: No Injury;White;Male;Passenger Car;No;No;Daylight;Mixed (30% To 70% Developed);2 lanes;2;Straight - Level;State Secondary Route;Dry;Two-Way, Not Divided;None;No Special Feature;Smooth Asphalt;Piedmont;Rural;40 - 45  MPH;Double Yellow Line, No Passing Zone;Clear;No;35.99549, -80.3667
626;627;No;10-juin;7;No;Not Applicable;O: No Injury;Driveway / Alley;White;Female;None - Rural Crash;Davidson;No;01/01/2007;18/09/2011;Bicyclist Failed to Yield - Midblock;12;Non-Intersection;01/09/2001;01/01/2001 12:34;Bicyclist Ride Out - Residential Driveway;353311;2011;O: No Injury;Residential;0-19;16;No;21-25 mph;O: No Injury;White;Female;Passenger Car;No;No;Daylight;Rural (<30% Developed);2 lanes;2;Straight - Grade;State Secondary Route;Dry;Two-Way, Not Divided;None;Related To Intersection;Coarse Asphalt;Piedmont;Rural;50 - 55  MPH;Double Yellow Line, No Passing Zone;Clear;No;35.76368, -80.0572
629;630;Yes;40-49;45;No;With Traffic;B: Evident Injury;Travel Lane;White;Male;Davidson;Mecklenburg;No;01/01/2004;08/09/2011;Motorist Left Turn / Merge;15;Intersection;01/09/2001;01/01/2001 15:45;Motorist Left Turn - Opposite Direction;111212;2011;B: Evident Injury;Residential;0-19;16;No;6-10 mph;O: No Injury;White;Female;Passenger Car;No;No;Daylight;Urban (>70% Developed);2 lanes;2;Straight - Level;Local Street;Dry;Two-Way, Divided, Unprotected Median;None;No Special Feature;Smooth Asphalt;Piedmont;Urban;30 - 35  MPH;No Control Present;Clear;No;35.4888, -80.8276
633;634;Yes;15-nov;14;No;Facing Traffic;C: Possible Injury;Sidewalk / Crosswalk / Driveway Crossing;Black;Male;Greensboro;Guilford;No;01/01/2004;08/09/2011;Motorist Failed to Yield - Midblock;18;Non-Intersection;01/09/2001;01/01/2001 18:06;Motorist Drive Out - Commercial Driveway / Alley;332322;2011;C: Possible Injury;Commercial;30-39;36;No;0-5 mph;O: No Injury;Black;Male;Sport Utility;No;No;Daylight;Urban (>70% Developed);2 lanes;2;Straight - Grade;Public Vehicular Area;Dry;Two-Way, Not Divided;None;Driveway, Private;Smooth Asphalt;Piedmont;Urban;5 - 15 MPH;No Control Present;Clear;No;36.04575, -79.8392
634;635;No;40-49;45;No;With Traffic;C: Possible Injury;Travel Lane;White;Male;Asheville;Buncombe;No;01/01/2003;07/09/2011;Motorist Left Turn / Merge;19;Intersection;01/09/2001;01/01/2001 19:13;Motorist Left Turn - Opposite Direction;111212;2011;C: Possible Injury;Commercial;50-59;57;No;0-5 mph;O: No Injury;Black;Female;Sport Utility;No;No;Daylight;Urban (>70% Developed);2 lanes;2;Straight - Level;Local Street;Wet;One-Way, Not Divided;None;No Special Feature;Smooth Asphalt;Mountains;Urban;20 - 25  MPH;Stop And Go Signal;Rain;No;35.59464, -82.554
642;643;Yes;20-24;23;No;With Traffic;C: Possible Injury;Travel Lane;White;Female;None - Rural Crash;Iredell;No;01/01/2004;22/09/2011;Motorist Left Turn / Merge;17;Intersection;01/09/2001;01/01/2001 17:34;Motorist Left Turn - Opposite Direction;111212;2011;C: Possible Injury;Commercial;70+;NA;No;6-10 mph;O: No Injury;White;Female;Light Truck (Mini-Van, Panel);No;No;Daylight;Urban (>70% Developed);2 lanes;2;Straight - Level;NC Route;Dry;Two-Way, Not Divided;None;Four-Way Intersection;Smooth Asphalt;Piedmont;Rural;50 - 55  MPH;Stop And Go Signal;Clear;No;35.82808, -80.9186
647;648;Yes;50-59;53;No;With Traffic;C: Possible Injury;Travel Lane;White;Male;Concord;Cabarrus;No;01/01/2007;18/09/2011;Motorist Left Turn / Merge;11;Non-Intersection;01/09/2001;01/01/2001 11:28;Motorist Left Turn - Opposite Direction;311212;2011;C: Possible Injury;Commercial;60-69;63;No;0-5 mph;O: No Injury;White;Male;Passenger Car;No;No;Daylight;Urban (>70% Developed);2 lanes;2;Straight - Level;Local Street;Dry;Two-Way, Not Divided;None;Driveway, Public;Smooth Asphalt;Piedmont;Urban;40 - 45  MPH;No Control Present;Cloudy;No;35.40436, -80.7143
652;653;Yes;15-nov;11;No;With Traffic;C: Possible Injury;Sidewalk / Crosswalk / Driveway Crossing;Black;Male;Jacksonville;Onslow;No;01/01/2003;14/09/2011;Motorist Failed to Yield - Sign-Controlled Intersection;7;Intersection;01/09/2001;01/01/2001 07:26;Motorist Drive Out - Sign-Controlled Intersection;131141;2011;C: Possible Injury;Residential;40-49;41;No;0-5 mph;O: No Injury;White;Female;Light Truck (Mini-Van, Panel);No;No;Daylight;Urban (>70% Developed);2 lanes;2;Straight - Level;Local Street;Water (Standing, Moving);Two-Way, Not Divided;None;Four-Way Intersection;Smooth Asphalt;Coastal;Urban;20 - 25  MPH;Stop Sign;Clear;No;34.77825, -77.4309
654;655;Yes;30-39;39;No;With Traffic;C: Possible Injury;Sidewalk / Crosswalk / Driveway Crossing;Black;Male;Charlotte;Mecklenburg;No;01/01/2002;20/09/2011;Motorist Failed to Yield - Signalized Intersection;16;Intersection;01/09/2001;01/01/2001 16:07;Motorist Drive Out - Right Turn on Red;131151;2011;C: Possible Injury;Commercial;30-39;33;No;0-5 mph;O: No Injury;Black;Female;Pickup;No;No;Daylight;Urban (>70% Developed);5 lanes;2;Straight - Level;NC Route;Dry;Two-Way, Divided, Positive Median Barrier;None;Four-Way Intersection;Concrete;Piedmont;Urban;40 - 45  MPH;Stop And Go Signal;Clear;No;35.29545, -80.7552
657;658;Yes;10-juin;6;No;Facing Traffic;B: Evident Injury;Travel Lane;White;Female;Wilmington;New Hanover;No;01/01/2004;15/09/2011;Bicyclist Failed to Yield - Sign-Controlled Intersection;16;Intersection;01/09/2001;01/01/2001 16:15;Bicyclist Ride Through - Sign-Controlled Intersection;112144;2011;B: Evident Injury;Residential;30-39;38;No;26-30 mph;O: No Injury;Black;Female;Van;No;No;Daylight;Urban (>70% Developed);4 lanes;2;Straight - Level;Local Street;Dry;Two-Way, Not Divided;None;No Special Feature;Coarse Asphalt;Coastal;Urban;20 - 25  MPH;Stop Sign;Clear;No;34.18786, -77.8804
666;667;Yes;25-29;27;No;With Traffic;B: Evident Injury;Travel Lane;White;Male;Eastover;Cumberland;No;01/01/2003;28/09/2011;Motorist Left Turn / Merge;19;Intersection;01/09/2001;01/01/2001 19:53;Motorist Left Turn - Opposite Direction;111212;2011;B: Evident Injury;Commercial;60-69;60;No;26-30 mph;O: No Injury;White;Male;Pickup;No;No;Dark - Lighted Roadway;Mixed (30% To 70% Developed);6 lanes;2;Straight - Level;US Route;Dry;Two-Way, Not Divided;None;T-Intersection;Coarse Asphalt;Coastal;Rural;40 - 45  MPH;No Control Present;Clear;No;35.08954, -78.7886
667;668;Yes;50-59;56;No;With Traffic;B: Evident Injury;Travel Lane;White;Male;None - Rural Crash;Lincoln;No;NA;26/09/2011;Head-On;17;Non-Intersection;01/09/2001;01/01/2001 17:15;Head-On - Motorist;311255;2011;B: Evident Injury;Residential;20-24;22;No;46-50 mph;O: No Injury;White;Male;Passenger Car;Yes;No;Daylight;Mixed (30% To 70% Developed);2 lanes;2;Straight - Level;State Secondary Route;Dry;Two-Way, Not Divided;None;No Special Feature;Smooth Asphalt;Piedmont;Rural;30 - 35  MPH;Double Yellow Line, No Passing Zone;Clear;No;35.53872, -81.0252
672;673;No;16-19;16;No;With Traffic;C: Possible Injury;Sidewalk / Crosswalk / Driveway Crossing;Black;Male;Rocky Mount;Edgecombe;No;01/01/2002;09/08/2011;Parallel Paths - Other Circumstances;17;Non-Intersection;01/08/2001;01/01/2001 17:45;Bicyclist Ride Out - Parallel Path;331225;2011;C: Possible Injury;Residential;NA;NA;Missing;6-10 mph;Injury;/Missing;NA;NA;No;Yes;Daylight;Urban (>70% Developed);2 lanes;2;Straight - Level;Local Street;Dry;Two-Way, Not Divided;None;No Special Feature;Smooth Asphalt;Coastal;Urban;30 - 35  MPH;No Control Present;Clear;No;35.9285, -77.7922
684;685;No;60-69;63;No;With Traffic;C: Possible Injury;Travel Lane;White;Female;None - Rural Crash;Onslow;No;01/01/2004;06/10/2011;Motorist Overtaking Bicyclist;15;Non-Intersection;01/10/2001;01/01/2001 15:49;Motorist Overtaking - Misjudged Space;311232;2011;C: Possible Injury;Farms, Woods, Pastures;70+;NA;No;46-50 mph;O: No Injury;White;Male;Pickup;No;No;Daylight;Rural (<30% Developed);4 lanes;2;Straight - Level;NC Route;Dry;Two-Way, Divided, Unprotected Median;None;No Special Feature;Smooth Asphalt;Coastal;Rural;50 - 55  MPH;No Control Present;Clear;No;34.70687, -77.2799
687;688;Yes;50-59;58;No;Facing Traffic;C: Possible Injury;Sidewalk / Crosswalk / Driveway Crossing;White;Male;Winston-Salem;Forsyth;No;01/01/2004;29/09/2011;Motorist Right Turn / Merge;9;Non-Intersection;01/09/2001;01/01/2001 09:04;Motorist Right Turn - Opposite Direction;332214;2011;C: Possible Injury;Commercial;30-39;34;No;0-5 mph;O: No Injury;Black;Female;Passenger Car;No;No;Daylight;Urban (>70% Developed);2 lanes;2;Straight - Grade;Public Vehicular Area;Dry;Two-Way, Not Divided;None;Driveway, Public;Smooth Asphalt;Piedmont;Urban;NA;No Control Present;Clear;No;36.07007, -80.2706
700;701;Yes;50-59;53;Yes;Not Applicable;B: Evident Injury;Travel Lane;Hispanic;Male;Raleigh;Wake;Yes;01/01/2006;08/10/2011;Bicyclist Failed to Yield - Midblock;18;Non-Intersection;01/10/2001;01/01/2001 18:21;Bicyclist Ride Out - Other Midblock;313318;2011;B: Evident Injury;Commercial;30-39;36;No;36-40 mph;O: No Injury;White;Female;Pickup;No;No;Daylight;Urban (>70% Developed);7 lanes;2;Straight - Grade;Local Street;Dry;Two-Way, Divided, Positive Median Barrier;None;Bridge;Smooth Asphalt;Piedmont;Urban;40 - 45  MPH;Stop And Go Signal;Clear;No;35.79254, -78.5853
703;704;Yes;15-nov;15;No;With Traffic;B: Evident Injury;Travel Lane;White;Male;Wesley Chapel;Union;No;NA;17/10/2011;Bicyclist Overtaking Motorist;18;Intersection;01/10/2001;01/01/2001 18:51;Bicyclist Overtaking - Passing on Left;111242;2011;B: Evident Injury;Residential;40-49;44;No;0-5 mph;O: No Injury;White;Female;Sport Utility;No;No;Daylight;Urban (>70% Developed);2 lanes;2;Straight - Level;State Secondary Route;Dry;Two-Way, Not Divided;None;T-Intersection;Smooth Asphalt;Piedmont;Rural;30 - 35  MPH;Stop Sign;Clear;No;34.9996, -80.6868
233;234;Yes;40-49;43;No;Facing Traffic;B: Evident Injury;Sidewalk / Crosswalk / Driveway Crossing;White;Male;Charlotte;Mecklenburg;No;01/01/2002;04/05/2010;Motorist Failed to Yield - Sign-Controlled Intersection;18;Intersection;01/05/2001;01/01/2001 18:29;Motorist Drive Through - Sign-Controlled Intersection;0;2010;B: Evident Injury;Residential;0-19;19;No;6-10 mph;O: No Injury;White;Male;Sport Utility;No;No;Daylight;Urban (>70% Developed);4 lanes;2;Straight - Level;Local Street;Dry;Two-Way, Divided, Unprotected Median;None;No Special Feature;Smooth Asphalt;Piedmont;Urban;20 - 25  MPH;Stop Sign;Clear;No;35.313316, -80.70392
238;239;Yes;40-49;42;No;Facing Traffic;C: Possible Injury;Sidewalk / Crosswalk / Driveway Crossing;Black;Male;Monroe;Union;No;01/01/2005;07/05/2010;Motorist Left Turn / Merge;14;Non-Intersection;01/05/2001;01/01/2001 14:39;Motorist Left Turn - Same Direction;0;2010;C: Possible Injury;Residential;30-39;30;No;NA;O: No Injury;White;Female;Passenger Car;No;No;Daylight;Urban (>70% Developed);2 lanes;2;Straight - Grade;Local Street;Dry;Two-Way, Not Divided;None;T-Intersection;Smooth Asphalt;Piedmont;Urban;30 - 35  MPH;No Control Present;Clear;No;34.971016, -80.53433
241;242;Yes;10-juin;9;No;Not Applicable;B: Evident Injury;Driveway / Alley;Black;Female;Charlotte;Mecklenburg;No;01/01/2004;06/05/2010;Loss of Control / Turning Error;15;Non-Intersection;01/05/2001;01/01/2001 15:31;Bicyclist Lost Control - Other /;0;2010;B: Evident Injury;Institutional;20-24;24;No;21-25 mph;O: No Injury;White;Male;Passenger Car;No;No;Daylight;Mixed (30% To 70% Developed);2 lanes;2;Straight - Grade;Local Street;Dry;Two-Way, Not Divided;None;No Special Feature;Smooth Asphalt;Piedmont;Urban;20 - 25  MPH;No Control Present;Clear;No;35.243065, -80.84165
243;244;Yes;10-juin;10;No;Not Applicable;B: Evident Injury;Travel Lane;Black;Male;Hope Mills;Cumberland;No;01/01/2003;10/03/2010;Bicyclist Failed to Yield - Midblock;17;Non-Intersection;01/03/2001;01/01/2001 17:49;Multiple Threat - Midblock;0;2010;B: Evident Injury;Commercial;0-19;19;No;11-15 mph;O: No Injury;Hispanic;Male;Passenger Car;No;No;Dusk;Urban (>70% Developed);7 lanes;2;Straight - Level;Local Street;Wet;Two-Way, Divided, Unprotected Median;None;No Special Feature;Coarse Asphalt;Coastal;Urban;30 - 35  MPH;No Control Present;Cloudy;No;35.005283, -78.96676
256;257;No;15-nov;13;No;With Traffic;B: Evident Injury;Travel Lane;Black;Male;Charlotte;Mecklenburg;No;01/01/2004;06/05/2010;Bicyclist Failed to Yield - Sign-Controlled Intersection;18;Intersection;01/05/2001;01/01/2001 18:04;Bicyclist Ride Through - Sign-Controlled Intersection;0;2010;B: Evident Injury;Residential;60-69;61;No;21-25 mph;O: No Injury;Black;Male;Sport Utility;No;No;Daylight;Urban (>70% Developed);2 lanes;2;Curve - Grade;Local Street;Dry;Two-Way, Not Divided;None;No Special Feature;Smooth Asphalt;Piedmont;Urban;20 - 25  MPH;No Control Present;Clear;No;35.252823, -80.87826
265;266;Yes;15-nov;14;No;With Traffic;C: Possible Injury;Travel Lane;Native American;Male;None - Rural Crash;Robeson;No;01/01/2004;13/05/2010;Motorist Overtaking Bicyclist;19;Non-Intersection;01/05/2001;01/01/2001 19:51;Motorist Overtaking - Other /;0;2010;C: Possible Injury;Farms, Woods, Pastures;NA;NA;No;11-15 mph;Injury;/Missing;NA;NA;No;Yes;Dawn;Rural (<30% Developed);2 lanes;2;Straight - Level;State Secondary Route;Dry;Two-Way, Not Divided;None;No Special Feature;Coarse Asphalt;Coastal;Rural;50 - 55  MPH;No Control Present;Clear;No;34.72006, -79.21164
269;270;Yes;50-59;50;No;Facing Traffic;C: Possible Injury;Travel Lane;Black;Male;Tarboro;Edgecombe;No;01/01/2003;12/05/2010;Motorist Failed to Yield - Sign-Controlled Intersection;20;Intersection;01/05/2001;01/01/2001 20:39;Motorist Drive Out - Sign-Controlled Intersection;0;2010;C: Possible Injury;Residential;40-49;40;No;0-5 mph;O: No Injury;White;Female;Passenger Car;No;No;Dark - Lighted Roadway;Urban (>70% Developed);2 lanes;2;Straight - Level;Local Street;Dry;Two-Way, Not Divided;None;Four-Way Intersection;Smooth Asphalt;Coastal;Urban;20 - 25  MPH;Stop Sign;Clear;No;35.91742, -77.545296
276;277;Yes;30-39;31;No;With Traffic;C: Possible Injury;Travel Lane;White;Male;Charlotte;Mecklenburg;No;01/01/2005;14/05/2010;Motorist Overtaking Bicyclist;16;Non-Intersection;01/05/2001;01/01/2001 16:15;Motorist Overtaking - Misjudged Space;0;2010;C: Possible Injury;Commercial;NA;NA;Missing;NA;Injury;/Missing;NA;NA;No;No;Daylight;Urban (>70% Developed);4 lanes;2;Straight - Level;Local Street;Dry;Two-Way, Divided, Unprotected Median;None;No Special Feature;Smooth Asphalt;Piedmont;Urban;NA;No Control Present;Clear;No;35.224773, -80.84032
290;291;No;20-24;21;No;Not Applicable;C: Possible Injury;Non-Roadway;White;Male;Wilmington;New Hanover;No;01/01/2004;20/05/2010;Non-Roadway;14;Non-Roadway;01/05/2001;01/01/2001 14:16;Non-Roadway;0;2010;C: Possible Injury;Commercial;70+;NA;No;11-15 mph;O: No Injury;White;Male;Passenger Car;No;No;Daylight;Urban (>70% Developed);2 lanes;2;Straight - Level;Public Vehicular Area;Dry;Two-Way, Not Divided;None;Driveway, Public;Smooth Asphalt;Coastal;Urban;NA;No Control Present;Clear;No;34.235115, -77.87595
297;298;Yes;15-nov;11;No;Facing Traffic;B: Evident Injury;Travel Lane;Black;Male;Raleigh;Wake;No;01/01/2007;25/04/2010;Bicyclist Failed to Yield - Sign-Controlled Intersection;18;Intersection;01/04/2001;01/01/2001 18:48;Bicyclist Ride Out - Sign-Controlled Intersection;0;2010;B: Evident Injury;Residential;20-24;20;No;31-35 mph;O: No Injury;Black;Female;Passenger Car;No;No;Daylight;Mixed (30% To 70% Developed);2 lanes;2;Straight - Level;Local Street;Dry;Two-Way, Divided, Unprotected Median;None;Four-Way Intersection;Smooth Asphalt;Piedmont;Urban;40 - 45  MPH;Stop Sign;Clear;No;35.75846, -78.56114
300;301;Yes;15-nov;12;No;Not Applicable;B: Evident Injury;Non-Roadway;White;Male;Raleigh;Wake;No;01/01/2002;04/05/2010;Non-Roadway;18;Non-Roadway;01/05/2001;01/01/2001 18:38;Non-Roadway;0;2010;B: Evident Injury;Residential;40-49;43;No;0-5 mph;O: No Injury;White;Female;Sport Utility;No;No;Daylight;Urban (>70% Developed);2 lanes;2;Straight - Level;Public Vehicular Area;Dry;Two-Way, Not Divided;None;No Special Feature;Smooth Asphalt;Piedmont;Urban;20 - 25  MPH;No Control Present;Clear;No;35.895878, -78.80038
305;306;Yes;25-29;26;No;Facing Traffic;B: Evident Injury;Bike Lane / Paved Shoulder;White;Male;None - Rural Crash;Wilkes;No;01/01/2002;08/06/2010;Head-On;18;Non-Intersection;01/06/2001;01/01/2001 18:22;Head-On - Bicyclist;0;2010;B: Evident Injury;Farms, Woods, Pastures;NA;NA;Missing;51-55 mph;Injury;/Missing;NA;Passenger Car;No;Yes;Daylight;Rural (<30% Developed);2 lanes;2;Straight - Grade;NC Route;Dry;Two-Way, Not Divided;None;No Special Feature;Smooth Asphalt;Mountains;Rural;50 - 55  MPH;Double Yellow Line, No Passing Zone;Clear;No;36.100285, -81.27523
314;315;Yes;40-49;47;No;With Traffic;B: Evident Injury;Sidewalk / Crosswalk / Driveway Crossing;White;Male;Wilmington;New Hanover;No;NA;10/05/2010;Bicyclist Failed to Yield - Sign-Controlled Intersection;13;Intersection;01/05/2001;01/01/2001 13:30;Bicyclist Ride Out - Sign-Controlled Intersection;0;2010;B: Evident Injury;Commercial;60-69;63;No;16-20 mph;O: No Injury;White;Female;Van;No;No;Daylight;Urban (>70% Developed);2 lanes;2;Straight - Level;Local Street;Dry;Two-Way, Not Divided;None;No Special Feature;Smooth Asphalt;Coastal;Urban;30 - 35  MPH;Stop Sign;Clear;No;34.19374, -77.935486
320;321;No;30-39;38;Yes;With Traffic;O: No Injury;Travel Lane;White;Male;Siler City;Chatham;Yes;01/01/2005;28/05/2010;Motorist Overtaking Bicyclist;22;Non-Intersection;01/05/2001;01/01/2001 22:34;Motorist Overtaking - Other /;0;2010;O: No Injury;Residential;0-19;19;No;41-45 mph;O: No Injury;White;Male;Sport Utility;No;No;Dark - Lighted Roadway;Urban (>70% Developed);4 lanes;2;Straight - Level;Local Street;Dry;Two-Way, Not Divided;None;No Special Feature;Smooth Asphalt;Piedmont;Urban;40 - 45  MPH;No Control Present;Clear;No;35.708046, -79.45275
321;322;No;20-24;20;No;With Traffic;C: Possible Injury;Travel Lane;Black;Male;Wilmington;New Hanover;No;01/01/2005;28/05/2010;Bicyclist Failed to Yield - Sign-Controlled Intersection;14;Intersection;01/05/2001;01/01/2001 14:04;Bicyclist Ride Out - Sign-Controlled Intersection;0;2010;C: Possible Injury;Residential;30-39;34;No;21-25 mph;O: No Injury;Black;Male;Sport Utility;No;No;Daylight;Urban (>70% Developed);4 lanes;2;Straight - Level;Local Street;Dry;Two-Way, Divided, Unprotected Median;None;Four-Way Intersection;Coarse Asphalt;Coastal;Urban;20 - 25  MPH;Stop Sign;Clear;No;34.242527, -77.94402
328;329;No;20-24;20;No;Facing Traffic;C: Possible Injury;Sidewalk / Crosswalk / Driveway Crossing;Black;Male;Fayetteville;Cumberland;No;NA;14/06/2010;Motorist Right Turn / Merge;14;Non-Intersection;01/06/2001;01/01/2001 14:15;Motorist Right Turn - Opposite Direction;0;2010;C: Possible Injury;Commercial;30-39;32;No;6-10 mph;O: No Injury;White;Male;Pickup;No;No;Daylight;Urban (>70% Developed);NA;2;Straight - Level;Public Vehicular Area;Dry;Two-Way, Not Divided;None;Driveway, Public;Coarse Asphalt;Coastal;Urban;30 - 35  MPH;No Control Present;Clear;No;35.077953, -78.954994
329;330;No;25-29;25;No;With Traffic;C: Possible Injury;Travel Lane;White;Male;Charlotte;Mecklenburg;No;01/01/2002;25/05/2010;Bicyclist Overtaking Motorist;18;Non-Intersection;01/05/2001;01/01/2001 18:51;Bicyclist Overtaking - Other /;0;2010;C: Possible Injury;Commercial;20-24;20;No;11-15 mph;O: No Injury;Black;Female;Passenger Car;No;No;Daylight;Urban (>70% Developed);4 lanes;2;Straight - Level;Local Street;Dry;Two-Way, Not Divided;None;No Special Feature;Smooth Asphalt;Piedmont;Urban;30 - 35  MPH;No Control Present;Clear;No;35.201756, -80.84449
330;331;Yes;50-59;55;No;Facing Traffic;C: Possible Injury;Travel Lane;Hispanic;Male;Garner;Wake;No;01/01/2003;26/05/2010;Crossing Paths - Other Circumstances;7;Non-Intersection;01/05/2001;01/01/2001 07:20;Crossing Paths - Midblock - Other /;0;2010;C: Possible Injury;Commercial;50-59;59;No;41-45 mph;O: No Injury;Black;Female;Sport Utility;No;No;Daylight;Urban (>70% Developed);4 lanes;2;Straight - Level;Local Street;Dry;Two-Way, Divided, Unprotected Median;None;T-Intersection;Coarse Asphalt;Piedmont;Urban;40 - 45  MPH;No Control Present;Clear;No;35.72011, -78.6539
331;332;Yes;40-49;44;Yes;With Traffic;A: Disabling Injury;Travel Lane;White;Male;None - Rural Crash;Bladen;Yes;01/01/2004;27/05/2010;Motorist Overtaking Bicyclist;5;Non-Intersection;01/05/2001;01/01/2001 05:09;Motorist Overtaking - Undetected Bicyclist;0;2010;A: Disabling Injury;Farms, Woods, Pastures;40-49;47;No;51-55 mph;O: No Injury;White;Male;Pickup;No;No;Dark - Roadway Not Lighted;Rural (<30% Developed);2 lanes;2;Straight - Level;NC Route;Dry;Two-Way, Not Divided;None;No Special Feature;Coarse Asphalt;Coastal;Rural;50 - 55  MPH;Double Yellow Line, No Passing Zone;Clear;No;34.66026, -78.4578