FID;OBJECTID;AmbulanceR;BikeAge_Gr;Bike_Age;Bike_Alc_D;Bike_Dir;Bike_Injur;Bike_Pos;Bike_Race;Bike_Sex;City;County;CrashAlcoh;CrashDay;Crash_Date;Crash_Grp;Crash_Hour;Crash_Loc;Crash_Mont;Crash_Time;Crash_Type;Crash_Ty_1;Crash_Year;Crsh_Sevri;Developmen;DrvrAge_Gr;Drvr_Age;Drvr_Alc_D;Drvr_EstSp;Drvr_Injur;Drvr_Race;Drvr_Sex;Drvr_VehTy;ExcsSpdInd;Hit_Run;Light_Cond;Locality;Num_Lanes;Num_Units;Rd_Charact;Rd_Class;Rd_Conditi;Rd_Config;Rd_Defects;Rd_Feature;Rd_Surface;Region;Rural_Urba;Speed_Limi;Traff_Cntr;Weather;Workzone_I;Location
281;282;Yes;15-nov;13;No;Facing Traffic;C: Possible Injury;Sidewalk / Crosswalk / Driveway Crossing;White;Male;Asheville;Buncombe;No;NA;28/04/2008;Parallel Paths - Other Circumstances;18;Non-Intersection;01/04/2001;01/01/2001 18:39;Bicyclist Ride Out - Parallel Path;332225;2008;C: Possible Injury;Commercial;50-59;50;No;11-15 mph;O: No Injury;White;Male;Sport Utility;No;No;Daylight;Urban (>70% Developed);4 lanes;2;Straight - Grade;Local Street;Dry;Two-Way, Divided, Positive Median Barrier;None;No Special Feature;Smooth Asphalt;Mountains;Urban;30 - 35  MPH;No Control Present;Clear;No;0.0, 0.0
283;284;Yes;16-19;17;No;With Traffic;B: Evident Injury;Travel Lane;White;Male;None - Rural Crash;Swain;No;01/01/2005;06/06/2008;Head-On;15;Non-Intersection;01/06/2001;01/01/2001 15:31;Head-On - Bicyclist;311250;2008;B: Evident Injury;Farms, Woods, Pastures;40-49;48;No;16-20 mph;O: No Injury;White;Female;School Bus;No;No;Daylight;Rural (<30% Developed);2 lanes;2;Straight - Grade;State Secondary Route;Dry;Two-Way, Not Divided;None;No Special Feature;Coarse Asphalt;Mountains;Rural;30 - 35  MPH;No Control Present;Clear;No;0.0, 0.0
291;292;No;40-49;48;No;With Traffic;B: Evident Injury;Travel Lane;White;Female;None - Rural Crash;Durham;No;01/01/2007;04/05/2008;Motorist Overtaking Bicyclist;12;Non-Intersection;01/05/2001;01/01/2001 12:32;Motorist Overtaking - Other /;311239;2008;B: Evident Injury;Residential;70+;NA;No;41-45 mph;O: No Injury;White;Female;Light Truck (Mini-Van, Panel);No;No;Daylight;Rural (<30% Developed);2 lanes;2;Straight - Level;State Secondary Route;Dry;Two-Way, Not Divided;None;No Special Feature;Coarse Asphalt;Piedmont;Rural;40 - 45  MPH;Missing;Other;No;0.0, 0.0
297;298;No;25-29;27;No;With Traffic;B: Evident Injury;Sidewalk / Crosswalk / Driveway Crossing;White;Female;Chapel Hill;Orange;No;01/01/2002;06/05/2008;Motorist Right Turn / Merge;20;Non-Intersection;01/05/2001;01/01/2001 20:33;Motorist Right Turn - Same Direction;331213;2008;B: Evident Injury;Commercial;20-24;21;No;11-15 mph;O: No Injury;White;Female;Sport Utility;No;No;Dusk;Urban (>70% Developed);2 lanes;2;Straight - Hillcrest;Public Vehicular Area;Dry;Two-Way, Not Divided;None;Driveway, Private;Smooth Asphalt;Piedmont;Urban;5 - 15 MPH;Missing;Clear;No;0.0, 0.0
298;299;Yes;20-24;24;No;With Traffic;B: Evident Injury;Travel Lane;White;Male;Raleigh;Wake;No;01/01/2002;06/05/2008;Bicyclist Left Turn / Merge;7;Non-Intersection;01/05/2001;01/01/2001 07:18;Bicyclist Left Turn - Same Direction;311221;2008;B: Evident Injury;Commercial;40-49;40;No;31-35 mph;O: No Injury;Black;Female;Sport Utility;Yes;No;Daylight;Urban (>70% Developed);5 lanes;2;Straight - Level;Local Street;Dry;Two-Way, Not Divided;None;No Special Feature;Smooth Asphalt;Piedmont;Urban;20 - 25  MPH;School Zone Signs;Clear;No;0.0, 0.0
306;307;Yes;16-19;16;No;With Traffic;Injury;Bike Lane / Paved Shoulder;/Missing;NA;Belmont;Gaston;No;01/01/2003;07/05/2008;Motorist Left Turn / Merge;16;Intersection;01/05/2001;01/01/2001 16:48;Motorist Left Turn - Opposite Direction;121212;2008;O: No Injury;Commercial;20-24;24;No;6-10 mph;O: No Injury;White;Male;Passenger Car;No;No;Daylight;Urban (>70% Developed);7 lanes;2;Straight - Level;US Route;Dry;Two-Way, Divided, Positive Median Barrier;None;Four-Way Intersection;Coarse Asphalt;Piedmont;Urban;40 - 45  MPH;Stop And Go Signal;Clear;No;0.0, 0.0
308;309;Yes;30-39;33;No;Facing Traffic;C: Possible Injury;Sidewalk / Crosswalk / Driveway Crossing;Hispanic;Male;Raleigh;Wake;No;01/01/2005;28/03/2008;Parallel Paths - Other Circumstances;1;Non-Intersection;01/03/2001;01/01/2001 01:37;Bicyclist Ride Out - Parallel Path;332225;2008;C: Possible Injury;Commercial;40-49;45;No;31-35 mph;O: No Injury;White;Male;Tractor/Semi-Trailer;No;No;Dark - Lighted Roadway;Urban (>70% Developed);8 lanes;2;Straight - Level;Local Street;Dry;Two-Way, Divided, Unprotected Median;None;No Special Feature;Grooved Concrete;Piedmont;Urban;40 - 45  MPH;Missing;Clear;No;0.0, 0.0
312;313;No;16-19;18;No;With Traffic;C: Possible Injury;Travel Lane;Black;Female;Enfield;Halifax;No;01/01/2006;10/05/2008;Loss of Control / Turning Error;18;Intersection;01/05/2001;01/01/2001 17:59;Bicyclist Turning Error - Right Turn;111115;2008;C: Possible Injury;Residential;25-29;28;No;NA;O: No Injury;Black;Female;Passenger Car;No;No;Daylight;Mixed (30% To 70% Developed);2 lanes;2;Straight - Level;Local Street;Dry;Two-Way, Not Divided;None;No Special Feature;Coarse Asphalt;Coastal;Rural;20 - 25  MPH;Stop And Go Signal;Clear;No;0.0, 0.0
314;315;No;25-29;26;Yes;With Traffic;C: Possible Injury;Travel Lane;Hispanic;Male;None - Rural Crash;New Hanover;Yes;01/01/2006;10/05/2008;Bicyclist Left Turn / Merge;12;Non-Intersection;01/05/2001;01/01/2001 12:49;Bicyclist Left Turn - Same Direction;311221;2008;C: Possible Injury;Residential;20-24;24;No;31-35 mph;O: No Injury;Black;Female;Passenger Car;No;No;Daylight;Mixed (30% To 70% Developed);2 lanes;2;Straight - Level;US Route;Dry;Two-Way, Divided, Unprotected Median;None;Merge Lane Between On And Off Ramp;Coarse Asphalt;Coastal;Rural;40 - 45  MPH;No Control Present;Clear;No;0.0, 0.0
315;316;Yes;30-39;38;Yes;With Traffic;C: Possible Injury;Travel Lane;Black;Male;Salisbury;Rowan;Yes;NA;09/06/2008;Crossing Paths - Other Circumstances;15;Intersection;01/06/2001;01/01/2001 15:25;Signalized Intersection - Other /;111158;2008;C: Possible Injury;Residential;NA;NA;Missing;21-25 mph;Injury;/Missing;NA;Passenger Car;No;Yes;Daylight;Urban (>70% Developed);4 lanes;2;Straight - Level;Local Street;Dry;Two-Way, Not Divided;None;Four-Way Intersection;Smooth Asphalt;Piedmont;Urban;20 - 25  MPH;Stop And Go Signal;Clear;No;0.0, 0.0
322;323;No;40-49;48;Yes;NA;C: Possible Injury;NA;Black;Male;Raleigh;Wake;Yes;01/01/2003;30/04/2008;Bicyclist Failed to Yield - Midblock;22;Non-Intersection;01/04/2001;01/01/2001 21:59;Bicyclist Ride Out - Midblock -;399319;2008;C: Possible Injury;Commercial;30-39;38;No;41-45 mph;O: No Injury;Black;Female;Passenger Car;No;No;Dark - Lighted Roadway;Urban (>70% Developed);NA;2;NA;Local Street;Dry;NA;None;No Special Feature;NA;Piedmont;Urban;40 - 45  MPH;Missing;Clear;No;0.0, 0.0
333;334;Yes;15-nov;11;No;NA;B: Evident Injury;NA;Black;Female;Asheboro;Randolph;No;01/01/2004;15/05/2008;Bicyclist Failed to Yield - Midblock;14;Non-Intersection;01/05/2001;01/01/2001 14:41;Bicyclist Ride Out - Midblock -;399319;2008;B: Evident Injury;Commercial;70+;NA;No;0-5 mph;O: No Injury;White;Female;Passenger Car;No;No;Daylight;Urban (>70% Developed);2 lanes;2;Straight - Grade;Local Street;Dry;Two-Way, Not Divided;None;No Special Feature;Coarse Asphalt;Piedmont;Urban;20 - 25  MPH;Missing;Cloudy;No;0.0, 0.0
338;339;No;30-39;39;No;With Traffic;O: No Injury;NA;Other;Male;Charlotte;Mecklenburg;No;01/01/2005;20/06/2008;Bicyclist Failed to Yield - Signalized Intersection;7;Intersection;01/06/2001;01/01/2001 07:02;Bicyclist Failed to Clear - Trapped;191156;2008;O: No Injury;Commercial;25-29;28;No;6-10 mph;O: No Injury;Black;Female;Passenger Car;No;No;Daylight;Urban (>70% Developed);6 lanes;2;Straight - Level;Local Street;Dry;Two-Way, Divided, Unprotected Median;None;Four-Way Intersection;Smooth Asphalt;Piedmont;Urban;30 - 35  MPH;Stop And Go Signal;Clear;No;0.0, 0.0
342;343;Yes;30-39;32;No;NA;B: Evident Injury;NA;White;Female;Fayetteville;Cumberland;No;NA;19/05/2008;Motorist Failed to Yield - Sign-Controlled Intersection;19;Intersection;01/05/2001;01/01/2001 19:06;Motorist Drive Out - Sign-Controlled Intersection;199141;2008;B: Evident Injury;Residential;70+;NA;No;0-5 mph;O: No Injury;Black;Male;Pickup;No;No;Daylight;Urban (>70% Developed);6 lanes;2;Straight - Level;Local Street;Dry;Two-Way, Divided, Unprotected Median;None;Four-Way Intersection;Smooth Asphalt;Coastal;Urban;40 - 45  MPH;Stop Sign;Clear;No;0.0, 0.0
343;344;No;NA;NA;No;Not Applicable;O: No Injury;NA;Other;Male;Washington;Beaufort;No;01/01/2007;18/05/2008;Crossing Paths - Other Circumstances;20;Non-Intersection;01/05/2001;01/01/2001 20:37;Crossing Paths - Midblock - Other /;393380;2008;O: No Injury;Commercial;70+;NA;No;NA;O: No Injury;White;Male;Pickup;No;No;Dusk;Urban (>70% Developed);NA;2;NA;Local Street;Wet;NA;None;No Special Feature;NA;Coastal;Urban;NA;Missing;Rain;No;0.0, 0.0
344;345;Yes;0-5;5;No;With Traffic;B: Evident Injury;Travel Lane;White;Male;Greensboro;Guilford;No;NA;19/05/2008;Bicyclist Failed to Yield - Sign-Controlled Intersection;18;Intersection;01/05/2001;01/01/2001 18:44;Bicyclist Ride Through - Sign-Controlled Intersection;111144;2008;B: Evident Injury;Residential;25-29;29;No;21-25 mph;O: No Injury;White;Male;Passenger Car;No;No;Daylight;Urban (>70% Developed);4 lanes;2;Straight - Level;Local Street;Dry;Two-Way, Not Divided;None;T-Intersection;Smooth Asphalt;Piedmont;Urban;20 - 25  MPH;Stop Sign;Clear;No;0.0, 0.0
350;351;Yes;50-59;53;No;With Traffic;B: Evident Injury;Travel Lane;White;Male;Durham;Durham;No;01/01/2003;18/06/2008;Motorist Overtaking Bicyclist;18;Intersection;01/06/2001;01/01/2001 18:13;Motorist Overtaking - Other /;111239;2008;B: Evident Injury;Residential;30-39;33;No;NA;B: Evident Injury;Black;Male;Motorcycle;No;No;Daylight;Urban (>70% Developed);2 lanes;2;Straight - Grade;Local Street;Dry;Two-Way, Not Divided;None;No Special Feature;Smooth Asphalt;Piedmont;Urban;30 - 35  MPH;No Control Present;Clear;No;0.0, 0.0
354;355;Yes;0-5;4;No;Not Applicable;C: Possible Injury;Non-Roadway;Black;Male;Mount Olive;Wayne;No;01/01/2004;22/05/2008;Bicyclist Failed to Yield - Midblock;18;Non-Intersection;01/05/2001;01/01/2001 18:19;Bicyclist Ride Out - Other Midblock;363318;2008;C: Possible Injury;Residential;40-49;40;No;6-10 mph;O: No Injury;Black;Male;Pickup;No;No;Daylight;Urban (>70% Developed);2 lanes;2;Straight - Level;Local Street;Dry;Two-Way, Not Divided;None;No Special Feature;Smooth Asphalt;Coastal;Rural;30 - 35  MPH;Missing;Clear;No;0.0, 0.0
359;360;No;50-59;50;No;Facing Traffic;C: Possible Injury;Sidewalk / Crosswalk / Driveway Crossing;Black;Male;Wilmington;New Hanover;No;01/01/2004;15/05/2008;Motorist Failed to Yield - Midblock;12;Non-Intersection;01/05/2001;01/01/2001 12:53;Motorist Drive Out - Other Midblock;332328;2008;C: Possible Injury;Commercial;20-24;24;No;NA;O: No Injury;White;Female;Passenger Car;No;No;Daylight;Urban (>70% Developed);4 lanes;2;Straight - Level;Local Street;Dry;Two-Way, Divided, Positive Median Barrier;None;Driveway, Public;Concrete;Coastal;Urban;NA;Missing;Fog, Smog, Smoke;No;0.0, 0.0
360;361;No;20-24;20;No;With Traffic;Injury;Travel Lane;White;Male;Chapel Hill;Orange;No;01/01/2006;24/05/2008;Motorist Failed to Yield - Midblock;9;Non-Intersection;01/05/2001;01/01/2001 09:55;Motorist Drive Out - Residential Driveway;311321;2008;O: No Injury;Residential;20-24;22;No;NA;O: No Injury;White;Male;Passenger Car;No;No;Daylight;Urban (>70% Developed);2 lanes;2;Straight - Grade;Local Street;Dry;Two-Way, Not Divided;None;No Special Feature;Smooth Asphalt;Piedmont;Urban;20 - 25  MPH;Missing;Cloudy;No;0.0, 0.0
361;362;Yes;10-juin;9;No;With Traffic;B: Evident Injury;Travel Lane;Hispanic;Male;Durham;Durham;No;01/01/2002;24/06/2008;Motorist Failed to Yield - Sign-Controlled Intersection;16;Intersection;01/06/2001;01/01/2001 16:49;Motorist Drive Out - Sign-Controlled Intersection;111141;2008;B: Evident Injury;Residential;NA;NA;No;NA;Injury;/Missing;NA;Passenger Car;No;Yes;Daylight;Mixed (30% To 70% Developed);2 lanes;2;Straight - Level;Local Street;Dry;Two-Way, Not Divided;None;No Special Feature;Smooth Asphalt;Piedmont;Urban;NA;Stop Sign;Clear;No;0.0, 0.0
364;365;Yes;10-juin;8;No;With Traffic;C: Possible Injury;Travel Lane;Black;Male;High Point;Guilford;No;01/01/2007;25/05/2008;Bicyclist Failed to Yield - Sign-Controlled Intersection;19;Intersection;01/05/2001;01/01/2001 19:29;Bicyclist Ride Through - Sign-Controlled Intersection;111144;2008;C: Possible Injury;Residential;20-24;24;No;6-10 mph;O: No Injury;Black;Female;Passenger Car;No;No;Daylight;Mixed (30% To 70% Developed);2 lanes;2;Straight - Level;Local Street;Dry;Two-Way, Not Divided;None;No Special Feature;Coarse Asphalt;Piedmont;Urban;20 - 25  MPH;Stop Sign;Clear;No;0.0, 0.0
368;369;Yes;15-nov;13;No;NA;C: Possible Injury;NA;Black;Male;Charlotte;Mecklenburg;No;01/01/2004;26/06/2008;Bicyclist Failed to Yield - Midblock;21;Non-Intersection;01/06/2001;01/01/2001 21:10;Bicyclist Ride Out - Midblock -;399319;2008;C: Possible Injury;Commercial;0-19;18;No;31-35 mph;O: No Injury;Black;Female;Passenger Car;No;No;Dark - Lighted Roadway;Urban (>70% Developed);4 lanes;2;Straight - Level;Local Street;Dry;Two-Way, Not Divided;None;No Special Feature;Smooth Asphalt;Piedmont;Urban;30 - 35  MPH;No Control Present;Cloudy;No;0.0, 0.0
382;383;Yes;40-49;43;No;With Traffic;C: Possible Injury;Travel Lane;Black;Female;High Point;Guilford;No;01/01/2005;06/06/2008;Loss of Control / Turning Error;18;Intersection;01/06/2001;01/01/2001 18:33;Bicyclist Lost Control - Other /;111129;2008;C: Possible Injury;Residential;40-49;44;No;31-35 mph;O: No Injury;White;Male;Passenger Car;No;No;Daylight;Urban (>70% Developed);2 lanes;2;Straight - Bottom;Local Street;Dry;Two-Way, Not Divided;None;Four-Way Intersection;Smooth Asphalt;Piedmont;Urban;30 - 35  MPH;Yield Sign;Clear;No;0.0, 0.0
383;384;Yes;40-49;48;No;Not Applicable;C: Possible Injury;Non-Roadway;White;Male;Salisbury;Rowan;No;NA;30/06/2008;Non-Roadway;9;Non-Roadway;01/06/2001;01/01/2001 09:42;Non-Roadway;460910;2008;C: Possible Injury;Commercial;60-69;62;No;0-5 mph;O: No Injury;White;Male;Pickup;No;No;Daylight;Urban (>70% Developed);NA;2;Straight - Grade;Public Vehicular Area;Dry;One-Way, Not Divided;None;Driveway, Public;Smooth Asphalt;Piedmont;Urban;5 - 15 MPH;No Control Present;Clear;No;0.0, 0.0
403;404;Yes;15-nov;13;No;With Traffic;B: Evident Injury;Bike Lane / Paved Shoulder;Asian;Male;None - Rural Crash;Cumberland;No;01/01/2003;18/06/2008;Bicyclist Left Turn / Merge;20;Non-Intersection;01/06/2001;01/01/2001 20:29;Bicyclist Left Turn - Same Direction;321221;2008;B: Evident Injury;Residential;30-39;36;No;31-35 mph;O: No Injury;White;Female;Passenger Car;No;No;Daylight;Urban (>70% Developed);2 lanes;2;Straight - Level;State Secondary Route;Dry;Two-Way, Not Divided;None;No Special Feature;Coarse Asphalt;Coastal;Rural;30 - 35  MPH;Double Yellow Line, No Passing Zone;Clear;No;0.0, 0.0
404;405;No;0-5;4;No;Not Applicable;C: Possible Injury;NA;Black;Male;Washington;Beaufort;No;01/01/2003;18/06/2008;Bicyclist Failed to Yield - Midblock;19;Non-Intersection;01/06/2001;01/01/2001 18:59;Bicyclist Ride Out - Midblock -;393319;2008;C: Possible Injury;Commercial;60-69;67;No;21-25 mph;O: No Injury;White;Male;Sport Utility;No;No;Daylight;Mixed (30% To 70% Developed);4 lanes;2;Straight - Level;Local Street;Dry;Two-Way, Not Divided;None;No Special Feature;Coarse Asphalt;Coastal;Urban;30 - 35  MPH;No Control Present;Clear;No;0.0, 0.0
407;408;No;30-39;32;No;Facing Traffic;B: Evident Injury;Bike Lane / Paved Shoulder;Hispanic;Male;Chapel Hill;Orange;No;01/01/2002;10/06/2008;Motorist Failed to Yield - Sign-Controlled Intersection;15;Intersection;01/06/2001;01/01/2001 15:28;Motorist Drive Out - Sign-Controlled Intersection;122141;2008;B: Evident Injury;Residential;20-24;21;No;0-5 mph;O: No Injury;White;Male;Passenger Car;No;No;Daylight;Urban (>70% Developed);2 lanes;2;Straight - Level;Local Street;Dry;Two-Way, Not Divided;None;T-Intersection;Smooth Asphalt;Piedmont;Urban;20 - 25  MPH;Stop Sign;Clear;No;0.0, 0.0
412;413;Yes;15-nov;13;No;NA;C: Possible Injury;NA;White;Female;Black Mountain;Buncombe;No;01/01/2003;11/06/2008;Bicyclist Failed to Yield - Midblock;16;Non-Intersection;01/06/2001;01/01/2001 16:47;Multiple Threat - Midblock;399357;2008;C: Possible Injury;Commercial;30-39;35;No;6-10 mph;O: No Injury;White;Male;Sport Utility;No;No;Daylight;Mixed (30% To 70% Developed);2 lanes;2;Straight - Level;Local Street;Dry;Two-Way, Not Divided;None;No Special Feature;Other;Mountains;Urban;20 - 25  MPH;Missing;Clear;No;0.0, 0.0
415;416;Yes;50-59;55;No;Not Applicable;B: Evident Injury;Non-Roadway;Black;Male;Charlotte;Mecklenburg;No;01/01/2006;12/07/2008;Non-Roadway;16;Non-Roadway;01/07/2001;01/01/2001 15:59;Non-Roadway;460910;2008;B: Evident Injury;Commercial;50-59;50;No;0-5 mph;Injury;White;Male;Single Unit Truck (2-Axle, 6-Tire);No;No;Daylight;Urban (>70% Developed);2 lanes;2;Straight - Level;Public Vehicular Area;Dry;Two-Way, Not Divided;None;Driveway, Public;Smooth Asphalt;Piedmont;Urban;5 - 15 MPH;No Control Present;Clear;No;0.0, 0.0
419;420;Yes;16-19;16;No;With Traffic;B: Evident Injury;Travel Lane;White;Male;Raleigh;Wake;No;01/01/2004;22/05/2008;Bicyclist Failed to Yield - Sign-Controlled Intersection;7;Intersection;01/05/2001;01/01/2001 07:42;Bicyclist Ride Through - Sign-Controlled Intersection;111144;2008;B: Evident Injury;Commercial;60-69;61;No;21-25 mph;O: No Injury;White;Female;Van;No;No;Daylight;Urban (>70% Developed);2 lanes;2;Straight - Bottom;Local Street;Dry;Two-Way, Not Divided;None;Four-Way Intersection;Grooved Concrete;Piedmont;Urban;20 - 25  MPH;Stop Sign;Clear;No;0.0, 0.0
422;423;No;20-24;22;No;Not Applicable;C: Possible Injury;Non-Roadway;Hispanic;Male;Charlotte;Mecklenburg;No;01/01/2002;15/07/2008;Non-Roadway;21;Non-Roadway;01/07/2001;01/01/2001 21:43;Non-Roadway;460910;2008;C: Possible Injury;Residential;40-49;47;No;0-5 mph;O: No Injury;Black;Male;Passenger Car;No;No;Dark - Lighted Roadway;Urban (>70% Developed);NA;2;Straight - Level;Public Vehicular Area;Dry;Two-Way, Not Divided;None;Driveway, Public;Coarse Asphalt;Piedmont;Urban;5 - 15 MPH;No Control Present;Clear;No;0.0, 0.0
424;425;Yes;20-24;23;No;Not Applicable;B: Evident Injury;Non-Roadway;Hispanic;Male;Dunn;Harnett;No;01/01/2004;19/06/2008;Non-Roadway;21;Non-Roadway;01/06/2001;01/01/2001 21:56;Non-Roadway;460910;2008;B: Evident Injury;Commercial;50-59;54;No;6-10 mph;O: No Injury;White;Female;Passenger Car;No;No;Dark - Lighted Roadway;Urban (>70% Developed);NA;2;Straight - Level;Public Vehicular Area;Dry;Two-Way, Not Divided;None;No Special Feature;Coarse Asphalt;Coastal;Urban;30 - 35  MPH;No Control Present;Clear;No;0.0, 0.0
435;436;Yes;50-59;55;No;Facing Traffic;C: Possible Injury;Travel Lane;White;Female;Wilmington;New Hanover;No;01/01/2006;14/06/2008;Motorist Failed to Yield - Signalized Intersection;15;Intersection;01/06/2001;01/01/2001 15:17;Motorist Drive Out - Right Turn on Red;112151;2008;C: Possible Injury;Commercial;20-24;23;No;0-5 mph;O: No Injury;White;Female;Sport Utility;No;No;Daylight;Urban (>70% Developed);8 lanes;2;Straight - Level;Local Street;Dry;Two-Way, Divided, Unprotected Median;None;Four-Way Intersection;Coarse Asphalt;Coastal;Urban;40 - 45  MPH;Stop And Go Signal;Clear;No;0.0, 0.0
438;439;No;16-19;17;No;Facing Traffic;C: Possible Injury;Sidewalk / Crosswalk / Driveway Crossing;White;Male;Oak Island;Brunswick;No;NA;16/06/2008;Bicyclist Failed to Yield - Signalized Intersection;16;Intersection;01/06/2001;01/01/2001 16:49;Bicyclist Ride Through - Signalized Intersection;132155;2008;C: Possible Injury;Commercial;50-59;52;No;NA;O: No Injury;White;Male;Sport Utility;No;No;Daylight;Urban (>70% Developed);3 lanes;2;Straight - Level;Local Street;Dry;Two-Way, Not Divided;None;Four-Way Intersection;Smooth Asphalt;Coastal;Urban;30 - 35  MPH;Stop And Go Signal;Clear;No;0.0, 0.0
440;441;Yes;10-juin;8;No;Not Applicable;B: Evident Injury;Non-Roadway;Black;Male;New Bern;Craven;No;01/01/2005;20/06/2008;Non-Roadway;15;Non-Roadway;01/06/2001;01/01/2001 15:04;Non-Roadway;460910;2008;B: Evident Injury;Residential;25-29;26;No;0-5 mph;O: No Injury;White;Male;Passenger Car;No;No;Daylight;Urban (>70% Developed);NA;2;Straight - Level;Public Vehicular Area;Dry;Two-Way, Not Divided;None;No Special Feature;Smooth Asphalt;Coastal;Urban;NA;No Control Present;Clear;No;0.0, 0.0
445;446;No;60-69;68;No;With Traffic;O: No Injury;Travel Lane;Black;Male;Smithfield;Johnston;No;01/01/2003;25/06/2008;Bicyclist Overtaking Motorist;11;Non-Intersection;01/06/2001;01/01/2001 11:21;Bicyclist Overtaking - Passing on Left;311242;2008;O: No Injury;Commercial;70+;NA;No;11-15 mph;O: No Injury;White;Male;Passenger Car;No;No;Daylight;Urban (>70% Developed);5 lanes;2;Straight - Level;US Route;Dry;Two-Way, Not Divided;None;No Special Feature;Coarse Asphalt;Coastal;Urban;30 - 35  MPH;No Control Present;Clear;No;0.0, 0.0
455;456;No;16-19;18;No;With Traffic;O: No Injury;Travel Lane;White;Male;Salisbury;Rowan;No;01/01/2002;24/06/2008;Bicyclist Left Turn / Merge;19;Intersection;01/06/2001;01/01/2001 18:59;Bicyclist Left Turn - Same Direction;111221;2008;O: No Injury;Commercial;50-59;52;No;41-45 mph;O: No Injury;White;Male;Passenger Car;No;No;Daylight;Urban (>70% Developed);2 lanes;2;Straight - Level;Local Street;Dry;Two-Way, Not Divided;None;No Special Feature;Coarse Asphalt;Piedmont;Urban;40 - 45  MPH;No Control Present;Clear;No;0.0, 0.0
458;459;Yes;50-59;50;Yes;Facing Traffic;B: Evident Injury;Travel Lane;Black;Male;Fayetteville;Cumberland;Yes;01/01/2007;06/07/2008;Bicyclist Failed to Yield - Signalized Intersection;22;Intersection;01/07/2001;01/01/2001 22:06;Bicyclist Failed to Clear - Trapped;112156;2008;B: Evident Injury;Commercial;25-29;29;No;11-15 mph;O: No Injury;Black;Female;Sport Utility;No;No;Dark - Lighted Roadway;Urban (>70% Developed);7 lanes;2;Straight - Level;Local Street;Wet;Two-Way, Divided, Positive Median Barrier;None;Four-Way Intersection;Coarse Asphalt;Coastal;Urban;40 - 45  MPH;Stop And Go Signal;Rain;No;0.0, 0.0
460;461;Yes;10-juin;7;No;Not Applicable;C: Possible Injury;Driveway / Alley;Black;Female;None - Rural Crash;Gaston;No;01/01/2004;26/06/2008;Bicyclist Failed to Yield - Midblock;17;Non-Intersection;01/06/2001;01/01/2001 17:36;Bicyclist Ride Out - Commercial Driveway / Alley;353312;2008;C: Possible Injury;Residential;0-19;16;No;0-5 mph;O: No Injury;White;Male;Pickup;No;No;Daylight;Urban (>70% Developed);2 lanes;2;Straight - Level;Local Street;Dry;Two-Way, Not Divided;None;Driveway, Public;Smooth Asphalt;Piedmont;Rural;20 - 25  MPH;No Control Present;Cloudy;No;0.0, 0.0
474;475;Yes;50-59;50;No;With Traffic;B: Evident Injury;Travel Lane;White;Male;None - Rural Crash;Wake;No;01/01/2002;24/06/2008;Bicyclist Overtaking Motorist;12;Non-Intersection;01/06/2001;01/01/2001 12:37;Bicyclist Overtaking - Other /;311249;2008;B: Evident Injury;Residential;30-39;37;No;16-20 mph;O: No Injury;White;Male;Light Truck (Mini-Van, Panel);No;No;Daylight;Rural (<30% Developed);2 lanes;2;Straight - Level;State Secondary Route;Dry;Two-Way, Not Divided;None;Driveway, Public;Smooth Asphalt;Piedmont;Rural;40 - 45  MPH;Double Yellow Line, No Passing Zone;Clear;No;0.0, 0.0
479;480;Yes;16-19;16;No;Not Applicable;C: Possible Injury;Sidewalk / Crosswalk / Driveway Crossing;White;Male;Jacksonville;Onslow;No;01/01/2004;10/07/2008;Motorist Failed to Yield - Sign-Controlled Intersection;17;Intersection-Related;01/07/2001;01/01/2001 17:43;Motorist Drive Through - Sign-Controlled Intersection;233143;2008;C: Possible Injury;Commercial;50-59;52;No;16-20 mph;O: No Injury;White;Male;Pickup;No;No;Daylight;Urban (>70% Developed);5 lanes;2;Straight - Level;Local Street;Dry;Two-Way, Not Divided;None;No Special Feature;Smooth Asphalt;Coastal;Urban;30 - 35  MPH;Other;Cloudy;No;0.0, 0.0
487;488;No;40-49;47;Yes;With Traffic;C: Possible Injury;Travel Lane;White;Male;None - Rural Crash;Cumberland;Yes;01/01/2005;04/07/2008;Motorist Overtaking Bicyclist;13;Non-Intersection;01/07/2001;01/01/2001 13:25;Motorist Overtaking - Other /;311239;2008;C: Possible Injury;Farms, Woods, Pastures;40-49;45;No;41-45 mph;O: No Injury;White;Male;Passenger Car;No;No;Daylight;Rural (<30% Developed);2 lanes;2;Straight - Level;State Secondary Route;Dry;Two-Way, Not Divided;None;No Special Feature;Coarse Asphalt;Coastal;Rural;40 - 45  MPH;Double Yellow Line, No Passing Zone;Clear;No;0.0, 0.0
488;489;Yes;30-39;35;No;Facing Traffic;C: Possible Injury;Travel Lane;Black;Male;Elizabeth City;Pasquotank;No;01/01/2005;04/07/2008;Head-On;12;Non-Intersection;01/07/2001;01/01/2001 12:04;Head-On - Bicyclist;312250;2008;C: Possible Injury;Residential;60-69;66;No;16-20 mph;O: No Injury;White;Male;Passenger Car;No;No;Daylight;Urban (>70% Developed);2 lanes;2;Straight - Level;Local Street;Dry;Two-Way, Not Divided;None;No Special Feature;Smooth Asphalt;Coastal;Urban;20 - 25  MPH;Double Yellow Line, No Passing Zone;Clear;No;0.0, 0.0